sysid,title,article_text,law_group,law_type
kris_ก0203-1B-0001,พระราชบัญญัติกรมราชพัสดุ รัตนโกสินทร์ศก 109,"[1/1/2433] พระราชบัญญัติกรมราชพัสดุ รัตนโกสินทร์ศก 109
พระราชบัญญัติกรมราชพัสดุรัตนโกสินทร์ศก ๑๐๙ โปรดดูรายละเอียดของกฎหมายที่เว็บไซต์ราชกิจจานุเบกษา https://ratchakitcha.soc.go.th/",กฎหมายทั่วไป,พระราชบัญญัติ
kris_ยล101-1B-0002,พระราชบัญญัติการออกโฉนดที่ดิน รัตนโกสินทร์ ศก 127 (ยกเลิก),"[1/1/2451] พระราชบัญญัติการออกโฉนดที่ดิน รัตนโกสินทร์ ศก 127 (ยกเลิก)
พระราชบัญญัติ การออกโฉนดที่ดิน รัตนโกสินทร์ ศก ๑๒๗ และที่แก้ไขเพิ่มเติม (ยกเลิก) โปรดดูรายละเอียดของกฎหมายที่เว็บไซต์ราชกิจจานุเบกษา http://ratchakitcha.soc.go.th/",กฎหมายทั่วไป,พระราชบัญญัติ
kris_ยล113-1H-0001,กฎหมายลักษณะอาญา รัตนโกสินทร์ ศก 127 (ยกเลิก),"[1/6/2451] กฎหมายลักษณะอาญา รัตนโกสินทร์ ศก 127 (ยกเลิก)
กฎหมายลักษณะอาญา รัตนโกสินทร์ ศก ๑๒๗ และที่แก้ไขเพิ่มเติม (ยกเลิก) โปรดดูรายละเอียดของกฎหมายที่เว็บไซต์ราชกิจจานุเบกษา http://ratchakitcha.soc.go.th/",กฎหมายทั่วไป,อื่นๆ
kris_ก0003-1B-0001,พระราชบัญญัติกฎอัยการศึก พระพุทธศักราช 2457,"[13/9/2457] พระราชบัญญัติกฎอัยการศึก พระพุทธศักราช 2457
ประกาศของคณะปฏิวัติ ฉบับที่ ๓๐๓ ลงวันที่ ๑๓ ธันวาคม พุทธศักราช ๒๕๑๕ พระราชบัญญัติกฎอัยการศึก (ฉบับที่ ๓) พุทธศักราช ๒๔๘๗ พระราชบัญญัติกฎอัยการศึก (ฉบับที่ ๕) พ.ศ. ๒๕๐๒ ข. คดีที่เกี่ยวกับความผิดบางอย่าง ๑. ความผ",กฎหมายทั่วไป,พระราชบัญญัติ
kris_ยล156-1B-0001,พระราชบัญญัติการทำเหมืองแร่ พระพุทธศักราช 2461 (ยกเลิก),"[20/2/2461] พระราชบัญญัติการทำเหมืองแร่ พระพุทธศักราช 2461 (ยกเลิก)
พระราชบัญญัติ การทำเหมืองแร่ พระพุทธศักราช ๒๔๖๑ และที่แก้ไขเพิ่มเติม (ยกเลิก) โปรดดูรายละเอียดของกฎหมายที่เว็บไซต์ราชกิจจานุเบกษา https://ratchakitcha.soc.go.th/",กฎหมายทั่วไป,พระราชบัญญัติ
kris_ยล152-1B-0001,พระราชบัญญัติเกณฑ์พลเมืองอุดหนุนราชการทหาร พระพุทธศักราช 2464 (ยกเลิก),"[7/11/2464] พระราชบัญญัติเกณฑ์พลเมืองอุดหนุนราชการทหาร พระพุทธศักราช 2464 (ยกเลิก)
พระราชบัญญัติ เกณฑ์พลเมืองอุดหนุนราชการทหาร พระพุทธศักราช ๒๔๖๔ (ยกเลิก) โปรดดูรายละเอียดของกฎหมายที่เว็บไซต์ราชกิจจานุเบกษา https://ratchakitcha.soc.go.th/",กฎหมายทั่วไป,พระราชบัญญัติ
kris_กง001-1B-0001,พระราชบัญญัติจัดการกู้เงินภายในประเทศ พุทธศักราช 2476,"[17/4/2476] พระราชบัญญัติจัดการกู้เงินภายในประเทศ พุทธศักราช 2476
พระราชบัญญัติ จัดการกู้เงินภายในประเทศ พุทธศักราช ๒๔๗๖ ประชาธิปก ป.ร. พระบาทสมเด็จพระปรมินทรมหาประชาธิปก พระปกเกล้าเจ้าอยู่หัว มีพระบรมราชโองการโปรดเกล้าฯ ให้ประกาศว่า โดยที่เป็นการสมควรจัดการกู้เงินภายในประเทศ",กฎหมายทั่วไป,พระราชบัญญัติ
kris_ยล114-1B-0001,พระราชบัญญัติกำหนดเขตหวงห้ามและจัดซื้อที่ดินเพื่อจัดสร้างการชลประทานในจังหวัดเชียงใหม่ พุทธศักราช 2476,"[19/11/2476] พระราชบัญญัติกำหนดเขตหวงห้ามและจัดซื้อที่ดินเพื่อจัดสร้างการชลประทานในจังหวัดเชียงใหม่ พุทธศักราช 2476
พระราชบัญญัติ กำหนดเขตหวงห้ามและจัดซื้อที่ดินเพื่อจัดสร้างการชลประทานในจังหวัดเชียงใหม่ พุทธศักราช 2476 โปรดดูรายละเอียดของกฎหมายที่เว็บไซต์ราชกิจจานุเบกษา http://ratchakitcha.soc.go.th/",กฎหมายทั่วไป,พระราชบัญญัติ
kris_ยล112-1B-0001,พระราชบัญญัติการสาธารณสุข พุทธศักราช 2477 (ยกเลิก),"[1/5/2477] พระราชบัญญัติการสาธารณสุข พุทธศักราช 2477 (ยกเลิก)
พระราชบัญญัติ การสาธารณสุข พุทธศักราช ๒๔๗๗ และที่แก้ไขเพิ่มเติม (ยกเลิก) โปรดดูรายละเอียดของกฎหมายที่เว็บไซต์ราชกิจจานุเบกษา http://ratchakitcha.soc.go.th/",กฎหมายทั่วไป,พระราชบัญญัติ
kris_ก0027-1B-0001,พระราชบัญญัติการพนัน พุทธศักราช 2478,"[1/2/2478] พระราชบัญญัติการพนัน พุทธศักราช 2478
พระราชบัญญัติ การพนัน พุทธศักราช ๒๔๗๘ พระราชบัญญัติการพนัน (ฉบับที่ ๘) พ.ศ. ๒๕๐๕ พระราชบัญญัติการพนัน (ฉบับที่ ๒) พุทธศักราช ๒๔๘๒ พระราชบัญญัติการพนัน (ฉบับที่ ๓) พุทธศักราช ๒๔๘๕ พระราชบัญญัติการพนัน (ฉบับที่ ๔",กฎหมายทั่วไป,พระราชบัญญัติ
kris_ยล237-1B-0001,พระราชบัญญัติการทะเบียนราษฎรในเขตต์เทศบาล พุทธศักราช 2479 (ยกเลิก),"[23/8/2479] พระราชบัญญัติการทะเบียนราษฎรในเขตต์เทศบาล พุทธศักราช 2479 (ยกเลิก)
พระราชบัญญัติ การทะเบียนราษฎรในเขตต์เทศบาล พุทธศักราช ๒๔๗๙ (ยกเลิก) โปรดดูรายละเอียดของกฎหมาย ที่เว็บไซต์ราชกิจจานุเบกษา https://ratchakitcha.soc.go.th/",กฎหมายทั่วไป,พระราชบัญญัติ
kris_ยล109-1B-0001,พระราชบัญญัติการเลือกตั้งสมาชิกสภาท้องถิ่น พุทธศักราช 2479 (ยกเลิก),"[15/11/2479] พระราชบัญญัติการเลือกตั้งสมาชิกสภาท้องถิ่น พุทธศักราช 2479 (ยกเลิก)
พระราชบัญญัติ การเลือกตั้งสมาชิกสภาท้องถิ่น พุทธศักราช ๒๔๗๙ (ยกเลิก) โปรดดูรายละเอียดของกฎหมายที่เว็บไซต์ราชกิจจานุเบกษา http://ratchakitcha.soc.go.th/",กฎหมายทั่วไป,พระราชบัญญัติ
kris_ยล163-1B-0001,พระราชบัญญัติการเดินอากาศ พ.ศ. 2480 (ยกเลิก),"[25/4/2480] พระราชบัญญัติการเดินอากาศ พ.ศ. 2480 (ยกเลิก)
พระราชบัญญัติ การเดินอากาศ พุทธศักราช ๒๔๘๐ และที่แก้ไขเพิ่มเติม (ยกเลิก) โปรดดูรายละเอียดของกฎหมายที่เว็บไซต์ราชกิจจานุเบกษา https://ratchakitcha.soc.go.th/",กฎหมายทั่วไป,พระราชบัญญัติ
kris_ยล228-1B-0001,พระราชบัญญัติการทะเบียนคนต่างด้าว พุทธศักราช 2479 (ยกเลิก),"[5/7/2480] พระราชบัญญัติการทะเบียนคนต่างด้าว พุทธศักราช 2479 (ยกเลิก)
พระราชบัญญัติ การทะเบียนคนต่างด้าว พุทธศักราช ๒๔๗๙ และที่แก้ไขเพิ่มเติม (ยกเลิก) โปรดดูรายละเอียดของกฎหมาย ที่เว็บไซต์ราชกิจจานุเบกษา https://ratchakitcha.soc.go.th/",กฎหมายทั่วไป,พระราชบัญญัติ
kris_ก0008-1B-0001,พระราชบัญญัติการเปรียบเทียบคดีอาญา พุทธศักราช 2481 (ยกเลิก),"[1/4/2482] พระราชบัญญัติการเปรียบเทียบคดีอาญา พุทธศักราช 2481 (ยกเลิก)
พระราชบัญญัติ การเปรียบเทียบคดีอาญา พุทธศักราช ๒๔๘๑ (ยกเลิก) พระราชบัญญัติการเปรียบเทียบคดีอาญา (ฉบับที่ ๒) พ.ศ. ๒๔๙๙ พระราชบัญญัติการเปรียบเทียบคดีอาญา (ฉบับที่ ๓) พ.ศ. ๒๕๒๙ ในพระปรมาภิไธยสมเด็จพระเจ้าอยู่หัวอ",กฎหมายทั่วไป,พระราชบัญญัติ
kris_กง002-1B-0001,พระราชบัญญัติจัดการกู้เงินในประเทศเพื่อเกษตรกร พุทธศักราช ๒๔๘๑,"[17/4/2482] พระราชบัญญัติจัดการกู้เงินในประเทศเพื่อเกษตรกร พุทธศักราช ๒๔๘๑
พระราชบัญญัติ จัดการกู้เงินในประเทศเพื่อเกษตรกร พุทธศักราช ๒๔๘๑ ในพระปรมาภิไธยสมเด็จพระเจ้าอยู่หัวอานันทมหิดล คณะผู้สำเร็จราชการแทนพระองค์ (ตามประกาศประธานสภาผู้แทนราษฎร ลงวันที่ ๔ สิงหาคม พุทธศักราช ๒๔๘๐) อาทิ",กฎหมายทั่วไป,พระราชบัญญัติ
kris_กง003-1B-0001,พระราชบัญญัติจัดการกู้เงินในประเทศเพื่อการอุตสาหกรรม พุทธศักราช 2481,"[17/4/2482] พระราชบัญญัติจัดการกู้เงินในประเทศเพื่อการอุตสาหกรรม พุทธศักราช 2481
พระราชบัญญัติ จัดการกู้เงินในประเทศเพื่อการอุตสาหกรรม พุทธศักราช ๒๔๘๑ ในพระปรมาภิไธยสมเด็จพระเจ้าอยู่หัวอานันทมหิดล คณะผู้สำเร็จราชการแทนพระองค์ (ตามประกาศประธานสภาผู้แทนราษฎร ลงวันที่ ๔ สิงหาคม พุทธศักราช ๒๔๘๐",กฎหมายทั่วไป,พระราชบัญญัติ
kris_กง004-1B-0001,พระราชบัญญัติจัดการกู้เงินในประเทศเพื่อเทศบาลและการบำรุงท้องที่ พุทธศักราช 2481,"[17/4/2482] พระราชบัญญัติจัดการกู้เงินในประเทศเพื่อเทศบาลและการบำรุงท้องที่ พุทธศักราช 2481
พระราชบัญญัติ จัดการกู้เงินในประเทศเพื่อเทศบาลและการบำรุงท้องที่ พุทธศักราช ๒๔๘๑ ในพระปรมาภิไธยสมเด็จพระเจ้าอยู่หัวอานันทมหิดล คณะผู้สำเร็จราชการแทนพระองค์ (ตามประกาศประธานสภาผู้แทนราษฎร ลงวันที่ ๔ สิงหาคม พุทธ",กฎหมายทั่วไป,พระราชบัญญัติ
kris_ก0037-1B-0002,พระราชบัญญัติการสวนครัว และการเลี้ยงสัตว์ เพื่อประโยชน์แห่งครัวเรือน พุทธศักราช 2482 (ยกเลิก),"[26/10/2482] พระราชบัญญัติการสวนครัว และการเลี้ยงสัตว์ เพื่อประโยชน์แห่งครัวเรือน พุทธศักราช 2482 (ยกเลิก)
พระราชบัญญัติ การสวนครัว และการเลี้ยงสัตว์ เพื่อประโยชน์แห่งครัวเรือน พุทธศักราช ๒๔๘๒ (ยกเลิก) ในพระปรมาภิไธยสมเด็จพระเจ้าอยู่หัวอานันทมหิดล คณะผู้สำเร็จราชการแทนพระองค์ (ตามประกาศประธานสภาผู้แทนราษฎร ลงวันที่",กฎหมายทั่วไป,พระราชบัญญัติ
kris_ก0013-1B-0001,พระราชบัญญัติการชลประทานราษฎร์ พุทธศักราช 2482 (ยกเลิก),"[26/10/2482] พระราชบัญญัติการชลประทานราษฎร์ พุทธศักราช 2482 (ยกเลิก)
พระราชบัญญัติ การชลประทานราษฎร์ พุทธศักราช ๒๔๘๒ (ยกเลิก) พระราชบัญญัติการชลประทานราษฎร์ (ฉบับที่ ๒) พ.ศ. ๒๕๒๓ พระราชบัญญัติการชลประทานราษฎร์ (ฉบับที่ ๓) พ.ศ. ๒๕๒๖ ในพระปรมาภิไธยสมเด็จพระเจ้าอยู่หัวอานันทมหิดล ค",กฎหมายทั่วไป,พระราชบัญญัติ
kris_ก0034-1B-0001,พระราชบัญญัติการเลือกตั้งสมาชิกสภาจังหวัด พุทธศักราช 2482 (ยกเลิก),"[10/11/2482] พระราชบัญญัติการเลือกตั้งสมาชิกสภาจังหวัด พุทธศักราช 2482 (ยกเลิก)
พระราชบัญญัติการเลือกตั้งสมาชิกสภาจังหวัด (ฉบับที่ ๖) พ.ศ. ๒๕๓๘ ในพระปรมาภิไธยสมเด็จพระเจ้าอยู่หัวอานันทมหิดล คณะผู้สำเร็จราชการแทนพระองค์ (ตามประกาศประธานสภาผู้แทนราษฎร ลงวันที่ ๔ สิงหาคม พุทธศักราช ๒๔๘๐) อาทิ",กฎหมายทั่วไป,พระราชบัญญัติ
kris_ก0035-1B-0001,พระราชบัญญัติการเลือกตั้งสมาชิกสภาเทศบาล พุทธศักราช 2482 (ยกเลิก),"[10/11/2482] พระราชบัญญัติการเลือกตั้งสมาชิกสภาเทศบาล พุทธศักราช 2482 (ยกเลิก)
พระราชบัญญัติการเลือกตั้งสมาชิกสภาเทศบาล (ฉบับที่ ๑๐) พ.ศ. ๒๕๔๑ ในพระปรมาภิไธยสมเด็จพระเจ้าอยู่หัวอานันทมหิดล คณะผู้สำเร็จราชการแทนพระองค์ (ตามประกาศประธานสภาผู้แทนราษฎร ลงวันที่ 4 สิงหาคม พุทธศักราช ๒๔๘๐) อาทิ",กฎหมายทั่วไป,พระราชบัญญัติ
kris_กง005-1B-0001,พระราชบัญญัติกู้เงินช่วยชาติ พุทธศักราช 2483,"[1/1/2484] พระราชบัญญัติกู้เงินช่วยชาติ พุทธศักราช 2483
พระราชบัญญัติ กู้เงินช่วยชาติ พุทธศักราช ๒๔๘๓ ในพระปรมาภิไธยสมเด็จพระเจ้าอยู่หัวอานันทมหิดล คณะผู้สำเร็จราชการแทนพระองค์ (ตามประกาศประธานสภาผู้แทนราษฎร ลงวันที่ ๔ สิงหาคม พุทธศักราช ๒๔๘๐) อาทิตย์ทิพอาภา พล.อ. พ",กฎหมายทั่วไป,พระราชบัญญัติ
kris_ก0043-1B-0001,พระราชบัญญัติกำหนดหน้าที่ของคนไทยในเวลารบ พุทธศักราช 2484,"[11/9/2484] พระราชบัญญัติกำหนดหน้าที่ของคนไทยในเวลารบ พุทธศักราช 2484
พระราชบัญญัติ กำหนดหน้าที่ของคนไทยในเวลารบ พุทธศักราช ๒๔๘๔ ในพระปรมาภิไธยสมเด็จพระเจ้าอยู่หัวอานันทมหิดล คณะผู้สำเร็จราชการแทนพระองค์ (ตามประกาศประธานสภาผู้แทนราษฎร ลงวันที่ ๔ สิงหาคม พุทธศักราช ๒๔๘๐) อาทิตย์ทิ",กฎหมายทั่วไป,พระราชบัญญัติ
kris_ก0029-1B-0001,พระราชบัญญัติการพิมพ์ พุทธศักราช 2484 (ยกเลิก),"[30/9/2484] พระราชบัญญัติการพิมพ์ พุทธศักราช 2484 (ยกเลิก)
คำสั่งของคณะปฏิรูปการปกครองแผ่นดิน ฉบับที่ ๔๒ ลงวันที่ ๒๑ ตุลาคม พ.ศ. ๒๕๑๙ ในพระปรมาภิไธยสมเด็จพระเจ้าอยู่หัวอานันทมหิดล คณะผู้สำเร็จราชการแทนพระองค์ (ตามประกาศประธานสภาผู้แทนราษฎร ลงวันที่ ๔ สิงหาคม พุทธศักราช",กฎหมายทั่วไป,พระราชบัญญัติ
kris_ก0014-1B-0005,พระราชบัญญัติการชลประทานหลวง พุทธศักราช 2485,"[22/9/2485] พระราชบัญญัติการชลประทานหลวง พุทธศักราช 2485
พระราชบัญญัติว่าด้วยการปรับเป็นพินัย พ.ศ. ๒๕๖๕ พระราชบัญญัติการชลประทานหลวง (ฉบับที่ ๒) พ.ศ. ๒๔๙๗ พระราชบัญญัติการชลประทานหลวง (ฉบับที่ ๓) พ.ศ. ๒๕๐๗   พระราชบัญญัติการชลประทานหลวง (ฉบับที่ ๔) พ.ศ. ๒๕๑๘ พระราชบั",กฎหมายทั่วไป,พระราชบัญญัติ
kris_กง006-1B-0001,พระราชบัญญัติกู้เงินเพื่อความมั่นคงแห่งเงินตราและการอื่น ๆ พุทธศักราช 2485,"[13/10/2485] พระราชบัญญัติกู้เงินเพื่อความมั่นคงแห่งเงินตราและการอื่น ๆ พุทธศักราช 2485
พระราชบัญญัติ กู้เงินเพื่อความมั่นคงแห่งเงินตราและการอื่น ๆ พุทธสักราช ๒๔๘๕ ในพระปรมาภิไธยสมเด็จพระเจ้าอยู่หัวอานันทมหิดล คณะผู้สำเร็จราชการแทนพระองค์ (ตามประกาศประธานสภาผู้แทนราษฎร ลงวันที่ ๔ สิงหาคม พุทธศักรา",กฎหมายทั่วไป,พระราชบัญญัติ
kris_กง007-1B-0001,พระราชบัญญัติกู้เงินในประเทศ พุทธศักราช 2485,"[20/10/2485] พระราชบัญญัติกู้เงินในประเทศ พุทธศักราช 2485
พระราชบัญญัติ กู้เงินไนประเทส พุทธสักราช ๒๔๘๕ ในพระปรมาภิไธยสมเด็จพระเจ้าอยู่หัวอานันทมหิดล คณะผู้สำเร็จราชการแทนพระองค์ (ตามประกาศประธานสภาผู้แทนราษฎร ลงวันที่ ๔ สิงหาคม พุทธศักราช ๒๔๘๐ และวันที่ ๑๖ ธันวาคม พุ",กฎหมายทั่วไป,พระราชบัญญัติ
kris_กง008-1B-0001,พระราชบัญญัติกู้เงินในประเทศ พุทธศักราช 2487,"[10/9/2487] พระราชบัญญัติกู้เงินในประเทศ พุทธศักราช 2487
พระราชบัญญัติ กู้เงินไนประเทส พุทธสักราช ๒๔๘๗ ในพระปรมาภิไธยสมเด็จพระเจ้าอยู่หัวอานันทมหิดล ผู้สำเร็จราชการแทนพระองค์ (ตามประกาศประธานสภาผู้แทนราษฎร ลงวันที่ ๑ สิงหาคม พุทธศักราช ๒๔๘๗) ปรีดี พนมยงค์ ตราไว้ ณ วั",กฎหมายทั่วไป,พระราชบัญญัติ
kris_ก0084-1B-0001,พระราชบัญญัติกำหนดวิธีปฏิบัติแก่บุคคลซึ่งเผยแพร่ข่าวอันเป็นการทำให้เสียสัมพันธไมตรีระหว่างประเทศไทยกับประเทศที่มีสนธิสัญญาทางไมตรีกับประเทศไทยในภาวะสงคราม พุทธศักราช 2488 (ยกเลิก),"[14/8/2488] พระราชบัญญัติกำหนดวิธีปฏิบัติแก่บุคคลซึ่งเผยแพร่ข่าวอันเป็นการทำให้เสียสัมพันธไมตรีระหว่างประเทศไทยกับประเทศที่มีสนธิสัญญาทางไมตรีกับประเทศไทยในภาวะสงคราม พุทธศักราช 2488 (ยกเลิก)
พระราชบัญญัติกำหนดวิธีปฏิบัติแก่บุคคลซึ่งเผยแพร่ข่าวอันเป็นการทำให้เสียสัมพันธไมตรี ระหว่างประเทศไทยกับประเทศที่มีสนธิสัญญาทางไมตรีกับประเทศไทยในภาวะสงครามพุทธศักราช ๒๔๘๘ (ยกเลิก) ในพระปรมาภิไธยสมเด็จพระเจ้าอยู",กฎหมายทั่วไป,พระราชบัญญัติ
kris_กง009-1B-0001,พระราชบัญญัติกู้เงินในประเทศ พุทธศักราช 2488,"[9/10/2488] พระราชบัญญัติกู้เงินในประเทศ พุทธศักราช 2488
พระราชบัญญัติ กู้เงินในประเทศ พุทธศักราช ๒๔๘๘ ในพระปรมาภิไธยสมเด็จพระเจ้าอยู่หัวอานันทมหิดล ผู้สำเร็จราชการแทนพระองค์ (ตามประกาศประธานสภาผู้แทนราษฎร ลงวันที่ ๒๐ กันยายน พุทธศักราช ๒๔๘๘) ปรีดี พนมยงค์ ตราไว้ ณ ว",กฎหมายทั่วไป,พระราชบัญญัติ
kris_ยล058-1B-0001,พระราชบัญญัติการธนาคารพาณิชย์ พุทธศักราช 2488 (ยกเลิก),"[16/10/2488] พระราชบัญญัติการธนาคารพาณิชย์ พุทธศักราช 2488 (ยกเลิก)
พระราชบัญญัติ การธนาคารพาณิชย์ พุทธศักราช ๒๔๘๘ (ยกเลิก) โปรดดูรายละเอียดของกฎหมายที่เว็บไซต์ราชกิจจานุเบกษา https://ratchakitcha.soc.go.th/",กฎหมายทั่วไป,พระราชบัญญัติ
kris_กง010-1B-0001,พระราชบัญญัติกู้เงินในประเทศ พุทธศักราช 2489,"[5/4/2489] พระราชบัญญัติกู้เงินในประเทศ พุทธศักราช 2489
พระราชบัญญัติ กู้เงินในประเทศ พุทธศักราช ๒๔๘๙ อานันทมหิดล ตราไว้ ณ วันที่ ๕ เมษายน พุทธศักราช ๒๔๘๙ เป็นปีที่ ๑๓ ในรัชกาลปัจจุบัน สมเด็จพระเจ้าอยู่หัวอานันทมหิดล มีพระบรมราชโองการโปรดเกล้าฯ ให้ประกาศว่า โดยที่เป",กฎหมายทั่วไป,พระราชบัญญัติ
kris_ก0012-1B-0001,พระราชบัญญัติการค้าข้าว พุทธศักราช 2489,"[9/5/2489] พระราชบัญญัติการค้าข้าว พุทธศักราช 2489
พระราชบัญญัติ การค้าข้าว พุทธศักราช ๒๔๘๙ พระราชบัญญัติการค้าข้าว (ฉบับที่ ๒) พ.ศ. ๒๔๘๙ อานันทมหิดล ตราไว้ ณ วันที่ ๘ พฤษภาคม พุทธศักราช ๒๔๘๙ เป็นปีที่ ๑๓ ในรัชกาลปัจจุบัน สมเด็จพระเจ้าอยู่หัวอานันทมหิดล มีพระบร",กฎหมายทั่วไป,พระราชบัญญัติ
kris_กง011-1B-0001,พระราชบัญญัติกู้เงินเพื่อการบูรณะประเทศ พ.ศ. 2489,"[28/9/2489] พระราชบัญญัติกู้เงินเพื่อการบูรณะประเทศ พ.ศ. 2489
พระราชบัญญัติ กู้เงินเพื่อการบูรณะประเทศ พ.ศ. ๒๔๘๙ ในพระปรมาภิไธยสมเด็จพระเจ้าอยู่หัวภูมิพลอดุลยเดช คณะผู้สำเร็จราชการแทนพระองค์ รังสิต กรมขุนชัยนาทนเรนทร พระยามานวราชเสวี ให้ไว้ ณ วันที่ ๒๘ กันยายน พ.ศ. ๒๔๘๙ เ",กฎหมายทั่วไป,พระราชบัญญัติ
kris_กง012-1B-0001,พระราชบัญญัติกู้เงินในประเทศ (ฉบับที่ 2) พ.ศ. 2489,"[26/11/2489] พระราชบัญญัติกู้เงินในประเทศ (ฉบับที่ 2) พ.ศ. 2489
พระราชบัญญัติ กู้เงินในประเทศ (ฉะบับที่ ๒) พ.ศ. ๒๔๘๙ ในพระปรมาภิไธยสมเด็จพระเจ้าอยู่หัวภูมิพลอดุลยเดช คณะผู้สำเร็จราชการแทนพระองค์ รังสิต กรมขุนชัยนาทนเรนทร พระยามานวราชเสวี ให้ไว้ ณ วันที่ ๒๕ พฤศจิกายน พ.ศ. ๒๔",กฎหมายทั่วไป,พระราชบัญญัติ
kris_ก0201-1B-0006,พระราชบัญญัติการประมง พ.ศ. 2490 (ยกเลิก),"[14/1/2490] พระราชบัญญัติการประมง พ.ศ. 2490 (ยกเลิก)
ประกาศของคณะปฏิวัติ ฉบับที่ ๑๐๕ ลงวันที่ ๒๔ มีนาคม ๒๕๑๕ พระราชบัญญัติการประมง (ฉบับที่ ๒) พ.ศ. ๒๔๙๖ พระราชบัญญัติการประมง (ฉบับที่ ๓) พ.ศ. ๒๕๒๘ ในพระปรมาภิไธยสมเด็จพระเจ้าอยู่หัวภูมิพลอดุลยเดช คณะผู้สำเร็จราชกา",กฎหมายทั่วไป,พระราชบัญญัติ
kris_ยล219-1B-0001,พระราชบัญญัติกำหนดวิธีพิจารณาลงโทษข้าราชการและพนักงานเทศบาลผู้กระทำผิดหน้าที่หรือหย่อนความสามารถ พ.ศ. 2490 (ยกเลิก),"[23/8/2490] พระราชบัญญัติกำหนดวิธีพิจารณาลงโทษข้าราชการและพนักงานเทศบาลผู้กระทำผิดหน้าที่หรือหย่อนความสามารถ พ.ศ. 2490 (ยกเลิก)
พระราชบัญญัติ กำหนดวิธีพิจารณาลงโทษข้าราชการ และพนักงานเทศบาลผู้กระทำผิดหน้าที่ หรือหย่อนความสามารถ พ.ศ. ๒๔๙๐ และที่แก้ไขเพิ่มเติม (ยกเลิก) โปรดดูรายละเอียดของกฎหมาย ที่เว็บไซต์ราชกิจจานุเบกษา https://ratchakit",กฎหมายทั่วไป,พระราชบัญญัติ
kris_ก0081-1B-0001,พระราชบัญญัติกำหนดวิธีการระงับการค้ากำไรเกินสมควรจากราชการ พ.ศ. 2491 (ยกเลิก),"[10/2/2491] พระราชบัญญัติกำหนดวิธีการระงับการค้ากำไรเกินสมควรจากราชการ พ.ศ. 2491 (ยกเลิก)
พระราชบัญญัติ กำหนดวิธีการระงับการค้ากำไร เกินสมควรจากราชการ พ.ศ. ๒๔๙๑ (ยกเลิก) ในพระปรมาภิไธยสมเด็จพระเจ้าอยู่หัวภูมิพลอดุลยเดช คณะอภิรัฐมนตรี ในหน้าที่คณะผู้สำเร็จราชการแทนพระองค์ รังสิต กรมขุนชัยนาทนเรนทร อล",กฎหมายทั่วไป,พระราชบัญญัติ
kris_กง013-1B-0001,พระราชบัญญัติกู้เงิน พ.ศ. 2492,"[15/3/2492] พระราชบัญญัติกู้เงิน พ.ศ. 2492
พระราชบัญญัติ กู้เงิน พ.ศ. ๒๔๙๒ ในพระปรมาภิไธยสมเด็จพระเจ้าอยู่หัวภูมิพลอดุลยเดช คณะอภิรัฐมนตรี ในหน้าที่คณะผู้สำเร็จราชการแทนพระองค์ รังสิต กรมขุนชัยนาทนเรนทร อลงกฏ ธานีนิวัติ มานวราชเสวี อดุลเดชจรัส ให้ไว้ ณ",กฎหมายทั่วไป,พระราชบัญญัติ
kris_ก0018-1B-0001,พระราชบัญญัติการทะเบียนคนต่างด้าว พ.ศ. 2493,"[14/11/2493] พระราชบัญญัติการทะเบียนคนต่างด้าว พ.ศ. 2493
พระราชบัญญัติ การทะเบียนคนต่างด้าว พ.ศ. ๒๔๙๓ พระราชบัญญัติการทะเบียนคนต่างด้าว (ฉบับที่ ๒) พ.ศ. ๒๔๙๕ พระราชบัญญัติการทะเบียนคนต่างด้าว (ฉบับที่ ๓) พ.ศ. ๒๔๙๗ ในพระปรมาภิไธย พระบาทสมเด็จพระปรมินทรมหาภูมิพลอดุลยเด",กฎหมายทั่วไป,พระราชบัญญัติ
kris_ยล066-1B-0001,พระราชบัญญัติการขายยา พ.ศ. 2493 (ยกเลิก),"[26/12/2493] พระราชบัญญัติการขายยา พ.ศ. 2493 (ยกเลิก)
พระราชบัญญัติ การขายยา พ.ศ. ๒๔๙๓ และที่แก้ไขเพิ่มเติม (ยกเลิก) โปรดดูรายละเอียดของกฎหมายที่เว็บไซต์ราชกิจจานุเบกษา https://ratchakitcha.soc.go.th/",กฎหมายทั่วไป,พระราชบัญญัติ
kris_กง014-1B-0001,พระราชบัญญัติกู้เงิน พ.ศ. 2494,"[10/1/2494] พระราชบัญญัติกู้เงิน พ.ศ. 2494
พระราชบัญญัติ กู้เงิน พ.ศ. ๒๔๙๔ ในพระปรมาภิไธย พระบาทสมเด็จพระปรมินทรมหาภูมิพลอดุลยเดช รังสิต กรมพระชัยนาทนเรนทร ผู้สำเร็จราชการแทนพระองค์ ให้ไว้ ณ วันที่ ๑๐ มกราคม พ.ศ. ๒๔๙๔ เป็นปีที่ ๖ ในรัชกาลปัจจุบัน โดยที่",กฎหมายทั่วไป,พระราชบัญญัติ
kris_ก0020-1B-0001,พระราชบัญญัติการท่าเรือแห่งประเทศไทย พ.ศ. 2494,"[15/5/2494] พระราชบัญญัติการท่าเรือแห่งประเทศไทย พ.ศ. 2494
พระราชบัญญัติว่าด้วยการปรับเป็นพินัย พ.ศ. ๒๕๖๕ พระราชบัญญัติการท่าเรือแห่งประเทศไทย (ฉบับที่ ๒) พ.ศ. ๒๔๙๙ พระราชบัญญัติการท่าเรือแห่งประเทศไทย (ฉบับที่ ๓) พ.ศ. ๒๕๐๒ พระราชบัญญัติการท่าเรือแห่งประเทศไทย (ฉบับที่",กฎหมายทั่วไป,พระราชบัญญัติ
kris_ก0033-1B-0001,พระราชบัญญัติการรถไฟแห่งประเทศไทย พ.ศ. 2494,"[30/6/2494] พระราชบัญญัติการรถไฟแห่งประเทศไทย พ.ศ. 2494
พระราชบัญญัติ การรถไฟแห่งประเทศไทย พ.ศ. ๒๔๙๔ พระราชบัญญัติการรถไฟแห่งประเทศไทย (ฉบับที่ ๒) พ.ศ. ๒๕๐๒ พระราชบัญญัติการรถไฟแห่งประเทศไทย (ฉบับที่ ๓) พ.ศ. ๒๕๐๙ พระราชบัญญัติการรถไฟแห่งประเทศไทย (ฉบับที่ ๔) พ.ศ. ๒๕",กฎหมายทั่วไป,พระราชบัญญัติ
kris_ยล139-1B-0001,พระราชบัญญัติการผังเมืองและผังชนบท พ.ศ. 2495 (ยกเลิก),"[11/3/2495] พระราชบัญญัติการผังเมืองและผังชนบท พ.ศ. 2495 (ยกเลิก)
พระราชบัญญัติ การผังเมืองและผังชนบท พ.ศ. ๒๔๙๕ (ยกเลิก) โปรดดูรายละเอียดของกฎหมายที่เว็บไซต์ราชกิจจานุเบกษา https://ratchakitcha.soc.go.th/",กฎหมายทั่วไป,พระราชบัญญัติ
kris_ยล033-1B-0001,พระราชบัญญัติการพลังงานแห่งชาติ พ.ศ. 2496 (ยกเลิก),"[6/1/2496] พระราชบัญญัติการพลังงานแห่งชาติ พ.ศ. 2496 (ยกเลิก)
พระราชบัญญัติ การพลังงานแห่งชาติ พ.ศ. ๒๔๙๖ (ยกเลิก) พระราชบัญญัติการพลังงานแห่งชาติ (ฉบับที่ ๒) พ.ศ. ๒๕๒๒ พระราชบัญญัติการพลังงานแห่งชาติ (ฉบับที่ ๓) พ.ศ. ๒๕๒๒ พระราชบัญญัติการพลังงานแห่งชาติ (ฉบับที่ ๔) พ.ศ. ๒",กฎหมายทั่วไป,พระราชบัญญัติ
kris_กง017-1B-0002,พระราชบัญญัติกู้เงินเพื่อการบูรณะและวิวัฒนาการแห่งประเทศ พ.ศ. 2496,"[20/1/2496] พระราชบัญญัติกู้เงินเพื่อการบูรณะและวิวัฒนาการแห่งประเทศ พ.ศ. 2496
พระราชบัญญัติ กู้เงินเพื่อการบูรณะและวิวัฒนาการแห่งประเทศ พ.ศ. ๒๔๙๖ ภูมิพลอดุลยเดช ป.ร. ให้ไว้ ณ วันที่ ๑๙ มกราคม พ.ศ. ๒๔๙๖ เป็นปีที่ ๘ ในรัชกาลปัจจุบัน พระบาทสมเด็จพระปรมินทรมหาภูมิพลอดุลยเดช มีพระบรมราชโองการ",กฎหมายทั่วไป,พระราชบัญญัติ
kris_ยล060-1B-0001,พระราชบัญญัติการขนส่ง พ.ศ. 2497 (ยกเลิก),"[9/2/2497] พระราชบัญญัติการขนส่ง พ.ศ. 2497 (ยกเลิก)
พระราชบัญญัติ การขนส่ง พ.ศ. ๒๔๙๗ และที่แก้ไขเพิ่มเติม (ยกเลิก) โปรดดูรายละเอียดของกฎหมายที่เว็บไซต์ราชกิจจานุเบกษา https://ratchakitcha.soc.go.th/",กฎหมายทั่วไป,พระราชบัญญัติ
kris_ก0006-1B-0001,พระราชบัญญัติกองอาสารักษาดินแดน พ.ศ. 2497,"[23/2/2497] พระราชบัญญัติกองอาสารักษาดินแดน พ.ศ. 2497
พระราชบัญญัติ กองอาสารักษาดินแดน พ.ศ. ๒๔๙๗ พระราชบัญญัติกองอาสารักษาดินแดน (ฉบับที่ ๒) พ.ศ. ๒๕๐๔ พระราชบัญญัติกองอาสารักษาดินแดน (ฉบับที่ ๓) พ.ศ. ๒๕๕๗ ภูมิพลอดุลยเดช ป.ร.ให้ไว้ ณ วันที่ ๑๐ กุมภาพันธ์ พ.ศ. ๒๔๙๗เ",กฎหมายทั่วไป,พระราชบัญญัติ
kris_ก0040-1B-0001,พระราชบัญญัติกำหนดค่าธรรมเนียมการใช้ยานยนตร์บนทางหลวงและสะพาน พ.ศ. 2497,"[23/2/2497] พระราชบัญญัติกำหนดค่าธรรมเนียมการใช้ยานยนตร์บนทางหลวงและสะพาน พ.ศ. 2497
พระราชบัญญัติว่าด้วยการปรับเป็นพินัย พ.ศ. ๒๕๖๕ พระราชบัญญัติกำหนดค่าธรรมเนียมการใช้ยานยนตร์บนทางหลวงและสะพาน (ฉบับที่ ๒) พ.ศ. ๒๕๑๖ พระราชบัญญัติกำหนดค่าธรรมเนียมการใช้ยานยนตร์บนทางหลวงและสะพาน (ฉบับที่ ๓) พ.ศ.",กฎหมายทั่วไป,พระราชบัญญัติ
kris_ก0041-1B-0001,พระราชบัญญัติกำหนดวิทยฐานะผู้สำเร็จวิชาการทหาร พ.ศ. 2497,"[9/3/2497] พระราชบัญญัติกำหนดวิทยฐานะผู้สำเร็จวิชาการทหาร พ.ศ. 2497
พระราชบัญญัติปรับปรุงกระทรวง ทบวง กรม (ฉบับที่ ๑๙) พ.ศ. ๒๕๖๒ พระราชบัญญัติกำหนดวิทยฐานะผู้สำเร็จวิชาการทหาร (ฉบับที่ ๒) พ.ศ. ๒๕๐๕ พระราชบัญญัติกำหนดวิทยฐานะผู้สำเร็จวิชาการทหาร (ฉบับที่ ๓) พ.ศ. ๒๕๑๓ พระราชบัญญั",กฎหมายทั่วไป,พระราชบัญญัติ
kris_ก0017-1B-0001,พระราชบัญญัติการเดินอากาศ พ.ศ. 2497,"[14/9/2497] พระราชบัญญัติการเดินอากาศ พ.ศ. 2497
พระราชบัญญัติการเดินอากาศ (ฉบับที่ ๑๔) พ.ศ. ๒๕๖๒ พระราชบัญญัติการเดินอากาศ (ฉบับที่ ๒) พ.ศ. ๒๔๙๘ พระราชบัญญัติการเดินอากาศ (ฉบับที่ ๓) พ.ศ. ๒๕๐๒ พระราชบัญญัติการเดินอากาศ (ฉบับที่ ๔) พ.ศ. ๒๕๐๔ พระราชบัญญัติการเ",กฎหมายทั่วไป,พระราชบัญญัติ
kris_กง015-1B-0001,พระราชบัญญัติกู้เงินเพื่อการบูรณะและวิวัฒนาการแห่งประเทศ พ.ศ. 2499,"[21/2/2499] พระราชบัญญัติกู้เงินเพื่อการบูรณะและวิวัฒนาการแห่งประเทศ พ.ศ. 2499
พระราชบัญญัติ กู้เงินเพื่อการบูรณะและวิวัฒนาการแห่งประเทศ พ.ศ. ๒๔๙๙ ภูมิพลอดุลยเดช ป.ร. ให้ไว้ ณ วันที่ ๗ กุมภาพันธ์ พ.ศ. ๒๔๙๙ เป็นปีที่ ๑๑ ในรัชกาลปัจจุบัน พระบาทสมเด็จพระปรมินทรมหาภูมิพลอดุลยเดช มีพระบรมราชโอ",กฎหมายทั่วไป,พระราชบัญญัติ
kris_ยล115-1B-0002,พระราชบัญญัติการเลือกตั้งสมาชิกสภาผู้แทนราษฎร พ.ศ. 2499 (ยกเลิก),"[13/3/2499] พระราชบัญญัติการเลือกตั้งสมาชิกสภาผู้แทนราษฎร พ.ศ. 2499 (ยกเลิก)
พระราชบัญญัติ การเลือกตั้งสมาชิกสภาผู้แทนราษฎร พ.ศ. ๒๔๙๙ (ยกเลิก) โปรดดูรายละเอียดของกฎหมายที่เว็บไซต์ราชกิจจานุเบกษา https://ratchakitcha.soc.go.th/",กฎหมายทั่วไป,พระราชบัญญัติ
kris_ก0009-1B-0001,พระราชบัญญัติกาชาด พ.ศ. 2499,"[14/8/2499] พระราชบัญญัติกาชาด พ.ศ. 2499
พระราชบัญญัติ กาชาด พ.ศ. ๒๔๙๙ ภูมิพลอดุลยเดช ป.ร. ให้ไว้ ณ วันที่ ๑ สิงหาคม พ.ศ. ๒๔๙๙ เป็นปีที่ ๑๑ ในรัชกาลปัจจุบัน พระบาทสมเด็จพระปรมินทรมหาภูมิพลอดุลยเดช มีพระบรมราชโองการโปรดเกล้าฯ ให้ประกาศว่า โดยที่ประเทศไ",กฎหมายทั่วไป,พระราชบัญญัติ
kris_ก0039-1B-0002,พระราชบัญญัติกำหนดความผิดเกี่ยวกับห้างหุ้นส่วนจดทะเบียน ห้างหุ้นส่วนจํากัด บริษัทจํากัด สมาคม และมูลนิธิ พ.ศ. 2499,"[15/11/2499] พระราชบัญญัติกำหนดความผิดเกี่ยวกับห้างหุ้นส่วนจดทะเบียน ห้างหุ้นส่วนจํากัด บริษัทจํากัด สมาคม และมูลนิธิ พ.ศ. 2499
พระราชบัญญัติว่าด้วยการปรับเป็นพินัย พ.ศ. ๒๕๖๕ พระราชบัญญัติกำหนดความผิดเกี่ยวกับห้างหุ้นส่วนจดทะเบียน ห้างหุ้นส่วนจำกัด บริษัทจำกัด สมาคมและมูลนิธิ (ฉบับที่ ๒) พ.ศ. ๒๕๓๕ พระราชบัญญัติกำหนดความผิดเกี่ยวกับห้างห",กฎหมายทั่วไป,พระราชบัญญัติ
kris_ก0022-1B-0001,พระราชบัญญัติการเนรเทศ พ.ศ. 2499,"[29/1/2500] พระราชบัญญัติการเนรเทศ พ.ศ. 2499
พระราชบัญญัติ การเนรเทศ พ.ศ. ๒๔๙๙ พระราชบัญญัติการเนรเทศ (ฉบับที่ ๒) พ.ศ. ๒๕๐๗ พระราชบัญญัติการเนรเทศ (ฉบับที่ ๓) พ.ศ. ๒๕๒๑ ภูมิพลอดุลยเดช ป.ร. ให้ไว้ ณ วันที่ ๑๗ มกราคม พ.ศ. ๒๕๐๐ เป็นปีที่ ๑๒ ในรัชกาลปัจจุบัน",กฎหมายทั่วไป,พระราชบัญญัติ
kris_ยล065-1B-0001,พระราชบัญญัติการไฟฟ้ายันฮี พ.ศ. 2500 (ยกเลิก),"[7/9/2500] พระราชบัญญัติการไฟฟ้ายันฮี พ.ศ. 2500 (ยกเลิก)
พระราชบัญญัติ การไฟฟ้ายันฮี พ.ศ. ๒๕๐๐ และที่แก้ไขเพิ่มเติม (ยกเลิก) โปรดดูรายละเอียดของกฎหมายที่เว็บไซต์ราชกิจจานุเบกษา https://ratchakitcha.soc.go.th/",กฎหมายทั่วไป,พระราชบัญญัติ
kris_ยล140-1B-0001,พระราชบัญญัติการตรวจสอบจำนวนผู้มีสิทธิเลือกตั้งซึ่งได้รับการศึกษาอบรมจบชั้นประถมศึกษา พ.ศ. 2500 (ยกเลิก),"[21/10/2500] พระราชบัญญัติการตรวจสอบจำนวนผู้มีสิทธิเลือกตั้งซึ่งได้รับการศึกษาอบรมจบชั้นประถมศึกษา พ.ศ. 2500 (ยกเลิก)
พระราชบัญญัติ การตรวจสอบจำนวนผู้มีสิทธิเลือกตั้งซึ่งได้รับการศึกษาอบรมจบชั้นประถมศึกษา พ.ศ. ๒๕๐๐ (ยกเลิก) โปรดดูรายละเอียดของกฎหมายที่เว็บไซต์ราชกิจจานุเบกษา https://ratchakitcha.soc.go.th/",กฎหมายทั่วไป,พระราชบัญญัติ
kris_กง016-1B-0001,พระราชบัญญัติรับรองการกู้เงินนอกประเทศ พ.ศ. 2500,"[1/12/2500] พระราชบัญญัติรับรองการกู้เงินนอกประเทศ พ.ศ. 2500
พระราชบัญญัติ รับรองการกู้เงินนอกประเทศ พ.ศ. ๒๕๐๐ ภูมิพลอดุลยเดช ป.ร. ให้ไว้ ณ วันที่ ๒๗ พฤศจิกายน พ.ศ. ๒๕๐๐ เป็นปีที่ ๑๒ ในรัชกาลปัจจุบัน พระบาทสมเด็จพระปรมินทรมหาภูมิพลอดุลยเดช มีพระบรมราชโองการโปรดเกล้าฯ ให้",กฎหมายทั่วไป,พระราชบัญญัติ
kris_ก0030-1B-0001,พระราชบัญญัติการไฟฟ้านครหลวง พ.ศ. 2501,"[31/7/2501] พระราชบัญญัติการไฟฟ้านครหลวง พ.ศ. 2501
พระราชบัญญัติแก้ไขเพิ่มเติมบทบัญญัติแห่งกฎหมายที่เกี่ยวกับอำนาจหน้าที่ของผู้ทำการแทน ผู้ปฏิบัติหน้าที่แทน ผู้รักษาการแทน หรือผู้รักษาการในตำแหน่งผู้บริหารของรัฐวิสาหกิจ พ.ศ. ๒๕๖๒ พระราชบัญญัติการไฟฟ้านครหลวง (ฉ",กฎหมายทั่วไป,พระราชบัญญัติ
kris_กง019-1B-0001,พระราชบัญญัติกู้เงินตามโครงการช่วยเหลือทางเศรษฐกิจของต่างประเทศ พ.ศ. 2502,"[1/8/2502] พระราชบัญญัติกู้เงินตามโครงการช่วยเหลือทางเศรษฐกิจของต่างประเทศ พ.ศ. 2502
พระราชบัญญัติ กู้เงินตามโครงการช่วยเหลือ ทางเศรษฐกิจของต่างประเทศ พ.ศ. ๒๕๐๒ ภูมิพลอดุลยเดช ป.ร. ให้ไว้ ณ วันที่ ๓๐ กรกฎาคม พ.ศ. ๒๕๐๒ เป็นปีที่ ๑๔ ในรัชกาลปัจจุบัน พระบาทสมเด็จพระปรมินทรมหาภูมิพลอดุลยเดช มีพระบร",กฎหมายทั่วไป,พระราชบัญญัติ
kris_ก0083-1B-0002,พระราชบัญญัติกำหนดเขตจังหวัดในอ่าวไทยตอนใน พ.ศ. 2502,"[29/9/2502] พระราชบัญญัติกำหนดเขตจังหวัดในอ่าวไทยตอนใน พ.ศ. 2502
พระราชบัญญัติ กำหนดเขตจังหวัดในอ่าวไทยตอนใน พ.ศ. ๒๕๐๒ ภูมิพลอดุลยเดช ป.ร. ให้ไว้ ณ วันที่ ๒๓ กันยายน พ.ศ. ๒๕๐๒ เป็นปีที่ ๑๔ ในรัชกาลปัจจุบัน พระบาทสมเด็จพระปรมินทรมหาภูมิพลอดุลยเดช มีพระบรมราชโองการโปรดเกล้าฯ ใ",กฎหมายทั่วไป,พระราชบัญญัติ
kris_กง018-1B-0001,พระราชบัญญัติกู้เงิน พ.ศ. 2502,"[1/12/2502] พระราชบัญญัติกู้เงิน พ.ศ. 2502
พระราชบัญญัติ กู้เงิน พ.ศ. ๒๕๐๒ ภูมิพลอดุลยเดช ป.ร. ให้ไว้ ณ วันที่ ๒๔ พฤศจิกายน พ.ศ. ๒๕๐๒ เป็นปีที่ ๑๔ ในรัชกาลปัจจุบัน พระบาทสมเด็จพระปรมินทรมหาภูมิพลอดุลยเดช มีพระบรมราชโองการโปรดเกล้าฯ ให้ประกาศว่า โดยที่เป",กฎหมายทั่วไป,พระราชบัญญัติ
kris_ก0004-1B-0001,พระราชบัญญัติกองทุนสงเคราะห์การทำสวนยาง พ.ศ. 2503 (ยกเลิก),"[6/9/2503] พระราชบัญญัติกองทุนสงเคราะห์การทำสวนยาง พ.ศ. 2503 (ยกเลิก)
พระราชบัญญัติ กองทุนสงเคราะห์การทำสวนยาง พ.ศ. ๒๕๐๓ (ยกเลิก) พระราชบัญญัติกองทุนสงเคราะห์การทำสวนยาง (ฉบับที่ ๒) พ.ศ. ๒๕๐๕ พระราชบัญญัติกองทุนสงเคราะห์การทำสวนยาง (ฉบับที่ ๓) พ.ศ. ๒๕๑๘ พระราชบัญญัติกองทุนสงเคราะ",กฎหมายทั่วไป,พระราชบัญญัติ
kris_ก0063-1B-0001,พระราชบัญญัติกำหนดอัตราค่าธรรมเนียมอำเภอ พ.ศ. 2503,"[14/9/2503] พระราชบัญญัติกำหนดอัตราค่าธรรมเนียมอำเภอ พ.ศ. 2503
พระราชบัญญัติ กำหนดอัตราค่าธรรมเนียมอำเภอ พ.ศ. ๒๕๐๓ ในพระปรมาภิไธย พระบาทสมเด็จพระปรมินทรมหาภูมิพลอดุลยเดช สังวาลย์ ผู้สำเร็จราชการแทนพระองค์ ให้ไว้ ณ วันที่ ๖ กันยายน พ.ศ. ๒๕๐๓ เป็นปีที่ ๑๕ ในรัชกาลปัจจุบัน โด",กฎหมายทั่วไป,พระราชบัญญัติ
kris_ก0032-1B-0001,พระราชบัญญัติการไฟฟ้าส่วนภูมิภาค พ.ศ. 2503,"[27/9/2503] พระราชบัญญัติการไฟฟ้าส่วนภูมิภาค พ.ศ. 2503
พระราชบัญญัติแก้ไขเพิ่มเติมบทบัญญัติแห่งกฎหมายที่เกี่ยวกับอำนาจหน้าที่ของผู้ทำการแทน ผู้ปฏิบัติหน้าที่แทน ผู้รักษาการแทน หรือผู้รักษาการในตำแหน่งผู้บริหารของรัฐวิสาหกิจ พ.ศ. ๒๕๖๒ พระราชบัญญัติการไฟฟ้าส่วนภูมิภา",กฎหมายทั่วไป,พระราชบัญญัติ
kris_ยล254-1B-0001,พระราชบัญญัติการลิกไนท์ พ.ศ. 2503 (ยกเลิก),"[13/12/2503] พระราชบัญญัติการลิกไนท์ พ.ศ. 2503 (ยกเลิก)
พระราชบัญญัติการลิกไนท์ พ.ศ. ๒๕๐๓ (ยกเลิก) โปรดดูรายละเอียดของกฎหมายที่เว็บไซต์ราชกิจจานุเบกษา https://ratchakitcha.soc.go.th/",กฎหมายทั่วไป,พระราชบัญญัติ
kris_ก0021-1B-0001,พระราชบัญญัติการธนาคารพาณิชย์ พ.ศ. 2505 (ยกเลิก),"[30/4/2505] พระราชบัญญัติการธนาคารพาณิชย์ พ.ศ. 2505 (ยกเลิก)
ประกาศสำนักนายกรัฐมนตรี เรื่อง การอนุมัติพระราชกำหนดแก้ไขเพิ่มเติมพระราชบัญญัติการธนาคารพาณิชย์ พ.ศ. ๒๕๐๕ (ฉบับที่ ๔) พ.ศ. ๒๕๔๑ พระราชบัญญัติการธนาคารพาณิชย์ (ฉบับที่ ๒) พ.ศ. ๒๕๒๒   พระราชบัญญัติการธนาคารพาณิชย",กฎหมายทั่วไป,พระราชบัญญัติ
kris_ก0090-1B-0001,พระราชบัญญัติการโอนเงินเย็นพิเศษเพื่อใช้จ่ายในการพัฒนาเศรษฐกิจ พ.ศ. 2505,"[27/11/2505] พระราชบัญญัติการโอนเงินเย็นพิเศษเพื่อใช้จ่ายในการพัฒนาเศรษฐกิจ พ.ศ. 2505
พระราชบัญญัติ การโอนเงินเย็นพิเศษเพื่อใช้จ่ายในการพัฒนาเศรษฐกิจ พ.ศ. ๒๕๐๕ ภูมิพลอดุลยเดช ป.ร. ให้ไว้ ณ วันที่ ๒๓ พฤศจิกายน พ.ศ. ๒๕๐๕ เป็นปีที่ ๑๗ ในรัชกาลปัจจุบัน พระบาทสมเด็จพระปรมินทรมหาภูมิพลอดุลยเดช มีพระบร",กฎหมายทั่วไป,พระราชบัญญัติ
kris_กง020-1B-0001,พระราชบัญญัติกู้เงินจากธนาคารระหว่างประเทศเพื่อการบูรณะและวิวัฒนาการ พ.ศ. 2506,"[29/1/2506] พระราชบัญญัติกู้เงินจากธนาคารระหว่างประเทศเพื่อการบูรณะและวิวัฒนาการ พ.ศ. 2506
พระราชบัญญัติ กู้เงินจากธนาคารระหว่างประเทศ เพื่อการบูรณะและวิวัฒนาการ พ.ศ. ๒๕๐๖ ภูมิพลอดุลยเดช ป.ร. ให้ไว้ ณ วันที่ ๒๔ มกราคม พ.ศ. ๒๕๐๖ เป็นปีที่ ๑๘ ในรัชกาลปัจจุบัน พระบาทสมเด็จพระปรมินทรมหาภูมิพลอดุลยเดช มีพ",กฎหมายทั่วไป,พระราชบัญญัติ
kris_ก0007-1B-0001,พระราชบัญญัติกักพืช พ.ศ. 2507,"[21/3/2507] พระราชบัญญัติกักพืช พ.ศ. 2507
พระราชบัญญัติว่าด้วยการปรับเป็นพินัย พ.ศ. ๒๕๖๕   พระราชบัญญัติกักพืช (ฉบับที่ ๒) พ.ศ. ๒๕๔๒ พระราชบัญญัติกักพืช (ฉบับที่ ๓) พ.ศ. ๒๕๕๑ ภูมิพลอดุลยเดช ป.ร. ให้ไว้ ณ วันที่ ๑๓ มีนาคม พ.ศ. ๒๕๐๗ เป็นปีที่ ๑๙ ในรัชกาล",กฎหมายทั่วไป,พระราชบัญญัติ
kris_กง021-1B-0001,พระราชบัญญัติกู้เงินเพื่อพัฒนาการอาชีวศึกษา พ.ศ. 2509,"[27/12/2509] พระราชบัญญัติกู้เงินเพื่อพัฒนาการอาชีวศึกษา พ.ศ. 2509
พระราชบัญญัติ กู้เงินเพื่อพัฒนาการอาชีวศึกษา พ.ศ. ๒๕๐๙ ภูมิพลอดุลยเดช ป.ร. ให้ไว้ ณ วันที่ ๒๑ ธันวาคม พ.ศ. ๒๕๐๙ เป็นปีที่ ๒๑ ในรัชกาลปัจจุบัน พระบาทสมเด็จพระปรมินทรมหาภูมิพลอดุลยเดช มีพระบรมราชโองการโปรดเกล้าฯ",กฎหมายทั่วไป,พระราชบัญญัติ
kris_ก0082-1B-0002,พระราชบัญญัติการประดับเครื่องราชอิสริยาภรณ์และเหรียญของทหารหญิง พ.ศ. 2510,"[1/2/2510] พระราชบัญญัติการประดับเครื่องราชอิสริยาภรณ์และเหรียญของทหารหญิง พ.ศ. 2510
พระราชบัญญัติ การประดับเครื่องราชอิสริยาภรณ์และเหรียญของทหารหญิง พ.ศ. ๒๕๑๐ ภูมิพลอดุลยเดช ป.ร. ให้ไว้ ณ วันที่ ๒๐ มกราคม พ.ศ. ๒๕๑๐ เป็นปีที่ ๒๒ ในรัชกาลปัจจุบัน พระบาทสมเด็จพระปรมินทรมหาภูมิพลอดุลยเดช มีพระบรมร",กฎหมายทั่วไป,พระราชบัญญัติ
kris_ก0024-1B-0002,พระราชบัญญัติการประปานครหลวง พ.ศ. 2510,"[15/8/2510] พระราชบัญญัติการประปานครหลวง พ.ศ. 2510
พระราชบัญญัติ การประปานครหลวง พ.ศ. ๒๕๑๐  พระราชบัญญัติการประปานครหลวง (ฉบับที่ ๒) พ.ศ. ๒๕๑๖ พระราชบัญญัติการประปานครหลวง (ฉบับที่ ๓) พ.ศ. ๒๕๒๒ พระราชบัญญัติการประปานครหลวง (ฉบับที่ ๔) พ.ศ. ๒๕๓๐ พระราชบัญญัติการ",กฎหมายทั่วไป,พระราชบัญญัติ
kris_ก0044-1B-0001,พระราชบัญญัติกำหนดอำนาจกระทรวงการคลังในการค้ำประกัน พ.ศ. 2510 (ยกเลิก),"[26/12/2510] พระราชบัญญัติกำหนดอำนาจกระทรวงการคลังในการค้ำประกัน พ.ศ. 2510 (ยกเลิก)
ประกาศของคณะปฏิวัติ ฉบับที่ ๑๗ ลงวันที่ ๘ พฤศจิกายน พ.ศ. ๒๕๒๐ ภูมิพลอดุลยเดช ป.ร. ให้ไว้ ณ วันที่ ๑๙ ธันวาคม พ.ศ. ๒๕๑๐ เป็นปีที่ ๒๒ ในรัชกาลปัจจุบัน โดยที่คณะปฏิวัติได้พิจารณาเห็นว่า ในขณะนี้รัฐวิสาหกิจต่าง ๆ ก",กฎหมายทั่วไป,พระราชบัญญัติ
kris_กง022-1B-0001,พระราชบัญญัติกู้เงินจากธนาคารพัฒนาเอเชีย พ.ศ. 2511,"[19/6/2511] พระราชบัญญัติกู้เงินจากธนาคารพัฒนาเอเชีย พ.ศ. 2511
พระราชบัญญัติ กู้เงินจากธนาคารพัฒนาเอเชีย พ.ศ. ๒๕๑๑ ภูมิพลอดุลยเดช ป.ร. ให้ไว้ ณ วันที่ ๑๘ มิถุนายน พ.ศ. ๒๕๑๑ เป็นปีที่ ๒๓ ในรัชกาลปัจจุบัน พระบาทสมเด็จพระปรมินทรมหาภูมิพลอดุลยเดช มีพระบรมราชโองการโปรดเกล้าฯ ให",กฎหมายทั่วไป,พระราชบัญญัติ
kris_ก0031-1B-0001,พระราชบัญญัติการไฟฟ้าฝ่ายผลิตแห่งประเทศไทย พ.ศ. 2511,"[2/11/2511] พระราชบัญญัติการไฟฟ้าฝ่ายผลิตแห่งประเทศไทย พ.ศ. 2511
พระราชบัญญัติว่าด้วยการปรับเป็นพินัย พ.ศ. ๒๕๖๕ พระราชบัญญัติการไฟฟ้าฝ่ายผลิตแห่งประเทศไทย (ฉบับที่ ๒) พ.ศ. ๒๕๒๑ พระราชบัญญัติการไฟฟ้าฝ่ายผลิตแห่งประเทศไทย (ฉบับที่ ๓) พ.ศ. ๒๕๒๗ พระราชบัญญัติการไฟฟ้าฝ่ายผลิตแห่ง",กฎหมายทั่วไป,พระราชบัญญัติ
kris_กง023-1B-0001,พระราชบัญญัติกู้เงินเพื่อพัฒนาการศึกษาโรงเรียนมัธยมแบบประสม พ.ศ. 2514,"[27/4/2514] พระราชบัญญัติกู้เงินเพื่อพัฒนาการศึกษาโรงเรียนมัธยมแบบประสม พ.ศ. 2514
พระราชบัญญัติ กู้เงินเพื่อพัฒนาการศึกษาโรงเรียนมัธยมแบบประสม พ.ศ. ๒๕๑๔ ภูมิพลอดุลยเดช ป.ร. ให้ไว้ ณ วันที่ ๑๔ เมษายน พ.ศ. ๒๕๑๔ เป็นปีที่ ๒๖ ในรัชกาลปัจจุบัน พระบาทสมเด็จพระปรมินทรมหาภูมิพลอดุลยเดช มีพระบรมราชโอ",กฎหมายทั่วไป,พระราชบัญญัติ
kris_ก0048-1C-0006,พระราชกำหนดแก้ไขและป้องกันภาวะการขาดแคลนน้ำมันเชื้อเพลิง พ.ศ. 2516,"[27/12/2516] พระราชกำหนดแก้ไขและป้องกันภาวะการขาดแคลนน้ำมันเชื้อเพลิง พ.ศ. 2516
พระราชบัญญัติแก้ไขเพิ่มเติมพระราชกำหนดแก้ไขและป้องกันภาวะการขาดแคลนน้ำมันเชื้อเพลิง พ.ศ. ๒๕๑๖ (ฉบับที่ ๓) พ.ศ. ๒๕๒๐ พระราชกำหนดแก้ไขและป้องกันภาวะการขาดแคลนน้ำมันเชื้อเพลิง (ฉบับที่ ๒) พ.ศ. ๒๕๑๘ ภูมิพลอดุลยเดช",กฎหมายทั่วไป,พระราชกำหนด
kris_ยล029-1B-0001,พระราชบัญญัติการฌาปนกิจสงเคราะห์ พ.ศ. 2517 (ยกเลิก),"[26/6/2517] พระราชบัญญัติการฌาปนกิจสงเคราะห์ พ.ศ. 2517 (ยกเลิก)
พระราชบัญญัติ การฌาปนกิจสงเคราะห์ พ.ศ. ๒๕๑๗ (ยกเลิก) ภูมิพลอดุลยเดช ป.ร. ให้ไว้ ณ วันที่ ๑๙ มิถุนายน พ.ศ. ๒๕๑๗ เป็นปีที่ ๒๙ ในรัชกาลปัจจุบัน พระบาทสมเด็จพระปรมินทรมหาภูมิพลอดุลยเดช มีพระบรมราชโองการโปรดเกล้าฯ ใ",กฎหมายทั่วไป,พระราชบัญญัติ
kris_ก0042-1B-0001,พระราชบัญญัติกำหนดวิทยฐานะผู้สำเร็จวิชาการตำรวจ พ.ศ. 2517 (ยกเลิก),"[9/8/2517] พระราชบัญญัติกำหนดวิทยฐานะผู้สำเร็จวิชาการตำรวจ พ.ศ. 2517 (ยกเลิก)
พระราชบัญญัติ กำหนดวิทยฐานะผู้สำเร็จวิชาการตำรวจ พ.ศ. ๒๕๑๗ (ยกเลิก) ภูมิพลอดุลยเดช ป.ร. ให้ไว้ ณ วันที่ ๔ สิงหาคม พ.ศ. ๒๕๑๗ เป็นปีที่ ๒๙ ในรัชกาลปัจจุบัน พระบาทสมเด็จพระปรมินทรมหาภูมิพลอดุลยเดช มีพระบรมราชโองกา",กฎหมายทั่วไป,พระราชบัญญัติ
kris_ยล091-1B-0001,พระราชบัญญัติกองทุนสงเคราะห์เกษตรกร พ.ศ. 2517 (ยกเลิก),"[18/10/2517] พระราชบัญญัติกองทุนสงเคราะห์เกษตรกร พ.ศ. 2517 (ยกเลิก)
พระราชบัญญัติกองทุนสงเคราะห์เกษตรกรพ.ศ. ๒๕๑๗ (ยกเลิก) โปรดดูรายละเอียดของกฎหมายที่เว็บไซต์ราชกิจจานุเบกษา https://ratchakitcha.soc.go.th/",กฎหมายทั่วไป,พระราชบัญญัติ
kris_ก0010-1B-0001,พระราชบัญญัติการกำหนดหลักเกณฑ์เกี่ยวกับการจ่ายเงินบางประเภทตามงบประมาณรายจ่าย พ.ศ. 2518,"[12/2/2518] พระราชบัญญัติการกำหนดหลักเกณฑ์เกี่ยวกับการจ่ายเงินบางประเภทตามงบประมาณรายจ่าย พ.ศ. 2518
พระราชบัญญัติ การกำหนดหลักเกณฑ์เกี่ยวกับการจ่ายเงิน บางประเภทตามงบประมาณรายจ่าย พ.ศ. ๒๕๑๘ ภูมิพลอดุลยเดช ป.ร. ให้ไว้ ณ วันที่ ๕ กุมภาพันธ์ พ.ศ. ๒๕๑๘ เป็นปีที่ ๓๐ ในรัชกาลปัจจุบัน พระบาทสมเด็จพระปรมินทรมหาภูมิพล",กฎหมายทั่วไป,พระราชบัญญัติ
kris_ยล005-1B-0001,พระราชบัญญัติการผังเมือง พ.ศ. 2518 (ยกเลิก),"[13/2/2518] พระราชบัญญัติการผังเมือง พ.ศ. 2518 (ยกเลิก)
*พระราชกฤษฎีกาแก้ไขบทบัญญัติให้สอดคล้องกับการโอนอำนาจหน้าที่ของส่วนราชการให้เป็นไปตามพระราชบัญญัติปรับปรุงกระทรวง ทบวง กรม พ.ศ. ๒๕๔๕ พ.ศ. ๒๕๔๕ พระราชบัญญัติการผังเมือง (ฉบับที่ ๒) พ.ศ. ๒๕๒๕ พระราชบัญญัติการผังเ",กฎหมายทั่วไป,พระราชบัญญัติ
kris_ก0023-1B-0001,พระราชบัญญัติการปฏิรูปที่ดินเพื่อเกษตรกรรม พ.ศ. 2518,"[5/3/2518] พระราชบัญญัติการปฏิรูปที่ดินเพื่อเกษตรกรรม พ.ศ. 2518
พระราชบัญญัติว่าด้วยการปรับเป็นพินัย พ.ศ. ๒๕๖๕ พระราชบัญญัติการปฏิรูปที่ดินเพื่อเกษตรกรรม (ฉบับที่ ๒) พ.ศ. ๒๕๑๙ พระราชบัญญัติการปฏิรูปที่ดินเพื่อเกษตรกรรม (ฉบับที่ ๓) พ.ศ. ๒๕๓๒ ภูมิพลอดุลยเดช ป.ร. ให้ไว้ ณ วันท",กฎหมายทั่วไป,พระราชบัญญัติ
kris_ยล130-1B-0001,พระราชบัญญัติการค้ากับประเทศที่ประกอบการค้าโดยรัฐ พ.ศ. 2518 (ยกเลิก),"[22/3/2518] พระราชบัญญัติการค้ากับประเทศที่ประกอบการค้าโดยรัฐ พ.ศ. 2518 (ยกเลิก)
พระราชบัญญัติ การค้ากับประเทศที่ประกอบการค้าโดยรัฐ พ.ศ. ๒๕๑๘ (ยกเลิก) โปรดดูรายละเอียดของกฎหมายที่เว็บไซต์ราชกิจจานุเบกษา https://ratchakitcha.soc.go.th/",กฎหมายทั่วไป,พระราชบัญญัติ
kris_ก0038-1B-0001,พระราชบัญญัติการสื่อสารแห่งประเทศไทย พ.ศ. 2519 (ยกเลิก),"[28/9/2519] พระราชบัญญัติการสื่อสารแห่งประเทศไทย พ.ศ. 2519 (ยกเลิก)
*พระราชกฤษฎีกาแก้ไขบทบัญญัติให้สอดคล้องกับการโอนอำนาจหน้าที่ของส่วนราชการให้เป็นไปตามพระราชบัญญัติปรับปรุงกระทรวง ทบวง กรม พ.ศ. ๒๕๔๕ พ.ศ. ๒๕๔๕ ภูมิพลอดุลยเดช ป.ร. ให้ไว้ ณ วันที่ ๒๑ กันยายน พ.ศ. ๒๕๑๙ เป็นปีที่",กฎหมายทั่วไป,พระราชบัญญัติ
kris_ก0045-1B-0001,พระราชบัญญัติกู้เงินเพื่อการป้องกันประเทศ พ.ศ. 2519 (ยกเลิก),"[17/11/2519] พระราชบัญญัติกู้เงินเพื่อการป้องกันประเทศ พ.ศ. 2519 (ยกเลิก)
พระราชบัญญัติ กู้เงินเพื่อการป้องกันประเทศ พ.ศ. ๒๕๑๙ (ยกเลิก) ภูมิพลอดุลยเดช ป.ร. ให้ไว้ ณ วันที่ ๑๖ พฤศจิกายน พ.ศ. ๒๕๑๙ เป็นปีที่ ๓๑ ในรัชกาลปัจจุบัน พระบาทสมเด็จพระปรมินทรมหาภูมิพลอดุลยเดช มีพระบรมราชโองการโป",กฎหมายทั่วไป,พระราชบัญญัติ
kris_ยล018-1B-0001,พระราชบัญญัติการทำงานของคนต่างด้าว พ.ศ. 2521 (ยกเลิก),"[21/7/2521] พระราชบัญญัติการทำงานของคนต่างด้าว พ.ศ. 2521 (ยกเลิก)
*พระราชกฤษฎีกาแก้ไขบทบัญญัติให้สอดคล้องกับการโอนอำนาจหน้าที่ของส่วนราชการให้เป็นไปตามพระราชบัญญัติปรับปรุงกระทรวง ทบวง กรม พ.ศ. ๒๕๔๕ พ.ศ. ๒๕๔๕ พระราชบัญญัติการทำงานของคนต่างด้าว (ฉบับที่ ๒) พ.ศ. ๒๕๔๔ ภูมิพลอดุล",กฎหมายทั่วไป,พระราชบัญญัติ
kris_ก0050-1B-0001,พระราชบัญญัติการปิโตรเลียมแห่งประเทศไทย พ.ศ. 2521 (ยกเลิก),"[28/12/2521] พระราชบัญญัติการปิโตรเลียมแห่งประเทศไทย พ.ศ. 2521 (ยกเลิก)
พระราชกำหนดการปิโตรเลียมแห่งประเทศไทย พ.ศ. ๒๕๒๓ พระราชบัญญัติการปิโตรเลียมแห่งประเทศไทย (ฉบับที่ ๒) พ.ศ. ๒๕๓๗ ภูมิพลอดุลยเดช ป.ร. ให้ไว้ ณ วันที่ ๒๐ ธันวาคม พ.ศ. ๒๕๒๑ เป็นปีที่ ๓๓ ในรัชกาลปัจจุบัน พระบาทสมเด็จพ",กฎหมายทั่วไป,พระราชบัญญัติ
kris_ก0051-1B-0001,พระราชบัญญัติการเลือกตั้งสมาชิกสภาผู้แทนราษฎร พ.ศ. 2522 (ยกเลิก),"[3/2/2522] พระราชบัญญัติการเลือกตั้งสมาชิกสภาผู้แทนราษฎร พ.ศ. 2522 (ยกเลิก)
พระราชกำหนดแก้ไขเพิ่มเติมพระราชบัญญัติการเลือกตั้งสมาชิกสภาผู้แทนราษฎร พ.ศ. ๒๕๒๒ (ฉบับที่ ๓) พ.ศ. ๒๕๓๘ ภูมิพลอดุลยเดช ป.ร. ให้ไว้ ณ วันที่ ๒ กุมภาพันธ์ พ.ศ. ๒๕๒๒ เป็นปีที่ ๓๔ ในรัชกาลปัจจุบัน พระบาทสมเด็จพระปรม",กฎหมายทั่วไป,พระราชบัญญัติ
kris_ก0053-1B-0001,พระราชบัญญัติการประปาส่วนภูมิภาค พ.ศ. 2522,"[27/2/2522] พระราชบัญญัติการประปาส่วนภูมิภาค พ.ศ. 2522
ประกาศสำนักงานศาลรัฐธรรมนูญ เรื่อง ศาลรัฐธรรมนูญมีคำวินิจฉัยว่าบทบัญญัติแห่งกฎหมายขัดหรือแย้งต่อรัฐธรรมนูญ พระราชบัญญัติการประปาส่วนภูมิภาค (ฉบับที่ ๒) พ.ศ. ๒๕๓๐ พระราชบัญญัติการประปาส่วนภูมิภาค (ฉบับที่ ๓) พ.ศ",กฎหมายทั่วไป,พระราชบัญญัติ
kris_ก0052-1B-0002,พระราชบัญญัติการตรวจเงินแผ่นดิน พ.ศ. 2522 (ยกเลิก),"[28/2/2522] พระราชบัญญัติการตรวจเงินแผ่นดิน พ.ศ. 2522 (ยกเลิก)
พระราชบัญญัติ การตรวจเงินแผ่นดิน พ.ศ. ๒๕๒๒ (ยกเลิก) ภูมิพลอดุลยเดช ป.ร. ให้ไว้ ณ วันที่ ๒๔ กุมภาพันธ์ พ.ศ. ๒๕๒๒ เป็นปีที่ ๓๔ ในรัชกาลปัจจุบัน พระบาทสมเด็จพระปรมินทรมหาภูมิพลอดุลยเดช มีพระบรมราชโองการโปรดเกล้าฯ",กฎหมายทั่วไป,พระราชบัญญัติ
kris_ก0054-1B-0001,พระราชบัญญัติการท่าอากาศยานแห่งประเทศไทย พ.ศ. 2522 (ยกเลิก),"[2/3/2522] พระราชบัญญัติการท่าอากาศยานแห่งประเทศไทย พ.ศ. 2522 (ยกเลิก)
พระราชบัญญัติ การท่าอากาศยานแห่งประเทศไทย พ.ศ. ๒๕๒๒ (ยกเลิก) พระราชบัญญัติการท่าอากาศยานแห่งประเทศ (ฉบับที่ ๒) พ.ศ. ๒๕๓๐ พระราชบัญญัติการท่าอากาศยานแห่งประเทศไทย (ฉบับที่ ๓) พ.ศ. ๒๕๓๔ พระราชบัญญัติการท่าอากาศยา",กฎหมายทั่วไป,พระราชบัญญัติ
kris_ก0011-1B-0004,พระราชบัญญัติการขนส่งทางบก พ.ศ. 2522,"[21/3/2522] พระราชบัญญัติการขนส่งทางบก พ.ศ. 2522
พระราชบัญญัติว่าด้วยการปรับเป็นพินัย พ.ศ. ๒๕๖๕ พระราชบัญญัติการขนส่งทางบก (ฉบับที่ ๒) พ.ศ. ๒๕๒๓ พระราชบัญญัติการขนส่งทางบก (ฉบับที่ ๓) พ.ศ. ๒๕๓๐ พระราชบัญญัติการขนส่งทางบก (ฉบับที่ ๔) พ.ศ. ๒๕๓๕ พระราชบัญญัติการ",กฎหมายทั่วไป,พระราชบัญญัติ
kris_ก0056-1B-0001,พระราชบัญญัติการนิคมอุตสาหกรรมแห่งประเทศไทย พ.ศ. 2522,"[24/3/2522] พระราชบัญญัติการนิคมอุตสาหกรรมแห่งประเทศไทย พ.ศ. 2522
พระราชบัญญัติว่าด้วยการปรับเป็นพินัยพ.ศ. ๒๕๖๕ ภูมิพลอดุลยเดช ป.ร. ให้ไว้ ณ วันที่ ๑๙ มีนาคม พ.ศ. ๒๕๒๒ เป็นปีที่ ๓๔ ในรัชกาลปัจจุบัน พระบาทสมเด็จพระปรมินทรมหาภูมิพลอดุลยเดช มีพระบรมราชโองการโปรดเกล้าฯ ให้ประกาศว",กฎหมายทั่วไป,พระราชบัญญัติ
kris_ก0062-1B-0001,พระราชบัญญัติการดำรงตำแหน่งในทางการเมืองของข้าราชการ กรรมการ พนักงานส่วนท้องถิ่น และพนักงานรัฐวิสาหกิจ พ.ศ. 2522,"[22/4/2522] พระราชบัญญัติการดำรงตำแหน่งในทางการเมืองของข้าราชการ กรรมการ พนักงานส่วนท้องถิ่น และพนักงานรัฐวิสาหกิจ พ.ศ. 2522
พระราชบัญญัติ การดำรงตำแหน่งในทางการเมืองของข้าราชการ กรรมการ พนักงานส่วนท้องถิ่น และพนักงานรัฐวิสาหกิจ พ.ศ. ๒๕๒๒ ภูมิพลอดุลยเดช ป.ร. ให้ไว้ ณ วันที่ ๒๒ เมษายน พ.ศ. ๒๕๒๒ เป็นปีที่ ๓๔ ในรัชกาลปัจจุบัน พระบาทสมเด",กฎหมายทั่วไป,พระราชบัญญัติ
kris_ก0055-1B-0001,พระราชบัญญัติการรับเด็กเป็นบุตรบุญธรรม พ.ศ. 2522,"[22/4/2522] พระราชบัญญัติการรับเด็กเป็นบุตรบุญธรรม พ.ศ. 2522
พระราชบัญญัติแก้ไขเพิ่มเติมบทบัญญัติแห่งกฎหมายที่เกี่ยวกับความรับผิดในทางอาญาของผู้แทนนิติบุคคล พ.ศ. ๒๕๖๐ พระราชบัญญัติการรับเด็กเป็นบุตรบุญธรรม (ฉบับที่ ๒) พ.ศ. ๒๕๓๓ พระราชบัญญัติการรับเด็กเป็นบุตรบุญธรรม (ฉบั",กฎหมายทั่วไป,พระราชบัญญัติ
kris_ก0057-1B-0001,พระราชบัญญัติกำหนดราคาสินค้าและป้องกันการผูกขาด พ.ศ. 2522 (ยกเลิก),"[1/5/2522] พระราชบัญญัติกำหนดราคาสินค้าและป้องกันการผูกขาด พ.ศ. 2522 (ยกเลิก)
พระราชบัญญัติ กำหนดราคาสินค้าและป้องกันการผูกขาด พ.ศ. ๒๕๒๒ (ยกเลิก) พระบาทสมเด็จพระปรมินทรมหาภูมิพลอดุลยเดช มีพระบรมราชโองการโปรดเกล้าฯ ให้ประกาศว่า โดยที่เป็นการสมควรมีกฎหมายว่าด้วยการกำหนดราคาสินค้าและป้องกัน",กฎหมายทั่วไป,พระราชบัญญัติ
kris_ก0061-1B-0001,พระราชบัญญัติการท่องเที่ยวแห่งประเทศไทย พ.ศ. 2522,"[4/5/2522] พระราชบัญญัติการท่องเที่ยวแห่งประเทศไทย พ.ศ. 2522
พระราชบัญญัติแก้ไขเพิ่มเติมบทบัญญัติแห่งกฎหมายที่เกี่ยวกับอำนาจหน้าที่ของผู้ทำการแทน ผู้ปฏิบัติหน้าที่แทน ผู้รักษาการแทน หรือผู้รักษาการในตำแหน่งผู้บริหารของรัฐวิสาหกิจ พ.ศ. ๒๕๖๒ พระราชบัญญัติการท่องเที่ยวแห่งป",กฎหมายทั่วไป,พระราชบัญญัติ
kris_ก0059-1B-0001,พระราชบัญญัติการประกอบธุรกิจเงินทุน ธุรกิจหลักทรัพย์ และธุรกิจเครคิตฟองซิเอร์ พ.ศ. 2522 (ยกเลิก),"[9/5/2522] พระราชบัญญัติการประกอบธุรกิจเงินทุน ธุรกิจหลักทรัพย์ และธุรกิจเครคิตฟองซิเอร์ พ.ศ. 2522 (ยกเลิก)
พระราชกำหนดแก้ไขเพิ่มเติมพระราชบัญญัติการประกอบธุรกิจเงินทุน ธุรกิจหลักทรัพย์ และธุรกิจเครดิตฟองซิเอร์ พ.ศ. ๒๕๒๒ (ฉบับที่ ๕) พ.ศ. ๒๕๔๑ ภูมิพลอดุลยเดช ป.ร. ให้ไว้ ณ วันที่ ๘ พฤษภาคม พ.ศ. ๒๕๒๒ เป็นปีที่ ๓๔ ในรัชก",กฎหมายทั่วไป,พระราชบัญญัติ
kris_ก0060-1B-0003,พระราชบัญญัติการส่งออกไปนอกและการนำเข้ามาในราชอาณาจักรซึ่งสินค้า พ.ศ. 2522,"[9/5/2522] พระราชบัญญัติการส่งออกไปนอกและการนำเข้ามาในราชอาณาจักรซึ่งสินค้า พ.ศ. 2522
*พระราชกฤษฎีกาแก้ไขบทบัญญัติให้สอดคล้องกับการโอนอำนาจหน้าที่ของส่วนราชการให้เป็นไปตามพระราชบัญญัติปรับปรุงกระทรวง ทบวง กรม พ.ศ. ๒๕๔๕ พ.ศ. ๒๕๔๕ พระราชบัญญัติการส่งออกไปนอกและการนำเข้ามาในราชอาณาจักรซึ่งสินค้า (ฉ",กฎหมายทั่วไป,พระราชบัญญัติ
kris_ก0058-1B-0002,พระราชบัญญัติการประกอบอาชีพงานก่อสร้าง พ.ศ. 2522 (ยกเลิก),"[10/5/2522] พระราชบัญญัติการประกอบอาชีพงานก่อสร้าง พ.ศ. 2522 (ยกเลิก)
*พระราชกฤษฎีกาแก้ไขบทบัญญัติให้สอดคล้องกับการโอนอำนาจหน้าที่ของส่วนราชการให้เป็นไปตามพระราชบัญญัติปรับปรุงกระทรวง ทบวง กรม พ.ศ. ๒๕๔๕ พ.ศ. ๒๕๔๕ ภูมิพลอดุลยเดช ป.ร. ให้ไว้ ณ วันที่ ๓๐ เมษายน พ.ศ. ๒๕๒๒ เป็นปีที่ ๓",กฎหมายทั่วไป,พระราชบัญญัติ
kris_ก0064-1B-0001,พระราชบัญญัติการเช่าที่ดินเพื่อเกษตรกรรม พ.ศ. 2524,"[14/8/2524] พระราชบัญญัติการเช่าที่ดินเพื่อเกษตรกรรม พ.ศ. 2524
พระราชบัญญัติ การเช่าที่ดินเพื่อเกษตรกรรม พ.ศ. ๒๕๒๔ พระราชบัญญัติการเช่าที่ดินเพื่อเกษตรกรรม (ฉบับที่ ๒) พ.ศ. ๒๕๕๙ ภูมิพลอดุลยเดช ป.ร. ให้ไว้ ณ วันที่ ๙ สิงหาคม พ.ศ. ๒๕๒๔ เป็นปีที่ ๓๖ ในรัชกาลปัจจุบัน พระบาทสมเ",กฎหมายทั่วไป,พระราชบัญญัติ
kris_ก0065-1B-0001,พระราชบัญญัติการรื้อฟื้นคดีอาญาขึ้นพิจารณาใหม่ พ.ศ. 2526,"[7/4/2526] พระราชบัญญัติการรื้อฟื้นคดีอาญาขึ้นพิจารณาใหม่ พ.ศ. 2526
พระราชบัญญัติ การรื้อฟื้นคดีอาญาขึ้นพิจารณาใหม่ พ.ศ. ๒๕๒๖ ภูมิพลอดุลยเดช ป.ร. ให้ไว้ ณ วันที่ ๓ เมษายน พ.ศ. ๒๕๒๖ เป็นปีที่ ๓๘ ในรัชกาลปัจจุบัน พระบาทสมเด็จพระปรมินทรมหาภูมิพลอดุลยเดช มีพระบรมราชโองการโปรดเกล้าฯ",กฎหมายทั่วไป,พระราชบัญญัติ
kris_ก0066-1B-0001,พระราชบัญญัติการปฏิบัติเพื่อความร่วมมือระหว่างประเทศในการดําเนินการตามคําพิพากษาคดีอาญา พ.ศ. 2527,"[27/9/2527] พระราชบัญญัติการปฏิบัติเพื่อความร่วมมือระหว่างประเทศในการดําเนินการตามคําพิพากษาคดีอาญา พ.ศ. 2527
พระราชบัญญัติ การปฏิบัติเพื่อความร่วมมือระหว่างประเทศในการดำเนินการ ตามคำพิพากษาคดีอาญา พ.ศ. ๒๕๒๗ พระราชบัญญัติการปฏิบัติเพื่อความร่วมมือระหว่างประเทศในการดำเนินการตามคำพิพากษาคดีอาญา (ฉบับที่ ๒) พ.ศ. ๒๕๓๐ ภูมิ",กฎหมายทั่วไป,พระราชบัญญัติ
kris_ก0068-1C-0001,พระราชกำหนดการกู้ยืมเงินที่เป็นการฉ้อโกงประชาชน พ.ศ. 2527,"[12/11/2527] พระราชกำหนดการกู้ยืมเงินที่เป็นการฉ้อโกงประชาชน พ.ศ. 2527
พระราชกำหนด การกู้ยืมเงินที่เป็นการฉ้อโกงประชาชน พ.ศ. ๒๕๒๗ ภูมิพลอดุลยเดช ป.ร. ให้ไว้ ณ วันที่ ๑๑ พฤศจิกายน พ.ศ. ๒๕๒๗ เป็นปีที่ ๓๙ ในรัชกาลปัจจุบัน พระบาทสมเด็จพระปรมินทรมหาภูมิพลอดุลยเดช มีพระบรมราชโองการโปรดเ",กฎหมายทั่วไป,พระราชกำหนด
kris_ก0200-1B-0003,พระราชบัญญัติการกีฬาแห่งประเทศไทย พ.ศ. 2528 (ยกเลิก),"[17/10/2528] พระราชบัญญัติการกีฬาแห่งประเทศไทย พ.ศ. 2528 (ยกเลิก)
พระราชบัญญัติ การกีฬาแห่งประเทศไทย พ.ศ. ๒๕๒๘ (ยกเลิก) พระราชบัญญัติการกีฬาแห่งประเทศไทย (ฉบับที่ ๒) พ.ศ. ๒๕๓๔ ภูมิพลอดุลยเดช ป.ร. ให้ไว้ ณ วันที่ ๔ ตุลาคม พ.ศ. ๒๕๒๘ เป็นปีที่ ๔๐ ในรัชกาลปัจจุบัน พระบาทสมเด็จพระ",กฎหมายทั่วไป,พระราชบัญญัติ
kris_ก0080-1B-0001,พระราชบัญญัติกำหนดราคาปานกลางของที่ดินสำหรับการประเมินภาษีบำรุงท้องที่ พ.ศ. 2529 (ยกเลิก),"[2/12/2529] พระราชบัญญัติกำหนดราคาปานกลางของที่ดินสำหรับการประเมินภาษีบำรุงท้องที่ พ.ศ. 2529 (ยกเลิก)
พระราชบัญญัติ กำหนดราคาปานกลางของที่ดินสำหรับการประเมินภาษีบำรุงท้องที่ พ.ศ. ๒๕๒๙ (ยกเลิก) ภูมิพลอดุลยเดช ป.ร. ให้ไว้ ณ วันที่ ๒๒ พฤศจิกายน พ.ศ. ๒๕๒๙ เป็นปีที่ ๔๑ ในรัชกาลปัจจุบัน พระบาทสมเด็จพระปรมินทรมหาภูมิพ",กฎหมายทั่วไป,พระราชบัญญัติ
kris_ก0070-1B-0003,พระราชบัญญัติกองทุนสำรองเลี้ยงชีพ พ.ศ. 2530,"[7/12/2530] พระราชบัญญัติกองทุนสำรองเลี้ยงชีพ พ.ศ. 2530
พระราชบัญญัติว่าด้วยการปรับเป็นพินัย พ.ศ. ๒๕๖๕ พระราชบัญญัติกองทุนสำรองเลี้ยงชีพ (ฉบับที่ ๒) พ.ศ. ๒๕๔๒ พระราชบัญญัติกองทุนสำรองเลี้ยงชีพ (ฉบับที่ ๓) พ.ศ. ๒๕๕๐ พระราชบัญญัติกองทุนสำรองเลี้ยงชีพ (ฉบับที่ ๔) พ.ศ.",กฎหมายทั่วไป,พระราชบัญญัติ
kris_ก0046-1B-0001,พระราชบัญญัติการเกณฑ์ช่วยราชการทหาร พ.ศ. 2530,"[28/12/2530] พระราชบัญญัติการเกณฑ์ช่วยราชการทหาร พ.ศ. 2530
พระราชบัญญัติ การเกณฑ์ช่วยราชการทหาร พ.ศ. ๒๕๓๐ ภูมิพลอดุลยเดช ป.ร. ให้ไว้ ณ วันที่ ๒๕ ธันวาคม พ.ศ. ๒๕๓๐ เป็นปีที่ ๔๒ ในรัชกาลปัจจุบัน พระบาทสมเด็จพระปรมินทรมหาภูมิพลอดุลยเดช มีพระบรมราชโองการโปรดเกล้าฯ ให้ประกา",กฎหมายทั่วไป,พระราชบัญญัติ
kris_ก0069-1B-0001,พระราชบัญญัติการเลือกตั้งสมาชิกสภากรุงเทพมหานครและผู้ว่าราชการกรุงเทพมหานคร พ.ศ. ๒๕๓๑ (ยกเลิก),"[13/5/2531] พระราชบัญญัติการเลือกตั้งสมาชิกสภากรุงเทพมหานครและผู้ว่าราชการกรุงเทพมหานคร พ.ศ. ๒๕๓๑ (ยกเลิก)
พระราชบัญญัติ การเลือกตั้งสมาชิกสภากรุงเทพมหานคร และผู้ว่าราชการกรุงเทพมหานคร พ.ศ. ๒๕๓๑ (ยกเลิก) ภูมิพลอดุลยเดช ป.ร. ให้ไว้ ณ วันที่ ๕ พฤษภาคม พ.ศ. ๒๕๓๑ เป็นปีที่ ๔๓ ในรัชกาลปัจจุบัน พระบาทสมเด็จพระปรมินทรมหาภู",กฎหมายทั่วไป,พระราชบัญญัติ
kris_ก0071-1B-0001,พระราชบัญญัติการเล่นแชร์ พ.ศ. 2534,"[24/7/2534] พระราชบัญญัติการเล่นแชร์ พ.ศ. 2534
พระราชบัญญัติว่าด้วยการปรับเป็นพินัย พ.ศ. ๒๕๖๕ ภูมิพลอดุลยเดช ป.ร. ให้ไว้ ณ วันที่ ๑๓ กรกฎาคม พ.ศ. ๒๕๓๔ เป็นปีที่ ๔๖ ในรัชกาลปัจจุบัน พระบาทสมเด็จพระปรมินทรมหาภูมิพลอดุลยเดช มีพระบรมราชโองการโปรดเกล้าฯ ให้ประกา",กฎหมายทั่วไป,พระราชบัญญัติ
kris_ก0073-1B-0001,พระราชบัญญัติการกักเรือ พ.ศ. 2534,"[11/11/2534] พระราชบัญญัติการกักเรือ พ.ศ. 2534
พระราชบัญญัติ การกักเรือ พ.ศ. ๒๕๓๔ ภูมิพลอดุลยเดช ป.ร. ให้ไว้ ณ วันที่ ๒๘ ตุลาคม พ.ศ. ๒๕๓๔ เป็นปีที่ ๔๖ ในรัชกาลปัจจุบัน พระบาทสมเด็จพระปรมินทรมหาภูมิพลอดุลยเดช มีพระบรมราชโองการโปรดเกล้าฯ ให้ประกาศว่า โดยที่เป",กฎหมายทั่วไป,พระราชบัญญัติ
kris_ก0072-1B-0001,พระราชบัญญัติการรับขนของทางทะเล พ.ศ. 2534,"[22/11/2534] พระราชบัญญัติการรับขนของทางทะเล พ.ศ. 2534
พระราชบัญญัติ การรับขนของทางทะเล พ.ศ. ๒๕๓๔ ภูมิพลอดุลยเดช ป.ร. ให้ไว้ ณ วันที่ ๑๔ พฤศจิกายน พ.ศ. ๒๕๓๔ เป็นปีที่ ๔๖ ในรัชกาลปัจจุบัน พระบาทสมเด็จพระปรมินทรมหาภูมิพลอดุลยเดช มีพระบรมราชโองการโปรดเกล้าฯ ให้ประกาศว",กฎหมายทั่วไป,พระราชบัญญัติ
kris_ก0019-1B-0001,พระราชบัญญัติการทะเบียนราษฎร พ.ศ. 2534,"[22/11/2534] พระราชบัญญัติการทะเบียนราษฎร พ.ศ. 2534
พระราชบัญญัติแก้ไขเพิ่มเติมบทบัญญัติแห่งกฎหมายที่เกี่ยวกับความรับผิดในทางอาญาของผู้แทนนิติบุคคล พ.ศ. ๒๕๖๐ พระราชบัญญัติการทะเบียนราษฎร (ฉบับที่ ๒) พ.ศ. ๒๕๕๑ พระราชบัญญัติการทะเบียนราษฎร (ฉบับที่ ๓) พ.ศ. ๒๕๖๒ ภู",กฎหมายทั่วไป,พระราชบัญญัติ
kris_ก0074-1B-0001,พระราชบัญญัติการฟื้นฟูสมรรถภาพคนพิการ พ.ศ. 2534 (ยกเลิก),"[25/11/2534] พระราชบัญญัติการฟื้นฟูสมรรถภาพคนพิการ พ.ศ. 2534 (ยกเลิก)
*พระราชกฤษฎีกาแก้ไขบทบัญญัติให้สอดคล้องกับการโอนอำนาจหน้าที่ของส่วนราชการให้เป็นไปตามพระราชบัญญัติปรับปรุงกระทรวง ทบวง กรม พ.ศ. ๒๕๔๕ พ.ศ. ๒๕๔๕ ภูมิพลอดุลยเดช ป.ร. ให้ไว้ ณ วันที่ ๒๐ พฤศจิกายน พ.ศ. ๒๕๓๔ เป็นปีที",กฎหมายทั่วไป,พระราชบัญญัติ
kris_ก0075-1B-0001,พระราชบัญญัติการพัฒนาและส่งเสริมพลังงาน พ.ศ. 2535,"[12/2/2535] พระราชบัญญัติการพัฒนาและส่งเสริมพลังงาน พ.ศ. 2535
*พระราชกฤษฎีกาแก้ไขบทบัญญัติให้สอดคล้องกับการโอนอำนาจหน้าที่ของส่วนราชการให้เป็นไปตามพระราชบัญญัติปรับปรุงกระทรวง ทบวง กรม พ.ศ. ๒๕๔๕ พ.ศ. ๒๕๔๕ ภูมิพลอดุลยเดช ป.ร. ให้ไว้ ณ วันที่ ๓ กุมภาพันธ์ พ.ศ. ๒๕๓๕ เป็นปีที",กฎหมายทั่วไป,พระราชบัญญัติ
kris_ก0076-1B-0001,พระราชบัญญัติกองทุนสนับสนุนการวิจัย พ.ศ. 2535 (ยกเลิก),"[2/4/2535] พระราชบัญญัติกองทุนสนับสนุนการวิจัย พ.ศ. 2535 (ยกเลิก)
*พระราชกฤษฎีกาแก้ไขบทบัญญัติให้สอดคล้องกับการโอนอำนาจหน้าที่ของส่วนราชการให้เป็นไปตามพระราชบัญญัติปรับปรุงกระทรวง ทบวง กรม พ.ศ. ๒๕๔๕ พ.ศ. ๒๕๔๕ ภูมิพลอดุลยเดช ป.ร. ให้ไว้ ณ วันที่ ๒๙ มีนาคม พ.ศ. ๒๕๓๕ เป็นปีที่ ๔",กฎหมายทั่วไป,พระราชบัญญัติ
kris_ก0028-1B-0001,พระราชบัญญัติการส่งเสริมการอนุรักษ์พลังงาน พ.ศ. 2535,"[2/4/2535] พระราชบัญญัติการส่งเสริมการอนุรักษ์พลังงาน พ.ศ. 2535
พระราชบัญญัติว่าด้วยการปรับเป็นพินัย พ.ศ. ๒๕๖๕ พระราชบัญญัติการส่งเสริมการอนุรักษ์พลังงาน (ฉบับที่ ๒) พ.ศ. ๒๕๕๐ ภูมิพลอดุลยเดช ป.ร. ให้ไว้ ณ วันที่ ๒๓ มีนาคม พ.ศ. ๒๕๓๕ เป็นปีที่ ๔๗ ในรัชกาลปัจจุบัน พระบาทสมเด็จ",กฎหมายทั่วไป,พระราชบัญญัติ
kris_ก0036-1B-0002,พระราชบัญญัติการสาธารณสุข พ.ศ. 2535,"[5/4/2535] พระราชบัญญัติการสาธารณสุข พ.ศ. 2535
พระราชบัญญัติว่าด้วยการปรับเป็นพินัย พ.ศ. ๒๕๖๕ พระราชบัญญัติการสาธารณสุข (ฉบับที่ ๒) พ.ศ. ๒๕๕๐ พระราชบัญญัติการสาธารณสุข (ฉบับที่ ๓) พ.ศ. ๒๕๖๐ ภูมิพลอดุลยเดช ป.ร. ให้ไว้ ณ วันที่ ๒๙ มีนาคม พ.ศ. ๒๕๓๕ เป็นปีที่ ๔",กฎหมายทั่วไป,พระราชบัญญัติ
kris_ก0077-1B-0001,พระราชบัญญัติกองทุนเพื่อโครงการอาหารกลางวันในโรงเรียนประถมศึกษา พ.ศ. 2535,"[8/4/2535] พระราชบัญญัติกองทุนเพื่อโครงการอาหารกลางวันในโรงเรียนประถมศึกษา พ.ศ. 2535
พระราชบัญญัติ กองทุนเพื่อโครงการอาหารกลางวันในโรงเรียนประถมศึกษา พ.ศ. ๒๕๓๕ ภูมิพลอดุลยเดช ป.ร. ให้ไว้ ณ วันที่ ๓๑ มีนาคม พ.ศ. ๒๕๓๕ เป็นปีที่ ๔๗ ในรัชกาลปัจจุบัน พระบาทสมเด็จพระปรมินทรมหาภูมิพลอดุลยเดช มีพระบรมร",กฎหมายทั่วไป,พระราชบัญญัติ
kris_ก0078-1B-0001,พระราชบัญญัติการจำนองเรือและบุริมสิทธิทางทะเล พ.ศ. 2537,"[4/2/2537] พระราชบัญญัติการจำนองเรือและบุริมสิทธิทางทะเล พ.ศ. 2537
*พระราชกฤษฎีกาแก้ไขบทบัญญัติให้สอดคล้องกับการโอนอำนาจหน้าที่ของส่วนราชการให้เป็นไปตามพระราชบัญญัติปรับปรุงกระทรวง ทบวง กรม พ.ศ. ๒๕๔๕ พ.ศ. ๒๕๔๕ พระราชบัญญัติการจำนองเรือและบุริมสิทธิทางทะเล (ฉบับที่ ๒) พ.ศ. ๒๕๕๘",กฎหมายทั่วไป,พระราชบัญญัติ
kris_ก0079-1B-0001,พระราชบัญญัติการเคหะแห่งชาติ พ.ศ. 2537,"[19/9/2537] พระราชบัญญัติการเคหะแห่งชาติ พ.ศ. 2537
*พระราชกฤษฎีกาแก้ไขบทบัญญัติให้สอดคล้องกับการโอนอำนาจหน้าที่ของส่วนราชการให้เป็นไปตามพระราชบัญญัติปรับปรุงกระทรวง ทบวง กรม พ.ศ. ๒๕๔๕ พ.ศ. ๒๕๔๕ พระราชบัญญัติการเคหะแห่งชาติ (ฉบับที่ ๒) พ.ศ. ๒๕๕๐ ภูมิพลอดุลยเดช ป",กฎหมายทั่วไป,พระราชบัญญัติ
kris_ก0086-1B-0001,พระราชบัญญัติกองทุนบำเหน็จบำนาญข้าราชการ พ.ศ. 2539,"[27/9/2539] พระราชบัญญัติกองทุนบำเหน็จบำนาญข้าราชการ พ.ศ. 2539
พระราชบัญญัติ กองทุนบำเหน็จบำนาญข้าราชการ พ.ศ. ๒๕๓๙ พระราชบัญญัติกองทุนบำเหน็จบำนาญข้าราชการ (ฉบับที่ ๒) พ.ศ. ๒๕๔๒ พระราชบัญญัติกองทุนบำเหน็จบำนาญข้าราชการ (ฉบับที่ ๓) พ.ศ. ๒๕๔๖ พระราชบัญญัติกองทุนบำเหน็จบำนาญข",กฎหมายทั่วไป,พระราชบัญญัติ
kris_ก0085-1B-0001,พระราชบัญญัติการแสดงทรัพย์สินและหนี้สินของสมาชิกวุฒิสภาและสมาชิกสภาผู้แทนราษฎร พ.ศ. 2539 (ยกเลิก),"[31/10/2539] พระราชบัญญัติการแสดงทรัพย์สินและหนี้สินของสมาชิกวุฒิสภาและสมาชิกสภาผู้แทนราษฎร พ.ศ. 2539 (ยกเลิก)
พระราชบัญญัติ การแสดงทรัพย์สินและหนี้สินของสมาชิกวุฒิสภาและสมาชิกสภาผู้แทนราษฎร พ.ศ. ๒๕๓๙ (ยกเลิก) ภูมิพลอดุลยเดช ป.ร. ให้ไว้ ณ วันที่ ๑๔ ตุลาคม พ.ศ. ๒๕๓๙ เป็นปีที่ ๕๑ ในรัชกาลปัจจุบัน พระบาทสมเด็จพระปรมินทรมหา",กฎหมายทั่วไป,พระราชบัญญัติ
kris_ก0087-1C-0001,พระราชกำหนดการปฏิรูประบบสถาบันการเงิน พ.ศ. 2540,"[24/10/2540] พระราชกำหนดการปฏิรูประบบสถาบันการเงิน พ.ศ. 2540
ประกาศสำนักนายกรัฐมนตรี เรื่อง การอนุมัติพระราชกำหนดการปฏิรูประบบสถาบันการเงิน (ฉบับที่ ๒) พ.ศ. ๒๕๔๑   พระราชกำหนดการปฏิรูประบบสถาบันการเงิน (ฉบับที่ ๒) พ.ศ. ๒๕๔๑ ภูมิพลอดุลยเดช ป.ร. ให้ไว้ ณ วันที่ ๒๒ ตุลาคม พ",กฎหมายทั่วไป,พระราชกำหนด
kris_ก0088-1B-0001,พระราชบัญญัติการบริหารองค์กรศาสนาอิสลาม พ.ศ. 2540,"[9/11/2540] พระราชบัญญัติการบริหารองค์กรศาสนาอิสลาม พ.ศ. 2540
*พระราชกฤษฎีกาแก้ไขบทบัญญัติให้สอดคล้องกับการโอนอำนาจหน้าที่ของส่วนราชการให้เป็นไปตามพระราชบัญญัติปรับปรุงกระทรวง ทบวง กรม พ.ศ. ๒๕๔๕ พ.ศ. ๒๕๔๕ ภูมิพลอดุลยเดช ป.ร. ให้ไว้ ณ วันที่ ๑๗ ตุลาคม พ.ศ. ๒๕๔๐ เป็นปีที่ ๕",กฎหมายทั่วไป,พระราชบัญญัติ
kris_ยล022-1B-0001,พระราชบัญญัติกองทุนเงินให้กู้ยืมเพื่อการศึกษา พ.ศ.2541 (ยกเลิก),"[24/3/2541] พระราชบัญญัติกองทุนเงินให้กู้ยืมเพื่อการศึกษา พ.ศ.2541 (ยกเลิก)
พระราชบัญญัติ กองทุนเงินให้กู้ยืมเพื่อการศึกษา พ.ศ. ๒๕๔๑ (ยกเลิก) ภูมิพลอดุลยเดช ป.ร. ให้ไว้ ณ วันที่ ๑๕ มีนาคม พ.ศ. ๒๕๔๑ เป็นปีที่ ๕๓ ในรัชกาลปัจจุบัน พระบาทสมเด็จพระปรมินทรมหาภูมิพลอดุลยเดช มีพระบรมราชโองการโ",กฎหมายทั่วไป,พระราชบัญญัติ
kris_ก0092-1B-0001,พระราชบัญญัติการจัดการศึกษาระดับปริญญาตรีในสถาบันบัณฑิตพัฒนศิลป์ พ.ศ. 2541 (ยกเลิก),"[2/11/2541] พระราชบัญญัติการจัดการศึกษาระดับปริญญาตรีในสถาบันบัณฑิตพัฒนศิลป์ พ.ศ. 2541 (ยกเลิก)
พระราชกฤษฎีกาแก้ไขบทบัญญัติให้สอดคล้องกับการโอนอำนาจหน้าที่ของส่วนราชการให้เป็นไปตามพระราชบัญญัติปรับปรุงกระทรวง ทบวง กรม พ.ศ. ๒๕๔๕ พ.ศ. ๒๕๔๕ ภูมิพลอดุลยเดช ป.ร. ให้ไว้ ณ วันที่ ๒๑ ตุลาคม พ.ศ. ๒๕๔๑ เป็นปีที่ ๕๓",กฎหมายทั่วไป,พระราชบัญญัติ
kris_ก0091-1B-0001,พระราชบัญญัติการจัดการศึกษาระดับปริญญาตรีในสถาบันเทคโนโลยีปทุมวัน พ.ศ. 2541 (ยกเลิก),"[2/11/2541] พระราชบัญญัติการจัดการศึกษาระดับปริญญาตรีในสถาบันเทคโนโลยีปทุมวัน พ.ศ. 2541 (ยกเลิก)
พระราชบัญญัติ การจัดการศึกษาระดับปริญญาตรี ในสถาบันเทคโนโลยีปทุมวัน พ.ศ. ๒๕๔๑ (ยกเลิก) ภูมิพลอดุลยเดช ป.ร. ให้ไว้ ณ วันที่ ๒๑ ตุลาคม พ.ศ. ๒๕๔๑ เป็นปีที่ ๕๓ ในรัชกาลปัจจุบัน พระบาทสมเด็จพระปรมินทรมหาภูมิพลอดุลยเ",กฎหมายทั่วไป,พระราชบัญญัติ
kris_ยล023-1B-0001,พระราชบัญญัติการแข่งขันทางการค้า พ.ศ. 2542 (ยกเลิก),"[31/3/2542] พระราชบัญญัติการแข่งขันทางการค้า พ.ศ. 2542 (ยกเลิก)
พระราชบัญญัติ การแข่งขันทางการค้า พ.ศ. ๒๕๔๒ (ยกเลิก) ภูมิพลอดุลยเดช ป.ร. ให้ไว้ ณ วันที่ ๒๒ มีนาคม พ.ศ. ๒๕๔๒ เป็นปีที่ ๕๔ ในรัชกาลปัจจุบัน พระบาทสมเด็จพระปรมินทรมหาภูมิพลอดุลยเดช มีพระบรมราชโองการโปรดเกล้าฯ ให้",กฎหมายทั่วไป,พระราชบัญญัติ
kris_ก0094-1B-0001,พระราชบัญญัติการตอบโต้การทุ่มตลาดและการอุดหนุนซึ่งสินค้าจากต่างประเทศ พ.ศ. 2542,"[31/3/2542] พระราชบัญญัติการตอบโต้การทุ่มตลาดและการอุดหนุนซึ่งสินค้าจากต่างประเทศ พ.ศ. 2542
*พระราชกฤษฎีกาแก้ไขบทบัญญัติให้สอดคล้องกับการโอนอำนาจหน้าที่ของส่วนราชการให้เป็นไปตามพระราชบัญญัติปรับปรุงกระทรวง ทบวง กรม พ.ศ. ๒๕๔๕ พ.ศ. ๒๕๔๕ พระราชบัญญัติการตอบโต้การทุ่มตลาดและการอุดหนุนซึ่งสินค้าจากต่างประเ",กฎหมายทั่วไป,พระราชบัญญัติ
kris_ก0095-1B-0001,พระราชบัญญัติการเช่าอสังหาริมทรัพย์เพื่อพาณิชยกรรมและอุตสาหกรรม พ.ศ. 2542,"[18/5/2542] พระราชบัญญัติการเช่าอสังหาริมทรัพย์เพื่อพาณิชยกรรมและอุตสาหกรรม พ.ศ. 2542
พระราชบัญญัติ การเช่าอสังหาริมทรัพย์เพื่อพาณิชยกรรมและอุตสาหกรรม พ.ศ. ๒๕๔๒ ภูมิพลอดุลยเดช ป.ร. ให้ไว้ ณ วันที่ ๗ พฤษภาคม พ.ศ. ๒๕๔๒ เป็นปีที่ ๕๔ ในรัชกาลปัจจุบัน พระบาทสมเด็จพระปรมินทรมหาภูมิพลอดุลยเดช มีพระบรมร",กฎหมายทั่วไป,พระราชบัญญัติ
kris_ก0097-1B-0001,พระราชบัญญัติการประกอบโรคศิลปะ พ.ศ. 2542,"[18/5/2542] พระราชบัญญัติการประกอบโรคศิลปะ พ.ศ. 2542
พระราชบัญญัติว่าด้วยการปรับเป็นพินัย พ.ศ. ๒๕๖๕ พระราชบัญญัติการประกอบโรคศิลปะ (ฉบับที่ ๒) พ.ศ. ๒๕๔๗ พระราชบัญญัติการประกอบโรคศิลปะ (ฉบับที่ ๓) พ.ศ. ๒๕๕๐ พระราชบัญญัติการประกอบโรคศิลปะ (ฉบับที่ ๔) พ.ศ. ๒๕๕๖ ภูมิ",กฎหมายทั่วไป,พระราชบัญญัติ
kris_ก0096-1B-0001,พระราชบัญญัติกองทุนฟื้นฟูและพัฒนาเกษตรกร พ.ศ. 2542,"[18/5/2542] พระราชบัญญัติกองทุนฟื้นฟูและพัฒนาเกษตรกร พ.ศ. 2542
พระราชบัญญัติ กองทุนฟื้นฟูและพัฒนาเกษตรกร พ.ศ. ๒๕๔๒ พระราชบัญญัติกองทุนฟื้นฟูและพัฒนาเกษตรกร (ฉบับที่ ๒) พ.ศ. ๒๕๔๔ พระราชบัญญัติกองทุนฟื้นฟูและพัฒนาเกษตรกร (ฉบับที่ ๓) พ.ศ. ๒๕๖๓ ภูมิพลอดุลยเดช ป.ร. ให้ไว้ ณ วัน",กฎหมายทั่วไป,พระราชบัญญัติ
kris_ก0098-1B-0001,พระราชบัญญัติการศึกษาแห่งชาติ พ.ศ. 2542,"[19/8/2542] พระราชบัญญัติการศึกษาแห่งชาติ พ.ศ. 2542
คำสั่งหัวหน้าคณะรักษาความสงบแห่งชาติ ที่ ๑๐/๒๕๕๙ เรื่อง การขับเคลื่อนการปฏิรูปการศึกษาของกระทรวงศึกษาธิการในภูมิภาค พระราชบัญญัติการศึกษาแห่งชาติ (ฉบับที่ ๒) พ.ศ. ๒๕๔๕ พระราชบัญญัติการศึกษาแห่งชาติ (ฉบับที่ ๓)",กฎหมายทั่วไป,พระราชบัญญัติ
kris_ก0099-1B-0001,พระราชบัญญัติการซื้อขายสินค้าเกษตรล่วงหน้า พ.ศ. 2542 (ยกเลิก),"[15/10/2542] พระราชบัญญัติการซื้อขายสินค้าเกษตรล่วงหน้า พ.ศ. 2542 (ยกเลิก)
พระราชบัญญัติการซื้อขายสินค้าเกษตรล่วงหน้า (ฉบับที่ ๒) พ.ศ. ๒๕๕๐ ภูมิพลอดุลยเดช ป.ร. ให้ไว้ ณ วันที่ ๙ ตุลาคม พ.ศ. ๒๕๔๒ เป็นปีที่ ๕๔ ในรัชกาลปัจจุบัน พระบาทสมเด็จพระปรมินทรมหาภูมิพลอดุลยเดช มีพระบรมราชโองการโปร",กฎหมายทั่วไป,พระราชบัญญัติ
kris_ก0100-1B-0001,พระราชบัญญัติกำหนดแผนและขั้นตอนการกระจายอำนาจให้แก่องค์กรปกครองส่วนท้องถิ่น พ.ศ. 2542,"[17/11/2542] พระราชบัญญัติกำหนดแผนและขั้นตอนการกระจายอำนาจให้แก่องค์กรปกครองส่วนท้องถิ่น พ.ศ. 2542
*พระราชกฤษฎีกาแก้ไขบทบัญญัติให้สอดคล้องกับการโอนอำนาจหน้าที่ของส่วนราชการให้เป็นไปตามพระราชบัญญัติปรับปรุงกระทรวง ทบวง กรม พ.ศ. ๒๕๔๕ พ.ศ. ๒๕๔๕ พระราชบัญญัติกำหนดแผนและขั้นตอนการกระจายอำนาจให้แก่องค์กรปกครองส่วน",กฎหมายทั่วไป,พระราชบัญญัติ
kris_ก0102-1B-0001,พระราชบัญญัติการประกอบธุรกิจของคนต่างด้าว พ.ศ. 2542,"[4/12/2542] พระราชบัญญัติการประกอบธุรกิจของคนต่างด้าว พ.ศ. 2542
พระราชกฤษฎีกาแก้ไขประเภทธุรกิจตามบัญชีท้ายพระราชบัญญัติการประกอบธุรกิจของคนต่างด้าว พ.ศ. ๒๕๔๒ พ.ศ. ๒๕๕๖ ภูมิพลอดุลยเดช ป.ร. ให้ไว้ ณ วันที่ ๒๔ พฤศจิกายน พ.ศ. ๒๕๔๒ เป็นปีที่ ๕๔ ในรัชกาลปัจจุบัน พระบาทสมเด็จพระปร",กฎหมายทั่วไป,พระราชบัญญัติ
kris_ก0103-1B-0001,พระราชบัญญัติการขุดดินและถมดิน พ.ศ. 2543,"[7/3/2543] พระราชบัญญัติการขุดดินและถมดิน พ.ศ. 2543
พระราชบัญญัติว่าด้วยการปรับเป็นพินัย พ.ศ. ๒๕๖๕ ภูมิพลอดุลยเดช ป.ร. ให้ไว้ ณ วันที่ ๒๕ กุมภาพันธ์ พ.ศ. ๒๕๔๓ เป็นปีที่ ๕๕ ในรัชกาลปัจจุบัน พระบาทสมเด็จพระปรมินทรมหาภูมิพลอดุลยเดช มีพระบรมราชโองการโปรดเกล้าฯ ให้ปร",กฎหมายทั่วไป,พระราชบัญญัติ
kris_ก0105-1B-0002,พระราชบัญญัติการจัดสรรที่ดิน พ.ศ. 2543,"[23/5/2543] พระราชบัญญัติการจัดสรรที่ดิน พ.ศ. 2543
พระราชบัญญัติแก้ไขเพิ่มเติมบทบัญญัติแห่งกฎหมายที่เกี่ยวกับความรับผิดในทางอาญาของผู้แทนนิติบุคคล พ.ศ. ๒๕๖๐ พระราชบัญญัติการจัดสรรที่ดิน (ฉบับที่ ๒) พ.ศ. ๒๕๕๘ พระราชบัญญัติการจัดสรรที่ดิน (ฉบับที่ ๓) พ.ศ. ๒๕๖๘ ภู",กฎหมายทั่วไป,พระราชบัญญัติ
kris_ก0106-1B-0001,พระราชบัญญัติการจัดการหุ้นส่วนและหุ้นของรัฐมนตรี พ.ศ. 2543,"[12/7/2543] พระราชบัญญัติการจัดการหุ้นส่วนและหุ้นของรัฐมนตรี พ.ศ. 2543
พระราชบัญญัติแก้ไขเพิ่มเติมบทบัญญัติแห่งกฎหมายที่เกี่ยวกับความรับผิดในทางอาญาของผู้แทนนิติบุคคล พ.ศ. ๒๕๖๐ ภูมิพลอดุลยเดช ป.ร. ให้ไว้ ณ วันที่ ๑ กรกฎาคม พ.ศ. ๒๕๔๓ เป็นปีที่ ๕๕ ในรัชกาลปัจจุบัน พระบาทสมเด็จพระปรม",กฎหมายทั่วไป,พระราชบัญญัติ
kris_ก0108-1B-0001,พระราชบัญญัติการค้าน้ำมันเชื้อเพลิง พ.ศ. 2543,"[29/11/2543] พระราชบัญญัติการค้าน้ำมันเชื้อเพลิง พ.ศ. 2543
พระราชบัญญัติแก้ไขเพิ่มเติมบทบัญญัติแห่งกฎหมายที่เกี่ยวกับความรับผิดในทางอาญาของผู้แทนนิติบุคคล พ.ศ. ๒๕๖๐ พระราชบัญญัติการค้าน้ำมันเชื้อเพลิง (ฉบับที่ ๒) พ.ศ. ๒๕๕๐ ภูมิพลอดุลยเดช ป.ร. ให้ไว้ ณ วันที่ ๑๕ พฤศจิกา",กฎหมายทั่วไป,พระราชบัญญัติ
kris_ก0107-1B-0001,พระราชบัญญัติการรถไฟฟ้าขนส่งมวลชนแห่งประเทศไทย พ.ศ. 2543,"[1/12/2543] พระราชบัญญัติการรถไฟฟ้าขนส่งมวลชนแห่งประเทศไทย พ.ศ. 2543
พระราชบัญญัติว่าด้วยการปรับเป็นพินัย พ.ศ. ๒๕๖๕ พระราชบัญญัติการรถไฟฟ้าขนส่งมวลชนแห่งประเทศไทย (ฉบับที่ ๒) พ.ศ. ๒๕๖๘ ภูมิพลอดุลยเดช ป.ร. ให้ไว้ ณ วันที่ ๒๔ พฤศจิกายน พ.ศ. ๒๕๔๓ เป็นปีที่ ๕๕ ในรัชกาลปัจจุบัน พระบา",กฎหมายทั่วไป,พระราชบัญญัติ
kris_ก0109-1B-0001,พระราชบัญญัติกองทุนสนับสนุนการสร้างเสริมสุขภาพ พ.ศ. 2544,"[7/11/2544] พระราชบัญญัติกองทุนสนับสนุนการสร้างเสริมสุขภาพ พ.ศ. 2544
พระราชบัญญัติแก้ไขเพิ่มเติมบทบัญญัติแห่งกฎหมายที่เกี่ยวกับความรับผิดในทางอาญาของผู้แทนนิติบุคคล พ.ศ. ๒๕๖๐ ภูมิพลอดุลยเดช ป.ร. ให้ไว้ ณ วันที่ ๒๗ ตุลาคม พ.ศ. ๒๕๔๔ เป็นปีที่ ๕๖ ในรัชกาลปัจจุบัน พระบาทสมเด็จพระปรม",กฎหมายทั่วไป,พระราชบัญญัติ
kris_ก0110-1B-0001,พระราชบัญญัติการประกอบกิจการโทรคมนาคม พ.ศ. 2544,"[16/11/2544] พระราชบัญญัติการประกอบกิจการโทรคมนาคม พ.ศ. 2544
คำสั่งหัวหน้าคณะรักษาความสงบแห่งชาติที่ ๘/๒๕๖๒ เรื่อง มาตรการแก้ไขปัญหาความต่อเนื่องของกรรมการกิจการกระจายเสียง กิจการโทรทัศน์ และกิจการโทรคมนาคมแห่งชาติ รวมทั้งการขยายบริการโทรคมนาคมเพื่อประโยชน์ด้านความมั่นคง",กฎหมายทั่วไป,พระราชบัญญัติ
kris_ก0015-1B-0002,พระราชบัญญัติการฌาปนกิจสงเคราะห์ พ.ศ. 2545,"[3/5/2545] พระราชบัญญัติการฌาปนกิจสงเคราะห์ พ.ศ. 2545
พระราชบัญญัติว่าด้วยการปรับเป็นพินัย พ.ศ. ๒๕๖๕ ภูมิพลอดุลยเดช ป.ร. ให้ไว้ ณ วันที่ ๒๓ เมษายน พ.ศ. ๒๕๔๕ เป็นปีที่ ๕๗ ในรัชกาลปัจจุบัน พระบาทสมเด็จพระปรมินทรมหาภูมิพลอดุลยเดช มีพระบรมราชโองการโปรดเกล้าฯ ให้ประกาศ",กฎหมายทั่วไป,พระราชบัญญัติ
kris_ก0199-1B-0001,พระราชบัญญัติการเลือกตั้งสมาชิกสภาท้องถิ่นหรือผู้บริหารท้องถิ่น พ.ศ. 2545 (ยกเลิก),"[17/10/2545] พระราชบัญญัติการเลือกตั้งสมาชิกสภาท้องถิ่นหรือผู้บริหารท้องถิ่น พ.ศ. 2545 (ยกเลิก)
ประกาศคณะปฏิรูปการปกครองในระบอบประชาธิปไตยอันมีพระมหากษัตริย์ทรงเป็นประมุข ฉบับที่ ๓๒ เรื่อง อำนาจหน้าที่เกี่ยวกับการเลือกตั้งสมาชิกสภาท้องถิ่นหรือผู้บริหารท้องถิ่นของคณะกรรมการการเลือกตั้ง พระราชบัญญัติการเลือ",กฎหมายทั่วไป,พระราชบัญญัติ
kris_ก0112-1B-0001,พระราชบัญญัติการประกอบธุรกิจข้อมูลเครดิต พ.ศ. 2545,"[13/11/2545] พระราชบัญญัติการประกอบธุรกิจข้อมูลเครดิต พ.ศ. 2545
พระราชบัญญัติ การประกอบธุรกิจข้อมูลเครดิต พ.ศ. ๒๕๔๕ พระราชบัญญัติการประกอบธุรกิจข้อมูลเครดิต (ฉบับที่ ๒) พ.ศ. ๒๕๔๙ พระราชบัญญัติการประกอบธุรกิจข้อมูลเครดิต (ฉบับที่ ๓) พ.ศ. ๒๕๕๑  พระราชบัญญัติการประกอบธุรกิจข้อ",กฎหมายทั่วไป,พระราชบัญญัติ
kris_ก0113-1B-0001,พระราชบัญญัติการศึกษาภาคบังคับ พ.ศ. 2545,"[31/12/2545] พระราชบัญญัติการศึกษาภาคบังคับ พ.ศ. 2545
พระราชบัญญัติว่าด้วยการปรับเป็นพินัย พ.ศ. ๒๕๖๕ ภูมิพลอดุลยเดช ป.ร. ให้ไว้ ณ วันที่ ๓๑ ธันวาคม พ.ศ. ๒๕๔๕ เป็นปีที่ ๕๗ ในรัชกาลปัจจุบัน พระบาทสมเด็จพระปรมินทรมหาภูมิพลอดุลยเดช มีพระบรมราชโองการโปรดเกล้าฯ ให้ประกา",กฎหมายทั่วไป,พระราชบัญญัติ
kris_ก0114-1B-0002,พระราชบัญญัติการสอบสวนคดีพิเศษ พ.ศ. 2547,"[19/1/2547] พระราชบัญญัติการสอบสวนคดีพิเศษ พ.ศ. 2547
พระราชบัญญัติ การสอบสวนคดีพิเศษ พ.ศ. ๒๕๔๗ พระราชบัญญัติการสอบสวนคดีพิเศษ (ฉบับที่ ๒) พ.ศ. ๒๕๕๑ ภูมิพลอดุลยเดช ป.ร. ให้ไว้ ณ วันที่ ๑๓ มกราคม พ.ศ. ๒๕๔๗ เป็นปีที่ ๕๙ ในรัชกาลปัจจุบัน พระบาทสมเด็จพระปรมินทรมหาภูมิ",กฎหมายทั่วไป,พระราชบัญญัติ
kris_ก0115-1B-0001,พระราชบัญญัติการเฉลี่ยความเสียหายทั่วไปจากภยันตรายในการเดินเรือ พ.ศ. 2547,"[22/10/2547] พระราชบัญญัติการเฉลี่ยความเสียหายทั่วไปจากภยันตรายในการเดินเรือ พ.ศ. 2547
พระราชบัญญัติ การเฉลี่ยความเสียหายทั่วไปจากภยันตรายในการเดินเรือ พ.ศ. ๒๕๔๗ ภูมิพลอดุลยเดช ป.ร. ให้ไว้ ณ วันที่ ๑๒ ตุลาคม พ.ศ. ๒๕๔๗ เป็นปีที่ ๕๙ ในรัชกาลปัจจุบัน พระบาทสมเด็จพระปรมินทรมหาภูมิพลอดุลยเดช มีพระบรมร",กฎหมายทั่วไป,พระราชบัญญัติ
kris_ก0116-1B-0001,พระราชบัญญัติกองทุนหมู่บ้านและชุมชนเมืองแห่งชาติ พ.ศ. 2547,"[30/12/2547] พระราชบัญญัติกองทุนหมู่บ้านและชุมชนเมืองแห่งชาติ พ.ศ. 2547
พระราชบัญญัติ กองทุนหมู่บ้านและชุมชนเมืองแห่งชาติ พ.ศ. ๒๕๔๗ ภูมิพลอดุลยเดช ป.ร. ให้ไว้ ณ วันที่ ๑๖ ธันวาคม พ.ศ. ๒๕๔๗ เป็นปีที่ ๕๙ ในรัชกาลปัจจุบัน พระบาทสมเด็จพระปรมินทรมหาภูมิพลอดุลยเดช มีพระบรมราชโองการโปรดเก",กฎหมายทั่วไป,พระราชบัญญัติ
kris_ก0117-1B-0001,พระราชบัญญัติการบริหารหนี้สาธารณะ พ.ศ. 2548,"[2/2/2548] พระราชบัญญัติการบริหารหนี้สาธารณะ พ.ศ. 2548
พระราชบัญญัติ การบริหารหนี้สาธารณะ พ.ศ. ๒๕๔๘ พระราชบัญญัติการบริหารหนี้สาธารณะ (ฉบับที่ ๒) พ.ศ. ๒๕๕๑ พระราชบัญญัติการบริหารหนี้สาธารณะ (ฉบับที่ ๓) พ.ศ. ๒๕๖๐ พระราชบัญญัติการบริหารหนี้สาธารณะ (ฉบับที่ ๔) พ.ศ. ๒๕",กฎหมายทั่วไป,พระราชบัญญัติ
kris_ก0118-1B-0001,พระราชบัญญัติการผลิตผลิตภัณฑ์ซีดี พ.ศ. 2548 (ยกเลิก),"[31/5/2548] พระราชบัญญัติการผลิตผลิตภัณฑ์ซีดี พ.ศ. 2548 (ยกเลิก)
พระราชบัญญัติแก้ไขเพิ่มเติมบทบัญญัติแห่งกฎหมายที่เกี่ยวกับความรับผิดในทางอาญาของผู้แทนนิติบุคคล พ.ศ. ๒๕๖๐ ภูมิพลอดุลยเดช ป.ร. ให้ไว้ ณ วันที่ ๒๒ พฤษภาคม พ.ศ. ๒๕๔๘ เป็นปีที่ ๖๐ ในรัชกาลปัจจุบัน พระบาทสมเด็จพระปร",กฎหมายทั่วไป,พระราชบัญญัติ
kris_ก0119-1C-0001,พระราชกำหนดการบริหารราชการในสถานการณ์ฉุกเฉิน พ.ศ. 2548,"[16/7/2548] พระราชกำหนดการบริหารราชการในสถานการณ์ฉุกเฉิน พ.ศ. 2548
พระราชกำหนด การบริหารราชการในสถานการณ์ฉุกเฉิน พ.ศ. ๒๕๔๘ ภูมิพลอดุลยเดช ป.ร. ให้ไว้ ณ วันที่ ๑๖ กรกฎาคม พ.ศ. ๒๕๔๘ เป็นปีที่ ๖๐ ในรัชกาลปัจจุบัน พระบาทสมเด็จพระปรมินทรมหาภูมิพลอดุลยเดช มีพระบรมราชโองการโปรดเกล้าฯ",กฎหมายทั่วไป,พระราชกำหนด
kris_ก0120-1B-0001,พระราชบัญญัติการขนส่งต่อเนื่องหลายรูปแบบ พ.ศ. 2548,"[27/7/2548] พระราชบัญญัติการขนส่งต่อเนื่องหลายรูปแบบ พ.ศ. 2548
พระราชบัญญัติว่าด้วยการปรับเป็นพินัย พ.ศ. ๒๕๖๕   ภูมิพลอดุลยเดช ป.ร. ให้ไว้ ณ วันที่ ๑๑ กรกฎาคม พ.ศ. ๒๕๔๘ เป็นปีที่ ๖๐ ในรัชกาลปัจจุบัน พระบาทสมเด็จพระปรมินทรมหาภูมิพลอดุลยเดช มีพระบรมราชโองการโปรดเกล้าฯ ให้ประ",กฎหมายทั่วไป,พระราชบัญญัติ
kris_ก0121-1B-0001,พระราชบัญญัติการช่วยเหลือกู้ภัยทางทะเล พ.ศ. 2550,"[1/8/2550] พระราชบัญญัติการช่วยเหลือกู้ภัยทางทะเล พ.ศ. 2550
พระราชบัญญัติ การช่วยเหลือกู้ภัยทางทะเล พ.ศ. ๒๕๕๐ ภูมิพลอดุลยเดช ป.ร. ให้ไว้ ณ วันที่ ๑๕ กรกฎาคม พ.ศ. ๒๕๕๐ เป็นปีที่ ๖๒ ในรัชกาลปัจจุบัน พระบาทสมเด็จพระปรมินทรมหาภูมิพลอดุลยเดช มีพระบรมราชโองการโปรดเกล้าฯ ให้ปร",กฎหมายทั่วไป,พระราชบัญญัติ
kris_ก0122-1B-0001,พระราชบัญญัติการบริหารส่วนงานภายในของสถาบันอุดมศึกษา พ.ศ. 2550,"[27/9/2550] พระราชบัญญัติการบริหารส่วนงานภายในของสถาบันอุดมศึกษา พ.ศ. 2550
พระราชบัญญัติ การบริหารส่วนงานภายในของสถาบันอุดมศึกษา พ.ศ. ๒๕๕๐ พระราชบัญญัติการบริหารส่วนงานภายในของสถาบันอุดมศึกษา (ฉบับที่ ๒) พ.ศ. ๒๕๖๒ ภูมิพลอดุลยเดช ป.ร. ให้ไว้ ณ วันที่ ๑๓ กันยายน พ.ศ. ๒๕๕๐ เป็นปีที่ ๖๒ ใ",กฎหมายทั่วไป,พระราชบัญญัติ
kris_ก0123-1B-0001,พระราชบัญญัติการประกอบกิจการพลังงาน พ.ศ. 2550,"[10/12/2550] พระราชบัญญัติการประกอบกิจการพลังงาน พ.ศ. 2550
พระราชบัญญัติแก้ไขเพิ่มเติมบทบัญญัติแห่งกฎหมายที่เกี่ยวกับความรับผิดในทางอาญาของผู้แทนนิติบุคคล พ.ศ. ๒๕๖๐ ภูมิพลอดุลยเดช ป.ร. ให้ไว้ ณ วันที่ ๙ ธันวาคม พ.ศ. ๒๕๕๐ เป็นปีที่ ๖๒ ในรัชกาลปัจจุบัน พระบาทสมเด็จพระปรม",กฎหมายทั่วไป,พระราชบัญญัติ
kris_ก0124-1B-0001,พระราชบัญญัติการทางพิเศษแห่งประเทศไทย พ.ศ. 2550,"[8/1/2551] พระราชบัญญัติการทางพิเศษแห่งประเทศไทย พ.ศ. 2550
พระราชบัญญัติว่าด้วยการปรับเป็นพินัย พ.ศ. ๒๕๖๕ ภูมิพลอดุลยเดช ป.ร. ให้ไว้ ณ วันที่ ๓๑ ธันวาคม พ.ศ. ๒๕๕๐ เป็นปีที่ ๖๒ ในรัชกาลปัจจุบัน พระบาทสมเด็จพระปรมินทรมหาภูมิพลอดุลยเดช มีพระบรมราชโองการโปรดเกล้าฯ ให้ประกา",กฎหมายทั่วไป,พระราชบัญญัติ
kris_ก0125-1B-0001,พระราชบัญญัติการจัดการศึกษาสำหรับคนพิการ พ.ศ. 2551,"[5/2/2551] พระราชบัญญัติการจัดการศึกษาสำหรับคนพิการ พ.ศ. 2551
พระราชบัญญัติปรับปรุงกระทรวง ทบวง กรม (ฉบับที่ ๑๙) พ.ศ. ๒๕๖๒ พระราชบัญญัติการจัดการศึกษาสำหรับคนพิการ (ฉบับที่ ๒) พ.ศ. ๒๕๕๖ ภูมิพลอดุลยเดช ป.ร. ให้ไว้ ณ วันที่ ๒๗ มกราคม พ.ศ. ๒๕๕๑ เป็นปีที่ ๖๓ ในรัชกาลปัจจุบัน",กฎหมายทั่วไป,พระราชบัญญัติ
kris_ก0126-1B-0001,พระราชบัญญัติการดูแลผลประโยชน์ของคู่สัญญา พ.ศ. 2551,"[20/2/2551] พระราชบัญญัติการดูแลผลประโยชน์ของคู่สัญญา พ.ศ. 2551
พระราชบัญญัติแก้ไขเพิ่มเติมบทบัญญัติแห่งกฎหมายที่เกี่ยวกับความรับผิดในทางอาญาของผู้แทนนิติบุคคล พ.ศ. ๒๕๖๐ พระราชบัญญัติการดูแลผลประโยชน์ของคู่สัญญา (ฉบับที่ ๒) พ.ศ. ๒๕๖๒ ภูมิพลอดุลยเดช ป.ร. ให้ไว้ ณ วันที่ ๑๓ ก",กฎหมายทั่วไป,พระราชบัญญัติ
kris_ก0049-1B-0001,พระราชบัญญัติการทำงานของคนต่างด้าว พ.ศ. 2551 (ยกเลิก),"[22/2/2551] พระราชบัญญัติการทำงานของคนต่างด้าว พ.ศ. 2551 (ยกเลิก)
พระราชบัญญัติ การทำงานของคนต่างด้าว พ.ศ. ๒๕๕๑ (ยกเลิก) ภูมิพลอดุลยเดช ป.ร. ให้ไว้ ณ วันที่ ๑๓ กุมภาพันธ์ พ.ศ. ๒๕๕๑ เป็นปีที่ ๖๓ ในรัชกาลปัจจุบัน พระบาทสมเด็จพระปรมินทรมหาภูมิพลอดุลยเดช มีพระบรมราชโองการโปรดเกล้",กฎหมายทั่วไป,พระราชบัญญัติ
kris_ก0127-1B-0001,พระราชบัญญัติการรักษาความมั่นคงภายในราชอาณาจักร พ.ศ. 2551,"[27/2/2551] พระราชบัญญัติการรักษาความมั่นคงภายในราชอาณาจักร พ.ศ. 2551
คำสั่งหัวหน้าคณะรักษาความสงบแห่งชาติ ที่ ๕๑/๒๕๖๐ เรื่อง การแก้ไขเพิ่มเติมกฎหมายว่าด้วยการรักษาความมั่นคงภายในราชอาณาจักร ภูมิพลอดุลยเดช ป.ร. ให้ไว้ ณ วันที่ ๑๙ กุมภาพันธ์ พ.ศ. ๒๕๕๑ เป็นปีที่ ๖๓ ในรัชกาลปัจจุบัน",กฎหมายทั่วไป,พระราชบัญญัติ
kris_ก0129-1B-0001,พระราชบัญญัติการประกอบกิจการกระจายเสียงและกิจการโทรทัศน์ พ.ศ. 2551,"[4/3/2551] พระราชบัญญัติการประกอบกิจการกระจายเสียงและกิจการโทรทัศน์ พ.ศ. 2551
พระราชบัญญัติ การประกอบกิจการกระจายเสียงและกิจการโทรทัศน์ พ.ศ. ๒๕๕๑ ภูมิพลอดุลยเดช ป.ร. ให้ไว้ ณ วันที่ ๒๖ กุมภาพันธ์ พ.ศ. ๒๕๕๑ เป็นปีที่ ๖๓ ในรัชกาลปัจจุบัน พระบาทสมเด็จพระปรมินทรมหาภูมิพลอดุลยเดช มีพระบรมราชโ",กฎหมายทั่วไป,พระราชบัญญัติ
kris_ก0128-1B-0001,พระราชบัญญัติการมาตรฐานแห่งชาติ พ.ศ. 2551,"[4/3/2551] พระราชบัญญัติการมาตรฐานแห่งชาติ พ.ศ. 2551
พระราชบัญญัติว่าด้วยการปรับเป็นพินัย พ.ศ. ๒๕๖๕ ภูมิพลอดุลยเดช ป.ร. ให้ไว้ ณ วันที่ ๒๓ กุมภาพันธ์ พ.ศ. ๒๕๕๑ เป็นปีที่ ๖๓ ในรัชกาลปัจจุบัน พระบาทสมเด็จพระปรมินทรมหาภูมิพลอดุลยเดช มีพระบรมราชโองการโปรดเกล้าฯ ให้ปร",กฎหมายทั่วไป,พระราชบัญญัติ
kris_ก0130-1B-0001,พระราชบัญญัติการอาชีวศึกษา พ.ศ. 2551,"[5/3/2551] พระราชบัญญัติการอาชีวศึกษา พ.ศ. 2551
พระราชบัญญัติ การอาชีวศึกษา พ.ศ. ๒๕๕๑ ภูมิพลอดุลยเดช ป.ร. ให้ไว้ ณ วันที่ ๒๖ กุมภาพันธ์ พ.ศ. ๒๕๕๑ เป็นปีที่ ๖๓ ในรัชกาลปัจจุบัน พระบาทสมเด็จพระปรมินทรมหาภูมิพลอดุลยเดช มีพระบรมราชโองการโปรดเกล้าฯ ให้ประกาศว่า โ",กฎหมายทั่วไป,พระราชบัญญัติ
kris_ก0131-1B-0001,พระราชบัญญัติการแพทย์ฉุกเฉิน พ.ศ. 2551,"[6/3/2551] พระราชบัญญัติการแพทย์ฉุกเฉิน พ.ศ. 2551
พระราชบัญญัติ การแพทย์ฉุกเฉิน พ.ศ. ๒๕๕๑ ภูมิพลอดุลยเดช ป.ร. ให้ไว้ ณ วันที่ ๒๓ กุมภาพันธ์ พ.ศ. ๒๕๕๑ เป็นปีที่ ๖๓ ในรัชกาลปัจจุบัน พระบาทสมเด็จพระปรมินทรมหาภูมิพลอดุลยเดช มีพระบรมราชโองการโปรดเกล้าฯ ให้ประกาศว่า",กฎหมายทั่วไป,พระราชบัญญัติ
kris_ก0132-1B-0001,พระราชบัญญัติการบริหารราชการจังหวัดชายแดนภาคใต้ พ.ศ. 2553,"[29/12/2553] พระราชบัญญัติการบริหารราชการจังหวัดชายแดนภาคใต้ พ.ศ. 2553
พระราชบัญญัติ การบริหารราชการจังหวัดชายแดนภาคใต้ พ.ศ. ๒๕๕๓ ภูมิพลอดุลยเดช ป.ร. ให้ไว้ ณ วันที่ ๓ ธันวาคม พ.ศ. ๒๕๕๓ เป็นปีที่ ๖๕ ในรัชกาลปัจจุบัน พระบาทสมเด็จพระปรมินทรมหาภูมิพลอดุลยเดช มีพระบรมราชโองการโปรดเกล้",กฎหมายทั่วไป,พระราชบัญญัติ
kris_ก0005-1B-0001,พระราชบัญญัติกองทุนสงเคราะห์เกษตรกร พ.ศ. 2554,"[17/3/2554] พระราชบัญญัติกองทุนสงเคราะห์เกษตรกร พ.ศ. 2554
พระราชบัญญัติ กองทุนสงเคราะห์เกษตรกร พ.ศ. ๒๕๕๔ ภูมิพลอดุลยเดช ป.ร. ให้ไว้ ณ วันที่ ๑๐ มีนาคม พ.ศ. ๒๕๕๔ เป็นปีที่ ๖๖ ในรัชกาลปัจจุบัน พระบาทสมเด็จพระปรมินทรมหาภูมิพลอดุลยเดช มีพระบรมราชโองการโปรดเกล้าฯ ให้ประกาศ",กฎหมายทั่วไป,พระราชบัญญัติ
kris_ก0134-1B-0001,พระราชบัญญัติการกลับเป็นผู้ประกันตน พ.ศ. 2554,"[11/5/2554] พระราชบัญญัติการกลับเป็นผู้ประกันตน พ.ศ. 2554
พระราชบัญญัติ การกลับเป็นผู้ประกันตน พ.ศ. ๒๕๕๔ ภูมิพลอดุลยเดช ป.ร. ให้ไว้ ณ วันที่ ๙ พฤษภาคม พ.ศ. ๒๕๕๔ เป็นปีที่ ๖๖ ในรัชกาลปัจจุบัน พระบาทสมเด็จพระปรมินทรมหาภูมิพลอดุลยเดช มีพระบรมราชโองการโปรดเกล้าฯ ให้ประกาศ",กฎหมายทั่วไป,พระราชบัญญัติ
kris_ก0133-1B-0001,พระราชบัญญัติกองทุนการออมแห่งชาติ พ.ศ. 2554,"[11/5/2554] พระราชบัญญัติกองทุนการออมแห่งชาติ พ.ศ. 2554
พระราชบัญญัติแก้ไขเพิ่มเติมบทบัญญัติแห่งกฎหมายที่เกี่ยวกับความรับผิดในทางอาญาของผู้แทนนิติบุคคล พ.ศ. ๒๕๖๐ พระราชบัญญัติกองทุนการออมแห่งชาติ (ฉบับที่ ๒) พ.ศ. ๒๕๖๘ ภูมิพลอดุลยเดช ป.ร. ให้ไว้ ณ วันที่ ๙ พฤษภาคม พ.",กฎหมายทั่วไป,พระราชบัญญัติ
kris_ก0135-1C-0001,พระราชกำหนดกองทุนส่งเสริมการประกันภัยพิบัติ พ.ศ. 2555,"[26/1/2555] พระราชกำหนดกองทุนส่งเสริมการประกันภัยพิบัติ พ.ศ. 2555
พระราชกำหนด กองทุนส่งเสริมการประกันภัยพิบัติ พ.ศ. ๒๕๕๕ ภูมิพลอดุลยเดช ป.ร. ให้ไว้ ณ วันที่ ๒๖ มกราคม พ.ศ. ๒๕๕๕ เป็นปีที่ ๖๗ ในรัชกาลปัจจุบัน พระบาทสมเด็จพระปรมินทรมหาภูมิพลอดุลยเดช มีพระบรมราชโองการโปรดเกล้าฯ ใ",กฎหมายทั่วไป,พระราชกำหนด
kris_ก0136-1C-0001,พระราชกำหนดการให้ความช่วยเหลือทางการเงินแก่ผู้ที่ได้รับความเสียหายจากอุทกภัย พ.ศ. 2555,"[26/1/2555] พระราชกำหนดการให้ความช่วยเหลือทางการเงินแก่ผู้ที่ได้รับความเสียหายจากอุทกภัย พ.ศ. 2555
พระราชกำหนด การให้ความช่วยเหลือทางการเงินแก่ผู้ที่ได้รับความเสียหายจากอุทกภัย พ.ศ. ๒๕๕๕ ภูมิพลอดุลยเดช ป.ร. ให้ไว้ ณ วันที่ ๒๖ มกราคม พ.ศ. ๒๕๕๕ เป็นปีที่ ๖๗ ในรัชกาลปัจจุบัน พระบาทสมเด็จพระปรมินทรมหาภูมิพลอดุลย",กฎหมายทั่วไป,พระราชกำหนด
kris_ก0137-1B-0001,พระราชบัญญัติการอำนวยความสะดวกในการขนส่งข้ามพรมแดน พ.ศ. 2556,"[29/3/2556] พระราชบัญญัติการอำนวยความสะดวกในการขนส่งข้ามพรมแดน พ.ศ. 2556
พระราชบัญญัติ การอำนวยความสะดวกในการขนส่งข้ามพรมแดน พ.ศ. ๒๕๕๖ ภูมิพลอดุลยเดช ป.ร. ให้ไว้ ณ วันที่ ๒๐ มีนาคม พ.ศ. ๒๕๕๖ เป็นปีที่ ๖๘ ในรัชกาลปัจจุบัน พระบาทสมเด็จพระปรมินทรมหาภูมิพลอดุลยเดช มีพระบรมราชโองการโปรดเ",กฎหมายทั่วไป,พระราชบัญญัติ
kris_ก0138-1B-0001,พระราชบัญญัติการให้เอกชนร่วมลงทุนในกิจการของรัฐ พ.ศ. 2556 (ยกเลิก),"[3/4/2556] พระราชบัญญัติการให้เอกชนร่วมลงทุนในกิจการของรัฐ พ.ศ. 2556 (ยกเลิก)
พระราชบัญญัติ การให้เอกชนร่วมลงทุนในกิจการของรัฐ พ.ศ. ๒๕๕๖ (ยกเลิก) ภูมิพลอดุลยเดช ป.ร. ให้ไว้ ณ วันที่ ๒๙ มีนาคม พ.ศ. ๒๕๕๖ เป็นปีที่ ๖๘ ในรัชกาลปัจจุบัน พระบาทสมเด็จพระปรมินทรมหาภูมิพลอดุลยเดช มีพระบรมราชโองกา",กฎหมายทั่วไป,พระราชบัญญัติ
kris_ก0139-1B-0001,พระราชบัญญัติกองทุนเพื่อผู้เคยเป็นสมาชิกรัฐสภา พ.ศ. 2556,"[22/5/2556] พระราชบัญญัติกองทุนเพื่อผู้เคยเป็นสมาชิกรัฐสภา พ.ศ. 2556
พระราชบัญญัติ กองทุนเพื่อผู้เคยเป็นสมาชิกรัฐสภา พ.ศ. ๒๕๕๖ ภูมิพลอดุลยเดช ป.ร. ให้ไว้ ณ วันที่ ๑๕ พฤษภาคม พ.ศ. ๒๕๕๖ เป็นปีที่ ๖๘ ในรัชกาลปัจจุบัน พระบาทสมเด็จพระปรมินทรมหาภูมิพลอดุลยเดช มีพระบรมราชโองการโปรดเกล้",กฎหมายทั่วไป,พระราชบัญญัติ
kris_ก0140-1B-0001,พระราชบัญญัติการรับขนของทางถนนระหว่างประเทศ พ.ศ. 2556,"[17/12/2556] พระราชบัญญัติการรับขนของทางถนนระหว่างประเทศ พ.ศ. 2556
พระราชบัญญัติ การรับขนของทางถนนระหว่างประเทศ พ.ศ. ๒๕๕๖ ภูมิพลอดุลยเดช ป.ร. ให้ไว้ ณ วันที่ ๘ ธันวาคม พ.ศ. ๒๕๕๖ เป็นปีที่ ๖๘ ในรัชกาลปัจจุบัน พระบาทสมเด็จพระปรมินทรมหาภูมิพลอดุลยเดช มีพระบรมราชโองการโปรดเกล้าฯ ใ",กฎหมายทั่วไป,พระราชบัญญัติ
kris_ก0142-1B-0001,พระราชบัญญัติการกลับไปใช้สิทธิในบำเหน็จบำนาญตามพระราชบัญญัติบำเหน็จบำนาญข้าราชการ พ.ศ. 2494 พ.ศ. 2557,"[13/11/2557] พระราชบัญญัติการกลับไปใช้สิทธิในบำเหน็จบำนาญตามพระราชบัญญัติบำเหน็จบำนาญข้าราชการ พ.ศ. 2494 พ.ศ. 2557
พระราชบัญญัติ การกลับไปใช้สิทธิในบำเหน็จบำนาญ ตามพระราชบัญญัติบำเหน็จบำนาญข้าราชการ พ.ศ. ๒๔๙๔ พ.ศ. ๒๕๕๗ ภูมิพลอดุลยเดช ป.ร. ให้ไว้ ณ วันที่ ๑๐ พฤศจิกายน พ.ศ. ๒๕๕๗ เป็นปีที่ ๖๙ ในรัชกาลปัจจุบัน พระบาทสมเด็จพระปร",กฎหมายทั่วไป,พระราชบัญญัติ
kris_ก0198-1B-0001,พระราชบัญญัติการถวายความปลอดภัย พ.ศ. 2557 (ยกเลิก),"[13/11/2557] พระราชบัญญัติการถวายความปลอดภัย พ.ศ. 2557 (ยกเลิก)
พระราชบัญญัติ การถวายความปลอดภัย พ.ศ. ๒๕๕๗ (ยกเลิก) ภูมิพลอดุลยเดช ป.ร. ให้ไว้ ณ วันที่ ๑๐ พฤศจิกายน พ.ศ. ๒๕๕๗ เป็นปีที่ ๖๙ ในรัชกาลปัจจุบัน พระบาทสมเด็จพระปรมินทรมหาภูมิพลอดุลยเดช มีพระบรมราชโองการโปรดเกล้าฯ ใ",กฎหมายทั่วไป,พระราชบัญญัติ
kris_ก0143-1B-0001,พระราชบัญญัติการรับขนคนโดยสารทางถนนระหว่างประเทศ พ.ศ. 2557,"[23/12/2557] พระราชบัญญัติการรับขนคนโดยสารทางถนนระหว่างประเทศ พ.ศ. 2557
พระราชบัญญัติ การรับขนคนโดยสารทางถนนระหว่างประเทศ พ.ศ. ๒๕๕๗ ภูมิพลอดุลยเดช ป.ร. ให้ไว้ ณ วันที่ ๑๖ ธันวาคม พ.ศ. ๒๕๕๗ เป็นปีที่ ๖๙ ในรัชกาลปัจจุบัน พระบาทสมเด็จพระปรมินทรมหาภูมิพลอดุลยเดช มีพระบรมราชโองการโปรดเก",กฎหมายทั่วไป,พระราชบัญญัติ
kris_ก0144-1B-0001,พระราชบัญญัติการคุ้มครองคนไร้ที่พึ่ง พ.ศ. 2557,"[23/12/2557] พระราชบัญญัติการคุ้มครองคนไร้ที่พึ่ง พ.ศ. 2557
พระราชบัญญัติ การคุ้มครองคนไร้ที่พึ่ง พ.ศ. ๒๕๕๗ ภูมิพลอดุลยเดช ป.ร. ให้ไว้ ณ วันที่ ๑๖ ธันวาคม พ.ศ. ๒๕๕๗ เป็นปีที่ ๖๙ ในรัชกาลปัจจุบัน พระบาทสมเด็จพระปรมินทรมหาภูมิพลอดุลยเดช มีพระบรมราชโองการโปรดเกล้าฯ ให้ประก",กฎหมายทั่วไป,พระราชบัญญัติ
kris_ก0145-1B-0001,พระราชบัญญัติการอำนวยความสะดวกในการพิจารณาอนุญาตของทางราชการ พ.ศ. 2558,"[22/1/2558] พระราชบัญญัติการอำนวยความสะดวกในการพิจารณาอนุญาตของทางราชการ พ.ศ. 2558
พระราชบัญญัติ การอำนวยความสะดวกในการพิจารณาอนุญาตของทางราชการ พ.ศ. ๒๕๕๘ ภูมิพลอดุลยเดช ป.ร. ให้ไว้ ณ วันที่ ๑๖ มกราคม พ.ศ. ๒๕๕๘ เป็นปีที่ ๗๐ ในรัชกาลปัจจุบัน พระบาทสมเด็จพระปรมินทรมหาภูมิพลอดุลยเดช มีพระบรมราชโ",กฎหมายทั่วไป,พระราชบัญญัติ
kris_ก0146-1B-0001,พระราชบัญญัติการรับขนทางอากาศระหว่างประเทศ พ.ศ. 2558,"[13/2/2558] พระราชบัญญัติการรับขนทางอากาศระหว่างประเทศ พ.ศ. 2558
พระราชบัญญัติ การรับขนทางอากาศระหว่างประเทศ พ.ศ. ๒๕๕๘  พระราชบัญญัติการรับขนทางอากาศระหว่างประเทศ (ฉบับที่ ๒) พ.ศ. ๒๕๖๐ ภูมิพลอดุลยเดช ป.ร. ให้ไว้ ณ วันที่ ๗ กุมภาพันธ์ พ.ศ. ๒๕๕๘ เป็นปีที่ ๗๐ ในรัชกาลปัจจุบัน พ",กฎหมายทั่วไป,พระราชบัญญัติ
kris_ก0147-1B-0001,พระราชบัญญัติการปฏิบัติหน้าที่ของคณะกรรมการที่แต่งตั้งตามประกาศและคําสั่งของคณะรักษาความสงบแห่งชาติบางฉบับ พ.ศ. 2558,"[13/2/2558] พระราชบัญญัติการปฏิบัติหน้าที่ของคณะกรรมการที่แต่งตั้งตามประกาศและคําสั่งของคณะรักษาความสงบแห่งชาติบางฉบับ พ.ศ. 2558
พระราชบัญญัติ การปฏิบัติหน้าที่ของคณะกรรมการ ที่แต่งตั้งตามประกาศและคำสั่งของคณะรักษาความสงบแห่งชาติบางฉบับ พ.ศ. ๒๕๕๘ ภูมิพลอดุลยเดช ป.ร. ให้ไว้ ณ วันที่ ๑๓ กุมภาพันธ์ พ.ศ. ๒๕๕๘ เป็นปีที่ ๗๐ ในรัชกาลปัจจุบัน พร",กฎหมายทั่วไป,พระราชบัญญัติ
kris_ก0148-1B-0001,พระราชบัญญัติการทวงถามหนี้ พ.ศ. 2558,"[6/3/2558] พระราชบัญญัติการทวงถามหนี้ พ.ศ. 2558
พระราชบัญญัติ การทวงถามหนี้ พ.ศ. ๒๕๕๘ ภูมิพลอดุลยเดช ป.ร. ให้ไว้ ณ วันที่ ๓ มีนาคม พ.ศ. ๒๕๕๘ เป็นปีที่ ๗๐ ในรัชกาลปัจจุบัน พระบาทสมเด็จพระปรมินทรมหาภูมิพลอดุลยเดช มีพระบรมราชโองการโปรดเกล้าฯ ให้ประกาศว่า โดยที่",กฎหมายทั่วไป,พระราชบัญญัติ
kris_ก0149-1B-0001,พระราชบัญญัติกองทุนพัฒนาสื่อปลอดภัยและสร้างสรรค์ พ.ศ. 2558,"[26/3/2558] พระราชบัญญัติกองทุนพัฒนาสื่อปลอดภัยและสร้างสรรค์ พ.ศ. 2558
พระราชบัญญัติ กองทุนพัฒนาสื่อปลอดภัยและสร้างสรรค์ พ.ศ. ๒๕๕๘ ภูมิพลอดุลยเดช ป.ร. ให้ไว้ ณ วันที่ ๒๐ มีนาคม พ.ศ. ๒๕๕๘ เป็นปีที่ ๗๐ ในรัชกาลปัจจุบัน พระบาทสมเด็จพระปรมินทรมหาภูมิพลอดุลยเดช มีพระบรมราชโองการโปรดเกล",กฎหมายทั่วไป,พระราชบัญญัติ
kris_ก0150-1B-0001,พระราชบัญญัติกองทุนพัฒนาระบบสถาบันการเงินเฉพาะกิจ พ.ศ. 2558,"[26/3/2558] พระราชบัญญัติกองทุนพัฒนาระบบสถาบันการเงินเฉพาะกิจ พ.ศ. 2558
พระราชบัญญัติ กองทุนพัฒนาระบบสถาบันการเงินเฉพาะกิจ พ.ศ. ๒๕๕๘ ภูมิพลอดุลยเดช ป.ร. ให้ไว้ ณ วันที่ ๒๐ มีนาคม พ.ศ. ๒๕๕๘ เป็นปีที่ ๗๐ ในรัชกาลปัจจุบัน พระบาทสมเด็จพระปรมินทรมหาภูมิพลอดุลยเดช มีพระบรมราชโองการโปรดเก",กฎหมายทั่วไป,พระราชบัญญัติ
kris_ก0047-1B-0001,พระราชบัญญัติการกีฬาแห่งประเทศไทย พ.ศ. 2558,"[26/3/2558] พระราชบัญญัติการกีฬาแห่งประเทศไทย พ.ศ. 2558
พระราชบัญญัติว่าด้วยการปรับเป็นพินัย พ.ศ. ๒๕๖๕   พระราชบัญญัติการกีฬาแห่งประเทศไทย (ฉบับที่ ๒) พ.ศ. ๒๕๖๐ ภูมิพลอดุลยเดช ป.ร. ให้ไว้ ณ วันที่ ๒๐ มีนาคม พ.ศ. ๒๕๕๘ เป็นปีที่ ๗๐ ในรัชกาลปัจจุบัน พระบาทสมเด็จพระปรมิ",กฎหมายทั่วไป,พระราชบัญญัติ
kris_ก0151-1B-0001,พระราชบัญญัติการยางแห่งประเทศไทย พ.ศ. 2558,"[14/7/2558] พระราชบัญญัติการยางแห่งประเทศไทย พ.ศ. 2558
พระราชบัญญัติว่าด้วยการปรับเป็นพินัย พ.ศ. ๒๕๖๕ ภูมิพลอดุลยเดช ป.ร. ให้ไว้ ณ วันที่ ๘ กรกฎาคม พ.ศ. ๒๕๕๘ เป็นปีที่ ๗๐ ในรัชกาลปัจจุบัน พระบาทสมเด็จพระปรมินทรมหาภูมิพลอดุลยเดช มีพระบรมราชโองการโปรดเกล้าฯ ให้ประกาศ",กฎหมายทั่วไป,พระราชบัญญัติ
kris_ก0152-1B-0001,พระราชบัญญัติการชุมนุมสาธารณะ พ.ศ. 2558,"[14/7/2558] พระราชบัญญัติการชุมนุมสาธารณะ พ.ศ. 2558
พระราชบัญญัติว่าด้วยการปรับเป็นพินัย พ.ศ. ๒๕๖๕ ภูมิพลอดุลยเดช ป.ร. ให้ไว้ ณ วันที่ ๙ กรกฎาคม พ.ศ. ๒๕๕๘ เป็นปีที่ ๗๐ ในรัชกาลปัจจุบัน พระบาทสมเด็จพระปรมินทรมหาภูมิพลอดุลยเดช มีพระบรมราชโองการโปรดเกล้าฯ ให้ประกาศ",กฎหมายทั่วไป,พระราชบัญญัติ
kris_ก0154-1B-0001,พระราชบัญญัติการให้สิทธิแก่ผู้สมัครเป็นสมาชิกของกองทุนการออมแห่งชาติบางกรณีและการโอนเงินจากกองทุนประกันสังคมในกรณีชราภาพไปยังกองทุนการออมแห่งชาติ พ.ศ. 2558,"[25/9/2558] พระราชบัญญัติการให้สิทธิแก่ผู้สมัครเป็นสมาชิกของกองทุนการออมแห่งชาติบางกรณีและการโอนเงินจากกองทุนประกันสังคมในกรณีชราภาพไปยังกองทุนการออมแห่งชาติ พ.ศ. 2558
พระราชบัญญัติ การให้สิทธิแก่ผู้สมัครเป็นสมาชิกของกองทุนการออมแห่งชาติบางกรณี และการโอนเงินจากกองทุนประกันสังคมในกรณีชราภาพไปยังกองทุนการออมแห่งชาติ พ.ศ. ๒๕๕๘ ภูมิพลอดุลยเดช ป.ร. ให้ไว้ ณ วันที่ ๒๑ กันยายน พ.ศ.",กฎหมายทั่วไป,พระราชบัญญัติ
kris_ก0153-1B-0001,พระราชบัญญัติการบริหารทุนหมุนเวียน พ.ศ. 2558,"[25/9/2558] พระราชบัญญัติการบริหารทุนหมุนเวียน พ.ศ. 2558
พระราชบัญญัติ การบริหารทุนหมุนเวียน พ.ศ. ๒๕๕๘ ภูมิพลอดุลยเดช ป.ร. ให้ไว้ ณ วันที่ ๑๔ กันยายน พ.ศ. ๒๕๕๘ เป็นปีที่ ๗๐ ในรัชกาลปัจจุบัน พระบาทสมเด็จพระปรมินทรมหาภูมิพลอดุลยเดช มีพระบรมราชโองการโปรดเกล้าฯ ให้ประกาศ",กฎหมายทั่วไป,พระราชบัญญัติ
kris_ก0155-1C-0001,พระราชกำหนดการบินพลเรือนแห่งประเทศไทย พ.ศ. 2558,"[1/10/2558] พระราชกำหนดการบินพลเรือนแห่งประเทศไทย พ.ศ. 2558
พระราชกำหนด การบินพลเรือนแห่งประเทศไทย พ.ศ. ๒๕๕๘ ภูมิพลอดุลยเดช ป.ร. ให้ไว้ ณ วันที่ ๓๐ กันยายน พ.ศ. ๒๕๕๘ เป็นปีที่ ๗๐ ในรัชกาลปัจจุบัน พระบาทสมเด็จพระปรมินทรมหาภูมิพลอดุลยเดช มีพระบรมราชโองการโปรดเกล้าฯ ให้ประ",กฎหมายทั่วไป,พระราชกำหนด
kris_ก0156-1B-0001,พระราชบัญญัติกองทุนยุติธรรม พ.ศ. 2558,"[27/10/2558] พระราชบัญญัติกองทุนยุติธรรม พ.ศ. 2558
พระราชบัญญัติ กองทุนยุติธรรม พ.ศ. ๒๕๕๘ ภูมิพลอดุลยเดช ป.ร. ให้ไว้ ณ วันที่ ๒๒ ตุลาคม พ.ศ. ๒๕๕๘ เป็นปีที่ ๗๐ ในรัชกาลปัจจุบัน พระบาทสมเด็จพระปรมินทรมหาภูมิพลอดุลยเดช มีพระบรมราชโองการโปรดเกล้าฯ ให้ประกาศว่า โดยท",กฎหมายทั่วไป,พระราชบัญญัติ
kris_ก0025-1C-0001,พระราชกำหนดการประมง พ.ศ. 2558,"[13/11/2558] พระราชกำหนดการประมง พ.ศ. 2558
พระราชบัญญัติแก้ไขเพิ่มเติมพระราชกำหนดการประมง พ.ศ. ๒๕๕๘ พ.ศ. ๒๕๖๘ พระราชกำหนดการประมง (ฉบับที่ ๒) พ.ศ. ๒๕๖๐ ภูมิพลอดุลยเดช ป.ร. ให้ไว้ ณ วันที่ ๑๓ พฤศจิกายน พ.ศ. ๒๕๕๘ เป็นปีที่ ๗๐ ในรัชกาลปัจจุบัน พระบาทสมเด็จ",กฎหมายทั่วไป,พระราชกำหนด
kris_ก0157-1B-0001,พระราชบัญญัติกำลังพลสำรอง พ.ศ. 2558,"[30/12/2558] พระราชบัญญัติกำลังพลสำรอง พ.ศ. 2558
พระราชบัญญัติว่าด้วยการปรับเป็นพินัย พ.ศ. ๒๕๖๕ ภูมิพลอดุลยเดช ป.ร. ให้ไว้ ณ วันที่ ๒๘ ธันวาคม พ.ศ. ๒๕๕๘ เป็นปีที่ ๗๐ ในรัชกาลปัจจุบัน พระบาทสมเด็จพระปรมินทรมหาภูมิพลอดุลยเดช มีพระบรมราชโองการโปรดเกล้าฯ ให้ประกา",กฎหมายทั่วไป,พระราชบัญญัติ
kris_ก0158-1B-0001,พระราชบัญญัติการป้องกันและแก้ไขปัญหาการตั้งครรภ์ในวัยรุ่น พ.ศ. 2559,"[31/3/2559] พระราชบัญญัติการป้องกันและแก้ไขปัญหาการตั้งครรภ์ในวัยรุ่น พ.ศ. 2559
พระราชบัญญัติปรับปรุงกระทรวง ทบวง กรม (ฉบับที่ ๑๙) พ.ศ. ๒๕๖๒ ภูมิพลอดุลยเดช ป.ร. ให้ไว้ ณ วันที่ ๓๐ มีนาคม พ.ศ. ๒๕๕๙ เป็นปีที่ ๗๑ ในรัชกาลปัจจุบัน พระบาทสมเด็จพระปรมินทรมหาภูมิพลอดุลยเดช มีพระบรมราชโองการโปรดเก",กฎหมายทั่วไป,พระราชบัญญัติ
kris_ก0159-1B-0001,พระราชบัญญัติการให้บริการด้านนิติวิทยาศาสตร์ พ.ศ. 2559,"[5/8/2559] พระราชบัญญัติการให้บริการด้านนิติวิทยาศาสตร์ พ.ศ. 2559
พระราชบัญญัติ การให้บริการด้านนิติวิทยาศาสตร์ พ.ศ. ๒๕๕๙ ภูมิพลอดุลยเดช ป.ร. ให้ไว้ ณ วันที่ ๓ สิงหาคม พ.ศ. ๒๕๕๙ เป็นปีที่ ๗๑ ในรัชกาลปัจจุบัน พระบาทสมเด็จพระปรมินทรมหาภูมิพลอดุลยเดช มีพระบรมราชโองการโปรดเกล้าฯ",กฎหมายทั่วไป,พระราชบัญญัติ
kris_ก0160-1C-0001,พระราชกำหนดการนำคนต่างด้าวมาทำงานกับนายจ้างในประเทศ พ.ศ. 2559 (ยกเลิก),"[15/8/2559] พระราชกำหนดการนำคนต่างด้าวมาทำงานกับนายจ้างในประเทศ พ.ศ. 2559 (ยกเลิก)
ประกาศสำนักนายกรัฐมนตรี เรื่อง การอนุมัติพระราชกำหนดการนำคนต่างด้าวมาทำงานกับนายจ้างในประเทศ พ.ศ. ๒๕๕๙ ภูมิพลอดุลยเดช ป.ร. ให้ไว้ ณ วันที่ ๑๔ สิงหาคม พ.ศ. ๒๕๕๙ เป็นปีที่ ๗๑ ในรัชกาลปัจจุบัน พระบาทสมเด็จพระปรมิน",กฎหมายทั่วไป,พระราชกำหนด
kris_ก0161-1B-0001,พระราชบัญญัติการพัฒนาดิจิทัลเพื่อเศรษฐกิจและสังคม พ.ศ. 2560,"[24/1/2560] พระราชบัญญัติการพัฒนาดิจิทัลเพื่อเศรษฐกิจและสังคม พ.ศ. 2560
พระราชบัญญัติ การพัฒนาดิจิทัลเพื่อเศรษฐกิจและสังคม พ.ศ. ๒๕๖๐ สมเด็จพระเจ้าอยู่หัวมหาวชิราลงกรณ บดินทรเทพยวรางกูร ให้ไว้ ณ วันที่ ๒๓ มกราคม พ.ศ. ๒๕๖๐ เป็นปีที่ ๒ ในรัชกาลปัจจุบัน สมเด็จพระเจ้าอยู่หัวมหาวชิราลงกร",กฎหมายทั่วไป,พระราชบัญญัติ
kris_ก0089-1B-0001,พระราชบัญญัติกองทุนเงินให้กู้ยืมเพื่อการศึกษา พ.ศ. 2560,"[27/1/2560] พระราชบัญญัติกองทุนเงินให้กู้ยืมเพื่อการศึกษา พ.ศ. 2560
พระราชบัญญัติปรับปรุงกระทรวง ทบวง กรม (ฉบับที่ ๑๙) พ.ศ. ๒๕๖๒ พระราชบัญญัติกองทุนเงินให้กู้ยืมเพื่อการศึกษา (ฉบับที่ ๒) พ.ศ. ๒๕๖๖ สมเด็จพระเจ้าอยู่หัวมหาวชิราลงกรณ บดินทรเทพยวรางกูร ให้ไว้ ณ วันที่ ๒๖ มกราคม พ.ศ",กฎหมายทั่วไป,พระราชบัญญัติ
kris_ก0162-1B-0002,พระราชบัญญัติแก้ไขเพิ่มเติมบทบัญญัติแห่งกฎหมายที่เกี่ยวกับความรับผิดในทางอาญาของผู้แทนนิติบุคคล พ.ศ. 2560,"[11/2/2560] พระราชบัญญัติแก้ไขเพิ่มเติมบทบัญญัติแห่งกฎหมายที่เกี่ยวกับความรับผิดในทางอาญาของผู้แทนนิติบุคคล พ.ศ. 2560
พระราชบัญญัติ แก้ไขเพิ่มเติมบทบัญญัติแห่งกฎหมาย ที่เกี่ยวกับความรับผิดในทางอาญาของผู้แทนนิติบุคคล พ.ศ. ๒๕๖๐ สมเด็จพระเจ้าอยู่หัวมหาวชิราลงกรณ บดินทรเทพยวรางกูร ให้ไว้ ณ วันที่ ๑๐ กุมภาพันธ์ พ.ศ. ๒๕๖๐ เป็นปีที่",กฎหมายทั่วไป,พระราชบัญญัติ
kris_ก0163-1B-0001,พระราชบัญญัติการเพิ่มขีดความสามารถในการแข่งขันของประเทศสำหรับอุตสาหกรรมเป้าหมาย พ.ศ. 2560,"[13/2/2560] พระราชบัญญัติการเพิ่มขีดความสามารถในการแข่งขันของประเทศสำหรับอุตสาหกรรมเป้าหมาย พ.ศ. 2560
พระราชบัญญัติ การเพิ่มขีดความสามารถในการแข่งขันของประเทศ สำหรับอุตสาหกรรมเป้าหมาย พ.ศ. ๒๕๖๐ สมเด็จพระเจ้าอยู่หัวมหาวชิราลงกรณ บดินทรเทพยวรางกูร ให้ไว้ ณ วันที่ ๑๒ กุมภาพันธ์ พ.ศ. ๒๕๖๐ เป็นปีที่ ๒ ในรัชกาลปัจจุบ",กฎหมายทั่วไป,พระราชบัญญัติ
kris_ก0164-1B-0001,พระราชบัญญัติการจัดซื้อจัดจ้างและการบริหารพัสดุภาครัฐ พ.ศ. 2560,"[24/2/2560] พระราชบัญญัติการจัดซื้อจัดจ้างและการบริหารพัสดุภาครัฐ พ.ศ. 2560
พระราชบัญญัติ การจัดซื้อจัดจ้างและการบริหารพัสดุภาครัฐ พ.ศ. ๒๕๖๐ สมเด็จพระเจ้าอยู่หัวมหาวชิราลงกรณ บดินทรเทพยวรางกูร ให้ไว้ ณ วันที่ ๒๔ กุมภาพันธ์ พ.ศ. ๒๕๖๐ เป็นปีที่ ๒ ในรัชกาลปัจจุบัน สมเด็จพระเจ้าอยู่หัวมหาว",กฎหมายทั่วไป,พระราชบัญญัติ
kris_ก0165-1C-0002,พระราชกำหนดการบริหารจัดการการทำงานของคนต่างด้าว พ.ศ. 2560,"[22/6/2560] พระราชกำหนดการบริหารจัดการการทำงานของคนต่างด้าว พ.ศ. 2560
พระราชกำหนดการบริหารจัดการการทำงานของคนต่างด้าว (ฉบับที่ ๒) พ.ศ. ๒๕๖๑ สมเด็จพระเจ้าอยู่หัวมหาวชิราลงกรณ บดินทรเทพยวรางกูร ให้ไว้ ณ วันที่ ๑๗ มิถุนายน พ.ศ. ๒๕๖๐ เป็นปีที่ ๒ ในรัชกาลปัจจุบัน สมเด็จพระเจ้าอยู่หัวม",กฎหมายทั่วไป,พระราชกำหนด
kris_ก0166-1B-0001,พระราชบัญญัติการเรียกเงินสมทบเข้ากองทุนระหว่างประเทศเพื่อชดใช้ความเสียหายจากมลพิษน้ำมันอันเกิดจากเรือพ.ศ. 2560,"[7/7/2560] พระราชบัญญัติการเรียกเงินสมทบเข้ากองทุนระหว่างประเทศเพื่อชดใช้ความเสียหายจากมลพิษน้ำมันอันเกิดจากเรือพ.ศ. 2560
พระราชบัญญัติว่าด้วยการปรับเป็นพินัย พ.ศ. ๒๕๖๕ สมเด็จพระเจ้าอยู่หัวมหาวชิราลงกรณ บดินทรเทพยวรางกูร ให้ไว้ ณ วันที่ ๒ กรกฎาคม พ.ศ. ๒๕๖๐ เป็นปีที่ ๒ ในรัชกาลปัจจุบัน สมเด็จพระเจ้าอยู่หัวมหาวชิราลงกรณ บดินทรเทพยวร",กฎหมายทั่วไป,พระราชบัญญัติ
kris_ก0093-1B-0001,พระราชบัญญัติการแข่งขันทางการค้า พ.ศ. 2560,"[7/7/2560] พระราชบัญญัติการแข่งขันทางการค้า พ.ศ. 2560
พระราชบัญญัติ การแข่งขันทางการค้า พ.ศ. ๒๕๖๐ สมเด็จพระเจ้าอยู่หัวมหาวชิราลงกรณ บดินทรเทพยวรางกูร ให้ไว้ ณ วันที่ ๒ กรกฎาคม พ.ศ. ๒๕๖๐ เป็นปีที่ ๒ ในรัชกาลปัจจุบัน สมเด็จพระเจ้าอยู่หัวมหาวชิราลงกรณ บดินทรเทพยวรางก",กฎหมายทั่วไป,พระราชบัญญัติ
kris_ก0167-1B-0001,พระราชบัญญัติการจัดทำยุทธศาสตร์ชาติ พ.ศ. 2560,"[31/7/2560] พระราชบัญญัติการจัดทำยุทธศาสตร์ชาติ พ.ศ. 2560
พระราชบัญญัติ การจัดทำยุทธศาสตร์ชาติ พ.ศ. ๒๕๖๐ สมเด็จพระเจ้าอยู่หัวมหาวชิราลงกรณ บดินทรเทพยวรางกูร ให้ไว้ ณ วันที่ ๒๖ กรกฎาคม พ.ศ. ๒๕๖๐ เป็นปีที่ ๒ ในรัชกาลปัจจุบัน สมเด็จพระเจ้าอยู่หัวมหาวชิราลงกรณ บดินทรเทพยว",กฎหมายทั่วไป,พระราชบัญญัติ
kris_ก0168-1B-0001,พระราชบัญญัติการปฏิบัติการตามความตกลงระหว่างรัฐบาลแห่งราชอาณาจักรไทยกับรัฐบาลแห่งประเทศสหรัฐอเมริกาเพื่อความร่วมมือในการปรับปรุงการปฏิบัติตามการภาษีอากรระหว่างประเทศ พ.ศ. 2560,"[18/10/2560] พระราชบัญญัติการปฏิบัติการตามความตกลงระหว่างรัฐบาลแห่งราชอาณาจักรไทยกับรัฐบาลแห่งประเทศสหรัฐอเมริกาเพื่อความร่วมมือในการปรับปรุงการปฏิบัติตามการภาษีอากรระหว่างประเทศ พ.ศ. 2560
พระราชบัญญัติ การปฏิบัติการตามความตกลงระหว่างรัฐบาล แห่งราชอาณาจักรไทยกับรัฐบาลแห่งประเทศสหรัฐอเมริกา เพื่อความร่วมมือในการปรับปรุงการปฏิบัติ ตามการภาษีอากรระหว่างประเทศ พ.ศ. ๒๕๖๐ สมเด็จพระเจ้าอยู่หัวมหาวชิราลง",กฎหมายทั่วไป,พระราชบัญญัติ
kris_ก0141-1B-0001,พระราชบัญญัติการถวายความปลอดภัย พ.ศ. 2560,"[16/12/2560] พระราชบัญญัติการถวายความปลอดภัย พ.ศ. 2560
พระราชบัญญัติ การถวายความปลอดภัย พ.ศ. ๒๕๖๐ สมเด็จพระเจ้าอยู่หัวมหาวชิราลงกรณ บดินทรเทพยวรางกูร ให้ไว้ ณ วันที่ ๑๕ ธันวาคม พ.ศ. ๒๕๖๐ เป็นปีที่ ๒ ในรัชกาลปัจจุบัน สมเด็จพระเจ้าอยู่หัวมหาวชิราลงกรณ บดินทรเทพยวรางก",กฎหมายทั่วไป,พระราชบัญญัติ
kris_ก0169-1B-0001,พระราชบัญญัติการบริหารการแก้ไขบำบัดฟื้นฟูเด็กและเยาวชนที่กระทำผิด พ.ศ. 2561,"[2/3/2561] พระราชบัญญัติการบริหารการแก้ไขบำบัดฟื้นฟูเด็กและเยาวชนที่กระทำผิด พ.ศ. 2561
พระราชบัญญัติ การบริหารการแก้ไขบำบัดฟื้นฟูเด็กและเยาวชนที่กระทำผิด พ.ศ. ๒๕๖๑ สมเด็จพระเจ้าอยู่หัวมหาวชิราลงกรณ บดินทรเทพยวรางกูร ให้ไว้ ณ วันที่ ๒๗ กุมภาพันธ์ พ.ศ. ๒๕๖๑ เป็นปีที่ ๓ ในรัชกาลปัจจุบัน สมเด็จพระเจ้",กฎหมายทั่วไป,พระราชบัญญัติ
kris_ก0170-1B-0001,พระราชบัญญัติการกลับเป็นผู้ประกันตน พ.ศ. 2561,"[19/4/2561] พระราชบัญญัติการกลับเป็นผู้ประกันตน พ.ศ. 2561
พระราชบัญญัติ การกลับเป็นผู้ประกันตน พ.ศ. ๒๕๖๑ สมเด็จพระเจ้าอยู่หัวมหาวชิราลงกรณ บดินทรเทพยวรางกูร ให้ไว้ ณ วันที่ ๑๖ เมษายน พ.ศ. ๒๕๖๑ เป็นปีที่ ๓ ในรัชกาลปัจจุบัน สมเด็จพระเจ้าอยู่หัวมหาวชิราลงกรณ บดินทรเทพยวร",กฎหมายทั่วไป,พระราชบัญญัติ
kris_ก0173-1C-0001,พระราชกำหนดการประกอบธุรกิจสินทรัพย์ดิจิทัล พ.ศ. 2561,"[13/5/2561] พระราชกำหนดการประกอบธุรกิจสินทรัพย์ดิจิทัล พ.ศ. 2561
ประกาศสำนักนายกรัฐมนตรี เรื่อง การอนุมัติพระราชกำหนด รวม ๒ ฉบับ พระราชกำหนดการประกอบธุรกิจสินทรัพย์ดิจิทัล (ฉบับที่ ๒) พ.ศ. ๒๕๖๘ สมเด็จพระเจ้าอยู่หัวมหาวชิราลงกรณ บดินทรเทพยวรางกูร ให้ไว้ ณ วันที่ ๑๐ พฤษภาคม พ.",กฎหมายทั่วไป,พระราชกำหนด
kris_ก0172-1B-0001,พระราชบัญญัติการยาสูบแห่งประเทศไทย พ.ศ. 2561,"[13/5/2561] พระราชบัญญัติการยาสูบแห่งประเทศไทย พ.ศ. 2561
พระราชบัญญัติ การยาสูบแห่งประเทศไทย พ.ศ. ๒๕๖๑ สมเด็จพระเจ้าอยู่หัวมหาวชิราลงกรณ บดินทรเทพยวรางกูร ให้ไว้ ณ วันที่ ๑๐ พฤษภาคม พ.ศ. ๒๕๖๑ เป็นปีที่ ๓ ในรัชกาลปัจจุบัน   สมเด็จพระเจ้าอยู่หัวมหาวชิราลงกรณ บดินทรเทพย",กฎหมายทั่วไป,พระราชบัญญัติ
kris_ก0171-1B-0001,พระราชบัญญัติกองทุนเพื่อความเสมอภาคทางการศึกษา พ.ศ. 2561,"[13/5/2561] พระราชบัญญัติกองทุนเพื่อความเสมอภาคทางการศึกษา พ.ศ. 2561
พระราชบัญญัติ กองทุนเพื่อความเสมอภาคทางการศึกษา พ.ศ. ๒๕๖๑ สมเด็จพระเจ้าอยู่หัวมหาวชิราลงกรณ บดินทรเทพยวรางกูร ให้ไว้ ณ วันที่ ๑๐ พฤษภาคม พ.ศ. ๒๕๖๑ เป็นปีที่ ๓ ในรัชกาลปัจจุบัน สมเด็จพระเจ้าอยู่หัวมหาวชิราลงกรณ",กฎหมายทั่วไป,พระราชบัญญัติ
kris_ก0174-1B-0001,พระราชบัญญัติการจัดประชารัฐสวัสดิการเพื่อเศรษฐกิจฐานรากและสังคม พ.ศ. 2562,"[3/3/2562] พระราชบัญญัติการจัดประชารัฐสวัสดิการเพื่อเศรษฐกิจฐานรากและสังคม พ.ศ. 2562
พระราชบัญญัติ การจัดประชารัฐสวัสดิการเพื่อเศรษฐกิจฐานรากและสังคม พ.ศ. ๒๕๖๒ สมเด็จพระเจ้าอยู่หัวมหาวชิราลงกรณ บดินทรเทพยวรางกูร ให้ไว้ ณ วันที่ ๑ มีนาคม พ.ศ. ๒๕๖๒ เป็นปีที่ ๔ ในรัชกาลปัจจุบัน สมเด็จพระเจ้าอยู่หั",กฎหมายทั่วไป,พระราชบัญญัติ
kris_ก0175-1B-0001,พระราชบัญญัติการร่วมลงทุนระหว่างรัฐและเอกชน พ.ศ. 2562,"[10/3/2562] พระราชบัญญัติการร่วมลงทุนระหว่างรัฐและเอกชน พ.ศ. 2562
พระราชบัญญัติ การร่วมลงทุนระหว่างรัฐและเอกชน พ.ศ. ๒๕๖๒ สมเด็จพระเจ้าอยู่หัวมหาวชิราลงกรณ บดินทรเทพยวรางกูร ให้ไว้ ณ วันที่ ๖ มีนาคม พ.ศ. ๒๕๖๒ เป็นปีที่ ๔ ในรัชกาลปัจจุบัน   สมเด็จพระเจ้าอยู่หัวมหาวชิราลงกรณ บดิ",กฎหมายทั่วไป,พระราชบัญญัติ
kris_ก0176-1B-0001,พระราชบัญญัติการรักษาผลประโยชน์ของชาติทางทะเล พ.ศ. 2562,"[12/3/2562] พระราชบัญญัติการรักษาผลประโยชน์ของชาติทางทะเล พ.ศ. 2562
พระราชบัญญัติ การรักษาผลประโยชน์ของชาติทางทะเล พ.ศ. ๒๕๖๒ สมเด็จพระเจ้าอยู่หัวมหาวชิราลงกรณ บดินทรเทพยวรางกูร ให้ไว้ ณ วันที่ ๙ มีนาคม พ.ศ. ๒๕๖๒ เป็นปีที่ ๔ ในรัชกาลปัจจุบัน สมเด็จพระเจ้าอยู่หัวมหาวชิราลงกรณ บดิ",กฎหมายทั่วไป,พระราชบัญญัติ
kris_ก0177-1B-0001,พระราชบัญญัติการศึกษาพระปริยัติธรรม พ.ศ. 2562,"[16/4/2562] พระราชบัญญัติการศึกษาพระปริยัติธรรม พ.ศ. 2562
พระราชบัญญัติ การศึกษาพระปริยัติธรรม พ.ศ. ๒๕๖๒ สมเด็จพระเจ้าอยู่หัวมหาวชิราลงกรณ บดินทรเทพยวรางกูร ให้ไว้ ณ วันที่ ๑๕ เมษายน พ.ศ. ๒๕๖๒ เป็นปีที่ ๔ ในรัชกาลปัจจุบัน สมเด็จพระเจ้าอยู่หัวมหาวชิราลงกรณ บดินทรเทพยวร",กฎหมายทั่วไป,พระราชบัญญัติ
kris_ก0178-1B-0001,พระราชบัญญัติแก้ไขเพิ่มเติมบทบัญญัติแห่งกฎหมายที่เกี่ยวกับอำนาจหน้าที่ของผู้ทำการแทน ผู้ปฏิบัติหน้าที่แทน ผู้รักษาการแทน หรือผู้รักษาการในตำแหน่งผู้บริหารของรัฐวิสาหกิจ พ.ศ. 2562,"[16/4/2562] พระราชบัญญัติแก้ไขเพิ่มเติมบทบัญญัติแห่งกฎหมายที่เกี่ยวกับอำนาจหน้าที่ของผู้ทำการแทน ผู้ปฏิบัติหน้าที่แทน ผู้รักษาการแทน หรือผู้รักษาการในตำแหน่งผู้บริหารของรัฐวิสาหกิจ พ.ศ. 2562
พระราชบัญญัติ แก้ไขเพิ่มเติมบทบัญญัติแห่งกฎหมายที่เกี่ยวกับอำนาจหน้าที่ ของผู้ทำการแทน ผู้ปฏิบัติหน้าที่แทน ผู้รักษาการแทน หรือผู้รักษาการในตำแหน่งผู้บริหารของรัฐวิสาหกิจ พ.ศ. ๒๕๖๒ สมเด็จพระเจ้าอยู่หัวมหาวชิราล",กฎหมายทั่วไป,พระราชบัญญัติ
kris_ก0111-1B-0001,พระราชบัญญัติการเลือกตั้งสมาชิกสภาท้องถิ่นหรือผู้บริหารท้องถิ่น พ.ศ. 2562,"[16/4/2562] พระราชบัญญัติการเลือกตั้งสมาชิกสภาท้องถิ่นหรือผู้บริหารท้องถิ่น พ.ศ. 2562
พระราชบัญญัติ การเลือกตั้งสมาชิกสภาท้องถิ่นหรือผู้บริหารท้องถิ่น พ.ศ. ๒๕๖๒ พระราชบัญญัติการเลือกตั้งสมาชิกสภาท้องถิ่นหรือผู้บริหารท้องถิ่น (ฉบับที่ ๒) พ.ศ. ๒๕๖๖ สมเด็จพระเจ้าอยู่หัวมหาวชิราลงกรณ บดินทรเทพยวรางก",กฎหมายทั่วไป,พระราชบัญญัติ
kris_ก0179-1B-0001,พระราชบัญญัติการพัฒนาเด็กปฐมวัย พ.ศ. 2562,"[30/4/2562] พระราชบัญญัติการพัฒนาเด็กปฐมวัย พ.ศ. 2562
พระราชบัญญัติ การพัฒนาเด็กปฐมวัย พ.ศ. ๒๕๖๒ สมเด็จพระเจ้าอยู่หัวมหาวชิราลงกรณ บดินทรเทพยวรางกูร ให้ไว้ ณ วันที่ ๒๖ เมษายน พ.ศ. ๒๕๖๒ เป็นปีที่ ๔ ในรัชกาลปัจจุบัน สมเด็จพระเจ้าอยู่หัวมหาวชิราลงกรณ บดินทรเทพยวรางกู",กฎหมายทั่วไป,พระราชบัญญัติ
kris_ก0180-1B-0002,พระราชบัญญัติการควบคุมสินค้าที่เกี่ยวข้องกับการแพร่ขยายอาวุธที่มีอานุภาพทำลายล้างสูง พ.ศ. 2562,"[30/4/2562] พระราชบัญญัติการควบคุมสินค้าที่เกี่ยวข้องกับการแพร่ขยายอาวุธที่มีอานุภาพทำลายล้างสูง พ.ศ. 2562
พระราชบัญญัติ การควบคุมสินค้าที่เกี่ยวข้องกับการแพร่ขยายอาวุธที่มีอานุภาพทำลายล้างสูง พ.ศ. ๒๕๖๒ สมเด็จพระเจ้าอยู่หัวมหาวชิราลงกรณ บดินทรเทพยวรางกูร ให้ไว้ ณ วันที่ ๒๖ เมษายน พ.ศ. ๒๕๖๒ เป็นปีที่ ๔ ในรัชกาลปัจจุบ",กฎหมายทั่วไป,พระราชบัญญัติ
kris_ก0181-1B-0001,พระราชบัญญัติการอุดมศึกษา พ.ศ. 2562,"[1/5/2562] พระราชบัญญัติการอุดมศึกษา พ.ศ. 2562
พระราชบัญญัติ การอุดมศึกษา พ.ศ. ๒๕๖๒ พระราชบัญญัติการอุดมศึกษา (ฉบับที่ ๒) พ.ศ. ๒๕๖๘ สมเด็จพระเจ้าอยู่หัวมหาวชิราลงกรณ บดินทรเทพยวรางกูร ให้ไว้ ณ วันที่ ๒๖ เมษายน พ.ศ. ๒๕๖๒ เป็นปีที่ ๔ ในรัชกาลปัจจุบัน สมเด็จพร",กฎหมายทั่วไป,พระราชบัญญัติ
kris_ก0185-1B-0001,พระราชบัญญัติการพัฒนาการกำกับดูแลและบริหารรัฐวิสาหกิจ พ.ศ. 2562,"[22/5/2562] พระราชบัญญัติการพัฒนาการกำกับดูแลและบริหารรัฐวิสาหกิจ พ.ศ. 2562
พระราชบัญญัติ การพัฒนาการกำกับดูแลและบริหารรัฐวิสาหกิจ พ.ศ. ๒๕๖๒ พระบาทสมเด็จพระปรเมนทรรามาธิบดีศรีสินทรมหาวชิราลงกรณ พระวชิรเกล้าเจ้าอยู่หัว ให้ไว้ ณ วันที่ ๑๙ พฤษภาคม พ.ศ. ๒๕๖๒ เป็นปีที่ ๔ ในรัชกาลปัจจุบัน พร",กฎหมายทั่วไป,พระราชบัญญัติ
kris_ก0182-1B-0001,พระราชบัญญัติการไกล่เกลี่ยข้อพิพาท พ.ศ. 2562,"[22/5/2562] พระราชบัญญัติการไกล่เกลี่ยข้อพิพาท พ.ศ. 2562
พระราชบัญญัติ การไกล่เกลี่ยข้อพิพาท พ.ศ. ๒๕๖๒ พระบาทสมเด็จพระปรเมนทรรามาธิบดีศรีสินทรมหาวชิราลงกรณ พระวชิรเกล้าเจ้าอยู่หัว ให้ไว้ ณ วันที่ ๑๙ พฤษภาคม พ.ศ. ๒๕๖๒ เป็นปีที่ ๔ ในรัชกาลปัจจุบัน พระบาทสมเด็จพระปรเมนท",กฎหมายทั่วไป,พระราชบัญญัติ
kris_ก0183-1B-0001,พระราชบัญญัติการจัดตั้งสภาองค์กรของผู้บริโภค พ.ศ. 2562,"[22/5/2562] พระราชบัญญัติการจัดตั้งสภาองค์กรของผู้บริโภค พ.ศ. 2562
พระราชบัญญัติ การจัดตั้งสภาองค์กรของผู้บริโภค พ.ศ. ๒๕๖๒ พระบาทสมเด็จพระปรเมนทรรามาธิบดีศรีสินทรมหาวชิราลงกรณ พระวชิรเกล้าเจ้าอยู่หัว ให้ไว้ ณ วันที่ ๑๙ พฤษภาคม พ.ศ. ๒๕๖๒ เป็นปีที่ ๔ ในรัชกาลปัจจุบัน พระบาทสมเด็",กฎหมายทั่วไป,พระราชบัญญัติ
kris_ก0184-1B-0001,พระราชบัญญัติการบริหารงานและการให้บริการภาครัฐผ่านระบบดิจิทัล พ.ศ. 2562,"[22/5/2562] พระราชบัญญัติการบริหารงานและการให้บริการภาครัฐผ่านระบบดิจิทัล พ.ศ. 2562
พระราชบัญญัติ การบริหารงานและการให้บริการภาครัฐผ่านระบบดิจิทัล พ.ศ. ๒๕๖๒ พระบาทสมเด็จพระปรเมนทรรามาธิบดีศรีสินทรมหาวชิราลงกรณ พระวชิรเกล้าเจ้าอยู่หัว ให้ไว้ ณ วันที่ ๑๙ พฤษภาคม พ.ศ. ๒๕๖๒ เป็นปีที่ ๔ ในรัชกาลปัจ",กฎหมายทั่วไป,พระราชบัญญัติ
kris_ก0186-1B-0001,พระราชบัญญัติการส่งเสริมวิทยาศาสตร์ การวิจัยและนวัตกรรม พ.ศ. 2562,"[25/5/2562] พระราชบัญญัติการส่งเสริมวิทยาศาสตร์ การวิจัยและนวัตกรรม พ.ศ. 2562
พระราชบัญญัติ การส่งเสริมวิทยาศาสตร์ การวิจัยและนวัตกรรม พ.ศ. ๒๕๖๒ พระราชบัญญัติการส่งเสริมวิทยาศาสตร์ การวิจัยและนวัตกรรม (ฉบับที่ ๒) พ.ศ. ๒๕๖๘ พระบาทสมเด็จพระปรเมนทรรามาธิบดีศรีสินทรมหาวชิราลงกรณ พระวชิรเกล้า",กฎหมายทั่วไป,พระราชบัญญัติ
kris_ก0187-1B-0001,พระราชบัญญัติการประเมินราคาทรัพย์สินเพื่อประโยชน์แห่งรัฐ พ.ศ. 2562,"[25/5/2562] พระราชบัญญัติการประเมินราคาทรัพย์สินเพื่อประโยชน์แห่งรัฐ พ.ศ. 2562
พระราชบัญญัติ การประเมินราคาทรัพย์สินเพื่อประโยชน์แห่งรัฐ พ.ศ. ๒๕๖๒ พระบาทสมเด็จพระปรเมนทรรามาธิบดีศรีสินทรมหาวชิราลงกรณ พระวชิรเกล้าเจ้าอยู่หัว ให้ไว้ ณ วันที่ ๒๔ พฤษภาคม พ.ศ. ๒๕๖๒ เป็นปีที่ ๔ ในรัชกาลปัจจุบัน",กฎหมายทั่วไป,พระราชบัญญัติ
kris_ก0189-1B-0001,พระราชบัญญัติการรักษาความมั่นคงปลอดภัยไซเบอร์ พ.ศ. 2562,"[27/5/2562] พระราชบัญญัติการรักษาความมั่นคงปลอดภัยไซเบอร์ พ.ศ. 2562
พระราชบัญญัติ การรักษาความมั่นคงปลอดภัยไซเบอร์ พ.ศ. ๒๕๖๒ พระบาทสมเด็จพระปรเมนทรรามาธิบดีศรีสินทรมหาวชิราลงกรณ พระวชิรเกล้าเจ้าอยู่หัว ให้ไว้ ณ วันที่ ๒๔ พฤษภาคม พ.ศ. ๒๕๖๒ เป็นปีที่ ๔ ในรัชกาลปัจจุบัน พระบาทสมเด",กฎหมายทั่วไป,พระราชบัญญัติ
kris_ก0188-1B-0002,พระราชบัญญัติกองทุนน้ำมันเชื้อเพลิง พ.ศ. 2562,"[27/5/2562] พระราชบัญญัติกองทุนน้ำมันเชื้อเพลิง พ.ศ. 2562
พระราชบัญญัติว่าด้วยการปรับเป็นพินัย พ.ศ. ๒๕๖๕   พระบาทสมเด็จพระปรเมนทรรามาธิบดีศรีสินทรมหาวชิราลงกรณ พระวชิรเกล้าเจ้าอยู่หัว ให้ไว้ ณ วันที่ ๒๔ พฤษภาคม พ.ศ. ๒๕๖๒ เป็นปีที่ ๔ ในรัชกาลปัจจุบัน พระบาทสมเด็จพระปรเ",กฎหมายทั่วไป,พระราชบัญญัติ
kris_ก0026-1B-0001,พระราชบัญญัติการผังเมือง พ.ศ. 2562,"[29/5/2562] พระราชบัญญัติการผังเมือง พ.ศ. 2562
พระราชบัญญัติ การผังเมือง พ.ศ. ๒๕๖๒ พระบาทสมเด็จพระปรเมนทรรามาธิบดีศรีสินทรมหาวชิราลงกรณ พระวชิรเกล้าเจ้าอยู่หัว ให้ไว้ ณ วันที่ ๒๔ พฤษภาคม พ.ศ. ๒๕๖๒ เป็นปีที่ ๔ ในรัชกาลปัจจุบัน พระบาทสมเด็จพระปรเมนทรรามาธิบดี",กฎหมายทั่วไป,พระราชบัญญัติ
kris_ก0190-1C-0001,พระราชกำหนดการให้ความช่วยเหลือทางการเงินแก่ผู้ประกอบวิสาหกิจที่ได้รับผลกระทบจากการระบาดของโรคติดเชื้อไวรัสโคโรนา 2019 พ.ศ. 2563,"[19/4/2563] พระราชกำหนดการให้ความช่วยเหลือทางการเงินแก่ผู้ประกอบวิสาหกิจที่ได้รับผลกระทบจากการระบาดของโรคติดเชื้อไวรัสโคโรนา 2019 พ.ศ. 2563
พระราชกำหนด การให้ความช่วยเหลือทางการเงินแก่ผู้ประกอบวิสาหกิจ ที่ได้รับผลกระทบจากการระบาดของโรคติดเชื้อไวรัสโคโรนา ๒๐๑๙ พ.ศ. ๒๕๖๓ พระบาทสมเด็จพระปรเมนทรรามาธิบดีศรีสินทรมหาวชิราลงกรณ พระวชิรเกล้าเจ้าอยู่หัว ให้",กฎหมายทั่วไป,พระราชกำหนด
kris_ก0191-1C-0001,พระราชกำหนดการรักษาเสถียรภาพของระบบการเงินและความมั่นคงทางเศรษฐกิจของประเทศ พ.ศ. 2563,"[19/4/2563] พระราชกำหนดการรักษาเสถียรภาพของระบบการเงินและความมั่นคงทางเศรษฐกิจของประเทศ พ.ศ. 2563
พระราชกำหนด การรักษาเสถียรภาพของระบบการเงินและความมั่นคงทางเศรษฐกิจของประเทศ พ.ศ. ๒๕๖๓ พระบาทสมเด็จพระปรเมนทรรามาธิบดีศรีสินทรมหาวชิราลงกรณ พระวชิรเกล้าเจ้าอยู่หัว ให้ไว้ ณ วันที่ ๑๘ เมษายน พ.ศ. ๒๕๖๓ เป็นปีที่",กฎหมายทั่วไป,พระราชกำหนด
kris_ก0192-1C-0001,พระราชกำหนดการให้ความช่วยเหลือและฟื้นฟูผู้ประกอบธุรกิจที่ได้รับผลกระทบจากการระบาดของโรคติดเชื้อไวรัสโคโรนา 2019 พ.ศ. 2564,"[10/4/2564] พระราชกำหนดการให้ความช่วยเหลือและฟื้นฟูผู้ประกอบธุรกิจที่ได้รับผลกระทบจากการระบาดของโรคติดเชื้อไวรัสโคโรนา 2019 พ.ศ. 2564
ประกาศสำนักนายกรัฐมนตรี เรื่อง การอนุมัติพระราชกำหนด รวม ๒ ฉบับ พระบาทสมเด็จพระปรเมนทรรามาธิบดีศรีสินทรมหาวชิราลงกรณ พระวชิรเกล้าเจ้าอยู่หัว ให้ไว้ ณ วันที่ ๙ เมษายน พ.ศ. ๒๕๖๔ เป็นปีที่ ๖ ในรัชกาลปัจจุบัน พระบา",กฎหมายทั่วไป,พระราชกำหนด
kris_ก0193-1B-0001,พระราชบัญญัติการเข้าชื่อเสนอกฎหมาย พ.ศ. 2564,"[26/5/2564] พระราชบัญญัติการเข้าชื่อเสนอกฎหมาย พ.ศ. 2564
พระราชบัญญัติ การเข้าชื่อเสนอกฎหมาย พ.ศ. ๒๕๖๔ พระบาทสมเด็จพระปรเมนทรรามาธิบดีศรีสินทรมหาวชิราลงกรณ พระวชิรเกล้าเจ้าอยู่หัว ให้ไว้ ณ วันที่ ๒๕ พฤษภาคม พ.ศ. ๒๕๖๔ เป็นปีที่ ๖ ในรัชกาลปัจจุบัน พระบาทสมเด็จพระปรเมนท",กฎหมายทั่วไป,พระราชบัญญัติ
kris_ก0194-1B-0001,พระราชบัญญัติการเข้าชื่อเสนอข้อบัญญัติท้องถิ่น พ.ศ. 2565,"[24/2/2565] พระราชบัญญัติการเข้าชื่อเสนอข้อบัญญัติท้องถิ่น พ.ศ. 2565
พระราชบัญญัติ การเข้าชื่อเสนอข้อบัญญัติท้องถิ่น พ.ศ. ๒๕๖๕  พระบาทสมเด็จพระปรเมนทรรามาธิบดีศรีสินทรมหาวชิราลงกรณ พระวชิรเกล้าเจ้าอยู่หัว ให้ไว้ ณ วันที่ ๒๓ กุมภาพันธ์ พ.ศ. ๒๕๖๕ เป็นปีที่ ๗ ในรัชกาลปัจจุบัน พระบา",กฎหมายทั่วไป,พระราชบัญญัติ
kris_ก0195-1B-0001,พระราชบัญญัติการปฏิบัติราชการทางอิเล็กทรอนิกส์ พ.ศ. 2565,"[12/10/2565] พระราชบัญญัติการปฏิบัติราชการทางอิเล็กทรอนิกส์ พ.ศ. 2565
พระราชบัญญัติ การปฏิบัติราชการทางอิเล็กทรอนิกส์ พ.ศ. ๒๕๖๕ พระบาทสมเด็จพระปรเมนทรรามาธิบดีศรีสินทรมหาวชิราลงกรณ พระวชิรเกล้าเจ้าอยู่หัว ให้ไว้ ณ วันที่ ๑๑ ตุลาคม พ.ศ. ๒๕๖๕ เป็นปีที่ ๗ ในรัชกาลปัจจุบัน พระบาทสมเด",กฎหมายทั่วไป,พระราชบัญญัติ
kris_ก0196-1B-0002,พระราชบัญญัติกำหนดระยะเวลาดำเนินงานในกระบวนการยุติธรรม พ.ศ. 2565,"[25/10/2565] พระราชบัญญัติกำหนดระยะเวลาดำเนินงานในกระบวนการยุติธรรม พ.ศ. 2565
พระราชบัญญัติ กำหนดระยะเวลาดำเนินงานในกระบวนการยุติธรรม พ.ศ. ๒๕๖๕ พระบาทสมเด็จพระปรเมนทรรามาธิบดีศรีสินทรมหาวชิราลงกรณ พระวชิรเกล้าเจ้าอยู่หัว ให้ไว้ ณ วันที่ ๒๔ ตุลาคม พ.ศ. ๒๕๖๕ เป็นปีที่ ๗ ในรัชกาลปัจจุบัน พร",กฎหมายทั่วไป,พระราชบัญญัติ
kris_ก0197-1C-0001,พระราชกำหนดการแลกเปลี่ยนข้อมูลเพื่อปฏิบัติตามความตกลงระหว่างประเทศเกี่ยวกับภาษีอากร พ.ศ. 2566,"[30/3/2566] พระราชกำหนดการแลกเปลี่ยนข้อมูลเพื่อปฏิบัติตามความตกลงระหว่างประเทศเกี่ยวกับภาษีอากร พ.ศ. 2566
พระราชกำหนด การแลกเปลี่ยนข้อมูลเพื่อปฏิบัติ ตามความตกลงระหว่างประเทศเกี่ยวกับภาษีอากร พ.ศ. ๒๕๖๖ พระบาทสมเด็จพระปรเมนทรรามาธิบดีศรีสินทรมหาวชิราลงกรณ พระวชิรเกล้าเจ้าอยู่หัว ให้ไว้ ณ วันที่ ๒๙ มีนาคม พ.ศ. ๒๕๖๖ เ",กฎหมายทั่วไป,พระราชกำหนด
kris_ก0204-1B-0001,พระราชบัญญัติการขนส่งทางราง พ.ศ. 2568,"[27/12/2568] พระราชบัญญัติการขนส่งทางราง พ.ศ. 2568
พระราชบัญญัติ การขนส่งทางราง พ.ศ. ๒๕๖๘ พระบาทสมเด็จพระปรเมนทรรามาธิบดีศรีสินทรมหาวชิราลงกรณ พระวชิรเกล้าเจ้าอยู่หัว ให้ไว้ ณ วันที่ ๒๗ ธันวาคม พ.ศ. ๒๕๖๘ เป็นปีที่ ๑๐ ในรัชกาลปัจจุบัน พระบาทสมเด็จพระปรเมนทรรามาธ",กฎหมายทั่วไป,พระราชบัญญัติ
kris_ก0205-1B-0002,พระราชบัญญัติการบริหารจัดการระบบตั๋วร่วม พ.ศ. 2568,"[27/12/2568] พระราชบัญญัติการบริหารจัดการระบบตั๋วร่วม พ.ศ. 2568
พระราชบัญญัติ การบริหารจัดการระบบตั๋วร่วม พ.ศ. ๒๕๖๘ พระบาทสมเด็จพระปรเมนทรรามาธิบดีศรีสินทรมหาวชิราลงกรณ พระวชิรเกล้าเจ้าอยู่หัว ให้ไว้ ณ วันที่ ๒๗ ธันวาคม พ.ศ. ๒๕๖๘ เป็นปีที่ ๑๐ ในรัชกาลปัจจุบัน พระบาทสมเด็จพร",กฎหมายทั่วไป,พระราชบัญญัติ
kris_ก0009-1B-0001,พระราชบัญญัติกาชาด พ.ศ. 2499,"[14/8/2499] พระราชบัญญัติกาชาด พ.ศ. 2499
พระราชบัญญัติ กาชาด พ.ศ. ๒๔๙๙ ภูมิพลอดุลยเดช ป.ร. ให้ไว้ ณ วันที่ ๑ สิงหาคม พ.ศ. ๒๔๙๙ เป็นปีที่ ๑๑ ในรัชกาลปัจจุบัน พระบาทสมเด็จพระปรมินทรมหาภูมิพลอดุลยเดช มีพระบรมราชโองการโปรดเกล้าฯ ให้ประกาศว่า โดยที่ประเทศไ",กฎหมายทั่วไป,พระราชบัญญัติ
kris_ก0014-1B-0005,พระราชบัญญัติการชลประทานหลวง พุทธศักราช 2485,"[22/9/2485] พระราชบัญญัติการชลประทานหลวง พุทธศักราช 2485
พระราชบัญญัติว่าด้วยการปรับเป็นพินัย พ.ศ. ๒๕๖๕ พระราชบัญญัติการชลประทานหลวง (ฉบับที่ ๒) พ.ศ. ๒๔๙๗ พระราชบัญญัติการชลประทานหลวง (ฉบับที่ ๓) พ.ศ. ๒๕๐๗   พระราชบัญญัติการชลประทานหลวง (ฉบับที่ ๔) พ.ศ. ๒๕๑๘ พระราชบั",กฎหมายทั่วไป,พระราชบัญญัติ
kris_ก0015-1B-0002,พระราชบัญญัติการฌาปนกิจสงเคราะห์ พ.ศ. 2545,"[3/5/2545] พระราชบัญญัติการฌาปนกิจสงเคราะห์ พ.ศ. 2545
พระราชบัญญัติว่าด้วยการปรับเป็นพินัย พ.ศ. ๒๕๖๕ ภูมิพลอดุลยเดช ป.ร. ให้ไว้ ณ วันที่ ๒๓ เมษายน พ.ศ. ๒๕๔๕ เป็นปีที่ ๕๗ ในรัชกาลปัจจุบัน พระบาทสมเด็จพระปรมินทรมหาภูมิพลอดุลยเดช มีพระบรมราชโองการโปรดเกล้าฯ ให้ประกาศ",กฎหมายทั่วไป,พระราชบัญญัติ
kris_ก0023-1B-0001,พระราชบัญญัติการปฏิรูปที่ดินเพื่อเกษตรกรรม พ.ศ. 2518,"[5/3/2518] พระราชบัญญัติการปฏิรูปที่ดินเพื่อเกษตรกรรม พ.ศ. 2518
พระราชบัญญัติว่าด้วยการปรับเป็นพินัย พ.ศ. ๒๕๖๕ พระราชบัญญัติการปฏิรูปที่ดินเพื่อเกษตรกรรม (ฉบับที่ ๒) พ.ศ. ๒๕๑๙ พระราชบัญญัติการปฏิรูปที่ดินเพื่อเกษตรกรรม (ฉบับที่ ๓) พ.ศ. ๒๕๓๒ ภูมิพลอดุลยเดช ป.ร. ให้ไว้ ณ วันท",กฎหมายทั่วไป,พระราชบัญญัติ
kris_ก0010-1B-0001,พระราชบัญญัติการกำหนดหลักเกณฑ์เกี่ยวกับการจ่ายเงินบางประเภทตามงบประมาณรายจ่าย พ.ศ. 2518,"[12/2/2518] พระราชบัญญัติการกำหนดหลักเกณฑ์เกี่ยวกับการจ่ายเงินบางประเภทตามงบประมาณรายจ่าย พ.ศ. 2518
พระราชบัญญัติ การกำหนดหลักเกณฑ์เกี่ยวกับการจ่ายเงิน บางประเภทตามงบประมาณรายจ่าย พ.ศ. ๒๕๑๘ ภูมิพลอดุลยเดช ป.ร. ให้ไว้ ณ วันที่ ๕ กุมภาพันธ์ พ.ศ. ๒๕๑๘ เป็นปีที่ ๓๐ ในรัชกาลปัจจุบัน พระบาทสมเด็จพระปรมินทรมหาภูมิพล",กฎหมายทั่วไป,พระราชบัญญัติ
kris_ก0011-1B-0004,พระราชบัญญัติการขนส่งทางบก พ.ศ. 2522,"[21/3/2522] พระราชบัญญัติการขนส่งทางบก พ.ศ. 2522
พระราชบัญญัติว่าด้วยการปรับเป็นพินัย พ.ศ. ๒๕๖๕ พระราชบัญญัติการขนส่งทางบก (ฉบับที่ ๒) พ.ศ. ๒๕๒๓ พระราชบัญญัติการขนส่งทางบก (ฉบับที่ ๓) พ.ศ. ๒๕๓๐ พระราชบัญญัติการขนส่งทางบก (ฉบับที่ ๔) พ.ศ. ๒๕๓๕ พระราชบัญญัติการ",กฎหมายทั่วไป,พระราชบัญญัติ
kris_ก0027-1B-0001,พระราชบัญญัติการพนัน พุทธศักราช 2478,"[1/2/2478] พระราชบัญญัติการพนัน พุทธศักราช 2478
พระราชบัญญัติ การพนัน พุทธศักราช ๒๔๗๘ พระราชบัญญัติการพนัน (ฉบับที่ ๘) พ.ศ. ๒๕๐๕ พระราชบัญญัติการพนัน (ฉบับที่ ๒) พุทธศักราช ๒๔๘๒ พระราชบัญญัติการพนัน (ฉบับที่ ๓) พุทธศักราช ๒๔๘๕ พระราชบัญญัติการพนัน (ฉบับที่ ๔",กฎหมายทั่วไป,พระราชบัญญัติ
kris_ข0001-1B-0001,พระราชบัญญัติขนาดเกวียน พระพุทธศักราช 2459 (ยกเลิก),"[28/11/2458] พระราชบัญญัติขนาดเกวียน พระพุทธศักราช 2459 (ยกเลิก)
พระราชบัญญัติ ขนาดเกวียน พระพุทธศักราช ๒๔๕๙ (ยกเลิก) มีพระบรมราชโองการในพระบาทสมเด็จพระปรเมนทรมหาวชิราวุธพระมงกุฎเกล้าเจ้าอยู่หัว ดำรัสเหนือเกล้าฯ สั่งว่า ตามหัวเมืองในสยามรัฐสิมามีเกวียนที่ใช้เป็นพาหนะในการเดิ",กฎหมายทั่วไป,พระราชบัญญัติ
kris_ข0003-1B-0001,พระราชบัญญัติข้อมูลข่าวสารของราชการ พ.ศ. 2540,"[10/9/2540] พระราชบัญญัติข้อมูลข่าวสารของราชการ พ.ศ. 2540
พระราชบัญญัติ ข้อมูลข่าวสารของราชการ พ.ศ. ๒๕๔๐ ภูมิพลอดุลยเดช ป.ร. ให้ไว้ ณ วันที่ ๒ กันยายน พ.ศ. ๒๕๔๐ เป็นปีที่ ๕๒ ในรัชกาลปัจจุบัน พระบาทสมเด็จพระปรมินทรมหาภูมิพลอดุลยเดช มีพระบรมราชโองการโปรดเกล้าฯ ให้ประกาศ",กฎหมายทั่วไป,พระราชบัญญัติ
kris_ข0004-1B-0001,พระราชบัญญัติขายตรงและตลาดแบบตรง พ.ศ. 2545,"[30/4/2545] พระราชบัญญัติขายตรงและตลาดแบบตรง พ.ศ. 2545
พระราชบัญญัติว่าด้วยการปรับเป็นพินัย พ.ศ. ๒๕๖๕ ภูมิพลอดุลยเดช ป.ร. ให้ไว้ ณ วันที่ ๒๓ เมษายน พ.ศ. ๒๕๔๕ เป็นปีที่ ๕๗ ในรัชกาลปัจจุบัน พระบาทสมเด็จพระปรมินทรมหาภูมิพลอดุลยเดช มีพระบรมราชโองการโปรดเกล้าฯ ให้ประกาศ",กฎหมายทั่วไป,พระราชบัญญัติ
kris_ข0005-1B-0001,พระราชบัญญัติเขตพัฒนาพิเศษภาคตะวันออก พ.ศ. 2561,"[14/5/2561] พระราชบัญญัติเขตพัฒนาพิเศษภาคตะวันออก พ.ศ. 2561
พระราชบัญญัติว่าด้วยการปรับเป็นพินัย พ.ศ. ๒๕๖๕ สมเด็จพระเจ้าอยู่หัวมหาวชิราลงกรณ บดินทรเทพยวรางกูร ให้ไว้ ณ วันที่ ๑๐ พฤษภาคม พ.ศ. ๒๕๖๑ เป็นปีที่ ๓ ในรัชกาลปัจจุบัน สมเด็จพระเจ้าอยู่หัวมหาวชิราลงกรณ บดินทรเทพยว",กฎหมายทั่วไป,พระราชบัญญัติ
kris_ข0002-1B-0001,พระราชบัญญัติข่าวกรองแห่งชาติ พ.ศ. 2562,"[16/4/2562] พระราชบัญญัติข่าวกรองแห่งชาติ พ.ศ. 2562
พระราชบัญญัติ ข่าวกรองแห่งชาติ พ.ศ. ๒๕๖๒ สมเด็จพระเจ้าอยู่หัวมหาวชิราลงกรณ บดินทรเทพยวรางกูร ให้ไว้ ณ วันที่ ๑๕ เมษายน พ.ศ. ๒๕๖๒ เป็นปีที่ ๔ ในรัชกาลปัจจุบัน สมเด็จพระเจ้าอยู่หัวมหาวชิราลงกรณ บดินทรเทพยวรางกูร",กฎหมายทั่วไป,พระราชบัญญัติ
kris_ยล225-1B-0001,พระราชบัญญัติเครื่องราชอิศริยาภรณ์อันมีศักดิ์รามาธิบดี (ยกเลิก),"[22/7/2461] พระราชบัญญัติเครื่องราชอิศริยาภรณ์อันมีศักดิ์รามาธิบดี (ยกเลิก)
พระราชบัญญัติ เครื่องราชอิศริยาภรณ์อันมีศักดิ์รามาธิบดี (ยกเลิก) โปรดดูรายละเอียดของกฎหมาย ที่เว็บไซต์ราชกิจจานุเบกษา https://ratchakitcha.soc.go.th/",กฎหมายทั่วไป,พระราชบัญญัติ
kris_ยล118-1C-0001,พระราชกำหนดเครื่องแต่งกายผู้มีตำแหน่งเฝ้า พุทธศักราช 2469 (ยกเลิก),"[6/6/2469] พระราชกำหนดเครื่องแต่งกายผู้มีตำแหน่งเฝ้า พุทธศักราช 2469 (ยกเลิก)
พระราชกำหนด เครื่องแต่งกายผู้มีตำแหน่งเฝ้า พุทธศักราช ๒๔๖๙ และที่แก้ไขเพิ่มเติม (ยกเลิก) โปรดดูรายละเอียดของกฎหมายที่เว็บไซต์ราชกิจจานุเบกษา http://ratchakitcha.soc.go.th/",กฎหมายทั่วไป,พระราชกำหนด
kris_ยล105-1B-0001,พระราชบัญญัติควบคุมกิจการค้าขายอันกระทบถึงความปลอดภัยหรือผาสุกแห่งสาธารณชน พุทธศักราช 2471 (ยกเลิก),"[14/10/2471] พระราชบัญญัติควบคุมกิจการค้าขายอันกระทบถึงความปลอดภัยหรือผาสุกแห่งสาธารณชน พุทธศักราช 2471 (ยกเลิก)
พระราชบัญญัติควบคุมกิจการค้าขายอันกระทบถึงความปลอดภัยหรือผาสุกแห่งสาธารณชน พุทธศักราช ๒๔๗๑และที่แก้ไขเพิ่มเติม (ยกเลิก) โปรดดูรายละเอียดของกฎหมายที่เว็บไซต์ราชกิจจานุเบกษา https://ratchakitcha.soc.go.th/",กฎหมายทั่วไป,พระราชบัญญัติ
kris_ยล052-1B-0002,พระราชบัญญัติเครื่องหมายการค้า พุทธศักราช 2474 (ยกเลิก),"[5/4/2474] พระราชบัญญัติเครื่องหมายการค้า พุทธศักราช 2474 (ยกเลิก)
พระราชบัญญัติเครื่องหมายการค้าแก้ไขเพิ่มเติม พุทธศักราช ๒๔๗๖ พระราชบัญญัติเครื่องหมายการค้า (ฉบับที่ ๓) พ.ศ. ๒๕๐๔ พระบาทสมเด็จพระปรมินทรมหาประชาธิปก พระปกเกล้าเจ้าอยู่หัว มีพระบรมราชโองการโปรดเกล้า ฯ ให้ประกาศจ",กฎหมายทั่วไป,พระราชบัญญัติ
kris_ค0008-1B-0004,พระราชบัญญัติควบคุมการขายทอดตลาดและค้าของเก่า พุทธศักราช 2474,"[24/5/2474] พระราชบัญญัติควบคุมการขายทอดตลาดและค้าของเก่า พุทธศักราช 2474
พระราชบัญญัติว่าด้วยการปรับเป็นพินัย พ.ศ. ๒๕๖๕ พระราชบัญญัติควบคุมการขายทอดตลาดและค้าของเก่า (ฉบับที่ ๒) พุทธศักราช ๒๔๘๑ พระราชบัญญัติควบคุมการขายทอดตลาดและค้าของเก่า (ฉบับที่ ๓) พุทธศักราช ๒๔๘๔ พระราชบัญญัติคว",กฎหมายทั่วไป,พระราชบัญญัติ
kris_ยล086-1B-0001,พระราชบัญญัติคุ้มครองวรรณกรรมและศิลปกรรม พุทธศักราช 2474 (ยกเลิก),"[21/6/2474] พระราชบัญญัติคุ้มครองวรรณกรรมและศิลปกรรม พุทธศักราช 2474 (ยกเลิก)
พระราชบัญญัติ คุ้มครองวรรณกรรมและศิลปกรรม พุทธศักราช ๒๔๗๔ (ยกเลิก) โปรดดูรายละเอียดของกฎหมายที่เว็บไซต์ราชกิจจานุเบกษา https://ratchakitcha.soc.go.th/",กฎหมายทั่วไป,พระราชบัญญัติ
kris_ยล117-1B-0001,พระราชบัญญัติคุ้มครองเครื่องแบบลูกเสือและเครื่องแบบเจ้าหน้าที่ลูกเสือ พุทธศักราช 2476 (ยกเลิก),"[25/3/2476] พระราชบัญญัติคุ้มครองเครื่องแบบลูกเสือและเครื่องแบบเจ้าหน้าที่ลูกเสือ พุทธศักราช 2476 (ยกเลิก)
พระราชบัญญัติ คุ้มครองเครื่องแบบลูกเสือและเครื่องแบบเจ้าหน้าที่ลูกเสือ พุทธศักราช ๒๔๗๖ (ยกเลิก) โปรดดูรายละเอียดของกฎหมายที่เว็บไซต์ราชกิจจานุเบกษา http://ratchakitcha.soc.go.th/",กฎหมายทั่วไป,พระราชบัญญัติ
kris_ยล135-1B-0001,พระราชบัญญัติควบคุมการก่อสร้างในเขตต์เพลิงไหม้ พุทธศักราช 2476 (ยกเลิก),"[24/4/2477] พระราชบัญญัติควบคุมการก่อสร้างในเขตต์เพลิงไหม้ พุทธศักราช 2476 (ยกเลิก)
พระราชบัญญัติควบคุมการก่อสร้างในเขตต์เพลิงไหม้พุทธศักราช ๒๔๗๖ และที่แก้ไขเพิ่มเติม (ยกเลิก) โปรดดูรายละเอียดของกฎหมายที่เว็บไซต์ราชกิจจานุเบกษา https://ratchakitcha.soc.go.th/",กฎหมายทั่วไป,พระราชบัญญัติ
kris_ค0137-1B-0003,พระราชบัญญัติเครื่องแบบตำรวจ พุทธศักราช 2477 (ยกเลิก),"[12/9/2477] พระราชบัญญัติเครื่องแบบตำรวจ พุทธศักราช 2477 (ยกเลิก)
พระราชบัญญัติเครื่องแบบตำรวจ (ฉบับที่ ๓) พุทธศักราช ๒๔๘๓ ในพระปรมาภิไธยสมเด็จพระเจ้าอยู่หัวอานันทมหิดล คณะผู้สำเร็จราชการแทนพระองค์ (ตามประกาศประธานสภาผู้แทนราษฎร ลงวันที่ ๗ มีนาคม พุทธศักราช ๒๔๗๗) อนุวัตน์จาตุ",กฎหมายทั่วไป,พระราชบัญญัติ
kris_ค0036-1B-0001,พระราชบัญญัติเครื่องแบบข้าราชการฝ่ายพลเรือน พุทธศักราช 2478,"[1/1/2478] พระราชบัญญัติเครื่องแบบข้าราชการฝ่ายพลเรือน พุทธศักราช 2478
พระราชบัญญัติ เครื่องแบบข้าราชการฝ่ายพลเรือน พุทธศักราช ๒๔๗๘ ในพระปรมาภิไธยสมเด็จพระเจ้าอยู่หัวอานันทมหิดล คณะผู้สำเร็จราชการแทนพระองค์ (ตามประกาศประธานสภาผู้แทนราษฎร ลงวันที่ ๒๐ สิงหาคม พุทธศักราช ๒๔๗๘) น.อ. อ",กฎหมายทั่วไป,พระราชบัญญัติ
kris_ค0041-1B-0001,พระราชบัญญัติเครื่องแบบทหาร พุทธศักราช 2477,"[28/4/2478] พระราชบัญญัติเครื่องแบบทหาร พุทธศักราช 2477
พระราชบัญญัติ เครื่องแบบทหาร พุทธศักราช ๒๔๗๗ พระราชบัญญัติเครื่องแบบทหารแก้ไขเพิ่มเติม พุทธศักราช ๒๔๗๘ พระราชบัญญัติเครื่องแบบทหาร (ฉบับที่ ๓) พุทธศักราช ๒๔๘๕ พระราชบัญญัติเครื่องแบบทหาร (ฉบับที่ ๔) พ.ศ. ๒๕๑๔ ใ",กฎหมายทั่วไป,พระราชบัญญัติ
kris_ยล063-1B-0001,พระราชบัญญัติควบคุมการจอดเรือในแม่น้ำลำคลอง พุทธศักราช 2479 (ยกเลิก),"[14/3/2479] พระราชบัญญัติควบคุมการจอดเรือในแม่น้ำลำคลอง พุทธศักราช 2479 (ยกเลิก)
พระราชบัญญัติ ควบคุมการจอดเรือในแม่น้ำลำคลอง พุทธศักราช ๒๔๗๙ (ยกเลิก) โปรดดูรายละเอียดของกฎหมายที่เว็บไซต์ราชกิจจานุเบกษา https://ratchakitcha.soc.go.th/",กฎหมายทั่วไป,พระราชบัญญัติ
kris_ค0074-1B-0001,พระราชบัญญัติคุ้มครองหมุดหลักฐานการแผนที่ พุทธศักราช 2478,"[8/4/2479] พระราชบัญญัติคุ้มครองหมุดหลักฐานการแผนที่ พุทธศักราช 2478
พระราชบัญญัติ คุ้มครองหมุดหลักฐานการแผนที่ พุทธศักราช ๒๔๗๘ ในพระปรมาภิไธยสมเด็จพระเจ้าอยู่หัวอานันทมหิดล คณะผู้สำเร็จราชการแทนพระองค์ (ตามประกาศประธานสภาผู้แทนราษฎร ลงวันที่ ๒๐ สิงหาคม พุทธศักราช ๒๔๗๘) อาทิตย์ท",กฎหมายทั่วไป,พระราชบัญญัติ
kris_ยล031-1B-0003,พระราชบัญญัติควบคุมการก่อสร้างอาคาร พุทธศักราช 2479 (ยกเลิก),"[29/11/2479] พระราชบัญญัติควบคุมการก่อสร้างอาคาร พุทธศักราช 2479 (ยกเลิก)
ประกาศของคณะปฏิวัติ ฉบับที่ ๑๙๒ ลงวันที่ ๓๑ กรกฎาคม พุทธศักราช ๒๕๑๕ พระราชบัญญัติควบคุมการก่อสร้างอาคาร (ฉบับที่ ๒) พ.ศ. ๒๕๐๘ ในพระปรมาภิไธยสมเด็จพระเจ้าอยู่หัวอานันทมหิดล คณะผู้สำเร็จราชการแทนพระองค์ (ตามประกา",กฎหมายทั่วไป,พระราชบัญญัติ
kris_ค0015-1B-0002,พระราชบัญญัติควบคุมการประกอบโรคศิลปะ พุทธศักราช 2479 (ยกเลิก),"[26/4/2480] พระราชบัญญัติควบคุมการประกอบโรคศิลปะ พุทธศักราช 2479 (ยกเลิก)
คำสั่งของคณะปฏิรูปการปกครองแผ่นดิน ฉบับที่ ๓๘ ลงวันที่ ๒๑ ตุลาคม พุทธศักราช ๒๕๑๕ พระราชบัญญัติควบคุมการประกอบโรคศิลปะ (ฉบับที่ ๒) พุทธศักราช ๒๔๘๐ พระราชบัญญัติควบคุมการประกอบโรคศิลปะ (ฉบับที่ ๓) พุทธศักราช ๒๔๘๓",กฎหมายทั่วไป,พระราชบัญญัติ
kris_ยล116-1B-0001,พระราชบัญญัติควบคุมกิจการธนาคาร พุทธศักราช 2480,"[30/9/2480] พระราชบัญญัติควบคุมกิจการธนาคาร พุทธศักราช 2480
พระราชบัญญัติ ควบคุมกิจการธนาคาร พุทธศักราช 2480 (ยกเลิก) โปรดดูรายละเอียดของกฎหมายที่เว็บไซต์ราชกิจจานุเบกษา http://ratchakitcha.soc.go.th/",กฎหมายทั่วไป,พระราชบัญญัติ
kris_ค0027-1B-0002,พระราชบัญญัติควบคุมยาง พุทธศักราช 2481 (ยกเลิก),"[13/1/2481] พระราชบัญญัติควบคุมยาง พุทธศักราช 2481 (ยกเลิก)
พระราชบัญญัติควบคุมยาง (ฉบับที่ ๓) พ.ศ. ๒๔๙๐ ในพระปรมาภิไธยสมเด็จพระเจ้าอยู่หัวอานันทมหิดล คณะผู้สำเร็จราชการแทนพระองค์ (ตามประกาศประธานสภาผู้แทนราษฎร ลงวันที่ ๔ สิงหาคม พุทธศักราช ๒๔๘๐) อาทิตย์ทิพอาภา พล.อ. เจ",กฎหมายทั่วไป,พระราชบัญญัติ
kris_ยล143-1B-0001,พระราชบัญญัติควบคุมสุสานและฌาปนสถาน พุทธศักราช 2481 (ยกเลิก),"[20/3/2481] พระราชบัญญัติควบคุมสุสานและฌาปนสถาน พุทธศักราช 2481 (ยกเลิก)
พระราชบัญญัติ ควบคุมสุสานและฌาปนสถาน พุทธศักราช ๒๔๘๑ และที่แก้ไขเพิ่มเติม (ยกเลิก) โปรดดูรายละเอียดของกฎหมายที่เว็บไซต์ราชกิจจานุเบกษา https://ratchakitcha.soc.go.th/",กฎหมายทั่วไป,พระราชบัญญัติ
kris_ยล211-1B-0001,พระราชบัญญัติคุ้มครองและสงวนป่า พุทธศักราช 2481 (ยกเลิก),"[3/4/2482] พระราชบัญญัติคุ้มครองและสงวนป่า พุทธศักราช 2481 (ยกเลิก)
พระราชบัญญัติคุ้มครองและสงวนป่าพุทธศักราช ๒๔๘๑ และที่แก้ไขเพิ่มเติม (ยกเลิก) โปรดดูรายละเอียดของกฎหมายที่เว็บไซต์ราชกิจจานุเบกษา https://ratchakitcha.soc.go.th/",กฎหมายทั่วไป,พระราชบัญญัติ
kris_ยล186-1B-0001,พระราชบัญญัติควบคุมการฆ่า ขาย โค กระบือ แพะ แกะ และสุกร พุทธศักราช 2481 (ยกเลิก),"[17/4/2482] พระราชบัญญัติควบคุมการฆ่า ขาย โค กระบือ แพะ แกะ และสุกร พุทธศักราช 2481 (ยกเลิก)
พระราชบัญญัติ ควบคุมการฆ่า ขาย โค กระบือ แพะ แกะ และสุกร พุทธศักราช ๒๔๘๑ (ยกเลิก) โปรดดูรายละเอียดของกฎหมายที่เว็บไซต์ราชกิจจานุเบกษา https://ratchakitcha.soc.go.th/",กฎหมายทั่วไป,พระราชบัญญัติ
kris_ยล255-1B-0001,พระราชบัญญัติควบคุมการส่งออกไปนอกและการนำเข้ามาในราชอาณาจักรซึ่งสินค้าบางอย่าง พุทธศักราช 2482 (ยกเลิก),"[26/10/2482] พระราชบัญญัติควบคุมการส่งออกไปนอกและการนำเข้ามาในราชอาณาจักรซึ่งสินค้าบางอย่าง พุทธศักราช 2482 (ยกเลิก)
พระราชบัญญัติควบคุมการส่งออกไปนอกและการนำเข้ามาในราชอาณาจักรซึ่งสินค้าบางอย่าง พุทธศักราช ๒๔๘๒ และที่แก้ไขเพิ่มเติม (ยกเลิก) โปรดดูรายละเอียดของกฎหมายที่เว็บไซต์ราชกิจจานุเบกษา https://ratchakitcha.soc.go.th/",กฎหมายทั่วไป,พระราชบัญญัติ
kris_ยล142-1B-0001,พระราชบัญญัติควบคุมการส่งออกไปนอกและการนําเข้ามาในราชอาณาจักร ซึ่งสินค้าบางอย่าง พุทธศักราช 2482 (ยกเลิก),"[26/10/2482] พระราชบัญญัติควบคุมการส่งออกไปนอกและการนําเข้ามาในราชอาณาจักร ซึ่งสินค้าบางอย่าง พุทธศักราช 2482 (ยกเลิก)
พระราชบัญญัติ ควบคุมการส่งออกไปนอกและการ นําเข้ามาในราชอาณาจักร ซึ่งสินค้าบางอย่าง พุทธศักราช ๒๔๘๒ และที่แก้ไขเพิ่มเติม (ยกเลิก) โปรดดูรายละเอียดของกฎหมายที่เว็บไซต์ราชกิจจานุเบกษา https://ratchakitcha.soc.go.t",กฎหมายทั่วไป,พระราชบัญญัติ
kris_ค0048-1B-0001,พระราชบัญญัติเครื่องหมายราชการ พุทธศักราช 2482,"[30/10/2482] พระราชบัญญัติเครื่องหมายราชการ พุทธศักราช 2482
พระราชบัญญัติ เครื่องหมายราชการ พุทธศักราช ๒๔๘๒ ในพระปรมาภิไธยสมเด็จพระเจ้าอยู่หัวอานันทมหิดล คณะผู้สำเร็จราชการแทนพระองค์ (ตามประกาศประธานสภาผู้แทนราษฎร ลงวันที่ ๔ สิงหาคม พุทธศักราช ๒๔๘๐) อาทิตย์ทิพอาภา พล.อ.",กฎหมายทั่วไป,พระราชบัญญัติ
kris_ค0033-1B-0001,พระราชบัญญัติคุ้มครองความลับในราชการ พุทธศักราช 2483,"[6/12/2483] พระราชบัญญัติคุ้มครองความลับในราชการ พุทธศักราช 2483
พระราชบัญญัติ คุ้มครองความลับในราชการ พุทธศักราช ๒๔๘๓ ในพระปรมาภิไธยสมเด็จพระเจ้าอยู่หัวอานันทมหิดล คณะผู้สำเร็จราชการแทนพระองค์ (ตามประกาศประธานสภาผู้แทนราษฎร ลงวันที่ ๔ สิงหาคม พุทธศักราช ๒๔๘๐) อาทิตย์ ทิพอาภ",กฎหมายทั่วไป,พระราชบัญญัติ
kris_ค0076-1C-0002,พระราชกำหนดควบคุมและดำเนินงานภารธุระการทำเหมืองแร่ทองคำ พุทธศักราช 2483 (ยกเลิก),"[25/12/2483] พระราชกำหนดควบคุมและดำเนินงานภารธุระการทำเหมืองแร่ทองคำ พุทธศักราช 2483 (ยกเลิก)
พระราชบัญญัติอนุมัติพระราชกำหนดควบคุมและดำเนินงานภารธุระการทำเหมืองแร่ทองคำ พุทธศักราช ๒๔๘๓ ในพระปรมาภิไธยสมเด็จพระเจ้าอยู่หัวอานันทมหิดล คณะผู้สำเร็จราชการแทนพระองค์ (ตามประกาศประธานสภาผู้แทนราษฎร ลงวันที่ ๔ ส",กฎหมายทั่วไป,พระราชกำหนด
kris_ยล079-1B-0001,พระราชบัญญัติคณะสงฆ์ พุทธศักราช 2484 (ยกเลิก),"[14/10/2484] พระราชบัญญัติคณะสงฆ์ พุทธศักราช 2484 (ยกเลิก)
พระราชบัญญัติคณะสงฆ์พุทธศักราช ๒๔๘๔ (ยกเลิก) โปรดดูรายละเอียดของกฎหมายที่เว็บไซต์ราชกิจจานุเบกษา https://ratchakitcha.soc.go.th/",กฎหมายทั่วไป,พระราชบัญญัติ
kris_ค0099-1B-0001,พระราชบัญญัติเครื่องราชอิสริยาภรณ์จุลจอมเกล้า พุทธศักราช 2484,"[12/11/2484] พระราชบัญญัติเครื่องราชอิสริยาภรณ์จุลจอมเกล้า พุทธศักราช 2484
พระราชบัญญัติเครื่องราชอิสริยาภรณ์จุลจอมเกล้า (ฉบับที่ ๒) พ.ศ. ๒๕๐๙ ในพระปรมาภิไธยสมเด็จพระเจ้าอยู่หัวอานันทมหิดล คณะผู้สำเร็จราชการแทนพระองค์ (ตามประกาศประธานสภาผู้แทนราษฏร ลงวันที่ ๔ สิงหาคม พุทธศักราช ๒๔๘๐)",กฎหมายทั่วไป,พระราชบัญญัติ
kris_ค0075-1B-0001,พระราชบัญญัติควบคุมกิจการธนาคารในภาวะฉุกเฉิน พุทธศักราช 2484,"[12/12/2484] พระราชบัญญัติควบคุมกิจการธนาคารในภาวะฉุกเฉิน พุทธศักราช 2484
พระราชบัญญัติ ควบคุมกิจการธนาคารในภาวะฉุกเฉิน พุทธศักราช ๒๔๘๔ ในพระปรมาภิไธยสมเด็จพระเจ้าอยู่หัวอานันทมหิดล คณะผู้สำเร็จราชการแทนพระองค์ (ตามประกาศประธานสภาผู้แทนราษฎร ลงวันที่ ๔ สิงหาคม พุทธศักราช ๒๔๘๐) อาทิตย",กฎหมายทั่วไป,พระราชบัญญัติ
kris_ยล064-1B-0001,พระราชบัญญัติควบคุมคุณภาพอาหาร พุทธศักราช 2484 (ยกเลิก),"[16/12/2484] พระราชบัญญัติควบคุมคุณภาพอาหาร พุทธศักราช 2484 (ยกเลิก)
พระราชบัญญัติ ควบคุมคุณภาพอาหาร พุทธศักราช ๒๔๘๔ และที่แก้ไขเพิ่มเติม (ยกเลิก) โปรดดูรายละเอียดของกฎหมายที่เว็บไซต์ราชกิจจานุเบกษา https://ratchakitcha.soc.go.th/",กฎหมายทั่วไป,พระราชบัญญัติ
kris_ค0072-1B-0002,พระราชบัญญัติควบคุมและจัดการกิจการหรือทรัพย์สินของคนต่างด้าวบางจำพวกในภาวะคับขัน พุทธศักราช 2484 (ยกเลิก),"[26/12/2484] พระราชบัญญัติควบคุมและจัดการกิจการหรือทรัพย์สินของคนต่างด้าวบางจำพวกในภาวะคับขัน พุทธศักราช 2484 (ยกเลิก)
พระราชบัญญัติ ควบคุมและจัดการกิจการหรือทรัพย์สินของคนต่างด้าว บางจำพวกในภาวะคับขัน พุทธศักราช ๒๔๘๔ (ยกเลิก) ในพระปรมาภิไธยสมเด็จพระเจ้าอยู่หัวอานันทมหิดล คณะผู้สำเร็จราชการแทนพระองค์ (ตามประกาศประธานสภาผู้แทนรา",กฎหมายทั่วไป,พระราชบัญญัติ
kris_ค0017-1B-0001,พระราชบัญญัติควบคุมการแลกเปลี่ยนเงิน พุทธศักราช 2485,"[1/2/2485] พระราชบัญญัติควบคุมการแลกเปลี่ยนเงิน พุทธศักราช 2485
ประกาศสำนักนายกรัฐมนตรี เรื่อง การอนุมัติพระราชกำหนดแก้ไขเพิ่มเติมพระราชบัญญัติควบคุมการแลกเปลี่ยนเงิน พุทธศักราช ๒๔๘๕ (ฉบับที่ ๒) พ.ศ. ๒๕๒๗ พระราชบัญญัติควบคุมการแลกเปลี่ยนเงิน (ฉบับที่ ๒) พ.ศ. ๒๕๕๙ ในพระปรมาภ",กฎหมายทั่วไป,พระราชบัญญัติ
kris_ค0073-1B-0001,พระราชบัญญัติคุ้มครองสิ่งที่ใช้เพื่อสาธารณประโยชน์ในภาวะคับขัน พุทธศักราช 2486 (ยกเลิก),"[12/10/2486] พระราชบัญญัติคุ้มครองสิ่งที่ใช้เพื่อสาธารณประโยชน์ในภาวะคับขัน พุทธศักราช 2486 (ยกเลิก)
พระราชบัญญัติ คุ้มครองสิ่งที่ใช้เพื่อสาธารณประโยชน์ในภาวะคับขัน พุทธศักราช ๒๔๘๖ (ยกเลิก) ในพระปรมาภิไธยสมเด็จพระเจ้าอยู่หัวอานันทมหิดล คณะผู้สำเร็จราชการแทนพระองค์ (ตามประกาศประธานสภาผู้แทนราษฎร ลงวันที่ ๔ สิงห",กฎหมายทั่วไป,พระราชบัญญัติ
kris_ยล153-1B-0001,พระราชบัญญัติควบคุมค่าเช่าในภาวะคับขัน พุทธศักราช 2486 (ยกเลิก),"[2/11/2486] พระราชบัญญัติควบคุมค่าเช่าในภาวะคับขัน พุทธศักราช 2486 (ยกเลิก)
พระราชบัญญัติ ควบคุมค่าเช่าในภาวะคับขัน พุทธศักราช ๒๔๘๖ และที่แก้ไขเพิ่มเติม (ยกเลิก) โปรดดูรายละเอียดของกฎหมายที่เว็บไซต์ราชกิจจานุเบกษา https://ratchakitcha.soc.go.th/",กฎหมายทั่วไป,พระราชบัญญัติ
kris_ค0035-1B-0001,พระราชบัญญัติเครื่องแบบกรรมการสภาวัฒนธรรมแห่งชาติ พุทธศักราช 2486 (ยกเลิก),"[21/12/2486] พระราชบัญญัติเครื่องแบบกรรมการสภาวัฒนธรรมแห่งชาติ พุทธศักราช 2486 (ยกเลิก)
พระราชบัญญัติ เครื่องแบบกรรมการสภาวัฒนธรรมแห่งชาติ พุทธศักราช ๒๔๘๖ (ยกเลิก) ในพระปรมาภิไธยสมเด็จพระเจ้าอยู่หัวอานันทมหิดล คณะผู้สำเร็จราชการแทนพระองค์ (ตามประกาศประธานสภาผู้แทนราษฎร ลงวันที่ ๔ สิงหาคม พุทธศักรา",กฎหมายทั่วไป,พระราชบัญญัติ
kris_ค0016-1B-0001,พระราชบัญญัติควบคุมการเรี่ยไร พุทธศักราช 2487,"[18/1/2487] พระราชบัญญัติควบคุมการเรี่ยไร พุทธศักราช 2487
พระราชบัญญัติว่าด้วยการปรับเป็นพินัย พ.ศ. ๒๕๖๕ ในพระปรมาภิไธยสมเด็จพระเจ้าอยู่หัวอานันทมหิดล คณะผู้สำเร็จราชการแทนพระองค์ (ตามประกาศประธานสภาผู้แทนราษฎร ลงวันที่ ๔ สิงหาคม พุทธศักราช ๒๔๘๐ และวันที่ ๑๖ ธันวาคม พ",กฎหมายทั่วไป,พระราชบัญญัติ
kris_ค0003-1B-0003,พระราชบัญญัติครู พุทธศักราช 2488 (ยกเลิก),"[16/1/2488] พระราชบัญญัติครู พุทธศักราช 2488 (ยกเลิก)
พระราชบัญญัติ ครู พุทธศักราช ๒๔๘๘ (ยกเลิก) พระราชบัญญัติครู (ฉบับที่ ๒) พ.ศ. ๒๔๙๕ พระราชบัญญัติครู (ฉบับที่ ๓) พ.ศ. ๒๕๐๙ พระราชบัญญัติครู (ฉบับที่ ๔) พ.ศ. ๒๕๑๙ พระราชบัญญัติครู (ฉบับที่ ๕) พ.ศ. ๒๕๒๑ พระราชบัญญั",กฎหมายทั่วไป,พระราชบัญญัติ
kris_ค0022-1B-0001,พระราชบัญญัติควบคุมเครื่องอุปโภคบริโภคและของอื่น ๆ ในภาวะคับขัน พุทธศักราช 2488 (ยกเลิก),"[6/2/2488] พระราชบัญญัติควบคุมเครื่องอุปโภคบริโภคและของอื่น ๆ ในภาวะคับขัน พุทธศักราช 2488 (ยกเลิก)
พระราชบัญญัติ ควบคุมเครื่องอุปโภคบริโภคและของอื่น ๆ ในภาวะคับขัน พุทธศักราช ๒๔๘๘ (ยกเลิก) ในพระปรมาภิไธยสมเด็จพระเจ้าอยู่หัวอานันทมหิดล ผู้สำเร็จราชการแทนพระองค์ (ตามประกาศประธานสภาผู้แทนราษฎร ลงวันที่ ๑ สิงหาค",กฎหมายทั่วไป,พระราชบัญญัติ
kris_ยล220-1B-0001,พระราชบัญญัติควบคุมค่าเช่าในภาวะคับขัน พุทธศักราช 2489 (ยกเลิก),"[12/3/2489] พระราชบัญญัติควบคุมค่าเช่าในภาวะคับขัน พุทธศักราช 2489 (ยกเลิก)
พระราชบัญญัติ ควบคุมค่าเช่าในภาวะคับขัน พุทธศักราช ๒๔๘๙ และที่แก้ไขเพิ่มเติม (ยกเลิก) โปรดดูรายละเอียดของกฎหมาย ที่เว็บไซต์ราชกิจจานุเบกษา https://ratchakitcha.soc.go.th/",กฎหมายทั่วไป,พระราชบัญญัติ
kris_ค0071-1B-0001,พระราชบัญญัติคืนฐานะเดิมแก่ข้าราชการพลเรือน ทหาร หรือตำรวจซึ่งกระทำการต่อต้านการดำเนินการสงครามของญี่ปุ่น พุทธศักราช 2489,"[9/5/2489] พระราชบัญญัติคืนฐานะเดิมแก่ข้าราชการพลเรือน ทหาร หรือตำรวจซึ่งกระทำการต่อต้านการดำเนินการสงครามของญี่ปุ่น พุทธศักราช 2489
พระราชบัญญัติ คืนฐานะเดิมแก่ข้าราชการพลเรือน ทหาร หรือตำรวจ ซึ่งกระทำการต่อต้านการดำเนินการสงครามของญี่ปุ่น พุทธศักราช ๒๔๘๙ อานันทมหิดล ตราไว้ ณ วันที่ ๘ พฤษภาคม พุทธศักราช ๒๔๘๙ เป็นปีที่ ๑๓ ในรัชกาลปัจจุบัน สม",กฎหมายทั่วไป,พระราชบัญญัติ
kris_ค0070-1B-0001,พระราชบัญญัติคืนยศ บรรดาศักดิ์ เครื่องราชอิสสริยาภรณ์ และสิทธิในการรับเบี้ยหวัด บําเหน็จและบํานาญ พุทธศักราช 2489,"[9/5/2489] พระราชบัญญัติคืนยศ บรรดาศักดิ์ เครื่องราชอิสสริยาภรณ์ และสิทธิในการรับเบี้ยหวัด บําเหน็จและบํานาญ พุทธศักราช 2489
พระราชบัญญัติคืนยศ บรรดาศักดิ์ เครื่องราชอิสสริยาภรณ์ และสิทธิในการรับเบี้ยหวัด บำเหน็จ และบำนาญ (ฉะบับที่ ๒) พ.ศ. ๒๔๙๑ อานันทมหิดล ตราไว้ ณ วันที่ ๘ พฤษภาคม พุทธศักราช ๒๔๘๙ เป็นปีที่ ๑๓ ในรัชกาลปัจจุบัน สมเด็จ",กฎหมายทั่วไป,พระราชบัญญัติ
kris_ค0010-1B-0001,พระราชบัญญัติควบคุมการโฆษณาโดยใช้เครื่องขยายเสียง พ.ศ. 2493,"[7/2/2493] พระราชบัญญัติควบคุมการโฆษณาโดยใช้เครื่องขยายเสียง พ.ศ. 2493
พระราชบัญญัติว่าด้วยการปรับเป็นพินัย พ.ศ. ๒๕๖๕ ในพระปรมาภิไธยสมเด็จพระเจ้าอยู่หัวภูมิพลอดุลยเดช รังสิต กรมขุนชัยนาทนเรนทร ผู้สำเร็จราชการแทนพระองค์ ให้ไว้ ณ วันที่ ๓๐ มกราคม พ.ศ. ๒๔๙๓ เป็นปีที่ ๕ ในรัชกาลปัจจุบ",กฎหมายทั่วไป,พระราชบัญญัติ
kris_ยล088-1B-0001,พระราชบัญญัติคนเข้าเมือง พ.ศ. 2493 (ยกเลิก),"[26/12/2493] พระราชบัญญัติคนเข้าเมือง พ.ศ. 2493 (ยกเลิก)
พระราชบัญญัติคนเข้าเมืองพ.ศ. ๒๔๙๓และที่แก้ไขเพิ่มเติม (ยกเลิก) โปรดดูรายละเอียดของกฎหมายที่เว็บไซต์ราชกิจจานุเบกษา https://ratchakitcha.soc.go.th/",กฎหมายทั่วไป,พระราชบัญญัติ
kris_ค0018-1B-0001,พระราชบัญญัติควบคุมการส่งออกไปนอกราชอาณาจักรซึ่งอาวุธยุทธภัณฑ์ และสิ่งที่ใช้ในการสงคราม พ.ศ. 2495,"[29/1/2495] พระราชบัญญัติควบคุมการส่งออกไปนอกราชอาณาจักรซึ่งอาวุธยุทธภัณฑ์ และสิ่งที่ใช้ในการสงคราม พ.ศ. 2495
พระราชบัญญัติ ควบคุมการส่งออกไปนอกราชอาณาจักร ซึ่งอาวุธยุทธภัณฑ์ และสิ่งที่ใช้ในการสงคราม พ.ศ. ๒๔๙๕ ภูมิพลอดุลยเดช ป.ร. ให้ไว้ ณ วันที่ ๒๒ มกราคม พ.ศ. ๒๔๙๕ เป็นปีที่ ๗ ในรัชกาลปัจจุบัน พระบาทสมเด็จพระปรมินทรมหา",กฎหมายทั่วไป,พระราชบัญญัติ
kris_ค0024-1B-0001,พระราชบัญญัติควบคุมโภคภัณฑ์ พ.ศ. 2495,"[26/2/2495] พระราชบัญญัติควบคุมโภคภัณฑ์ พ.ศ. 2495
พระราชบัญญัติ ควบคุมโภคภัณฑ์ พ.ศ. ๒๔๙๕ ภูมิพลอดุลยเดช ป.ร. ให้ไว้ ณ วันที่ ๒๓ กุมภาพันธ์ พ.ศ. ๒๔๙๕ เป็นปีที่ ๗ ในรัชกาลปัจจุบัน พระบาทสมเด็จพระปรมินทรมหาภูมิพลอดุลยเดช มีพระบรมราชโองการโปรดเกล้าฯ ให้ประกาศว่า โ",กฎหมายทั่วไป,พระราชบัญญัติ
kris_ยล034-1B-0001,พระราชบัญญัติควบคุมการฆ่าสัตว์และจำหน่ายเนื้อสัตว์ พ.ศ. 2502 (ยกเลิก),"[26/1/2503] พระราชบัญญัติควบคุมการฆ่าสัตว์และจำหน่ายเนื้อสัตว์ พ.ศ. 2502 (ยกเลิก)
พระราชบัญญัติ ควบคุมการฆ่าสัตว์และจำหน่ายเนื้อสัตว์ พ.ศ. ๒๕๐๒ (ยกเลิก) พระราชบัญญัติควบคุมการฆ่าสัตว์และจำหน่ายเนื้อสัตว์ (ฉบับที่ ๒) พ.ศ.๒๕๐๔ ภูมิพลอดุลยเดช ป.ร. ให้ไว้ ณ วันที่ ๓๑ ธันวาคม พ.ศ. ๒๕๐๒ เป็นปีที่",กฎหมายทั่วไป,พระราชบัญญัติ
kris_ค0011-1B-0001,พระราชบัญญัติคุ้มครองการดําเนินงานขององค์การ สนธิสัญญาการป้องกันร่วมกันแห่งเอเซียอาคเนย์ พ.ศ. 2503,"[11/10/2503] พระราชบัญญัติคุ้มครองการดําเนินงานขององค์การ สนธิสัญญาการป้องกันร่วมกันแห่งเอเซียอาคเนย์ พ.ศ. 2503
พระราชบัญญัติ คุ้มครองการดำเนินงานขององค์การสนธิสัญญา การป้องกันร่วมกันแห่งเอเชียอาคเนย์ พ.ศ. ๒๕๐๓ ในพระปรมาภิไธย พระบาทสมเด็จพระปรมินทรมหาภูมิพลอดุลยเดช สังวาลย์ ผู้สำเร็จราชการแทนพระองค์ ให้ไว้ ณ วันที่ ๓ ตุล",กฎหมายทั่วไป,พระราชบัญญัติ
kris_ค0049-1B-0001,พระราชบัญญัติคุ้มครองการดำเนินงานของสหประชาชาติและทบวงการชำนัญพิเศษในประเทศไทย พ.ศ. 2504,"[23/12/2504] พระราชบัญญัติคุ้มครองการดำเนินงานของสหประชาชาติและทบวงการชำนัญพิเศษในประเทศไทย พ.ศ. 2504
พระราชบัญญัติ คุ้มครองการดำเนินงานของสหประชาชาติและ ทบวงการชำนัญพิเศษในประเทศไทย พ.ศ. ๒๕๐๔ ภูมิพลอดุลยเดช ป.ร. ให้ไว้ ณ วันที่ ๑๓ ธันวาคม พ.ศ. ๒๕๐๔ เป็นปีที่ ๑๖ ในรัชกาลปัจจุบัน พระบาทสมเด็จพระปรมินทรมหาภูมิพลอ",กฎหมายทั่วไป,พระราชบัญญัติ
kris_ค0026-1B-0001,พระราชบัญญัติคุ้มครองการดำเนินงานของทบวงการพลังงานปรมาณูระหว่างประเทศในประเทศไทย พ.ศ. 2505,"[27/3/2505] พระราชบัญญัติคุ้มครองการดำเนินงานของทบวงการพลังงานปรมาณูระหว่างประเทศในประเทศไทย พ.ศ. 2505
พระราชบัญญัติ คุ้มครองการดำเนินงานของทบวง การพลังงานปรมาณูระหว่างประเทศในประเทศไทย พ.ศ. ๒๕๐๕ ในพระปรมาภิไธย พระบาทสมเด็จพระปรมินทรมหาภูมิพลอดุลยเดช สังวาลย์ ผู้สำเร็จราชการแทนพระองค์ ให้ไว้ ณ วันที่ ๒๑ มีนาคม พ",กฎหมายทั่วไป,พระราชบัญญัติ
kris_ค0030-1B-0001,พระราชบัญญัติคันและคูน้ำ พ.ศ. 2505 (ยกเลิก),"[27/3/2505] พระราชบัญญัติคันและคูน้ำ พ.ศ. 2505 (ยกเลิก)
พระราชบัญญัติ คันและคูน้ำ พ.ศ. ๒๕๐๕ (ยกเลิก) ในพระปรมาภิไธย พระบาทสมเด็จพระปรมินทรมหาภูมิพลอดุลยเดช สังวาลย์ ผู้สำเร็จราชการแทนพระองค์ ให้ไว้ ณ วันที่ ๒๑ มีนาคม พ.ศ. ๒๕๐๕ เป็นปีที่ ๑๗ ในรัชกาลปัจจุบัน โดยที่เป็",กฎหมายทั่วไป,พระราชบัญญัติ
kris_ค0014-1B-0001,พระราชบัญญัติควบคุมการบำบัดโรคสัตว์ พ.ศ. 2505 (ยกเลิก),"[27/11/2505] พระราชบัญญัติควบคุมการบำบัดโรคสัตว์ พ.ศ. 2505 (ยกเลิก)
พระราชบัญญัติ ควบคุมการบำบัดโรคสัตว์ พ.ศ. ๒๕๐๕ (ยกเลิก) ภูมิพลอดุลยเดช ป.ร. ให้ไว้ ณ วันที่ ๒๓ พฤศจิกายน พ.ศ. ๒๕๐๕ เป็นปีที่ ๑๗ ในรัชกาลปัจจุบัน พระบาทสมเด็จพระปรมินทรมหาภูมิพลอดุลยเดช มีพระบรมราชโองการโปรดเกล้",กฎหมายทั่วไป,พระราชบัญญัติ
kris_ค0043-1B-0001,พระราชบัญญัติเครื่องแบบนักเรียนเตรียมทหาร พ.ศ. 2507,"[19/2/2507] พระราชบัญญัติเครื่องแบบนักเรียนเตรียมทหาร พ.ศ. 2507
พระราชบัญญัติ เครื่องแบบนักเรียนเตรียมทหาร พ.ศ. ๒๕๐๗ ภูมิพลอดุลยเดช ป.ร. ให้ไว้ ณ วันที่ ๑๓ กุมภาพันธ์ พ.ศ. ๒๕๐๗ เป็นปีที่ ๑๙ ในรัชกาลปัจจุบัน พระบาทสมเด็จพระปรมินทรมหาภูมิพลอดุลยเดช มีพระบรมราชโองการโปรดเกล้าฯ",กฎหมายทั่วไป,พระราชบัญญัติ
kris_ยล083-1B-0001,พระราชบัญญัติควบคุมคุณภาพอาหาร พ.ศ. 2507 (ยกเลิก),"[25/2/2507] พระราชบัญญัติควบคุมคุณภาพอาหาร พ.ศ. 2507 (ยกเลิก)
พระราชบัญญัติควบคุมคุณภาพอาหารพ.ศ. ๒๕๐๗ และที่แก้ไขเพิ่มเติม (ยกเลิก) โปรดดูรายละเอียดของกฎหมายที่เว็บไซต์ราชกิจจานุเบกษา https://ratchakitcha.soc.go.th/",กฎหมายทั่วไป,พระราชบัญญัติ
kris_ค0038-1B-0001,พระราชบัญญัติเครื่องแบบเจ้าหน้าที่ส่วนท้องถิ่น พ.ศ. 2509,"[11/10/2509] พระราชบัญญัติเครื่องแบบเจ้าหน้าที่ส่วนท้องถิ่น พ.ศ. 2509
พระราชบัญญัติ เครื่องแบบเจ้าหน้าที่ส่วนท้องถิ่น พ.ศ. ๒๕๐๙  พระราชบัญญัติเครื่องแบบเจ้าหน้าที่ส่วนท้องถิ่น (ฉบับที่ ๒) พ.ศ. ๒๕๑๑  พระราชบัญญัติเครื่องแบบเจ้าหน้าที่ส่วนท้องถิ่น (ฉบับที่ ๓) พ.ศ. ๒๕๒๘ ในพระปรมาภิไ",กฎหมายทั่วไป,พระราชบัญญัติ
kris_ค0032-1B-0001,พระราชบัญญัติคุ้มครองการดำเนินงานของสถาบันเทคโนโลยีแห่งเอเชีย พ.ศ. 2510,"[23/11/2510] พระราชบัญญัติคุ้มครองการดำเนินงานของสถาบันเทคโนโลยีแห่งเอเชีย พ.ศ. 2510
พระราชบัญญัติ คุ้มครองการดำเนินงานของสถาบันเทคโนโลยีแห่งเอเชีย พ.ศ. ๒๕๑๐ ภูมิพลอดุลยเดช ป.ร. ให้ไว้ ณ วันที่ ๑๕ พฤศจิกายน พ.ศ. ๒๕๑๐ เป็นปีที่ ๒๒ ในรัชกาลปัจจุบัน พระบาทสมเด็จพระปรมินทรมหาภูมิพลอดุลยเดช มีพระบรม",กฎหมายทั่วไป,พระราชบัญญัติ
kris_ค0040-1B-0001,พระราชบัญญัติเครื่องแบบตำรวจรัฐสภา พ.ศ. 2512,"[1/10/2512] พระราชบัญญัติเครื่องแบบตำรวจรัฐสภา พ.ศ. 2512
พระราชบัญญัติ เครื่องแบบตำรวจรัฐสภา พ.ศ. ๒๕๑๒ ภูมิพลอดุลยเดช ป.ร. ให้ไว้ ณ วันที่ ๒๔ กันยายน พ.ศ. ๒๕๑๒ เป็นปีที่ ๒๔ ในรัชกาลปัจจุบัน พระบาทสมเด็จพระปรมินทรมหาภูมิพลอดุลยเดช มีพระบรมราชโองการโปรดเกล้าฯ ให้ประกาศ",กฎหมายทั่วไป,พระราชบัญญัติ
kris_ค0005-1B-0002,พระราชบัญญัติคุ้มครองการดำเนินงานของศูนย์พัฒนาการประมงแห่งเอเชียตะวันออกเฉียงใต้ พ.ศ. 2514,"[27/4/2514] พระราชบัญญัติคุ้มครองการดำเนินงานของศูนย์พัฒนาการประมงแห่งเอเชียตะวันออกเฉียงใต้ พ.ศ. 2514
พระราชบัญญัติ คุ้มครองการดำเนินงานของศูนย์พัฒนาการประมง แห่งเอเชียตะวันออกเฉียงใต้ พ.ศ. ๒๕๑๔ ภูมิพลอดุลยเดช ป.ร. ให้ไว้ ณ วันที่ ๑๔ เมษายน พ.ศ. ๒๕๑๔ เป็นปีที่ ๒๖ ในรัชกาลปัจจุบัน พระบาทสมเด็จพระปรมินทรมหาภูมิพล",กฎหมายทั่วไป,พระราชบัญญัติ
kris_ค0029-1B-0002,พระราชบัญญัติควบคุมแร่ดีบุก พ.ศ. 2514 (ยกเลิก),"[1/8/2514] พระราชบัญญัติควบคุมแร่ดีบุก พ.ศ. 2514 (ยกเลิก)
*พระราชกฤษฎีกาแก้ไขบทบัญญัติให้สอดคล้องกับการโอนอำนาจหน้าที่ของส่วนราชการให้เป็นไปตามพระราชบัญญัติปรับปรุงกระทรวง ทบวง กรม พ.ศ. ๒๕๔๕ พ.ศ. ๒๕๔๕ ภูมิพลอดุลยเดช ป.ร. ให้ไว้ ณ วันที่ ๑๔ เมษายน พ.ศ. ๒๕๑๔ เป็นปีที่ ๒",กฎหมายทั่วไป,พระราชบัญญัติ
kris_ค0044-1B-0003,พระราชบัญญัติเครื่องแบบสมาชิกรัฐสภา พ.ศ. 2516,"[14/6/2516] พระราชบัญญัติเครื่องแบบสมาชิกรัฐสภา พ.ศ. 2516
พระราชบัญญัติ เครื่องแบบสมาชิกรัฐสภา พ.ศ. ๒๕๑๖ พระราชบัญญัติเครื่องแบบสมาชิกรัฐสภา (ฉบับที่ ๒) พ.ศ. ๒๕๒๖ ภูมิพลอดุลยเดช ป.ร. ให้ไว้ ณ วันที่ ๓๐ พฤษภาคม พ.ศ. ๒๕๑๖ เป็นปีที่ ๒๘ ในรัชกาลปัจจุบัน พระบาทสมเด็จพระปรม",กฎหมายทั่วไป,พระราชบัญญัติ
kris_ยล144-1B-0002,พระราชบัญญัติเครื่องสำอาง พ.ศ. 2517 (ยกเลิก),"[18/9/2517] พระราชบัญญัติเครื่องสำอาง พ.ศ. 2517 (ยกเลิก)
พระราชบัญญัติ เครื่องสำอาง พ.ศ. ๒๕๑๗ และที่แก้ไขเพิ่มเติม (ยกเลิก) โปรดดูรายละเอียดของกฎหมายที่เว็บไซต์ราชกิจจานุเบกษา https://ratchakitcha.soc.go.th/",กฎหมายทั่วไป,พระราชบัญญัติ
kris_ยล071-1B-0001,พระราชบัญญัติควบคุมการเช่านา พ.ศ. 2517 (ยกเลิก),"[17/12/2517] พระราชบัญญัติควบคุมการเช่านา พ.ศ. 2517 (ยกเลิก)
พระราชบัญญัติ ควบคุมการเช่านา พ.ศ. ๒๕๑๗ (ยกเลิก) โปรดดูรายละเอียดของกฎหมายที่เว็บไซต์ราชกิจจานุเบกษา https://ratchakitcha.soc.go.th/",กฎหมายทั่วไป,พระราชบัญญัติ
kris_ค0031-1B-0001,พระราชบัญญัติคุณสมบัติมาตรฐานสำหรับกรรมการและพนักงานรัฐวิสาหกิจ พ.ศ. 2518,"[25/1/2518] พระราชบัญญัติคุณสมบัติมาตรฐานสำหรับกรรมการและพนักงานรัฐวิสาหกิจ พ.ศ. 2518
ประกาศคณะรักษาความสงบเรียบร้อยแห่งชาติ ฉบับที่ ๕๖ เรื่อง กรรมการของรัฐวิสาหกิจ ลงวันที่ ๒๘ กุมภาพันธ์ พ.ศ. ๒๕๓๔ พระราชบัญญัติคุณสมบัติมาตรฐานสำหรับกรรมการและพนักงานรัฐวิสาหกิจ (ฉบับที่ ๒) พ.ศ. ๒๕๑๙ พระราชบัญญัต",กฎหมายทั่วไป,พระราชบัญญัติ
kris_ค0037-1B-0001,พระราชบัญญัติเครื่องแบบข้าราชการฝ่ายรัฐสภา พ.ศ. 2518,"[6/2/2518] พระราชบัญญัติเครื่องแบบข้าราชการฝ่ายรัฐสภา พ.ศ. 2518
พระราชบัญญัติ เครื่องแบบข้าราชการฝ่ายรัฐสภา พ.ศ. ๒๕๑๘ ภูมิพลอดุลยเดช ป.ร. ให้ไว้ ณ วันที่ ๒๐ มกราคม พ.ศ. ๒๕๑๘ เป็นปีที่ ๓๐ ในรัชกาลปัจจุบัน พระบาทสมเด็จพระปรมินทรมหาภูมิพลอดุลยเดช มีพระบรมราชโองการโปรดเกล้าฯ ให",กฎหมายทั่วไป,พระราชบัญญัติ
kris_คป001-1K-0002,คำสั่งของคณะปฏิรูปการปกครองแผ่นดิน ฉบับที่ 15 ลงวันที่ 8 ตุลาคม พ.ศ. 2519 (ยกเลิก),"[8/10/2519] คำสั่งของคณะปฏิรูปการปกครองแผ่นดิน ฉบับที่ 15 ลงวันที่ 8 ตุลาคม พ.ศ. 2519 (ยกเลิก)
คำสั่งของคณะปฏิรูปการปกครองแผ่นดิน ฉบับที่ ๑๕ (ยกเลิก) โปรดดูรายละเอียดของกฎหมายที่เว็บไซต์ราชกิจจานุเบกษา https://ratchakitcha.soc.go.th/",กฎหมายทั่วไป,คำสั่ง
kris_คป002-1K-0001,คำสั่งของคณะปฏิรูปการปกครองแผ่นดิน ฉบับที่ 17 ลงวันที่ 9 ตุลาคม พ.ศ. 2519 (ยกเลิก),"[9/10/2519] คำสั่งของคณะปฏิรูปการปกครองแผ่นดิน ฉบับที่ 17 ลงวันที่ 9 ตุลาคม พ.ศ. 2519 (ยกเลิก)
คำสั่งของคณะปฏิรูปการปกครองแผ่นดิน ฉบับที่ ๑๗ (ยกเลิก) โปรดดูรายละเอียดของกฎหมายที่เว็บไซต์ราชกิจจานุเบกษา https://ratchakitcha.soc.go.th/",กฎหมายทั่วไป,คำสั่ง
kris_ปร004-1J-0007,คำสั่งของคณะปฏิรูปการปกครองแผ่นดิน ฉบับที่ 47 (สภาที่ปรึกษาเพื่อพัฒนาแรงงานแห่งชาติ),"[21/10/2519] คำสั่งของคณะปฏิรูปการปกครองแผ่นดิน ฉบับที่ 47 (สภาที่ปรึกษาเพื่อพัฒนาแรงงานแห่งชาติ)
คำสั่งของคณะปฏิรูปการปกครองแผ่นดิน ฉบับที่ ๔๗ เพื่อพัฒนาแรงงานของชาติ และเพื่อส่งเสริมการบริหารแรงงานให้มีประสิทธิภาพอันจะยังให้เกิดประโยชน์สุขและความเป็นธรรมแก่ทั้งฝ่ายนายจ้างฝ่ายลูกจ้างตลอดถึงผู้ใช้แรงงานทั้ง",กฎหมายทั่วไป,คำสั่ง
kris_ค0050-1B-0001,พระราชบัญญัติเครื่องแบบนักศึกษาวิชาทหารและเครื่องแบบผู้กำกับนักศึกษาวิชาทหาร พ.ศ. 2521,"[24/8/2521] พระราชบัญญัติเครื่องแบบนักศึกษาวิชาทหารและเครื่องแบบผู้กำกับนักศึกษาวิชาทหาร พ.ศ. 2521
พระราชบัญญัติ เครื่องแบบนักศึกษาวิชาทหารและเครื่องแบบผู้กำกับนักศึกษาวิชาทหาร พ.ศ. ๒๕๒๑ ภูมิพลอดุลยเดช ป.ร. ให้ไว้ ณ วันที่ ๑๕ สิงหาคม พ.ศ. ๒๕๒๑ เป็นปีที่ ๓๓ ในรัชกาลปัจจุบัน พระบาทสมเด็จพระปรมินทรมหาภูมิพลอดุล",กฎหมายทั่วไป,พระราชบัญญัติ
kris_ค0051-1B-0002,พระราชบัญญัติเครื่องแบบนักเรียนของโรงเรียนในสังกัดกระทรวงกลาโหม พ.ศ. 2521,"[21/12/2521] พระราชบัญญัติเครื่องแบบนักเรียนของโรงเรียนในสังกัดกระทรวงกลาโหม พ.ศ. 2521
พระราชบัญญัติ เครื่องแบบนักเรียนของโรงเรียนในสังกัดกระทรวงกลาโหม พ.ศ. ๒๕๒๑ ภูมิพลอดุลยเดช ป.ร. ให้ไว้ ณ วันที่ ๑๑ ธันวาคม พ.ศ. ๒๕๒๑ เป็นปีที่ ๓๓ ในรัชกาลปัจจุบัน พระบาทสมเด็จพระปรมินทรมหาภูมิพลอดุลยเดช มีพระบรม",กฎหมายทั่วไป,พระราชบัญญัติ
kris_ค0053-1B-0001,พระราชบัญญัติคณะกรรมการจัดระบบการจราจรทางบก พ.ศ. 2521,"[31/12/2521] พระราชบัญญัติคณะกรรมการจัดระบบการจราจรทางบก พ.ศ. 2521
*พระราชกฤษฎีกาแก้ไขบทบัญญัติให้สอดคล้องกับการโอนอำนาจหน้าที่ของส่วนราชการให้เป็นไปตามพระราชบัญญัติปรับปรุงกระทรวง ทบวง กรม พ.ศ. ๒๕๔๕ พ.ศ. ๒๕๔๕ พระราชบัญญัติคณะกรรมการจัดระบบการจราจรทางบก (ฉบับที่ ๒) พ.ศ. ๒๕๓๕ ภ",กฎหมายทั่วไป,พระราชบัญญัติ
kris_ค0002-1B-0001,พระราชบัญญัติคนเข้าเมือง พ.ศ. 2522,"[1/3/2522] พระราชบัญญัติคนเข้าเมือง พ.ศ. 2522
พระราชกำหนดแก้ไขเพิ่มเติมพระราชบัญญัติคนเข้าเมือง พ.ศ. ๒๕๒๒ พ.ศ. ๒๕๖๑ ภูมิพลอดุลยเดช ป.ร. ให้ไว้ ณ วันที่ ๒๔ กุมภาพันธ์ พ.ศ. ๒๕๒๒ เป็นปีที่ ๓๔ ในรัชกาลปัจจุบัน พระบาทสมเด็จพระปรมินทรมหาภูมิพลอดุลยเดช มีพระบรมรา",กฎหมายทั่วไป,พระราชบัญญัติ
kris_ค0006-1B-0001,พระราชบัญญัติคุ้มครองการดําเนินงานขององค์การโทรคมนาคมแห่งเอเชียและแปซิฟิก พ.ศ. 2522,"[25/3/2522] พระราชบัญญัติคุ้มครองการดําเนินงานขององค์การโทรคมนาคมแห่งเอเชียและแปซิฟิก พ.ศ. 2522
พระราชบัญญัติ คุ้มครองการดำเนินงานขององค์การโทรคมนาคม แห่งเอเชียและแปซิฟิก พ.ศ. ๒๕๒๒ ภูมิพลอดุลยเดช ป.ร. ให้ไว้ ณ วันที่ ๑๙ มีนาคม พ.ศ. ๒๕๒๒ เป็นปีที่ ๓๔ ในรัชกาลปัจจุบัน พระบาทสมเด็จพระปรมินทรมหาภูมิพลอดุลยเดช",กฎหมายทั่วไป,พระราชบัญญัติ
kris_ค0019-1B-0001,พระราชบัญญัติคุ้มครองการดำเนินงานของประชาคมยุโรปและสำนักงานคณะกรรมาธิการประชาคมยุโรปในประเทศไทย พ.ศ. 2522,"[25/3/2522] พระราชบัญญัติคุ้มครองการดำเนินงานของประชาคมยุโรปและสำนักงานคณะกรรมาธิการประชาคมยุโรปในประเทศไทย พ.ศ. 2522
พระราชบัญญัติ คุ้มครองการดำเนินงานของประชาคมยุโรป และสำนักงานคณะกรรมาธิการประชาคมยุโรปในประเทศไทย พ.ศ. ๒๕๒๒ ภูมิพลอดุลยเดช ป.ร. ให้ไว้ ณ วันที่ ๑๙ มีนาคม พ.ศ. ๒๕๒๒ เป็นปีที่ ๓๔ ในรัชกาลปัจจุบัน พระบาทสมเด็จพระป",กฎหมายทั่วไป,พระราชบัญญัติ
kris_ค0020-1B-0001,พระราชบัญญัติคณะกรรมการกฤษฎีกา พ.ศ. 2522,"[1/5/2522] พระราชบัญญัติคณะกรรมการกฤษฎีกา พ.ศ. 2522
พระราชบัญญัติ คณะกรรมการกฤษฎีกา พ.ศ. ๒๕๒๒ พระราชบัญญัติคณะกรรมการกฤษฎีกา (ฉบับที่ ๒) พ.ศ. ๒๕๒๒ พระราชบัญญัติคณะกรรมการกฤษฎีกา (ฉบับที่ ๓) พ.ศ. ๒๕๓๔ พระราชบัญญัติคณะกรรมการกฤษฎีกา (ฉบับที่ ๔) พ.ศ. ๒๕๔๒ พระราชบัญ",กฎหมายทั่วไป,พระราชบัญญัติ
kris_ค0034-1B-0001,พระราชบัญญัติคุ้มครองผู้บริโภค พ.ศ. 2522,"[4/5/2522] พระราชบัญญัติคุ้มครองผู้บริโภค พ.ศ. 2522
พระราชบัญญัติว่าด้วยการปรับเป็นพินัย พ.ศ. ๒๕๖๕ ภูมิพลอดุลยเดช ป.ร. ให้ไว้ ณ วันที่ ๓๐ เมษายน พ.ศ. ๒๕๒๒ เป็นปีที่ ๓๔ ในรัชกาลปัจจุบัน พระบาทสมเด็จพระปรมินทรมหาภูมิพลอดุลยเดช มีพระบรมราชโองการโปรดเกล้าฯ ให้ประกาศ",กฎหมายทั่วไป,พระราชบัญญัติ
kris_ค0004-1B-0002,พระราชบัญญัติควบคุมอาคาร พ.ศ. 2522,"[14/5/2522] พระราชบัญญัติควบคุมอาคาร พ.ศ. 2522
พระราชบัญญัติว่าด้วยการปรับเป็นพินัย พ.ศ. ๒๕๖๕ พระราชบัญญัติควบคุมอาคาร (ฉบับที่ ๒) พ.ศ. ๒๕๓๕ พระราชบัญญัติควบคุมอาคาร (ฉบับที่ ๓) พ.ศ. ๒๕๔๓ พระราชบัญญัติควบคุมอาคาร (ฉบับที่ ๔) พ.ศ. ๒๕๕๐ พระราชบัญญัติควบคุมอาค",กฎหมายทั่วไป,พระราชบัญญัติ
kris_ค0054-1B-0001,พระราชบัญญัติเครื่องแบบผู้พิพากษาสมทบ พ.ศ. 2523,"[1/2/2523] พระราชบัญญัติเครื่องแบบผู้พิพากษาสมทบ พ.ศ. 2523
พระราชบัญญัติ เครื่องแบบผู้พิพากษาสมทบ พ.ศ. ๒๕๒๓ ภูมิพลอดุลยเดช ป.ร. ให้ไว้ ณ วันที่ ๒๑ มกราคม พ.ศ. ๒๕๒๓ เป็นปีที่ ๓๕ ในรัชกาลปัจจุบัน พระบาทสมเด็จพระปรมินทรมหาภูมิพลอดุลยเดช มีพระบรมราชโองการโปรดเกล้าฯ ให้ประก",กฎหมายทั่วไป,พระราชบัญญัติ
kris_ค0055-1B-0001,พระราชบัญญัติคณะกรรมการการประถมศึกษา พ.ศ. 2523 (ยกเลิก),"[13/10/2523] พระราชบัญญัติคณะกรรมการการประถมศึกษา พ.ศ. 2523 (ยกเลิก)
พระราชบัญญัติ คณะกรรมการการประถมศึกษา พ.ศ. ๒๕๒๓ (ยกเลิก) พระราชบัญญัติคณะกรรมการการประถมศึกษา (ฉบับที่ ๒) พ.ศ. ๒๕๓๕ ภูมิพลอดุลยเดช ป.ร. ให้ไว้ ณ วันที่ ๙ ตุลาคม พ.ศ. ๒๕๒๓ เป็นปีที่ ๓๕ ในรัชกาลปัจจุบัน พระบาทสมเ",กฎหมายทั่วไป,พระราชบัญญัติ
kris_ค0056-1B-0001,พระราชบัญญัติคุ้มครองการดำเนินงานขององค์การโทรคมนาคมทางดาวเทียมระหว่างประเทศ พ.ศ. 2524,"[27/7/2524] พระราชบัญญัติคุ้มครองการดำเนินงานขององค์การโทรคมนาคมทางดาวเทียมระหว่างประเทศ พ.ศ. 2524
พระราชบัญญัติ คุ้มครองการดำเนินงานขององค์การโทรคมนาคมทางดาวเทียม ระหว่างประเทศ พ.ศ. ๒๕๒๔ พระราชบัญญัติคุ้มครองการดำเนินงานขององค์การโทรคมนาคมทางดาวเทียมระหว่างประเทศ (ฉบับที่ ๒) พ.ศ. ๒๕๕๙ ภูมิพลอดุลยเดช ป.ร. ให",กฎหมายทั่วไป,พระราชบัญญัติ
kris_ค0023-1C-0001,พระราชกำหนดควบคุมสินค้าตามชายแดน พ.ศ. 2524,"[20/10/2524] พระราชกำหนดควบคุมสินค้าตามชายแดน พ.ศ. 2524
พระราชบัญญัติแก้ไขเพิ่มเติมบทบัญญัติแห่งกฎหมายที่เกี่ยวกับความรับผิดในทางอาญาของผู้แทนนิติบุคคล พ.ศ. ๒๕๖๐ ภูมิพลอดุลยเดช ป.ร. ให้ไว้ ณ วันที่ ๑๗ ตุลาคม พ.ศ. ๒๕๒๔ เป็นปีที่ ๓๖ ในรัชกาลปัจจุบัน พระบาทสมเด็จพระปรม",กฎหมายทั่วไป,พระราชกำหนด
kris_ยล012-1B-0002,พระราชบัญญัติควบคุมคุณภาพอาหารสัตว์ พ.ศ. 2525 (ยกเลิก),"[11/8/2525] พระราชบัญญัติควบคุมคุณภาพอาหารสัตว์ พ.ศ. 2525 (ยกเลิก)
พระราชบัญญัติ ควบคุมคุณภาพอาหารสัตว์ พ.ศ. ๒๕๒๕ (ยกเลิก) พระราชบัญญัติควบคุมคุณภาพอาหารสัตว์ (ฉบับที่ ๒) พ.ศ. ๒๕๔๒ ภูมิพลอดุลยเดช ป.ร. ให้ไว้ ณ วันที่ ๒๘ กรกฎาคม พ.ศ. ๒๕๒๕ เป็นปีที่ ๓๗ ในรัชกาลปัจจุบัน พระบาทสมเ",กฎหมายทั่วไป,พระราชบัญญัติ
kris_ค0045-1B-0001,พระราชบัญญัติเครื่องแบบและบัตรประจำตัวเจ้าหน้าที่กรุงเทพมหานคร พ.ศ. 2530,"[6/11/2530] พระราชบัญญัติเครื่องแบบและบัตรประจำตัวเจ้าหน้าที่กรุงเทพมหานคร พ.ศ. 2530
พระราชบัญญัติ เครื่องแบบและบัตรประจำตัว เจ้าหน้าที่กรุงเทพมหานคร พ.ศ. ๒๕๓๐ ภูมิพลอดุลยเดช ป.ร. ให้ไว้ ณ วันที่ ๓๑ ตุลาคม พ.ศ. ๒๕๓๐ เป็นปีที่ ๔๒ ในรัชกาลปัจจุบัน พระบาทสมเด็จพระปรมินทรมหาภูมิพลอดุลยเดช มีพระบรมร",กฎหมายทั่วไป,พระราชบัญญัติ
kris_ค0028-1B-0001,พระราชบัญญัติควบคุมยุทธภัณฑ์ พ.ศ. 2530,"[7/12/2530] พระราชบัญญัติควบคุมยุทธภัณฑ์ พ.ศ. 2530
พระราชบัญญัติว่าด้วยการปรับเป็นพินัย พ.ศ. ๒๕๖๕ พระราชบัญญัติควบคุมยุทธภัณฑ์ (ฉบับที่ ๒) พ.ศ. ๒๕๖๒ พระราชบัญญัติควบคุมยุทธภัณฑ์ (ฉบับที่ ๓) พ.ศ. ๒๕๖๕ ภูมิพลอดุลยเดช ป.ร. ให้ไว้ ณ วันที่ ๓๐ พฤศจิกายน พ.ศ. ๒๕๓๐ เป",กฎหมายทั่วไป,พระราชบัญญัติ
kris_ค0057-1B-0001,พระราชบัญญัติควบคุมกิจการเทปและวัสดุโทรทัศน์ พ.ศ. 2530 (ยกเลิก),"[28/12/2530] พระราชบัญญัติควบคุมกิจการเทปและวัสดุโทรทัศน์ พ.ศ. 2530 (ยกเลิก)
พระราชบัญญัติ ควบคุมกิจการเทปและวัสดุโทรทัศน์ พ.ศ. ๒๕๓๐ (ยกเลิก) ภูมิพลอดุลยเดช ป.ร. ให้ไว้ ณ วันที่ ๒๕ ธันวาคม พ.ศ. ๒๕๓๐ เป็นปีที่ ๔๒ ในรัชกาลปัจจุบัน พระบาทสมเด็จพระปรมินทรมหาภูมิพลอดุลยเดช มีพระบรมราชโองการโ",กฎหมายทั่วไป,พระราชบัญญัติ
kris_ยล040-1B-0002,พระราชบัญญัติเครื่องมือแพทย์ พ.ศ. 2531 (ยกเลิก),"[23/5/2531] พระราชบัญญัติเครื่องมือแพทย์ พ.ศ. 2531 (ยกเลิก)
พระราชบัญญัติ เครื่องมือแพทย์ พ.ศ. ๒๕๓๑ (ยกเลิก) ภูมิพลอดุลยเดช ป.ร. ให้ไว้ ณ วันที่ ๑๓ พฤษภาคม พ.ศ. ๒๕๓๑ เป็นปีที่ ๔๓ ในรัชกาลปัจจุบัน พระบาทสมเด็จพระปรมินทรมหาภูมิพลอดุลยเดช มีพระบรมราชโองการโปรดเกล้าฯ ให้ประ",กฎหมายทั่วไป,พระราชบัญญัติ
kris_ยล017-1B-0001,พระราชบัญญัติคุ้มครองการดำเนินงานของศูนย์ฝึกอบรมการไปรษณีย์แห่งเอเชียและแปซิฟิก พ.ศ. 2533 (ยกเลิก),"[11/9/2533] พระราชบัญญัติคุ้มครองการดำเนินงานของศูนย์ฝึกอบรมการไปรษณีย์แห่งเอเชียและแปซิฟิก พ.ศ. 2533 (ยกเลิก)
พระราชบัญญัติ คุ้มครองการดำเนินงานของศูนย์ฝึกอบรมการไปรษณีย์ แห่งเอเชียและแปซิฟิก พ.ศ. ๒๕๓๓ (ยกเลิก) ภูมิพลอดุลยเดช ป.ร. ให้ไว้ ณ วันที่ ๒๙ สิงหาคม พ.ศ. ๒๕๓๓ เป็นปีที่ ๔๕ ในรัชกาลปัจจุบัน พระบาทสมเด็จพระปรมินทร",กฎหมายทั่วไป,พระราชบัญญัติ
kris_คส003-1L-0003,ประกาศคณะรักษาความสงบเรียบร้อยแห่งชาติ ฉบับที่ 26 ลงวันที่ 25 กุมภาพันธ์ พ.ศ.2534,"[25/2/2534] ประกาศคณะรักษาความสงบเรียบร้อยแห่งชาติ ฉบับที่ 26 ลงวันที่ 25 กุมภาพันธ์ พ.ศ.2534
พระราชบัญญัติแก้ไขเพิ่มเติมประกาศคณะรักษาความสงบเรียบร้อยแห่งชาติ ฉบับที่ ๒๖ ลงวันที่ ๒๕ กุมภาพันธ์ พ.ศ. ๒๕๓๔ พ.ศ. ๒๕๓๔ โดยที่เป็นการสมควรแก้ไขเพิ่มเติมประกาศรักษาความสงบเรียบร้อยแห่งชาติ ฉบับที่ ๒๖ เรื่อง ให้อ",กฎหมายทั่วไป,ประกาศ
kris_คส002-1L-0003,ประกาศคณะรักษาความสงบเรียบร้อยแห่งชาติ ฉบับที่ 48 เรื่อง แก้ไขเพิ่มเติมประกาศของคณะปฏิวัติ ฉบับที่ 218 ลงวันที่ 29 กันยายน พ.ศ. 2515 ลงวันที่ 28 กุมภาพันธ์ พ.ศ.2534 (ยกเลิก),"[28/2/2534] ประกาศคณะรักษาความสงบเรียบร้อยแห่งชาติ ฉบับที่ 48 เรื่อง แก้ไขเพิ่มเติมประกาศของคณะปฏิวัติ ฉบับที่ 218 ลงวันที่ 29 กันยายน พ.ศ. 2515 ลงวันที่ 28 กุมภาพันธ์ พ.ศ.2534 (ยกเลิก)
ประกาศคณะรักษาความสงบเรียบร้อยแห่งชาติ ฉบับที่ 48 เรื่อง แก้ไขเพิ่มเติมประกาศของคณะปฏิวัติ ฉบับที่ 218 ลงวันที่ 29 กันยายน พ.ศ. 2515 (ยกเลิก) โปรดดูรายละเอียดของกฎหมายที่เว็บไซต์ราชกิจจานุเบกษา https://ratchaki",กฎหมายทั่วไป,ประกาศ
kris_คส001-1L-0002,ประกาศคณะรักษาความสงบเรียบร้อยแห่งชาติ ฉบับที่ 47 เรื่อง การแก้ไขเพิ่มเติมประกาศของคณะปฏิวัติ ฉบับที่ 216 ลงวันที่ 29 กันยายน พ.ศ. 2515 ลงวันที่ 28 กุมภาพันธ์ พ.ศ. 2534 (ยกเลิก),"[28/2/2534] ประกาศคณะรักษาความสงบเรียบร้อยแห่งชาติ ฉบับที่ 47 เรื่อง การแก้ไขเพิ่มเติมประกาศของคณะปฏิวัติ ฉบับที่ 216 ลงวันที่ 29 กันยายน พ.ศ. 2515 ลงวันที่ 28 กุมภาพันธ์ พ.ศ. 2534 (ยกเลิก)
ประกาศคณะรักษาความสงบเรียบร้อยแห่งชาติ ฉบับที่ ๔๗ เรื่อง การแก้ไขเพิ่มเติมประกาศของคณะปฏิวัติ ฉบับที่ ๒๑๖ ลงวันที่ ๒๙ กันยายน พ.ศ. ๒๕๑๕ (ยกเลิก) โปรดดูรายละเอียดของกฎหมายที่เว็บไซต์ราชกิจจานุเบกษา https://ratch",กฎหมายทั่วไป,ประกาศ
kris_ค0066-1B-0001,พระราชบัญญัติคุ้มครองการดำเนินงานของสำนักงานตำรวจสากลสำหรับเอเชียตะวันออกเฉียงใต้ ณ กรุงเทพมหานคร พ.ศ. 2534,"[28/6/2534] พระราชบัญญัติคุ้มครองการดำเนินงานของสำนักงานตำรวจสากลสำหรับเอเชียตะวันออกเฉียงใต้ ณ กรุงเทพมหานคร พ.ศ. 2534
พระราชบัญญัติ คุ้มครองการดำเนินงานของสำนักงานตำรวจสากลสำหรับ เอเชียตะวันออกเฉียงใต้ ณ กรุงเทพมหานคร พ.ศ. ๒๕๓๔ ภูมิพลอดุลยเดช ป.ร. ให้ไว้ ณ วันที่ ๒๑ มิถุนายน พ.ศ. ๒๕๓๔ เป็นปีที่ ๔๖ ในรัชกาลปัจจุบัน พระบาทสมเด็จ",กฎหมายทั่วไป,พระราชบัญญัติ
kris_ค0061-1B-0001,พระราชบัญญัติเครื่องราชอิสริยาภรณ์อันเป็นที่สรรเสริญยิ่งดิเรกคุณาภรณ์ พ.ศ. 2534,"[22/7/2534] พระราชบัญญัติเครื่องราชอิสริยาภรณ์อันเป็นที่สรรเสริญยิ่งดิเรกคุณาภรณ์ พ.ศ. 2534
พระราชบัญญัติ เครื่องราชอิสริยาภรณ์อันเป็นที่สรรเสริญยิ่งดิเรกคุณาภรณ์ พ.ศ. ๒๕๓๔ ภูมิพลอดุลยเดช ป.ร. ให้ไว้ ณ วันที่ ๑๓ กรกฎาคม พ.ศ. ๒๕๓๔ เป็นปีที่ ๔๖ ในรัชกาลปัจจุบัน พระบาทสมเด็จพระปรมินทรมหาภูมิพลอดุลยเดช มี",กฎหมายทั่วไป,พระราชบัญญัติ
kris_ค0060-1B-0001,พระราชบัญญัติคุ้มครองการดำเนินงานของบรรษัทประกันต่อแห่งเอเชีย พ.ศ. 2534,"[21/8/2534] พระราชบัญญัติคุ้มครองการดำเนินงานของบรรษัทประกันต่อแห่งเอเชีย พ.ศ. 2534
พระราชบัญญัติ คุ้มครองการดำเนินงานของบรรษัทประกันต่อแห่งเอเชีย พ.ศ. ๒๕๓๔ ภูมิพลอดุลยเดช ป.ร. ให้ไว้ ณ วันที่ ๑๒ สิงหาคม พ.ศ. ๒๕๓๔ เป็นปีที่ ๔๖ ในรัชกาลปัจจุบัน พระบาทสมเด็จพระปรมินทรมหาภูมิพลอดุลยเดช มีพระบรมรา",กฎหมายทั่วไป,พระราชบัญญัติ
kris_ค0062-1B-0001,พระราชบัญญัติเครื่องหมายครุฑพ่าห์ พ.ศ. 2534,"[15/11/2534] พระราชบัญญัติเครื่องหมายครุฑพ่าห์ พ.ศ. 2534
พระราชบัญญัติ เครื่องหมายครุฑพ่าห์ พ.ศ. ๒๕๓๔ พระราชบัญญัติเครื่องหมายครุฑพ่าห์ (ฉบับที่ ๒) พ.ศ. ๒๕๓๕ ภูมิพลอดุลยเดช ป.ร. ให้ไว้ ณ วันที่ ๔ กันยายน พ.ศ. ๒๕๓๔ เป็นปีที่ ๔๖ ในรัชกาลปัจจุบัน พระบาทสมเด็จพระปรมินทรม",กฎหมายทั่วไป,พระราชบัญญัติ
kris_ค0047-1B-0001,พระราชบัญญัติเครื่องหมายการค้า พ.ศ. 2534,"[15/11/2534] พระราชบัญญัติเครื่องหมายการค้า พ.ศ. 2534
พระราชบัญญัติว่าด้วยการปรับเป็นพินัย พ.ศ. ๒๕๖๕  พระราชบัญญัติเครื่องหมายการค้า (ฉบับที่ ๒) พ.ศ. ๒๕๔๓  พระราชบัญญัติเครื่องหมายการค้า (ฉบับที่ ๓) พ.ศ. ๒๕๕๙ ภูมิพลอดุลยเดช ป.ร. ให้ไว้ ณ วันที่ ๒๘ ตุลาคม พ.ศ. ๒๕๓๔",กฎหมายทั่วไป,พระราชบัญญัติ
kris_ค0063-1B-0001,พระราชบัญญัติคณะกรรมการนโยบายพลังงานแห่งชาติ พ.ศ. 2535,"[12/2/2535] พระราชบัญญัติคณะกรรมการนโยบายพลังงานแห่งชาติ พ.ศ. 2535
*พระราชกฤษฎีกาแก้ไขบทบัญญัติให้สอดคล้องกับการโอนอำนาจหน้าที่ของส่วนราชการให้เป็นไปตามพระราชบัญญัติปรับปรุงกระทรวง ทบวง กรม พ.ศ. ๒๕๔๕ พ.ศ. ๒๕๔๕ พระราชบัญญัติคณะกรรมการนโยบายพลังงานแห่งชาติ (ฉบับที่ ๒) พ.ศ. ๒๕๕๐",กฎหมายทั่วไป,พระราชบัญญัติ
kris_ยล019-1B-0001,พระราชบัญญัติควบคุมผลิตภัณฑ์ยาสูบ พ.ศ. 2535 (ยกเลิก),"[5/4/2535] พระราชบัญญัติควบคุมผลิตภัณฑ์ยาสูบ พ.ศ. 2535 (ยกเลิก)
พระราชบัญญัติ ควบคุมผลิตภัณฑ์ยาสูบ พ.ศ. ๒๕๓๕ (ยกเลิก) ภูมิพลอดุลยเดช ป.ร. ให้ไว้ ณ วันที่ ๒๙ มีนาคม พ.ศ. ๒๕๓๕ เป็นปีที่ ๔๗ ในรัชกาลปัจจุบัน พระบาทสมเด็จพระปรมินทรมหาภูมิพลอดุลยเดช มีพระบรมราชโองการโปรดเกล้าฯ ให",กฎหมายทั่วไป,พระราชบัญญัติ
kris_ค0065-1B-0001,พระราชบัญญัติคุ้มครองสุขภาพของผู้ไม่สูบบุหรี่ พ.ศ. 2535 (ยกเลิก),"[7/4/2535] พระราชบัญญัติคุ้มครองสุขภาพของผู้ไม่สูบบุหรี่ พ.ศ. 2535 (ยกเลิก)
พระราชบัญญัติ คุ้มครองสุขภาพของผู้ไม่สูบบุหรี่ พ.ศ. ๒๕๓๕ (ยกเลิก) ภูมิพลอดุลยเดช ป.ร. ให้ไว้ ณ วันที่ ๓๐ มีนาคม พ.ศ. ๒๕๓๕ เป็นปีที่ ๔๗ ในรัชกาลปัจจุบัน พระบาทสมเด็จพระปรมินทรมหาภูมิพลอดุลยเดช มีพระบรมราชโองการโ",กฎหมายทั่วไป,พระราชบัญญัติ
kris_ค0013-1B-0001,พระราชบัญญัติความร่วมมือระหว่างประเทศในเรื่องทางอาญา พ.ศ. 2535,"[7/4/2535] พระราชบัญญัติความร่วมมือระหว่างประเทศในเรื่องทางอาญา พ.ศ. 2535
ประกาศสำนักงานศาลรัฐธรรมนูญ เรื่อง ศาลรัฐธรรมนูญมีคำวินิจฉัยว่าบทบัญญัติแห่งกฎหมายขัดหรือแย้งต่อรัฐธรรมนูญ พระราชบัญญัติความร่วมมือระหว่างประเทศในเรื่องทางอาญา (ฉบับที่ ๒) พ.ศ. ๒๕๕๙ ภูมิพลอดุลยเดช ป.ร. ให้ไว้ ณ",กฎหมายทั่วไป,พระราชบัญญัติ
kris_ค0052-1B-0001,พระราชบัญญัติคณะกรรมการการศึกษาแห่งชาติ พ.ศ. 2535 (ยกเลิก),"[8/4/2535] พระราชบัญญัติคณะกรรมการการศึกษาแห่งชาติ พ.ศ. 2535 (ยกเลิก)
พระราชบัญญัติ คณะกรรมการการศึกษาแห่งชาติ พ.ศ. ๒๕๓๕ (ยกเลิก) ภูมิพลอดุลยเดช ป.ร. ให้ไว้ ณ วันที่ ๓๑ มีนาคม พ.ศ. ๒๕๓๕ เป็นปีที่ ๔๗ ในรัชกาลปัจจุบัน พระบาทสมเด็จพระปรมินทรมหาภูมิพลอดุลยเดช มีพระบรมราชโองการโปรดเกล",กฎหมายทั่วไป,พระราชบัญญัติ
kris_ยล110-1B-0001,พระราชบัญญัติควบคุมการฆ่าสัตว์และจำหน่ายเนื้อสัตว์ พ.ศ. 2535 (ยกเลิก),"[9/4/2535] พระราชบัญญัติควบคุมการฆ่าสัตว์และจำหน่ายเนื้อสัตว์ พ.ศ. 2535 (ยกเลิก)
พระราชบัญญัติ ควบคุมการฆ่าสัตว์และจำหน่ายเนื้อสัตว์ พ.ศ. ๒๕๓๕ (ยกเลิก) โปรดดูรายละเอียดของกฎหมายที่เว็บไซต์ราชกิจจานุเบกษา https://ratchakitcha.soc.go.th/",กฎหมายทั่วไป,พระราชบัญญัติ
kris_ค0067-1B-0001,พระราชบัญญัติคุ้มครองการดำเนินงานขององค์การข่ายงานศูนย์เพาะเลี้ยงสัตว์น้ำแห่งเอเชียและแปซิฟิก พ.ศ. 2536,"[16/9/2536] พระราชบัญญัติคุ้มครองการดำเนินงานขององค์การข่ายงานศูนย์เพาะเลี้ยงสัตว์น้ำแห่งเอเชียและแปซิฟิก พ.ศ. 2536
พระราชบัญญัติ คุ้มครองการดำเนินงานขององค์การข่ายงานศูนย์เพาะเลี้ยงสัตว์น้ำ แห่งเอเชียและแปซิฟิก พ.ศ. ๒๕๓๖ ภูมิพลอดุลยเดช ป.ร. ให้ไว้ ณ วันที่ ๔ กันยายน พ.ศ. ๒๕๓๖ เป็นปีที่ ๔๘ ในรัชกาลปัจจุบัน พระบาทสมเด็จพระปรม",กฎหมายทั่วไป,พระราชบัญญัติ
kris_ค0069-1B-0001,พระราชบัญญัติคุ้มครองการดำเนินงานขององค์การการค้าโลก พ.ศ. 2537,"[28/12/2537] พระราชบัญญัติคุ้มครองการดำเนินงานขององค์การการค้าโลก พ.ศ. 2537
พระราชบัญญัติ คุ้มครองการดำเนินงานขององค์การการค้าโลก พ.ศ. ๒๕๓๗ ภูมิพลอดุลยเดช ป.ร. ให้ไว้ ณ วันที่ ๒๗ ธันวาคม พ.ศ. ๒๕๓๗ เป็นปีที่ ๔๙ ในรัชกาลปัจจุบัน พระบาทสมเด็จพระปรมินทรมหาภูมิพลอดุลยเดช มีพระบรมราชโองการโป",กฎหมายทั่วไป,พระราชบัญญัติ
kris_ค0068-1B-0001,พระราชบัญญัติความรับผิดทางละเมิดของเจ้าหน้าที่ พ.ศ. 2539,"[14/11/2539] พระราชบัญญัติความรับผิดทางละเมิดของเจ้าหน้าที่ พ.ศ. 2539
พระราชบัญญัติ ความรับผิดทางละเมิดของเจ้าหน้าที่ พ.ศ. ๒๕๓๙ ภูมิพลอดุลยเดช ป.ร. ให้ไว้ ณ วันที่ ๒๗ กันยายน พ.ศ. ๒๕๓๙ เป็นปีที่ ๕๑ ในรัชกาลปัจจุบัน พระบาทสมเด็จพระปรมินทรมหาภูมิพลอดุลยเดช มีพระบรมราชโองการโปรดเกล้",กฎหมายทั่วไป,พระราชบัญญัติ
kris_ค0078-1B-0001,พระราชบัญญัติคณะกรรมการการเลือกตั้ง พ.ศ. 2540 (ยกเลิก),"[18/9/2540] พระราชบัญญัติคณะกรรมการการเลือกตั้ง พ.ศ. 2540 (ยกเลิก)
พระราชบัญญัติ คณะกรรมการการเลือกตั้ง พ.ศ. ๒๕๔๐ (ยกเลิก) ภูมิพลอดุลยเดช ป.ร. ให้ไว้ ณ วันที่ ๒๘ สิงหาคม พ.ศ. ๒๕๔๐ เป็นปีที่ ๕๒ ในรัชกาลปัจจุบัน พระบาทสมเด็จพระปรมินทรมหาภูมิพลอดุลยเดช มีพระบรมราชโองการโปรดเกล้าฯ",กฎหมายทั่วไป,พระราชบัญญัติ
kris_ค0077-1B-0001,พระราชบัญญัติคุ้มครองแรงงาน พ.ศ. 2541,"[20/2/2541] พระราชบัญญัติคุ้มครองแรงงาน พ.ศ. 2541
พระราชบัญญัติว่าด้วยการปรับเป็นพินัย พ.ศ. ๒๕๖๕ พระราชบัญญัติคุ้มครองแรงงาน (ฉบับที่ ๒) พ.ศ. ๒๕๕๑ พระราชบัญญัติคุ้มครองแรงงาน (ฉบับที่ ๓) พ.ศ. ๒๕๕๑ พระราชบัญญัติคุ้มครองแรงงาน (ฉบับที่ ๔) พ.ศ. ๒๕๕๓ พระราชบัญญัติ",กฎหมายทั่วไป,พระราชบัญญัติ
kris_ค0079-1B-0003,พระราชบัญญัติคุ้มครองการดำเนินงานของคณะมนตรีความร่วมมือทางศุลกากร พ.ศ. 2541,"[2/12/2541] พระราชบัญญัติคุ้มครองการดำเนินงานของคณะมนตรีความร่วมมือทางศุลกากร พ.ศ. 2541
พระราชบัญญัติ คุ้มครองการดำเนินงานของคณะมนตรีความร่วมมือทางศุลกากร พ.ศ. ๒๕๔๑ ภูมิพลอดุลยเดช ป.ร. ให้ไว้ ณ วันที่ ๑๓ พฤศจิกายน พ.ศ. ๒๕๔๑ เป็นปีที่ ๕๓ ในรัชกาลปัจจุบัน พระบาทสมเด็จพระปรมินทรมหาภูมิพลอดุลยเดช มีพร",กฎหมายทั่วไป,พระราชบัญญัติ
kris_ค0080-1B-0001,พระราชบัญญัติควบคุมยาง พ.ศ. 2542,"[28/10/2542] พระราชบัญญัติควบคุมยาง พ.ศ. 2542
พระราชบัญญัติว่าด้วยการปรับเป็นพินัย พ.ศ. ๒๕๖๕ ภูมิพลอดุลยเดช ป.ร. ให้ไว้ ณ วันที่ ๑๕ ตุลาคม พ.ศ. ๒๕๔๒ เป็นปีที่ ๕๔ ในรัชกาลปัจจุบัน พระบาทสมเด็จพระปรมินทรมหาภูมิพลอดุลยเดช มีพระบรมราชโองการโปรดเกล้าฯ ให้ประกาศ",กฎหมายทั่วไป,พระราชบัญญัติ
kris_ค0082-1B-0001,พระราชบัญญัติคุ้มครองพันธุ์พืช พ.ศ. 2542,"[25/11/2542] พระราชบัญญัติคุ้มครองพันธุ์พืช พ.ศ. 2542
พระราชบัญญัติแก้ไขเพิ่มเติมบทบัญญัติแห่งกฎหมายที่เกี่ยวกับความรับผิดในทางอาญาของผู้แทนนิติบุคคล พ.ศ. ๒๕๖๐ ภูมิพลอดุลยเดช ป.ร. ให้ไว้ ณ วันที่ ๑๔ พฤศจิกายน พ.ศ. ๒๕๔๒ เป็นปีที่ ๕๔ ในรัชกาลปัจจุบัน พระบาทสมเด็จพระ",กฎหมายทั่วไป,พระราชบัญญัติ
kris_ค0081-1B-0002,พระราชบัญญัติคณะกรรมการสิทธิมนุษยชนแห่งชาติ พ.ศ. 2542 (ยกเลิก),"[25/11/2542] พระราชบัญญัติคณะกรรมการสิทธิมนุษยชนแห่งชาติ พ.ศ. 2542 (ยกเลิก)
พระราชบัญญัติ คณะกรรมการสิทธิมนุษยชนแห่งชาติ พ.ศ. ๒๕๔๒ (ยกเลิก) ภูมิพลอดุลยเดช ป.ร. ให้ไว้ ณ วันที่ ๑๔ พฤศจิกายน พ.ศ. ๒๕๔๒ เป็นปีที่ ๕๔ ในรัชกาลปัจจุบัน พระบาทสมเด็จพระปรมินทรมหาภูมิพลอดุลยเดช มีพระบรมราชโองการ",กฎหมายทั่วไป,พระราชบัญญัติ
kris_ค0084-1B-0001,พระราชบัญญัติเครื่องแบบตุลาการศาลรัฐธรรมนูญพ.ศ. 2542,"[29/11/2542] พระราชบัญญัติเครื่องแบบตุลาการศาลรัฐธรรมนูญพ.ศ. 2542
พระราชบัญญัติ เครื่องแบบตุลาการศาลรัฐธรรมนูญ พ.ศ. ๒๕๔๒ ภูมิพลอดุลยเดช ป.ร. ให้ไว้ ณ วันที่ ๑๙ พฤศจิกายน พ.ศ. ๒๕๔๒ เป็นปีที่ ๕๔ ในรัชกาลปัจจุบัน พระบาทสมเด็จพระปรมินทรมหาภูมิพลอดุลยเดช มีพระบรมราชโองการโปรดเกล้า",กฎหมายทั่วไป,พระราชบัญญัติ
kris_ค0083-1B-0001,พระราชบัญญัติคุ้มครองและส่งเสริมภูมิปัญญาการแพทย์แผนไทย พ.ศ. 2542,"[29/11/2542] พระราชบัญญัติคุ้มครองและส่งเสริมภูมิปัญญาการแพทย์แผนไทย พ.ศ. 2542
พระราชบัญญัติว่าด้วยการปรับเป็นพินัย พ.ศ. ๒๕๖๕ ภูมิพลอดุลยเดช ป.ร. ให้ไว้ ณ วันที่ ๑๙ พฤศจิกายน พ.ศ. ๒๕๔๒ เป็นปีที่ ๕๔ ในรัชกาลปัจจุบัน พระบาทสมเด็จพระปรมินทรมหาภูมิพลอดุลยเดช มีพระบรมราชโองการโปรดเกล้าฯ ให้ประ",กฎหมายทั่วไป,พระราชบัญญัติ
kris_ค0085-1B-0001,พระราชบัญญัติควบคุมน้ำมันเชื้อเพลิง พ.ศ. 2542,"[2/12/2542] พระราชบัญญัติควบคุมน้ำมันเชื้อเพลิง พ.ศ. 2542
พระราชบัญญัติว่าด้วยการปรับเป็นพินัย พ.ศ. ๒๕๖๕ พระราชบัญญัติควบคุมน้ำมันเชื้อเพลิง (ฉบับที่ ๒) พ.ศ. ๒๕๕๐ ภูมิพลอดุลยเดช ป.ร. ให้ไว้ ณ วันที่ ๑๙ พฤศจิกายน พ.ศ. ๒๕๔๒ เป็นปีที่ ๕๔ ในรัชกาลปัจจุบัน พระบาทสมเด็จพระป",กฎหมายทั่วไป,พระราชบัญญัติ
kris_ค0086-1B-0002,พระราชบัญญัติคุ้มครองการดำเนินงานของศูนย์ฝึกอบรมวนศาสตร์ชุมชนแห่งภูมิภาคเอเชียแปซิฟิก พ.ศ. 2543,"[6/3/2543] พระราชบัญญัติคุ้มครองการดำเนินงานของศูนย์ฝึกอบรมวนศาสตร์ชุมชนแห่งภูมิภาคเอเชียแปซิฟิก พ.ศ. 2543
พระราชบัญญัติ คุ้มครองการดำเนินงานของศูนย์ฝึกอบรมวนศาสตร์ชุมชน แห่งภูมิภาคเอเชียแปซิฟิก พ.ศ. ๒๕๔๓ ภูมิพลอดุลยเดช ป.ร. ให้ไว้ ณ วันที่ ๒๕ กุมภาพันธ์ พ.ศ. ๒๕๔๓ เป็นปีที่ ๕๕ ในรัชกาลปัจจุบัน พระบาทสมเด็จพระปรมินทร",กฎหมายทั่วไป,พระราชบัญญัติ
kris_ค0087-1B-0001,พระราชบัญญัติคุ้มครองการดำเนินงานของสถาบันประกันการลงทุนพหุภาคี พ.ศ. 2543,"[28/4/2543] พระราชบัญญัติคุ้มครองการดำเนินงานของสถาบันประกันการลงทุนพหุภาคี พ.ศ. 2543
พระราชบัญญัติ คุ้มครองการดำเนินงานของสถาบันประกันการลงทุนพหุภาคี พ.ศ. ๒๕๔๓ ภูมิพลอดุลยเดช ป.ร. ให้ไว้ ณ วันที่ ๑๓ เมษายน พ.ศ. ๒๕๔๓ เป็นปีที่ ๕๕ ในรัชกาลปัจจุบัน พระบาทสมเด็จพระปรมินทรมหาภูมิพลอดุลยเดช มีพระบรมร",กฎหมายทั่วไป,พระราชบัญญัติ
kris_ค0088-1B-0001,พระราชบัญญัติคุ้มครองแบบผังภูมิของวงจรรวม พ.ศ. 2543,"[12/5/2543] พระราชบัญญัติคุ้มครองแบบผังภูมิของวงจรรวม พ.ศ. 2543
พระราชบัญญัติว่าด้วยการปรับเป็นพินัย พ.ศ. ๒๕๖๕ ภูมิพลอดุลยเดช ป.ร. ให้ไว้ ณ วันที่ ๔ พฤษภาคม พ.ศ. ๒๕๔๓ เป็นปีที่ ๕๕ ในรัชกาลปัจจุบัน พระบาทสมเด็จพระปรมินทรมหาภูมิพลอดุลยเดช มีพระบรมราชโองการโปรดเกล้าฯ ให้ประกาศ",กฎหมายทั่วไป,พระราชบัญญัติ
kris_ค0089-1B-0001,พระราชบัญญัติค่าตอบแทนผู้เสียหาย และค่าทดแทนและค่าใช้จ่ายแก่จำเลยในคดีอาญา พ.ศ. 2544,"[12/11/2544] พระราชบัญญัติค่าตอบแทนผู้เสียหาย และค่าทดแทนและค่าใช้จ่ายแก่จำเลยในคดีอาญา พ.ศ. 2544
พระราชบัญญัติ ค่าตอบแทนผู้เสียหาย และค่าทดแทนและค่าใช้จ่ายแก่จำเลยในคดีอาญา พ.ศ. ๒๕๔๔ พระราชบัญญัติค่าตอบแทนผู้เสียหาย และค่าทดแทนและค่าใช้จ่ายแก่จำเลยในคดีอาญา (ฉบับที่ ๒) พ.ศ. ๒๕๕๙ ภูมิพลอดุลยเดช ป.ร. ให้ไว้",กฎหมายทั่วไป,พระราชบัญญัติ
kris_ค0090-1B-0001,พระราชบัญญัติความลับทางการค้า พ.ศ. 2545,"[23/4/2545] พระราชบัญญัติความลับทางการค้า พ.ศ. 2545
พระราชบัญญัติ ความลับทางการค้า พ.ศ. ๒๕๔๕ พระราชบัญญัติความลับทางการค้า (ฉบับที่ ๒) พ.ศ. ๒๕๕๘ ภูมิพลอดุลยเดช ป.ร. ให้ไว้ ณ วันที่ ๑๒ เมษายน พ.ศ. ๒๕๔๕ เป็นปีที่ ๕๗ ในรัชกาลปัจจุบัน พระบาทสมเด็จพระปรมินทรมหาภูมิพล",กฎหมายทั่วไป,พระราชบัญญัติ
kris_ค0091-1B-0001,พระราชบัญญัติคุ้มครองการดำเนินงานขององค์การห้ามอาวุธเคมี พ.ศ. 2545,"[27/9/2545] พระราชบัญญัติคุ้มครองการดำเนินงานขององค์การห้ามอาวุธเคมี พ.ศ. 2545
พระราชบัญญัติ คุ้มครองการดำเนินงานขององค์การห้ามอาวุธเคมี พ.ศ. ๒๕๔๕ ภูมิพลอดุลยเดช ป.ร. ให้ไว้ ณ วันที่ ๒๒ กันยายน พ.ศ. ๒๕๔๕ เป็นปีที่ ๕๗ ในรัชกาลปัจจุบัน พระบาทสมเด็จพระปรมินทรมหาภูมิพลอดุลยเดช มีพระบรมราชโองก",กฎหมายทั่วไป,พระราชบัญญัติ
kris_ค0092-1B-0001,พระราชบัญญัติคุ้มครองพยานในคดีอาญา พ.ศ. 2546,"[20/6/2546] พระราชบัญญัติคุ้มครองพยานในคดีอาญา พ.ศ. 2546
พระราชบัญญัติ คุ้มครองพยานในคดีอาญา พ.ศ. ๒๕๔๖ พระราชบัญญัติคุ้มครองพยานในคดีอาญา (ฉบับที่ ๒) พ.ศ. ๒๕๖๕ ภูมิพลอดุลยเดช ป.ร. ให้ไว้ ณ วันที่ ๑๓ มิถุนายน พ.ศ. ๒๕๔๖ เป็นปีที่ ๕๘ ในรัชกาลปัจจุบัน พระบาทสมเด็จพระปรมิ",กฎหมายทั่วไป,พระราชบัญญัติ
kris_ค0093-1B-0001,พระราชบัญญัติคุ้มครองเด็ก พ.ศ. 2546,"[2/10/2546] พระราชบัญญัติคุ้มครองเด็ก พ.ศ. 2546
พระราชบัญญัติปรับปรุงกระทรวงทบวงกรม (ฉบับที่ ๑๙) พ.ศ. ๒๕๖๒ ภูมิพลอดุลยเดช ป.ร. ให้ไว้ ณ วันที่ ๒๔ กันยายน พ.ศ. ๒๕๔๖ เป็นปีที่ ๕๘ ในรัชกาลปัจจุบัน พระบาทสมเด็จพระปรมินทรมหาภูมิพลอดุลยเดช มีพระบรมราชโองการโปรดเกล",กฎหมายทั่วไป,พระราชบัญญัติ
kris_ค0094-1B-0001,พระราชบัญญัติคุ้มครองสิ่งบ่งชี้ทางภูมิศาสตร์ พ.ศ. 2546,"[31/10/2546] พระราชบัญญัติคุ้มครองสิ่งบ่งชี้ทางภูมิศาสตร์ พ.ศ. 2546
พระราชบัญญัติว่าด้วยการปรับเป็นพินัย พ.ศ. ๒๕๖๕ ภูมิพลอดุลยเดช ป.ร. ให้ไว้ ณ วันที่ ๒๐ ตุลาคม พ.ศ. ๒๕๔๖ เป็นปีที่ ๕๘ ในรัชกาลปัจจุบัน พระบาทสมเด็จพระปรมินทรมหาภูมิพลอดุลยเดช มีพระบรมราชโองการโปรดเกล้าฯ ให้ประกาศ",กฎหมายทั่วไป,พระราชบัญญัติ
kris_ค0095-1B-0001,พระราชบัญญัติเครื่องแบบกรรมการสิทธิมนุษยชนแห่งชาติ พ.ศ. 2547 (ยกเลิก),"[30/6/2547] พระราชบัญญัติเครื่องแบบกรรมการสิทธิมนุษยชนแห่งชาติ พ.ศ. 2547 (ยกเลิก)
พระราชบัญญัติ เครื่องแบบกรรมการสิทธิมนุษยชนแห่งชาติ พ.ศ. ๒๕๔๗ (ยกเลิก) ภูมิพลอดุลยเดช ป.ร. ให้ไว้ ณ วันที่ ๑๓ พฤษภาคม พ.ศ. ๒๕๔๗ เป็นปีที่ ๕๙ ในรัชกาลปัจจุบัน พระบาทสมเด็จพระปรมินทรมหาภูมิพลอดุลยเดช มีพระบรมราชโ",กฎหมายทั่วไป,พระราชบัญญัติ
kris_ค0096-1B-0001,พระราชบัญญัติคุ้มครองการประชุมภาคีอนุสัญญาว่าด้วยการค้าระหว่างประเทศซึ่งชนิดสัตว์ป่าและพืชป่าที่ใกล้สูญพันธุ์ ครั้งที่ 13 ในประเทศไทย พ.ศ. 2547,"[22/9/2547] พระราชบัญญัติคุ้มครองการประชุมภาคีอนุสัญญาว่าด้วยการค้าระหว่างประเทศซึ่งชนิดสัตว์ป่าและพืชป่าที่ใกล้สูญพันธุ์ ครั้งที่ 13 ในประเทศไทย พ.ศ. 2547
พระราชบัญญัติ คุ้มครองการประชุมภาคีอนุสัญญาว่าด้วยการค้าระหว่างประเทศ ซึ่งชนิดสัตว์ป่าและพืชป่าที่ใกล้สูญพันธุ์ ครั้งที่ ๑๓ ในประเทศไทย พ.ศ. ๒๕๔๗ ภูมิพลอดุลยเดช ป.ร. ให้ไว้ ณ วันที่ ๒๑ กันยายน พ.ศ. ๒๕๔๗ เป็นปีท",กฎหมายทั่วไป,พระราชบัญญัติ
kris_ค0097-1B-0001,พระราชบัญญัติคุ้มครองการดำเนินงานของสำนักงานผู้แทนธนาคารพัฒนาเอเชียในประเทศไทย พ.ศ. 2547,"[20/12/2547] พระราชบัญญัติคุ้มครองการดำเนินงานของสำนักงานผู้แทนธนาคารพัฒนาเอเชียในประเทศไทย พ.ศ. 2547
พระราชบัญญัติ คุ้มครองการดำเนินงานของสำนักงานผู้แทน ธนาคารพัฒนาเอเชียในประเทศไทย พ.ศ. ๒๕๔๗ ภูมิพลอดุลยเดช ป.ร. ให้ไว้ ณ วันที่ ๓๐ พฤศจิกายน พ.ศ. ๒๕๔๗ เป็นปีที่ ๕๙ ในรัชกาลปัจจุบัน พระบาทสมเด็จพระปรมินทรมหาภูมิพ",กฎหมายทั่วไป,พระราชบัญญัติ
kris_ค0098-1B-0001,พระราชบัญญัติความรับผิดทางแพ่งและค่าเสียหายจากเรือโดนกัน พ.ศ. 2548,"[4/2/2548] พระราชบัญญัติความรับผิดทางแพ่งและค่าเสียหายจากเรือโดนกัน พ.ศ. 2548
พระราชบัญญัติ ความรับผิดทางแพ่งและค่าเสียหายจากเรือโดนกัน พ.ศ. ๒๕๔๘ ภูมิพลอดุลยเดช ป.ร. ให้ไว้ ณ วันที่ ๓๑ มกราคม พ.ศ. ๒๕๔๘ เป็นปีที่ ๖๐ ในรัชกาลปัจจุบัน พระบาทสมเด็จพระปรมินทรมหาภูมิพลอดุลยเดช มีพระบรมราชโองกา",กฎหมายทั่วไป,พระราชบัญญัติ
kris_คป004-1K-0001,คำสั่งคณะปฏิรูปการปกครองในระบอบประชาธิปไตย อันมีพระมหากษัตริย์ทรงเป็นประมุข ที่ 3/2549 เรื่อง มอบอำนาจการรักษาความสงบเรียบร้อยในเขตพื้นที่กองทัพภาค,"[20/9/2549] คำสั่งคณะปฏิรูปการปกครองในระบอบประชาธิปไตย อันมีพระมหากษัตริย์ทรงเป็นประมุข ที่ 3/2549 เรื่อง มอบอำนาจการรักษาความสงบเรียบร้อยในเขตพื้นที่กองทัพภาค
คำสั่งคณะปฏิรูปการปกครองในระบอบประชาธิปไตย อันมีพระมหากษัตริย์ทรงเป็นประมุข ที่ ๓/๒๕๔๙ เรื่อง มอบอำนาจการรักษาความสงบเรียบร้อยในเขตพื้นที่กองทัพภาค เพื่อให้การดูแลรักษาความสงบเรียบร้อยในเขตพื้นที่กองทัพภาค เป็น",กฎหมายทั่วไป,คำสั่ง
kris_คป011-1K-0001,แถลงการณ์คณะปฏิรูปการปกครองในระบอบประชาธิปไตย อันมีพระมหากษัตริย์ทรงเป็นประมุข,"[20/9/2549] แถลงการณ์คณะปฏิรูปการปกครองในระบอบประชาธิปไตย อันมีพระมหากษัตริย์ทรงเป็นประมุข
แถลงการณ์ คณะปฏิรูปการปกครองในระบอบประชาธิปไตย อันมีพระมหากษัตริย์ทรงเป็นประมุข ด้วยเป็นที่ปรากฏความแน่ชัดว่า การบริหารราชการแผ่นดิน โดยรัฐบาลรักษาการปัจจุบันได้ก่อให้เกิดปัญหาความขัดแย้ง แบ่งฝ่าย สลายความรู้รั",กฎหมายทั่วไป,อื่นๆ
kris_คป012-1K-0001,ประกาศแต่งตั้งหัวหน้าคณะปฏิรูปการปกครองในระบอบประชาธิปไตย อันมีพระมหากษัตริย์ทรงเป็นประมุข,"[20/9/2549] ประกาศแต่งตั้งหัวหน้าคณะปฏิรูปการปกครองในระบอบประชาธิปไตย อันมีพระมหากษัตริย์ทรงเป็นประมุข
ประกาศ แต่งตั้งหัวหน้าคณะปฏิรูปการปกครองในระบอบประชาธิปไตย อันมีพระมหากษัตริย์ทรงเป็นประมุข ภูมิพลอดุลยเดช ป.ร. ด้วยพลเอก สนธิ บุญยรัตกลิน ได้นำความกราบบังคมทูลว่า การบริหารราชการแผ่นดินของรัฐบาลอันมีพันตำรวจโท",กฎหมายทั่วไป,ประกาศ
kris_คป013-1K-0001,ประกาศคณะปฏิรูปการปกครองในระบอบประชาธิปไตย อันมีพระมหากษัตริย์ทรงเป็นประมุข,"[20/9/2549] ประกาศคณะปฏิรูปการปกครองในระบอบประชาธิปไตย อันมีพระมหากษัตริย์ทรงเป็นประมุข
ประกาศคณะปฏิรูปการปกครองในระบอบประชาธิปไตย อันมีพระมหากษัตริย์ทรงเป็นประมุข ตามที่คณะปฏิรูปการปกครองในระบอบประชาธิปไตย อันมีพระมหากษัตริย์ทรงเป็นประมุข ได้ยึดอำนาจการปกครองแผ่นดินเป็นที่เรียบร้อย ตามที่ได้ประกา",กฎหมายทั่วไป,ประกาศ
kris_คป016-1K-0001,ประกาศคณะปฏิรูปการปกครองในระบอบประชาธิปไตย อันมีพระมหากษัตริย์ทรงเป็นประมุขฉบับที่ 4 เรื่อง อำนาจบริหารราชการแผ่นดิน,"[20/9/2549] ประกาศคณะปฏิรูปการปกครองในระบอบประชาธิปไตย อันมีพระมหากษัตริย์ทรงเป็นประมุขฉบับที่ 4 เรื่อง อำนาจบริหารราชการแผ่นดิน
ประกาศคณะปฏิรูปการปกครองในระบอบประชาธิปไตย อันมีพระมหากษัตริย์ทรงเป็นประมุข ฉบับที่ ๔ เรื่อง อำนาจบริหารราชการแผ่นดิน โดยที่ได้มีกฎหมายบางฉบับ ได้บัญญัติถึงอำนาจหน้าที่ของนายกรัฐมนตรีและรัฐมนตรี ในอันที่จะปฏิบั",กฎหมายทั่วไป,ประกาศ
kris_คป015-1K-0001,ประกาศคณะปฏิรูปการปกครองในระบอบประชาธิปไตย อันมีพระมหากษัตริย์ทรงเป็นประมุข ฉบับที่ 3,"[20/9/2549] ประกาศคณะปฏิรูปการปกครองในระบอบประชาธิปไตย อันมีพระมหากษัตริย์ทรงเป็นประมุข ฉบับที่ 3
ประกาศคณะปฏิรูปการปกครองในระบอบประชาธิปไตย อันมีพระมหากษัตริย์ทรงเป็นประมุข ฉบับที่ ๓ ตามที่คณะปฏิรูปการปกครองในระบอบประชาธิปไตย ได้ทำการยึดอำนาจปกครองประเทศไว้เรียบร้อยแล้วนั้น เพื่อความสงบเรียบร้อยในการปกครอง",กฎหมายทั่วไป,ประกาศ
kris_คป014-1K-0001,ประกาศคณะปฏิรูปการปกครองในระบอบประชาธิปไตย อันมีพระมหากษัตริย์ทรงเป็นประมุขฉบับที่ 2 เรื่อง ห้ามการเคลื่อนย้ายกำลังทหาร และตำรวจ,"[20/9/2549] ประกาศคณะปฏิรูปการปกครองในระบอบประชาธิปไตย อันมีพระมหากษัตริย์ทรงเป็นประมุขฉบับที่ 2 เรื่อง ห้ามการเคลื่อนย้ายกำลังทหาร และตำรวจ
ประกาศคณะปฏิรูปการปกครองในระบอบประชาธิปไตย อันมีพระมหากษัตริย์ทรงเป็นประมุข ฉบับที่ ๒ เรื่อง ห้ามการเคลื่อนย้ายกำลังทหาร และตำรวจ ให้ทหารและตำรวจทุกนายไปรายงานตัว ณ ต้นสังกัด และห้ามเคลื่อนย้ายกำลังออกจากที่ตั้",กฎหมายทั่วไป,ประกาศ
kris_คป021-1K-0001,ประกาศคณะปฏิรูปการปกครองในระบอบประชาธิปไตย อันมีพระมหากษัตริย์ทรงเป็นประมุข ฉบับที่ 20 เรื่อง ให้คณะกรรมการปฏิบัติหน้าที่ต่อไป,"[24/9/2549] ประกาศคณะปฏิรูปการปกครองในระบอบประชาธิปไตย อันมีพระมหากษัตริย์ทรงเป็นประมุข ฉบับที่ 20 เรื่อง ให้คณะกรรมการปฏิบัติหน้าที่ต่อไป
ประกาศคณะปฏิรูปการปกครองในระบอบประชาธิปไตย อันมีพระมหากษัตริย์ทรงเป็นประมุข ฉบับที่ ๒๐ เรื่อง ให้คณะกรรมการปฏิบัติหน้าที่ต่อไป ตามที่ได้มีประกาศคณะปฏิรูปการปกครองในระบอบประชาธิปไตย อันมีพระมหากษัตริย์ทรงเป็นประ",กฎหมายทั่วไป,ประกาศ
kris_คป022-1K-0001,ประกาศคณะปฏิรูปการปกครองในระบอบประชาธิปไตย อันมีพระมหากษัตริย์ทรงเป็นประมุข ฉบับที่ 21 เรื่อง ห้ามการดักฟังทางโทรศัพท์หรือเครื่องมือสื่อสารใด,"[24/9/2549] ประกาศคณะปฏิรูปการปกครองในระบอบประชาธิปไตย อันมีพระมหากษัตริย์ทรงเป็นประมุข ฉบับที่ 21 เรื่อง ห้ามการดักฟังทางโทรศัพท์หรือเครื่องมือสื่อสารใด
ประกาศคณะปฏิรูปการปกครองในระบอบประชาธิปไตย อันมีพระมหากษัตริย์ทรงเป็นประมุข ฉบับที่ ๒๑ เรื่อง ห้ามการดักฟังทางโทรศัพท์หรือเครื่องมือสื่อสารใด โดยที่ในระยะเวลาที่ผ่านมา ได้มีการลักลอบดักฟัง ใช้ประโยชน์ หรือเปิดเ",กฎหมายทั่วไป,ประกาศ
kris_คป018-1K-0001,ประกาศคณะปฏิรูปการปกครองในระบอบประชาธิปไตย อันมีพระมหากษัตริย์ทรงเป็นประมุข ฉบับที่ 13 เรื่อง ให้พระราชบัญญัติประกอบรัฐธรรมนูญบางฉบับมีผลใช้บังคับต่อไป,"[24/9/2549] ประกาศคณะปฏิรูปการปกครองในระบอบประชาธิปไตย อันมีพระมหากษัตริย์ทรงเป็นประมุข ฉบับที่ 13 เรื่อง ให้พระราชบัญญัติประกอบรัฐธรรมนูญบางฉบับมีผลใช้บังคับต่อไป
ประกาศคณะปฏิรูปการปกครองในระบอบประชาธิปไตยอันมีพระมหากษัตริย์ทรงเป็นประมุข ฉบับที่ ๒๖ เรื่อง การแก้ไขประกาศคณะปฏิรูปการปกครองในระบอบประชาธิปไตยอันมีพระมหากษัตริย์ทรงเป็นประมุข ฉบับที่ ๑๓ ลงวันที่ ๒๐ กันยายน พุท",กฎหมายทั่วไป,ประกาศ
kris_คป019-1K-0001,ประกาศคณะปฏิรูปการปกครองในระบอบประชาธิปไตย อันมีพระมหากษัตริย์ทรงเป็นประมุข ฉบับที่ 14 เรื่อง ให้พระราชบัญญัติประกอบรัฐธรรมนูญบางฉบับมีผลใช้บังคับต่อไป,"[24/9/2549] ประกาศคณะปฏิรูปการปกครองในระบอบประชาธิปไตย อันมีพระมหากษัตริย์ทรงเป็นประมุข ฉบับที่ 14 เรื่อง ให้พระราชบัญญัติประกอบรัฐธรรมนูญบางฉบับมีผลใช้บังคับต่อไป
ประกาศคณะปฏิรูปการปกครองในระบอบประชาธิปไตย อันมีพระมหากษัตริย์ทรงเป็นประมุข ฉบับที่ ๑๔ เรื่อง ให้พระราชบัญญัติประกอบรัฐธรรมนูญบางฉบับมีผลใช้บังคับต่อไป เพื่อให้การดำเนินการเกี่ยวกับการรับเรื่องร้องเรียนเกี่ยวกั",กฎหมายทั่วไป,ประกาศ
kris_คป020-1K-0001,ประกาศคณะปฏิรูปการปกครองในระบอบประชาธิปไตย อันมีพระมหากษัตริย์ทรงเป็นประมุข ฉบับที่ 16 เรื่อง ให้หัวหน้าคณะปฏิรูปการปกครองในระบอบประชาธิปไตย อันมีพระมหากษัตริย์ทรงเป็นประมุขทำหน้าที่รัฐสภา สภาผู้แทนราษฎร หรือวุฒิสภา,"[24/9/2549] ประกาศคณะปฏิรูปการปกครองในระบอบประชาธิปไตย อันมีพระมหากษัตริย์ทรงเป็นประมุข ฉบับที่ 16 เรื่อง ให้หัวหน้าคณะปฏิรูปการปกครองในระบอบประชาธิปไตย อันมีพระมหากษัตริย์ทรงเป็นประมุขทำหน้าที่รัฐสภา สภาผู้แทนราษฎร หรือวุฒิสภา
ประกาศคณะปฏิรูปการปกครองในระบอบประชาธิปไตย อันมีพระมหากษัตริย์ทรงเป็นประมุข ฉบับที่ ๑๖ เรื่อง ให้หัวหน้าคณะปฏิรูปการปกครองในระบอบประชาธิปไตย อันมีพระมหากษัตริย์ทรงเป็นประมุขทำหน้าที่รัฐสภา สภาผู้แทนราษฎร หรือวุ",กฎหมายทั่วไป,ประกาศ
kris_คป017-1K-0002,ประกาศคณะปฏิรูปการปกครองในระบอบประชาธิปไตย อันมีพระมหากษัตริย์ทรงเป็นประมุข ฉบับที่ 12 เรื่อง ให้พระราชบัญญัติประกอบรัฐธรรมนูญบางฉบับมีผลใช้บังคับต่อไป,"[24/9/2549] ประกาศคณะปฏิรูปการปกครองในระบอบประชาธิปไตย อันมีพระมหากษัตริย์ทรงเป็นประมุข ฉบับที่ 12 เรื่อง ให้พระราชบัญญัติประกอบรัฐธรรมนูญบางฉบับมีผลใช้บังคับต่อไป
ประกาศคณะปฏิรูปการปกครองในระบอบประชาธิปไตย อันมีพระมหากษัตริย์ทรงเป็นประมุข ฉบับที่ ๒๙ เรื่อง แก้ไขประกาศคณะปฏิรูปการปกครองในระบอบประชาธิปไตย อันมีพระมหากษัตริย์ทรงเป็นประมุข ฉบับที่ ๑๒ ลงวันที่ ๒๐ กันยายน พุทธ",กฎหมายทั่วไป,ประกาศ
kris_คป024-1K-0001,ประกาศคณะปฏิรูปการปกครองในระบอบประชาธิปไตย อันมีพระมหากษัตริย์ทรงเป็นประมุข ฉบับที่ 26 เรื่อง การแก้ไขประกาศคณะปฏิรูปการปกครองในระบอบประชาธิปไตย อันมีพระมหากษัตริย์ทรงเป็นประมุข ฉบับที่ 13 ลงวันที่ 20 กันยายน พุทธศักราช 2549,"[3/10/2549] ประกาศคณะปฏิรูปการปกครองในระบอบประชาธิปไตย อันมีพระมหากษัตริย์ทรงเป็นประมุข ฉบับที่ 26 เรื่อง การแก้ไขประกาศคณะปฏิรูปการปกครองในระบอบประชาธิปไตย อันมีพระมหากษัตริย์ทรงเป็นประมุข ฉบับที่ 13 ลงวันที่ 20 กันยายน พุทธศักราช 2549
ประกาศคณะปฏิรูปการปกครองในระบอบประชาธิปไตย อันมีพระมหากษัตริย์ทรงเป็นประมุข ฉบับที่ ๒๖ เรื่อง การแก้ไขประกาศคณะปฏิรูปการปกครองในระบอบประชาธิปไตย อันมีพระมหากษัตริย์ทรงเป็นประมุข ฉบับที่ ๑๓ ลงวันที่ ๒๐ กันยายน พ",กฎหมายทั่วไป,ประกาศ
kris_คป023-1K-0001,ประกาศคณะปฏิรูปการปกครองในระบอบประชาธิปไตย อันมีพระมหากษัตริย์ทรงเป็นประมุข ฉบับที่ 25 เรื่อง การดำเนินการเกี่ยวกับการยุติธรรมทางอาญา,"[3/10/2549] ประกาศคณะปฏิรูปการปกครองในระบอบประชาธิปไตย อันมีพระมหากษัตริย์ทรงเป็นประมุข ฉบับที่ 25 เรื่อง การดำเนินการเกี่ยวกับการยุติธรรมทางอาญา
ประกาศคณะปฏิรูปการปกครองในระบอบประชาธิปไตย อันมีพระมหากษัตริย์ทรงเป็นประมุข ฉบับที่ ๒๕ เรื่อง การดำเนินการเกี่ยวกับการยุติธรรมทางอาญา โดยที่เป็นการสมควรกำหนดหน้าที่ของผู้ต้องหาในคดีอาญาให้พิมพ์ลายนิ้วมือตามคำสั",กฎหมายทั่วไป,ประกาศ
kris_คป025-1K-0001,ประกาศคณะปฏิรูปการปกครองในระบอบประชาธิปไตย อันมีพระมหากษัตริย์ทรงเป็นประมุข ฉบับที่ 28 เรื่อง ยกเลิกประกาศคณะปฏิรูปการปกครองในระบอบประชาธิปไตย อันมีพระมหากษัตริย์ทรงเป็นประมุข ฉบับที่ 17 ลงวันที่ 22 กันยายน พุทธศักราช 2549 และฉบับที่ 18 ลงวันที่ 22 กันยายน พุทธศักราช 2549,"[3/10/2549] ประกาศคณะปฏิรูปการปกครองในระบอบประชาธิปไตย อันมีพระมหากษัตริย์ทรงเป็นประมุข ฉบับที่ 28 เรื่อง ยกเลิกประกาศคณะปฏิรูปการปกครองในระบอบประชาธิปไตย อันมีพระมหากษัตริย์ทรงเป็นประมุข ฉบับที่ 17 ลงวันที่ 22 กันยายน พุทธศักราช 2549 และฉบับที่ 18 ลงวันที่ 22 กันยายน พุทธศักราช 2549
ประกาศคณะปฏิรูปการปกครองในระบอบประชาธิปไตย อันมีพระมหากษัตริย์ทรงเป็นประมุข ฉบับที่ ๒๘ เรื่อง ยกเลิกประกาศคณะปฏิรูปการปกครองในระบอบประชาธิปไตย อันมีพระมหากษัตริย์ทรงเป็นประมุข ฉบับที่ ๑๗ ลงวันที่ ๒๒ กันยายน พุท",กฎหมายทั่วไป,ประกาศ
kris_คป026-1K-0001,ประกาศคณะปฏิรูปการปกครองในระบอบประชาธิปไตย อันมีพระมหากษัตริย์ทรงเป็นประมุข ฉบับที่ 29 เรื่อง แก้ไขประกาศคณะปฏิรูปการปกครองในระบอบประชาธิปไตย อันมีพระมหากษัตริย์ทรงเป็นประมุข ฉบับที่ 12 ลงวันที่ 20 กันยายน พุทธศักราช 2549,"[3/10/2549] ประกาศคณะปฏิรูปการปกครองในระบอบประชาธิปไตย อันมีพระมหากษัตริย์ทรงเป็นประมุข ฉบับที่ 29 เรื่อง แก้ไขประกาศคณะปฏิรูปการปกครองในระบอบประชาธิปไตย อันมีพระมหากษัตริย์ทรงเป็นประมุข ฉบับที่ 12 ลงวันที่ 20 กันยายน พุทธศักราช 2549
ประกาศคณะปฏิรูปการปกครองในระบอบประชาธิปไตย อันมีพระมหากษัตริย์ทรงเป็นประมุข ฉบับที่ ๒๙ เรื่อง แก้ไขประกาศคณะปฏิรูปการปกครองในระบอบประชาธิปไตย อันมีพระมหากษัตริย์ทรงเป็นประมุข ฉบับที่ ๑๒ ลงวันที่ ๒๐ กันยายน พุทธ",กฎหมายทั่วไป,ประกาศ
kris_คป027-1K-0001,ประกาศคณะปฏิรูปการปกครองในระบอบประชาธิปไตย อันมีพระมหากษัตริย์ทรงเป็นประมุข ฉบับที่ 30 เรื่อง การตรวจสอบการกระทำที่ก่อให้เกิดความเสียหายแก่รัฐ,"[3/10/2549] ประกาศคณะปฏิรูปการปกครองในระบอบประชาธิปไตย อันมีพระมหากษัตริย์ทรงเป็นประมุข ฉบับที่ 30 เรื่อง การตรวจสอบการกระทำที่ก่อให้เกิดความเสียหายแก่รัฐ
พระราชบัญญัติแก้ไขเพิ่มเติมประกาศคณะปฏิรูปการปกครองในระบอบประชาธิปไตย อันมีพระมหากษัตริย์ทรงเป็นประมุข ฉบับที่ ๓๐ เรื่อง การตรวจสอบการกระทำที่ก่อให้เกิดความเสียหายแก่รัฐ ลงวันที่ ๓๐ กันยายน พุทธศักราช ๒๕๔๙ พ.ศ.",กฎหมายทั่วไป,ประกาศ
kris_คป029-1K-0001,ประกาศคณะปฏิรูปการปกครองในระบอบประชาธิปไตย อันมีพระมหากษัตริย์ทรงเป็นประมุข ฉบับที่ 32 เรื่อง อำนาจหน้าที่เกี่ยวกับการเลือกตั้งสมาชิกสภาท้องถิ่นหรือผู้บริหารท้องถิ่นของคณะกรรมการการเลือกตั้ง,"[3/10/2549] ประกาศคณะปฏิรูปการปกครองในระบอบประชาธิปไตย อันมีพระมหากษัตริย์ทรงเป็นประมุข ฉบับที่ 32 เรื่อง อำนาจหน้าที่เกี่ยวกับการเลือกตั้งสมาชิกสภาท้องถิ่นหรือผู้บริหารท้องถิ่นของคณะกรรมการการเลือกตั้ง
ประกาศคณะปฏิรูปการปกครองในระบอบประชาธิปไตย อันมีพระมหากษัตริย์ทรงเป็นประมุข ฉบับที่ ๓๒ เรื่อง อำนาจหน้าที่เกี่ยวกับการเลือกตั้งสมาชิกสภาท้องถิ่น หรือผู้บริหารท้องถิ่นของคณะกรรมการการเลือกตั้ง เพื่อให้การดำเนินก",กฎหมายทั่วไป,ประกาศ
kris_คป003-1K-0001,ประกาศคณะปฏิรูปการปกครองในระบอบประชาธิปไตย อันมีพระมหากษัตริย์ทรงเป็นประมุข ฉบับที่ 36 เรื่อง กฎหมายว่าด้วยการรักษาความปลอดภัยสถาบันพระมหากษัตริย์ (ยกเลิก),"[4/10/2549] ประกาศคณะปฏิรูปการปกครองในระบอบประชาธิปไตย อันมีพระมหากษัตริย์ทรงเป็นประมุข ฉบับที่ 36 เรื่อง กฎหมายว่าด้วยการรักษาความปลอดภัยสถาบันพระมหากษัตริย์ (ยกเลิก)
ประกาศคณะปฏิรูปการปกครองในระบอบประชาธิปไตย อันมีพระมหากษัตริย์ทรงเป็นประมุข ฉบับที่ ๓๖ เรื่อง กฎหมายว่าด้วยการรักษาความปลอดภัยสถาบันพระมหากษัตริย์ (ยกเลิก) เพื่อให้การรักษาความปลอดภัยสำหรับองค์พระมหากษัตริย์ พร",กฎหมายทั่วไป,ประกาศ
kris_คป008-1K-0001,คำสั่งหัวหน้าคณะปฏิรูปการปกครองในระบอบประชาธิปไตย อันมีพระมหากษัตริย์ทรงเป็นประมุข ที่ 14/2549 เรื่อง การจัดส่วนงาน และการแบ่งมอบหน้าที่ความรับผิดชอบเพิ่มเติม,"[4/10/2549] คำสั่งหัวหน้าคณะปฏิรูปการปกครองในระบอบประชาธิปไตย อันมีพระมหากษัตริย์ทรงเป็นประมุข ที่ 14/2549 เรื่อง การจัดส่วนงาน และการแบ่งมอบหน้าที่ความรับผิดชอบเพิ่มเติม
คำสั่งหัวหน้าคณะปฏิรูปการปกครองในระบอบประชาธิปไตย อันมีพระมหากษัตริย์ทรงเป็นประมุข ที่ ๑๔/๒๕๔๙ เรื่อง การจัดส่วนงาน และการแบ่งมอบหน้าที่ความรับผิดชอบเพิ่มเติม ตามที่ได้มีคำสั่งหัวหน้าคณะปฏิรูปการปกครองในระบอบปร",กฎหมายทั่วไป,คำสั่ง
kris_คป006-1K-0001,คำสั่งหัวหน้าคณะปฏิรูปการปกครองในระบอบประชาธิปไตย อันมีพระมหากษัตริย์ทรงเป็นประมุข ที่ 8/2549 เรื่อง การขออนุญาตพกพาอาวุธ,"[4/10/2549] คำสั่งหัวหน้าคณะปฏิรูปการปกครองในระบอบประชาธิปไตย อันมีพระมหากษัตริย์ทรงเป็นประมุข ที่ 8/2549 เรื่อง การขออนุญาตพกพาอาวุธ
คำสั่งหัวหน้าคณะปฏิรูปการปกครองในระบอบประชาธิปไตย อันมีพระมหากษัตริย์ทรงเป็นประมุข ที่ ๘/๒๕๔๙ เรื่อง การขออนุญาตพกพาอาวุธ ตามที่ บริษัท กรุ๊ปโฟร์ ซีเคียวริคอร์ แคช เซอร์วิส (ประเทศไทย) จำกัด ซึ่งดำเนินธุรกิจในก",กฎหมายทั่วไป,คำสั่ง
kris_คป010-1K-0001,คำสั่งหัวหน้าคณะปฏิรูปการปกครองในระบอบประชาธิปไตย อันมีพระมหากษัตริย์ทรงเป็นประมุข ที่ 19/2549 เรื่อง แก้ไขคำสั่งนายกรัฐมนตรีที่ออกตามความในพระราชกำหนดการบริหารราชการในสถานการณ์ฉุกเฉิน พ.ศ. 2548,"[4/10/2549] คำสั่งหัวหน้าคณะปฏิรูปการปกครองในระบอบประชาธิปไตย อันมีพระมหากษัตริย์ทรงเป็นประมุข ที่ 19/2549 เรื่อง แก้ไขคำสั่งนายกรัฐมนตรีที่ออกตามความในพระราชกำหนดการบริหารราชการในสถานการณ์ฉุกเฉิน พ.ศ. 2548
คำสั่งหัวหน้าคณะปฏิรูปการปกครองในระบอบประชาธิปไตย อันมีพระมหากษัตริย์ทรงเป็นประมุข ที่ ๑๙/๒๕๔๙ เรื่อง แก้ไขคำสั่งนายกรัฐมนตรีที่ออกตามความในพระราชกำหนดการบริหารราชการ ในสถานการณ์ฉุกเฉิน พ.ศ. ๒๕๔๘ โดยที่เป็นการส",กฎหมายทั่วไป,คำสั่ง
kris_คป007-1K-0001,คำสั่งหัวหน้าคณะปฏิรูปการปกครองในระบอบประชาธิปไตย อันมีพระมหากษัตริย์ทรงเป็นประมุข ที่ 10/2549 เรื่อง การจัดส่วนงาน และการแบ่งมอบหน้าที่ความรับผิดชอบ เพิ่มเติม,"[4/10/2549] คำสั่งหัวหน้าคณะปฏิรูปการปกครองในระบอบประชาธิปไตย อันมีพระมหากษัตริย์ทรงเป็นประมุข ที่ 10/2549 เรื่อง การจัดส่วนงาน และการแบ่งมอบหน้าที่ความรับผิดชอบ เพิ่มเติม
คำสั่งหัวหน้าคณะปฏิรูปการปกครองในระบอบประชาธิปไตย อันมีพระมหากษัตริย์ทรงเป็นประมุข ที่ ๑๐/๒๕๔๙ เรื่อง การจัดส่วนงาน และการแบ่งมอบหน้าที่ความรับผิดชอบ เพิ่มเติม ตามที่ได้มีคำสั่งหัวหน้าคณะปฏิรูปการปกครองในระบอบป",กฎหมายทั่วไป,คำสั่ง
kris_คป009-1K-0001,คำสั่งหัวหน้าคณะปฏิรูปการปกครองในระบอบประชาธิปไตย อันมีพระมหากษัตริย์ทรงเป็นประมุข ที่ 18/2549 เรื่อง การจัดตั้งสำนักงานเลขาธิการคณะปฏิรูปการปกครองในระบอบประชาธิปไตยอันมีพระมหากษัตริย์ทรงเป็นประมุข,"[4/10/2549] คำสั่งหัวหน้าคณะปฏิรูปการปกครองในระบอบประชาธิปไตย อันมีพระมหากษัตริย์ทรงเป็นประมุข ที่ 18/2549 เรื่อง การจัดตั้งสำนักงานเลขาธิการคณะปฏิรูปการปกครองในระบอบประชาธิปไตยอันมีพระมหากษัตริย์ทรงเป็นประมุข
คำสั่งหัวหน้าคณะปฏิรูปการปกครองในระบอบประชาธิปไตย อันมีพระมหากษัตริย์ทรงเป็นประมุข ที่ ๑๘/๒๕๔๙ เรื่อง การจัดตั้งสำนักงานเลขาธิการคณะปฏิรูปการปกครองในระบอบประชาธิปไตย อันมีพระมหากษัตริย์ทรงเป็นประมุข เพื่อให้การ",กฎหมายทั่วไป,คำสั่ง
kris_คป005-1K-0001,คำสั่งหัวหน้าคณะปฏิรูปการปกครองในระบอบประชาธิปไตย อันมีพระมหากษัตริย์ทรงเป็นประมุข ที่ 7/2549 เรื่อง การจัดส่วนงาน และการแบ่งมอบหน้าที่ความรับผิดชอบ,"[4/10/2549] คำสั่งหัวหน้าคณะปฏิรูปการปกครองในระบอบประชาธิปไตย อันมีพระมหากษัตริย์ทรงเป็นประมุข ที่ 7/2549 เรื่อง การจัดส่วนงาน และการแบ่งมอบหน้าที่ความรับผิดชอบ
คำสั่งหัวหน้าคณะปฏิรูปการปกครองในระบอบประชาธิปไตย อันมีพระมหากษัตริย์ทรงเป็นประมุข ที่ ๗/๒๕๔๙ เรื่อง การจัดส่วนงาน และการแบ่งมอบหน้าที่ความรับผิดชอบ เพื่อให้การบริหารงานของคณะปฏิรูปการปกครองในระบอบประชาธิปไตย อ",กฎหมายทั่วไป,คำสั่ง
kris_คป030-1B-0001,พระราชบัญญัติยกเลิกประกาศคณะปฏิรูปการปกครองในระบอบประชาธิปไตย อันมีพระมหากษัตริย์ทรงเป็นประมุข ฉบับที่ 7 เรื่อง การห้ามชุมนุมทางการเมือง ลงวันที่ 20 กันยายน พุทธศักราช 2549 พ.ศ. 2549,"[26/12/2549] พระราชบัญญัติยกเลิกประกาศคณะปฏิรูปการปกครองในระบอบประชาธิปไตย อันมีพระมหากษัตริย์ทรงเป็นประมุข ฉบับที่ 7 เรื่อง การห้ามชุมนุมทางการเมือง ลงวันที่ 20 กันยายน พุทธศักราช 2549 พ.ศ. 2549
พระราชบัญญัติ ยกเลิกประกาศคณะปฏิรูปการปกครองในระบอบประชาธิปไตย อันมีพระมหากษัตริย์ทรงเป็นประมุข ฉบับที่ ๗ เรื่อง การห้ามชุมนุมทางการเมือง ลงวันที่ ๒๐ กันยายน พุทธศักราช ๒๕๔๙ พ.ศ. ๒๕๔๙ ภูมิพลอดุลยเดช ป.ร. ให้ไว้",กฎหมายทั่วไป,พระราชบัญญัติ
kris_ค0100-1B-0002,พระราชบัญญัติคุ้มครองการดำเนินงานขององค์การดาวเทียมเคลื่อนที่ระหว่างประเทศ พ.ศ. 2550,"[19/3/2550] พระราชบัญญัติคุ้มครองการดำเนินงานขององค์การดาวเทียมเคลื่อนที่ระหว่างประเทศ พ.ศ. 2550
พระราชบัญญัติ คุ้มครองการดำเนินงานขององค์การดาวเทียมเคลื่อนที่ระหว่างประเทศ พ.ศ. ๒๕๕๐ พระบาทสมเด็จพระปรมินทรมหาภูมิพลอดุลยเดช มีพระบรมราชโองการโปรดเกล้าฯ ให้ประกาศว่า โดยที่เป็นการสมควรให้มีกฎหมายคุ้มครองการดำเ",กฎหมายทั่วไป,พระราชบัญญัติ
kris_คป031-1B-0001,พระราชบัญญัติยกเลิกประกาศหัวหน้าคณะปฏิรูปการปกครองในระบอบประชาธิปไตย อันมีพระมหากษัตริย์ทรงเป็นประมุข ฉบับที่ 8 เรื่อง ห้ามกักตุนสินค้า ลงวันที่ 20 กันยายน พุทธศักราช 2549 พ.ศ. 2550,"[5/4/2550] พระราชบัญญัติยกเลิกประกาศหัวหน้าคณะปฏิรูปการปกครองในระบอบประชาธิปไตย อันมีพระมหากษัตริย์ทรงเป็นประมุข ฉบับที่ 8 เรื่อง ห้ามกักตุนสินค้า ลงวันที่ 20 กันยายน พุทธศักราช 2549 พ.ศ. 2550
พระราชบัญญัติ ยกเลิกประกาศหัวหน้าคณะปฏิรูปการปกครองในระบอบประชาธิปไตย อันมีพระมหากษัตริย์ทรงเป็นประมุข ฉบับที่ ๘ เรื่อง ห้ามกักตุนสินค้า ลงวันที่ ๒๐ กันยายน พุทธศักราช ๒๕๔๙ พ.ศ. ๒๕๕๐ ภูมิพลอดุลยเดช ป.ร. ให้ไว้",กฎหมายทั่วไป,พระราชบัญญัติ
kris_ค0101-1B-0001,พระราชบัญญัติคุ้มครองผู้ถูกกระทำด้วยความรุนแรงในครอบครัว พ.ศ. 2550,"[14/8/2550] พระราชบัญญัติคุ้มครองผู้ถูกกระทำด้วยความรุนแรงในครอบครัว พ.ศ. 2550
พระราชบัญญัติ คุ้มครองผู้ถูกกระทำด้วยความรุนแรงในครอบครัว พ.ศ. ๒๕๕๐ ภูมิพลอดุลยเดช ป.ร. ให้ไว้ ณ วันที่ ๒๕ กรกฎาคม พ.ศ. ๒๕๕๐ เป็นปีที่ ๖๒ ในรัชกาลปัจจุบัน พระบาทสมเด็จพระปรมินทรมหาภูมิพลอดุลยเดช มีพระบรมราชโองก",กฎหมายทั่วไป,พระราชบัญญัติ
kris_ค0102-1B-0001,พระราชบัญญัติคณะกรรมการกำกับและส่งเสริมการประกอบธุรกิจประกันภัย พ.ศ. 2550,"[31/8/2550] พระราชบัญญัติคณะกรรมการกำกับและส่งเสริมการประกอบธุรกิจประกันภัย พ.ศ. 2550
พระราชบัญญัติว่าด้วยการปรับเป็นพินัย พ.ศ. ๒๕๖๕ ภูมิพลอดุลยเดช ป.ร. ให้ไว้ ณ วันที่ ๒๘ สิงหาคม พ.ศ. ๒๕๕๐ เป็นปีที่ ๖๒ ในรัชกาลปัจจุบัน พระบาทสมเด็จพระปรมินทรมหาภูมิพลอดุลยเดช มีพระบรมราชโองการโปรดเกล้าฯ ให้ประกา",กฎหมายทั่วไป,พระราชบัญญัติ
kris_คป032-1B-0001,พระราชบัญญัติแก้ไขเพิ่มเติมประกาศคณะปฏิรูปการปกครองในระบอบประชาธิปไตย อันมีพระมหากษัตริย์ทรงเป็นประมุข ฉบับที่ 30 เรื่อง การตรวจสอบการกระทำที่ก่อให้เกิดความเสียหายแก่รัฐ ลงวันที่ 30 กันยายน พุทธศักราช 2549 พ.ศ. 2550,"[5/9/2550] พระราชบัญญัติแก้ไขเพิ่มเติมประกาศคณะปฏิรูปการปกครองในระบอบประชาธิปไตย อันมีพระมหากษัตริย์ทรงเป็นประมุข ฉบับที่ 30 เรื่อง การตรวจสอบการกระทำที่ก่อให้เกิดความเสียหายแก่รัฐ ลงวันที่ 30 กันยายน พุทธศักราช 2549 พ.ศ. 2550
พระราชบัญญัติ แก้ไขเพิ่มเติมประกาศคณะปฏิรูปการปกครอง ในระบอบประชาธิปไตยอันมีพระมหากษัตริย์ทรงเป็นประมุข ฉบับที่ ๓๐ เรื่อง การตรวจสอบการกระทำที่ก่อให้เกิดความเสียหายแก่รัฐ ลงวันที่ ๓๐ กันยายน พุทธศักราช ๒๕๔๙ พ.ศ",กฎหมายทั่วไป,พระราชบัญญัติ
kris_ค0103-1B-0001,พระราชบัญญัติคุ้มครองการดำเนินงานขององค์การความร่วมมือด้านอวกาศแห่งเอเชียแปซิฟิก พ.ศ. 2550,"[9/1/2551] พระราชบัญญัติคุ้มครองการดำเนินงานขององค์การความร่วมมือด้านอวกาศแห่งเอเชียแปซิฟิก พ.ศ. 2550
พระราชบัญญัติ คุ้มครองการดำเนินงานขององค์การความร่วมมือ ด้านอวกาศแห่งเอเชียแปซิฟิก พ.ศ. ๒๕๕๐ พระบาทสมเด็จพระปรมินทรมหาภูมิพลอดุลยเดช มีพระบรมราชโองการโปรดเกล้าฯ ให้ประกาศว่า โดยที่เป็นการสมควรมีกฎหมายคุ้มครองกา",กฎหมายทั่วไป,พระราชบัญญัติ
kris_ค0105-1B-0001,พระราชบัญญัติคำนำหน้านามหญิง พ.ศ. 2551,"[5/2/2551] พระราชบัญญัติคำนำหน้านามหญิง พ.ศ. 2551
พระราชบัญญัติ คำนำหน้านามหญิง พ.ศ. ๒๕๕๑ ภูมิพลอดุลยเดช ป.ร. ให้ไว้ ณ วันที่ ๓๑ มกราคม พ.ศ. ๒๕๕๑ เป็นปีที่ ๖๓ ในรัชกาลปัจจุบัน พระบาทสมเด็จพระปรมินทรมหาภูมิพลอดุลยเดช มีพระบรมราชโองการโปรดเกล้าฯ ให้ประกาศว่า โดย",กฎหมายทั่วไป,พระราชบัญญัติ
kris_ค0104-1B-0001,พระราชบัญญัติโคนมและผลิตภัณฑ์นม พ.ศ. 2551,"[5/2/2551] พระราชบัญญัติโคนมและผลิตภัณฑ์นม พ.ศ. 2551
พระราชบัญญัติ โคนมและผลิตภัณฑ์นม พ.ศ. ๒๕๕๑ ภูมิพลอดุลยเดช ป.ร. ให้ไว้ ณ วันที่ ๓๑ มกราคม พ.ศ. ๒๕๕๑ เป็นปีที่ ๖๓ ในรัชกาลปัจจุบัน พระบาทสมเด็จพระปรมินทรมหาภูมิพลอดุลยเดช มีพระบรมราชโองการโปรดเกล้าฯ ให้ประกาศว่า",กฎหมายทั่วไป,พระราชบัญญัติ
kris_ค0042-1B-0001,พระราชบัญญัติเครื่องแบบนักเรียน พ.ศ. 2551,"[5/2/2551] พระราชบัญญัติเครื่องแบบนักเรียน พ.ศ. 2551
พระราชบัญญัติว่าด้วยการปรับเป็นพินัย พ.ศ. ๒๕๖๕ ภูมิพลอดุลยเดช ป.ร. ให้ไว้ ณ วันที่ ๓๑ มกราคม พ.ศ. ๒๕๕๑ เป็นปีที่ ๖๓ ในรัชกาลปัจจุบัน พระบาทสมเด็จพระปรมินทรมหาภูมิพลอดุลยเดช มีพระบรมราชโองการโปรดเกล้าฯ ให้ประกาศ",กฎหมายทั่วไป,พระราชบัญญัติ
kris_ค0106-1B-0001,พระราชบัญญัติคณะกรรมการอาหารแห่งชาติ พ.ศ. 2551,"[8/2/2551] พระราชบัญญัติคณะกรรมการอาหารแห่งชาติ พ.ศ. 2551
พระราชบัญญัติปรับปรุงกระทรวง ทบวง กรม (ฉบับที่ ๑๙) พ.ศ. ๒๕๖๒ ภูมิพลอดุลยเดช ป.ร. ให้ไว้ ณ วันที่ ๓๑ มกราคม พ.ศ. ๒๕๕๑ เป็นปีที่ ๖๓ ในรัชกาลปัจจุบัน พระบาทสมเด็จพระปรมินทรมหาภูมิพลอดุลยเดช มีพระบรมราชโองการโปรดเก",กฎหมายทั่วไป,พระราชบัญญัติ
kris_ค0107-1B-0001,พระราชบัญญัติคุ้มครองซากดึกดำบรรพ์ พ.ศ. 2551,"[11/2/2551] พระราชบัญญัติคุ้มครองซากดึกดำบรรพ์ พ.ศ. 2551
พระราชบัญญัติว่าด้วยการปรับเป็นพินัย พ.ศ. ๒๕๖๕ ภูมิพลอดุลยเดช ป.ร. ให้ไว้ ณ วันที่ ๓๐ มกราคม พ.ศ. ๒๕๕๑ เป็นปีที่ ๖๓ ในรัชกาลปัจจุบัน พระบาทสมเด็จพระปรมินทรมหาภูมิพลอดุลยเดช มีพระบรมราชโองการโปรดเกล้าฯ ให้ประกาศ",กฎหมายทั่วไป,พระราชบัญญัติ
kris_ค0059-1B-0001,พระราชบัญญัติคุ้มครองการดำเนินงานของสำนักงานใหญ่ของสหภาพไปรษณีย์แห่งเอเชียและแปซิฟิก พ.ศ. 2551,"[13/2/2551] พระราชบัญญัติคุ้มครองการดำเนินงานของสำนักงานใหญ่ของสหภาพไปรษณีย์แห่งเอเชียและแปซิฟิก พ.ศ. 2551
พระราชบัญญัติ คุ้มครองการดำเนินงานของสำนักงานใหญ่ของสหภาพ ไปรษณีย์แห่งเอเชียและแปซิฟิก พ.ศ. ๒๕๕๑ ภูมิพลอดุลยเดช ป.ร. ให้ไว้ ณ วันที่ ๖ กุมภาพันธ์ พ.ศ. ๒๕๕๑ เป็นปีที่ ๖๓ ในรัชกาลปัจจุบัน พระบาทสมเด็จพระปรมินทรมห",กฎหมายทั่วไป,พระราชบัญญัติ
kris_ค0108-1B-0001,พระราชบัญญัติควบคุมเครื่องดื่มแอลกอฮอล์ พ.ศ. 2551,"[13/2/2551] พระราชบัญญัติควบคุมเครื่องดื่มแอลกอฮอล์ พ.ศ. 2551
พระราชบัญญัติว่าด้วยการปรับเป็นพินัย พ.ศ. ๒๕๖๕ พระราชบัญญัติควบคุมเครื่องดื่มแอลกอฮอล์ (ฉบับที่ ๒) พ.ศ. ๒๕๖๘ ภูมิพลอดุลยเดช ป.ร. ให้ไว้ ณ วันที่ ๖ กุมภาพันธ์ พ.ศ. ๒๕๕๑ เป็นปีที่ ๖๓ ในรัชกาลปัจจุบัน พระบาทสมเด็จ",กฎหมายทั่วไป,พระราชบัญญัติ
kris_ค0109-1B-0002,พระราชบัญญัติความรับผิดต่อความเสียหายที่เกิดขึ้นจากสินค้าไม่ปลอดภัย พ.ศ. 2551,"[20/2/2551] พระราชบัญญัติความรับผิดต่อความเสียหายที่เกิดขึ้นจากสินค้าไม่ปลอดภัย พ.ศ. 2551
พระราชบัญญัติ ความรับผิดต่อความเสียหายที่เกิดขึ้นจากสินค้าที่ไม่ปลอดภัย พ.ศ. ๒๕๕๑ ภูมิพลอดุลยเดช ป.ร. ให้ไว้ ณ วันที่ ๑๓ กุมภาพันธ์ พ.ศ. ๒๕๕๑ เป็นปีที่ ๖๓ ในรัชกาลปัจจุบัน พระบาทสมเด็จพระปรมินทรมหาภูมิพลอดุลยเด",กฎหมายทั่วไป,พระราชบัญญัติ
kris_ค0058-1B-0001,พระราชบัญญัติเครื่องมือแพทย์ พ.ศ. 2551,"[5/3/2551] พระราชบัญญัติเครื่องมือแพทย์ พ.ศ. 2551
พระราชบัญญัติว่าด้วยการปรับเป็นพินัย พ.ศ. ๒๕๖๕ ภูมิพลอดุลยเดช ป.ร. ให้ไว้ ณ วันที่ ๒๖ กุมภาพันธ์ พ.ศ. ๒๕๕๑ เป็นปีที่ ๖๓ ในรัชกาลปัจจุบัน พระบาทสมเด็จพระปรมินทรมหาภูมิพลอดุลยเดช มีพระบรมราชโองการโปรดเกล้าฯ ให้ปร",กฎหมายทั่วไป,พระราชบัญญัติ
kris_ค0111-1B-0002,พระราชบัญญัติคุ้มครองการดำเนินงานของสถาบันความร่วมมือเพื่อพัฒนาเศรษฐกิจลุ่มน้ำโขง พ.ศ. 2552,"[6/11/2552] พระราชบัญญัติคุ้มครองการดำเนินงานของสถาบันความร่วมมือเพื่อพัฒนาเศรษฐกิจลุ่มน้ำโขง พ.ศ. 2552
พระราชบัญญัติ คุ้มครองการดำเนินงานของสถาบันความร่วมมือเพื่อพัฒนาเศรษฐกิจลุ่มน้ำโขง พ.ศ. ๒๕๕๒ ภูมิพลอดุลยเดช ป.ร. ให้ไว้ ณ วันที่ ๒๙ ตุลาคม พ.ศ. ๒๕๕๒ เป็นปีที่ ๖๔ ในรัชกาลปัจจุบัน พระบาทสมเด็จพระปรมินทรมหาภูมิพล",กฎหมายทั่วไป,พระราชบัญญัติ
kris_ค0113-1B-0001,พระราชบัญญัติคณะกรรมการปฏิรูปกฎหมาย พ.ศ. 2553 (ยกเลิก),"[19/11/2553] พระราชบัญญัติคณะกรรมการปฏิรูปกฎหมาย พ.ศ. 2553 (ยกเลิก)
พระราชบัญญัติ คณะกรรมการปฏิรูปกฎหมาย พ.ศ. ๒๕๕๓ (ยกเลิก) ภูมิพลอดุลยเดช ป.ร. ให้ไว้ ณ วันที่ ๑๖ พฤศจิกายน พ.ศ. ๒๕๕๓ เป็นปีที่ ๖๕ ในรัชกาลปัจจุบัน พระบาทสมเด็จพระปรมินทรมหาภูมิพลอดุลยเดช มีพระบรมราชโองการโปรดเกล้",กฎหมายทั่วไป,พระราชบัญญัติ
kris_ค0114-1B-0001,พระราชบัญญัติความปลอดภัย อาชีวอนามัย และสภาพแวดล้อมในการทำงาน พ.ศ. 2554,"[17/1/2554] พระราชบัญญัติความปลอดภัย อาชีวอนามัย และสภาพแวดล้อมในการทำงาน พ.ศ. 2554
พระราชบัญญัติว่าด้วยการปรับเป็นพินัย พ.ศ. ๒๕๖๕ ภูมิพลอดุลยเดช ป.ร. ให้ไว้ ณ วันที่ ๑๒ มกราคม พ.ศ. ๒๕๕๔ เป็นปีที่ ๖๖ ในรัชกาลปัจจุบัน พระบาทสมเด็จพระปรมินทรมหาภูมิพลอดุลยเดช มีพระบรมราชโองการโปรดเกล้าฯ ให้ประกาศ",กฎหมายทั่วไป,พระราชบัญญัติ
kris_ค0115-1B-0001,พระราชบัญญัติคำสั่งเรียกของคณะกรรมาธิการของสภาผู้แทนราษฎรและวุฒิสภา พ.ศ. 2554 (ยกเลิก),"[11/5/2554] พระราชบัญญัติคำสั่งเรียกของคณะกรรมาธิการของสภาผู้แทนราษฎรและวุฒิสภา พ.ศ. 2554 (ยกเลิก)
พระราชบัญญัติ คำสั่งเรียกของคณะกรรมาธิการของสภาผู้แทนราษฎรและวุฒิสภา พ.ศ. ๒๕๕๔ (ยกเลิก) ภูมิพลอดุลยเดช ป.ร. ให้ไว้ ณ วันที่ ๙ พฤษภาคม พ.ศ. ๒๕๕๔ เป็นปีที่ ๖๖ ในรัชกาลปัจจุบัน พระบาทสมเด็จพระปรมินทรมหาภูมิพลอดุลย",กฎหมายทั่วไป,พระราชบัญญัติ
kris_ค0117-1B-0001,พระราชบัญญัติควบคุมการใช้สารต้องห้ามทางการกีฬา พ.ศ. 2555,"[9/1/2556] พระราชบัญญัติควบคุมการใช้สารต้องห้ามทางการกีฬา พ.ศ. 2555
พระราชกำหนดแก้ไขเพิ่มเติมพระราชบัญญัติควบคุมการใช้สารต้องห้ามทางการกีฬา พ.ศ. ๒๕๕๕ พ.ศ. ๒๕๖๔ ภูมิพลอดุลยเดช ป.ร. ให้ไว้ ณ วันที่ ๒๘ ธันวาคม พ.ศ. ๒๕๕๕ เป็นปีที่ ๖๗ ในรัชกาลปัจจุบัน พระบาทสมเด็จพระปรมินทรมหาภูมิพล",กฎหมายทั่วไป,พระราชบัญญัติ
kris_ค0116-1B-0001,พระราชบัญญัติความร่วมมือระหว่างประเทศในทางแพ่งเกี่ยวกับการละเมิดสิทธิควบคุมดูแลเด็ก พ.ศ. 2555,"[9/1/2556] พระราชบัญญัติความร่วมมือระหว่างประเทศในทางแพ่งเกี่ยวกับการละเมิดสิทธิควบคุมดูแลเด็ก พ.ศ. 2555
พระราชบัญญัติ ความร่วมมือระหว่างประเทศในทางแพ่งเกี่ยวกับการละเมิดสิทธิควบคุมดูแลเด็ก พ.ศ. ๒๕๕๕ ภูมิพลอดุลยเดช ป.ร. ให้ไว้ ณ วันที่ ๒๘ ธันวาคม พ.ศ. ๒๕๕๕ เป็นปีที่ ๖๗ ในรัชกาลปัจจุบัน พระบาทสมเด็จพระปรมินทรมหาภูม",กฎหมายทั่วไป,พระราชบัญญัติ
kris_ค0118-1B-0001,พระราชบัญญัติคุ้มครองการประชุมภาคีอนุสัญญาว่าด้วยการค้าระหว่างประเทศซึ่งชนิดสัตว์ป่าและพืชป่าที่ใกล้สูญพันธุ์ ครั้งที่ 16 ในประเทศไทย พ.ศ. 2556,"[1/3/2556] พระราชบัญญัติคุ้มครองการประชุมภาคีอนุสัญญาว่าด้วยการค้าระหว่างประเทศซึ่งชนิดสัตว์ป่าและพืชป่าที่ใกล้สูญพันธุ์ ครั้งที่ 16 ในประเทศไทย พ.ศ. 2556
พระราชบัญญัติ คุ้มครองการประชุมภาคีอนุสัญญาว่าด้วยการค้าระหว่างประเทศ ซึ่งชนิดสัตว์ป่าและพืชป่าที่ใกล้สูญพันธุ์ ครั้งที่ ๑๖ ในประเทศไทย พ.ศ. ๒๕๕๖ ภูมิพลอดุลยเดช ป.ร. ให้ไว้ ณ วันที่ ๑ มีนาคม พ.ศ. ๒๕๕๖ เป็นปีที่",กฎหมายทั่วไป,พระราชบัญญัติ
kris_คส013-1L-0001,ประกาศคณะรักษาความสงบแห่งชาติ ฉบับที่ 9/2557 เรื่อง ให้สถานศึกษาหยุดทำการ,"[26/5/2557] ประกาศคณะรักษาความสงบแห่งชาติ ฉบับที่ 9/2557 เรื่อง ให้สถานศึกษาหยุดทำการ
ประกาศคณะรักษาความสงบแห่งชาติ ฉบับที่ ๙/๒๕๕๗ เรื่อง ให้สถานศึกษาหยุดทำการ เพื่อให้การรักษาความสงบเรียบร้อยเป็นไปอย่างมีประสิทธิภาพ อันจะส่งผลให้สถานการณ์ กลับเข้าสู่สภาวะปกติโดยเร็ว อาศัยอำนาจตามความในมาตรา ๖ แ",กฎหมายทั่วไป,ประกาศ
kris_คส014-1L-0001,ประกาศคณะรักษาความสงบแห่งชาติ ฉบับที่ 11/2557 เรื่อง การสิ้นสุดของรัฐธรรมนูญแห่งราชอาณาจักรไทย (ยกเลิก),"[26/5/2557] ประกาศคณะรักษาความสงบแห่งชาติ ฉบับที่ 11/2557 เรื่อง การสิ้นสุดของรัฐธรรมนูญแห่งราชอาณาจักรไทย (ยกเลิก)
ประกาศคณะรักษาความสงบแห่งชาติ ฉบับที่ ๑๑/๒๕๕๗ เรื่อง การสิ้นสุดของรัฐธรรมนูญแห่งราชอาณาจักรไทย (ยกเลิก) เพื่อความสงบเรียบร้อยในการปกครองประเทศ จึงให้ยกเลิกประกาศคณะรักษาความสงบแห่งชาติ ฉบับที่ ๕/๒๕๕๗ ลงวันที่ ๒",กฎหมายทั่วไป,ประกาศ
kris_คส012-1L-0001,ประกาศคณะรักษาความสงบแห่งชาติ ฉบับที่ 10/2557 เรื่อง ให้อำนาจหน้าที่ของนายกรัฐมนตรี เป็นอำนาจหน้าที่ของหัวหน้าคณะรักษาความสงบแห่งชาติ (ยกเลิก),"[26/5/2557] ประกาศคณะรักษาความสงบแห่งชาติ ฉบับที่ 10/2557 เรื่อง ให้อำนาจหน้าที่ของนายกรัฐมนตรี เป็นอำนาจหน้าที่ของหัวหน้าคณะรักษาความสงบแห่งชาติ (ยกเลิก)
ประกาศคณะรักษาความสงบแห่งชาติ ฉบับที่ ๑๐/๒๕๕๗ เรื่อง ให้อำนาจหน้าที่ของนายกรัฐมนตรี เป็นอำนาจหน้าที่ของ หัวหน้าคณะรักษาความสงบแห่งชาติ (ยกเลิก) โดยที่มีกฎหมายบางฉบับ ได้บัญญัติไว้ถึงอำนาจหน้าที่ของนายกรัฐมนตรีใ",กฎหมายทั่วไป,ประกาศ
kris_คส011-1L-0002,ประกาศคณะรักษาความสงบแห่งชาติ ฉบับที่ 8/2557 เรื่อง ข้อยกเว้นการห้ามออกนอกเคหะสถาน,"[26/5/2557] ประกาศคณะรักษาความสงบแห่งชาติ ฉบับที่ 8/2557 เรื่อง ข้อยกเว้นการห้ามออกนอกเคหะสถาน
ประกาศคณะรักษาความสงบแห่งชาติ ฉบับที่ ๘/๒๕๕๗ เรื่อง ข้อยกเว้นการห้ามออกนอกเคหะสถาน ตามที่ได้มีการประกาศห้ามบุคคลออกนอกเคหะสถาน ตามประกาศคณะรักษาความสงบแห่งชาติ ฉบับที่ ๓/๒๕๕๗ ลงวันที่ ๒๒ พฤษภาคม พุทธศักราช ๒๕๕๗",กฎหมายทั่วไป,ประกาศ
kris_คส010-1L-0001,ประกาศคณะรักษาความสงบแห่งชาติ ฉบับที่ 7/2557 เรื่อง ห้ามชุมนุมทางการเมือง,"[26/5/2557] ประกาศคณะรักษาความสงบแห่งชาติ ฉบับที่ 7/2557 เรื่อง ห้ามชุมนุมทางการเมือง
ประกาศคณะรักษาความสงบแห่งชาติ ฉบับที่ ๗/๒๕๕๗ เรื่อง ห้ามชุมนุมทางการเมือง เพื่อให้สถานการณ์กลับเข้าสู่ภาวะปกติโดยเร็ว อาศัยอำนาจตามความในมาตรา ๘ และมาตรา ๑๑ แห่งพระราชบัญญัติกฎอัยการศึก พุทธศักราช ๒๔๕๗ จึงห้ามม",กฎหมายทั่วไป,ประกาศ
kris_คส004-1L-0001,ประกาศแต่งตั้งหัวหน้าคณะรักษาความสงบแห่งชาติ ลงวันที่ 24 พฤษภาคม พ.ศ. 2557,"[26/5/2557] ประกาศแต่งตั้งหัวหน้าคณะรักษาความสงบแห่งชาติ ลงวันที่ 24 พฤษภาคม พ.ศ. 2557
ประกาศ แต่งตั้งหัวหน้าคณะรักษาความสงบแห่งชาติ ภูมิพลอดุลยเดช ป.ร. ด้วย พลเอก ประยุทธ์ จันทร์โอชา ได้นำความกราบบังคมทูลว่า เนื่องจากสถานการณ์ความรุนแรงในพื้นที่กรุงเทพมหานคร และพื้นที่อื่น ๆ ที่เกิดขึ้นมาอย่างต่",กฎหมายทั่วไป,ประกาศ
kris_คส005-1L-0001,ประกาศคณะรักษาความสงบแห่งชาติ ฉบับที่ 1/2557 เรื่อง การควบคุมอำนาจการปกครองประเทศ,"[26/5/2557] ประกาศคณะรักษาความสงบแห่งชาติ ฉบับที่ 1/2557 เรื่อง การควบคุมอำนาจการปกครองประเทศ
ประกาศคณะรักษาความสงบแห่งชาติ ฉบับที่ ๑/๒๕๕๗ เรื่อง การควบคุมอำนาจการปกครองประเทศ ตามสถานการณ์ความรุนแรงที่เกิดขึ้นในพื้นที่กรุงเทพมหานคร เขตปริมณฑล และพื้นที่ต่าง ๆ ของประเทศในหลายพื้นที่ เป็นผลให้ประชาชนผู้บร",กฎหมายทั่วไป,ประกาศ
kris_คส006-1L-0001,ประกาศคณะรักษาความสงบแห่งชาติ ฉบับที่ 2/2557 เรื่อง การประกาศใช้กฎอัยการศึกทั่วราชอาณาจักร (ยกเลิก),"[26/5/2557] ประกาศคณะรักษาความสงบแห่งชาติ ฉบับที่ 2/2557 เรื่อง การประกาศใช้กฎอัยการศึกทั่วราชอาณาจักร (ยกเลิก)
ประกาศคณะรักษาความสงบแห่งชาติ ฉบับที่ ๒/๒๕๕๗ เรื่อง การประกาศใช้กฎอัยการศึกทั่วราชอาณาจักร (ยกเลิก) ตามที่คณะรักษาความสงบแห่งชาติ ได้ยึดอำนาจการปกครอง ตั้งแต่วันที่ ๒๒ พฤษภาคม พุทธศักราช ๒๕๕๗ เวลา ๑๖๓๐ เพื่อให้",กฎหมายทั่วไป,ประกาศ
kris_คส007-1L-0002,ประกาศคณะรักษาความสงบแห่งชาติ ฉบับที่ 3/2557 เรื่อง ห้ามออกนอกเคหะสถาน (ยกเลิก),"[26/5/2557] ประกาศคณะรักษาความสงบแห่งชาติ ฉบับที่ 3/2557 เรื่อง ห้ามออกนอกเคหะสถาน (ยกเลิก)
ประกาศคณะรักษาความสงบแห่งชาติ ฉบับที่ ๓/๒๕๕๗ เรื่อง ห้ามออกนอกเคหะสถาน (ยกเลิก) ตามที่คณะรักษาความสงบแห่งชาติ ได้ยึดอำนาจการปกครอง ตั้งแต่วันที่ ๒๒ พฤษภาคม พุทธศักราช ๒๕๕๗ เวลา ๑๖๓๐ อาศัยอำนาจตามความในมาตรา ๑๑",กฎหมายทั่วไป,ประกาศ
kris_คส008-1L-0001,ประกาศคณะรักษาความสงบแห่งชาติ ฉบับที่ 4/2557 เรื่อง การถ่ายทอดออกอากาศของสถานีวิทยุกระจายเสียง สถานีวิทยุโทรทัศน์ และสถานีวิทยุชุมชน,"[26/5/2557] ประกาศคณะรักษาความสงบแห่งชาติ ฉบับที่ 4/2557 เรื่อง การถ่ายทอดออกอากาศของสถานีวิทยุกระจายเสียง สถานีวิทยุโทรทัศน์ และสถานีวิทยุชุมชน
ประกาศคณะรักษาความสงบแห่งชาติ ฉบับที่ ๔/๒๕๕๗ เรื่อง การถ่ายทอดออกอากาศของสถานีวิทยุกระจายเสียง สถานีวิทยุโทรทัศน์ และสถานีวิทยุชุมชน เพื่อให้การเผยแพร่ข่าวสารไปสู่ประชาชนเป็นไปด้วยความถูกต้อง สามารถติดต่อสื่อสา",กฎหมายทั่วไป,ประกาศ
kris_คส009-1L-0001,ประกาศคณะรักษาความสงบแห่งชาติ ฉบับที่ 5/2557 เรื่อง การสิ้นสุดชั่วคราวของรัฐธรรมนูญแห่งราชอาณาจักรไทย (ยกเลิก),"[26/5/2557] ประกาศคณะรักษาความสงบแห่งชาติ ฉบับที่ 5/2557 เรื่อง การสิ้นสุดชั่วคราวของรัฐธรรมนูญแห่งราชอาณาจักรไทย (ยกเลิก)
ประกาศคณะรักษาความสงบแห่งชาติ ฉบับที่ ๕/๒๕๕๗ เรื่อง การสิ้นสุดชั่วคราวของรัฐธรรมนูญแห่งราชอาณาจักรไทย (ยกเลิก) ตามที่คณะรักษาความสงบแห่งชาติได้ประกาศยึดอำนาจการปกครองประเทศ ตามประกาศฉบับที่ ๑/๒๕๕๗ ตั้งแต่ วันที",กฎหมายทั่วไป,ประกาศ
kris_คส016-1L-0001,ประกาศคณะรักษาความสงบแห่งชาติ ฉบับที่ 14/2557 เรื่อง ห้ามสร้างความขัดแย้งหรือต่อต้านการปฏิบัติงานของคณะรักษาความสงบแห่งชาติ (ยกเลิก),"[28/5/2557] ประกาศคณะรักษาความสงบแห่งชาติ ฉบับที่ 14/2557 เรื่อง ห้ามสร้างความขัดแย้งหรือต่อต้านการปฏิบัติงานของคณะรักษาความสงบแห่งชาติ (ยกเลิก)
ประกาศคณะรักษาความสงบแห่งชาติ ฉบับที่ ๑๔/๒๕๕๗ เรื่อง ห้ามสร้างความขัดแย้งหรือต่อต้านการปฏิบัติงาน ของคณะรักษาความสงบแห่งชาติ (ยกเลิก) เพื่อให้การเผยแพร่ข่าวสารไปสู่ประชาชนเป็นไปด้วยความถูกต้อง ปราศจากการบิดเบือ",กฎหมายทั่วไป,ประกาศ
kris_คส017-1L-0001,ประกาศคณะรักษาความสงบแห่งชาติ ฉบับที่ 16/2557 เรื่อง ให้ปลัดกระทรวงปฏิบัติราชการแทนรัฐมนตรีเป็นการชั่วคราว,"[28/5/2557] ประกาศคณะรักษาความสงบแห่งชาติ ฉบับที่ 16/2557 เรื่อง ให้ปลัดกระทรวงปฏิบัติราชการแทนรัฐมนตรีเป็นการชั่วคราว
ประกาศคณะรักษาความสงบแห่งชาติ ฉบับที่ ๑๖/๒๕๕๗ เรื่อง ให้ปลัดกระทรวงปฏิบัติราชการแทนรัฐมนตรีเป็นการชั่วคราว ตามที่คณะรักษาความสงบแห่งชาติ (คสช.) ได้เข้าควบคุมอำนาจในการปกครองประเทศตามประกาศคณะรักษาความสงบแห่งชาต",กฎหมายทั่วไป,ประกาศ
kris_คส018-1L-0001,ประกาศคณะรักษาความสงบแห่งชาติ ฉบับที่ 17/2557 เรื่อง การเผยแพร่ข้อมูลข่าวสารผ่านช่องทางอินเทอร์เน็ต (ยกเลิก),"[28/5/2557] ประกาศคณะรักษาความสงบแห่งชาติ ฉบับที่ 17/2557 เรื่อง การเผยแพร่ข้อมูลข่าวสารผ่านช่องทางอินเทอร์เน็ต (ยกเลิก)
ประกาศคณะรักษาความสงบแห่งชาติ ฉบับที่ ๑๗/๒๕๕๗ เรื่อง การเผยแพร่ข้อมูลข่าวสารผ่านช่องทางอินเทอร์เน็ต (ยกเลิก) เพื่อให้การเผยแพร่ข้อมูลข่าวสารผ่านช่องทางอินเทอร์เน็ตทุกประเภทไปสู่ประชาชนเป็นไปด้วยความถูกต้อง ปราศ",กฎหมายทั่วไป,ประกาศ
kris_คส019-1L-0001,ประกาศคณะรักษาความสงบแห่งชาติ ฉบับที่ 18/2557 เรื่อง การเผยแพร่ข้อมูลข่าวสารต่อสาธารณะ (ยกเลิก),"[28/5/2557] ประกาศคณะรักษาความสงบแห่งชาติ ฉบับที่ 18/2557 เรื่อง การเผยแพร่ข้อมูลข่าวสารต่อสาธารณะ (ยกเลิก)
ประกาศคณะรักษาความสงบแห่งชาติ ฉบับที่ ๑๘/๒๕๕๗ เรื่อง การเผยแพร่ข้อมูลข่าวสารต่อสาธารณะ (ยกเลิก) เพื่อให้การเผยแพร่ข่าวสารไปสู่ประชาชนเป็นไปด้วยความถูกต้อง ปราศจากการบิดเบือนอันจะก่อให้เกิดความเข้าใจผิด จนส่งผลก",กฎหมายทั่วไป,ประกาศ
kris_คส021-1L-0001,ประกาศคณะรักษาความสงบแห่งชาติ ฉบับที่ 23/2557 เรื่อง การถ่ายทอดออกอากาศของสถานีวิทยุโทรทัศน์ภาคพื้นดิน ระบบแอนาล็อกและสถานีวิทยุกระจายเสียง (ยกเลิก),"[28/5/2557] ประกาศคณะรักษาความสงบแห่งชาติ ฉบับที่ 23/2557 เรื่อง การถ่ายทอดออกอากาศของสถานีวิทยุโทรทัศน์ภาคพื้นดิน ระบบแอนาล็อกและสถานีวิทยุกระจายเสียง (ยกเลิก)
ประกาศคณะรักษาความสงบแห่งชาติ ฉบับที่ ๒๓/๒๕๕๗ เรื่อง การถ่ายทอดออกอากาศของสถานีวิทยุโทรทัศน์ภาคพื้นดิน ระบบแอนาล็อก และสถานีวิทยุกระจายเสียง (ยกเลิก) เพื่อให้การเผยแพร่ข่าวสารไปสู่ประชาชนเริ่มกลับสู่ภาวะปกติ แล",กฎหมายทั่วไป,ประกาศ
kris_คส020-1L-0001,ประกาศคณะรักษาความสงบแห่งชาติ ฉบับที่ 22/2557 เรื่อง การจัดส่วนงาน การกำหนดอำนาจหน้าที่และความรับผิดชอบของคณะรักษาความสงบแห่งชาติ,"[28/5/2557] ประกาศคณะรักษาความสงบแห่งชาติ ฉบับที่ 22/2557 เรื่อง การจัดส่วนงาน การกำหนดอำนาจหน้าที่และความรับผิดชอบของคณะรักษาความสงบแห่งชาติ
ประกาศคณะรักษาความสงบแห่งชาติ ฉบับที่ ๓๔/๒๕๕๗ เรื่อง การปรับปรุงโครงสร้างการจัดของคณะรักษาความสงบแห่งชาติ เพื่อให้การบริหารราชการของคณะรักษาความสงบแห่งชาติเป็นไปด้วยความเรียบร้อยเกิดประสิทธิภาพและประสิทธิผลสูงส",กฎหมายทั่วไป,ประกาศ
kris_คส015-1L-0001,ประกาศคณะรักษาความสงบแห่งชาติ ฉบับที่ 15/2557 เรื่อง ขอให้ระงับการถ่ายทอดออกอากาศของสถานีโทรทัศน์ดาวเทียม เคเบิล โทรทัศน์ระบบดิจิตอล และสถานีวิทยุชุมชน,"[28/5/2557] ประกาศคณะรักษาความสงบแห่งชาติ ฉบับที่ 15/2557 เรื่อง ขอให้ระงับการถ่ายทอดออกอากาศของสถานีโทรทัศน์ดาวเทียม เคเบิล โทรทัศน์ระบบดิจิตอล และสถานีวิทยุชุมชน
ประกาศคณะรักษาความสงบแห่งชาติ ฉบับที่ ๑๕/๒๕๕๗ เรื่อง ขอให้ระงับการถ่ายทอดออกอากาศของสถานีโทรทัศน์ดาวเทียม เคเบิล โทรทัศน์ระบบดิจิตอล และสถานีวิทยุชุมชน เพื่อให้การเผยแพร่ข่าวสารไปสู่ประชาชนเป็นไปด้วยความถูกต้อง",กฎหมายทั่วไป,ประกาศ
kris_คส117-1L-0001,คำสั่งคณะรักษาความสงบแห่งชาติ ที่ 10/2557 เรื่อง ห้ามมิให้กระทำการใด ๆ หรือสั่งให้กระทำการใด ๆ เกี่ยวกับการทำธุรกรรมทางการเงิน หรือการดำเนินการเกี่ยวกับทรัพย์สินของบุคคล เท่าที่จำเป็นแก่การรักษาความมั่นคงของชาติ และความปลอดภัยในชีวิตและทรัพย์สินของประชาชนโดยรวม (ยกเลิก),"[28/5/2557] คำสั่งคณะรักษาความสงบแห่งชาติ ที่ 10/2557 เรื่อง ห้ามมิให้กระทำการใด ๆ หรือสั่งให้กระทำการใด ๆ เกี่ยวกับการทำธุรกรรมทางการเงิน หรือการดำเนินการเกี่ยวกับทรัพย์สินของบุคคล เท่าที่จำเป็นแก่การรักษาความมั่นคงของชาติ และความปลอดภัยในชีวิตและทรัพย์สินของประชาชนโดยรวม (ยกเลิก)
คำสั่งหัวหน้าคณะรักษาความสงบแห่งชาติ ที่ ๒๒/๒๕๖๑ เรื่อง การให้ประชาชนและพรรคการเมืองดำเนินกิจกรรมทางการเมือง โดยที่พระราชบัญญัติประกอบรัฐธรรมนูญว่าด้วยการเลือกตั้งสมาชิกสภาผู้แทนราษฎร พ.ศ. ๒๕๖๑ ซึ่งประกาศในราชก",กฎหมายทั่วไป,คำสั่ง
kris_คส022-1L-0001,ประกาศคณะรักษาความสงบแห่งชาติ ฉบับที่ 24/2557 เรื่อง ให้พระราชบัญญัติประกอบรัฐธรรมนูญมีผลบังคับใช้ต่อไป (ยกเลิก),"[29/5/2557] ประกาศคณะรักษาความสงบแห่งชาติ ฉบับที่ 24/2557 เรื่อง ให้พระราชบัญญัติประกอบรัฐธรรมนูญมีผลบังคับใช้ต่อไป (ยกเลิก)
ประกาศคณะรักษาความสงบแห่งชาติ ฉบับที่ ๒๔/๒๕๕๗ เรื่อง ให้พระราชบัญญัติประกอบรัฐธรรมนูญมีผลบังคับใช้ต่อไป (ยกเลิก) เพื่อให้องค์กรอิสระ และองค์กรอื่น ตามรัฐธรรมนูญแห่งราชอาณาจักรไทย พุทธศักราช ๒๕๕๐ ปฏิบัติหน้าที่ต",กฎหมายทั่วไป,ประกาศ
kris_คส023-1L-0001,ประกาศคณะรักษาความสงบแห่งชาติ ฉบับที่ 26/2557 เรื่อง การดูแล และสอดส่องการใช้สื่อสังคมออนไลน์ (ยกเลิก),"[29/5/2557] ประกาศคณะรักษาความสงบแห่งชาติ ฉบับที่ 26/2557 เรื่อง การดูแล และสอดส่องการใช้สื่อสังคมออนไลน์ (ยกเลิก)
ประกาศคณะรักษาความสงบแห่งชาติ ฉบับที่ ๒๖/๒๕๕๗ เรื่อง การดูแล และสอดส่องการใช้สื่อสังคมออนไลน์ (ยกเลิก) ตามที่ได้มีประกาศคณะรักษาความสงบแห่งชาติ ฉบับที่ ๑๒/๒๕๕๗ เรื่อง ขอความร่วมมือจากสื่อสังคมออนไลน์ ลงวันที่ ๒",กฎหมายทั่วไป,ประกาศ
kris_คส024-1L-0001,ประกาศคณะรักษาความสงบแห่งชาติ ฉบับที่ 27/2557 เรื่อง การถ่ายทอดออกอากาศของสถานีวิทยุโทรทัศน์ภาคพื้นดิน ระบบดิจิตอล และสถานีโทรทัศน์ที่ได้รับอนุญาต สัญญา หรือสัมปทานจากส่วนราชการ รัฐวิสาหกิจ และหน่วยงานอื่นของรัฐ (ยกเลิก),"[29/5/2557] ประกาศคณะรักษาความสงบแห่งชาติ ฉบับที่ 27/2557 เรื่อง การถ่ายทอดออกอากาศของสถานีวิทยุโทรทัศน์ภาคพื้นดิน ระบบดิจิตอล และสถานีโทรทัศน์ที่ได้รับอนุญาต สัญญา หรือสัมปทานจากส่วนราชการ รัฐวิสาหกิจ และหน่วยงานอื่นของรัฐ (ยกเลิก)
ประกาศคณะรักษาความสงบแห่งชาติ ฉบับที่ ๒๗/๒๕๕๗ เรื่อง การถ่ายทอดออกอากาศของสถานีวิทยุโทรทัศน์ภาคพื้นดิน ระบบดิจิตอล และสถานีโทรทัศน์ที่ได้รับอนุญาต สัญญา หรือสัมปทานจากส่วนราชการ รัฐวิสาหกิจ และหน่วยงานอื่นของรั",กฎหมายทั่วไป,ประกาศ
kris_คส025-1L-0001,ประกาศคณะรักษาความสงบแห่งชาติ ฉบับที่ 30/2557 เรื่อง ให้วุฒิสภาสิ้นสุดลง,"[29/5/2557] ประกาศคณะรักษาความสงบแห่งชาติ ฉบับที่ 30/2557 เรื่อง ให้วุฒิสภาสิ้นสุดลง
ประกาศคณะรักษาความสงบแห่งชาติ ฉบับที่ ๓๐/๒๕๕๗ เรื่อง ให้วุฒิสภาสิ้นสุดลง ตามที่ได้มีประกาศคณะรักษาความสงบแห่งชาติ ฉบับที่ ๑๑/๒๕๕๗ ลงวันที่ ๒๒ พฤษภาคม ๒๕๕๗ ให้วุฒิสภาที่มีอยู่ ณ วันที่ประกาศดังกล่าวมีผลใช้บังคับ",กฎหมายทั่วไป,ประกาศ
kris_คส118-1L-0001,คำสั่งคณะรักษาความสงบแห่งชาติ ที่ 17/2557 เรื่อง การอนุญาตให้ขนส่งสินค้าในห้วงเวลาที่ห้ามออกนอกเคหะสถาน,"[29/5/2557] คำสั่งคณะรักษาความสงบแห่งชาติ ที่ 17/2557 เรื่อง การอนุญาตให้ขนส่งสินค้าในห้วงเวลาที่ห้ามออกนอกเคหะสถาน
คำสั่งคณะรักษาความสงบแห่งชาติ ที่ ๑๗/๒๕๕๗ เรื่อง การอนุญาตให้ขนส่งสินค้าในห้วงเวลาที่ห้ามออกนอกเคหะสถาน ตามที่ คณะรักษาความสงบแห่งชาติ ได้มีประกาศคณะรักษาความสงบแห่งชาติ ฉบับที่ ๓/๒๕๕๗ ลงวันที่ ๒๒ พฤษภาคม พุทธศ",กฎหมายทั่วไป,คำสั่ง
kris_คส026-1L-0001,ประกาศคณะรักษาความสงบแห่งชาติ ฉบับที่ 32/2557 เรื่อง ระงับการออกอากาศของสถานีวิทยุชุมชนที่ไม่ได้รับอนุญาตให้จัดตั้งขึ้นตามกฎหมายและสถานีวิทยุกระจายเสียงที่ได้รับอนุญาตทดลองประกอบกิจการ (ยกเลิก),"[29/5/2557] ประกาศคณะรักษาความสงบแห่งชาติ ฉบับที่ 32/2557 เรื่อง ระงับการออกอากาศของสถานีวิทยุชุมชนที่ไม่ได้รับอนุญาตให้จัดตั้งขึ้นตามกฎหมายและสถานีวิทยุกระจายเสียงที่ได้รับอนุญาตทดลองประกอบกิจการ (ยกเลิก)
ประกาศคณะรักษาความสงบแห่งชาติ ฉบับที่ ๓๒/๒๕๕๗ เรื่อง ระงับการออกอากาศของสถานีวิทยุชุมชนที่ไม่ได้รับอนุญาตให้จัดตั้งขึ้นตามกฎหมาย และสถานีวิทยุกระจายเสียงที่ได้รับอนุญาตทดลองประกอบกิจการ (ยกเลิก) เพื่อให้การเผยแ",กฎหมายทั่วไป,ประกาศ
kris_คส119-1L-0002,คำสั่งคณะรักษาความสงบแห่งชาติ ที่ 24/2557 เรื่อง ห้ามให้มีการเล่นการพนันที่ผิดกฎหมาย (ยกเลิก),"[30/5/2557] คำสั่งคณะรักษาความสงบแห่งชาติ ที่ 24/2557 เรื่อง ห้ามให้มีการเล่นการพนันที่ผิดกฎหมาย (ยกเลิก)
คำสั่งคณะรักษาความสงบแห่งชาติ ที่ ๒๔/๒๕๕๗ เรื่อง ห้ามให้มีการเล่นการพนันที่ผิดกฎหมาย (ยกเลิก) เพื่อให้การบริหารราชการของคณะรักษาความสงบแห่งชาติ ในการดูแลความปลอดภัยให้แก่ประชาชนทุกกลุ่มทุกฝ่าย รวมทั้งเพื่อให้เก",กฎหมายทั่วไป,คำสั่ง
kris_คส120-1L-0001,คำสั่งคณะรักษาความสงบแห่งชาติ ที่ 26/2557 เรื่อง ห้ามมิให้กระทำใด ๆ หรือสั่งกระทำการใด ๆ เกี่ยวกับการทำธุรกรรมทางการเงินหรือการดำเนินการเกี่ยวกับทรัพย์สินของบุคคล เท่าที่จำเป็นแก่การรักษาความมั่นคงของชาติ และความปลอดภัยในชีวิตและทรัพย์สินของประชาชนโดยรวม (ยกเลิก),"[30/5/2557] คำสั่งคณะรักษาความสงบแห่งชาติ ที่ 26/2557 เรื่อง ห้ามมิให้กระทำใด ๆ หรือสั่งกระทำการใด ๆ เกี่ยวกับการทำธุรกรรมทางการเงินหรือการดำเนินการเกี่ยวกับทรัพย์สินของบุคคล เท่าที่จำเป็นแก่การรักษาความมั่นคงของชาติ และความปลอดภัยในชีวิตและทรัพย์สินของประชาชนโดยรวม (ยกเลิก)
คำสั่งคณะรักษาความสงบแห่งชาติ ที่ ๒๖/๒๕๕๗ เรื่อง ห้ามมิให้กระทำใด ๆ หรือสั่งกระทำการใด ๆ เกี่ยวกับการทำธุรกรรมทางการเงิน หรือการดำเนินการเกี่ยวกับทรัพย์สินของบุคคล เท่าที่จำเป็นแก่การรักษาความมั่นคงของชาติ และค",กฎหมายทั่วไป,คำสั่ง
kris_คส033-1L-0001,ประกาศคณะรักษาความสงบแห่งชาติ ฉบับที่ 41/2557 เรื่อง กำหนดให้การฝ่าฝืนหรือไม่ปฏิบัติตามคำสั่งเรียกบุคคลให้มารายงานตัว เป็นความผิด (ยกเลิก),"[30/5/2557] ประกาศคณะรักษาความสงบแห่งชาติ ฉบับที่ 41/2557 เรื่อง กำหนดให้การฝ่าฝืนหรือไม่ปฏิบัติตามคำสั่งเรียกบุคคลให้มารายงานตัว เป็นความผิด (ยกเลิก)
ประกาศคณะรักษาความสงบแห่งชาติ ฉบับที่ ๔๑/๒๕๕๗ เรื่อง กำหนดให้การฝ่าฝืนหรือไม่ปฏิบัติตามคำสั่งเรียกบุคคลให้มารายงานตัว เป็นความผิด (ยกเลิก) ตามที่ คณะรักษาความสงบแห่งชาติ มีคำสั่งเรียกบุคคลให้มารายงานตัว ต่อคณะร",กฎหมายทั่วไป,ประกาศ
kris_คส028-1L-0001,ประกาศคณะรักษาความสงบแห่งชาติ ฉบับที่ 35/2557 เรื่อง อำนาจในการอนุมัติงบประมาณของปลัดกระทรวง (ยกเลิก),"[30/5/2557] ประกาศคณะรักษาความสงบแห่งชาติ ฉบับที่ 35/2557 เรื่อง อำนาจในการอนุมัติงบประมาณของปลัดกระทรวง (ยกเลิก)
ประกาศคณะรักษาความสงบแห่งชาติ ฉบับที่ ๓๕/๒๕๕๗ เรื่อง อำนาจในการอนุมัติงบประมาณของปลัดกระทรวง (ยกเลิก) ตามที่ได้กำหนดให้ปลัดกระทรวงปฏิบัติราชการแทนรัฐมนตรีเป็นการชั่วคราวตามประกาศคณะรักษาความสงบแห่งชาติ ฉบับที่",กฎหมายทั่วไป,ประกาศ
kris_คส034-1L-0001,ประกาศคณะรักษาความสงบแห่งชาติ ฉบับที่ 42/2557 เรื่อง แก้ไขห้วงเวลา ห้ามออกนอกเคหะสถาน (ยกเลิก),"[30/5/2557] ประกาศคณะรักษาความสงบแห่งชาติ ฉบับที่ 42/2557 เรื่อง แก้ไขห้วงเวลา ห้ามออกนอกเคหะสถาน (ยกเลิก)
ประกาศคณะรักษาความสงบแห่งชาติ ฉบับที่ ๔๒/๒๕๕๗ เรื่อง แก้ไขห้วงเวลา ห้ามออกนอกเคหะสถาน (ยกเลิก) ตามประกาศคณะรักษาความสงบแห่งชาติ ฉบับที่ ๓/๒๕๕๗ ลงวันที่ ๒๒ พฤษภาคม พุทธศักราช ๒๕๕๗ เรื่อง ห้ามออกนอกเคหะสถาน โดยห้",กฎหมายทั่วไป,ประกาศ
kris_คส029-1L-0001,ประกาศคณะรักษาความสงบแห่งชาติ ฉบับที่ 37/2557 เรื่อง ความผิดที่อยู่ในอำนาจพิจารณาพิพากษาคดีของศาลทหาร (ยกเลิก),"[30/5/2557] ประกาศคณะรักษาความสงบแห่งชาติ ฉบับที่ 37/2557 เรื่อง ความผิดที่อยู่ในอำนาจพิจารณาพิพากษาคดีของศาลทหาร (ยกเลิก)
ประกาศคณะรักษาความสงบแห่งชาติ ฉบับที่ ๓๗/๒๕๕๗ เรื่อง ความผิดที่อยู่ในอำนาจพิจารณาพิพากษาคดีของศาลทหาร (ยกเลิก) ตามที่ได้มีการประกาศใช้กฎอัยการศึกทั่วราชอาณาจักร ตั้งแต่วันที่ ๒๒ พฤษภาคม พุทธศักราช ๒๕๕๗ และประกา",กฎหมายทั่วไป,ประกาศ
kris_คส030-1L-0002,ประกาศคณะรักษาความสงบแห่งชาติ ฉบับที่ 38/2557 เรื่อง คดีที่ประกอบด้วยการกระทำหลายอย่างเกี่ยวโยงกันให้อยู่ในอำนาจของศาลทหาร (ยกเลิก),"[30/5/2557] ประกาศคณะรักษาความสงบแห่งชาติ ฉบับที่ 38/2557 เรื่อง คดีที่ประกอบด้วยการกระทำหลายอย่างเกี่ยวโยงกันให้อยู่ในอำนาจของศาลทหาร (ยกเลิก)
ประกาศคณะรักษาความสงบแห่งชาติ ฉบับที่ ๓๘/๒๕๕๗ เรื่อง คดีที่ประกอบด้วยการกระทำหลายอย่างเกี่ยวโยงกันให้อยู่ในอำนาจของศาลทหาร (ยกเลิก) โดยที่คณะรักษาความสงบแห่งชาติ พิจารณาเห็นว่า ประกาศของคณะรักษาความสงบแห่งชาติ",กฎหมายทั่วไป,ประกาศ
kris_คส036-1L-0001,ประกาศคณะรักษาความสงบแห่งชาติ ฉบับที่ 44/2557 เรื่อง ให้เรือนจำในสังกัดกรมราชทัณฑ์กระทรวงยุติธรรมปฏิบัติตามหมายของศาลทหาร (ยกเลิก),"[30/5/2557] ประกาศคณะรักษาความสงบแห่งชาติ ฉบับที่ 44/2557 เรื่อง ให้เรือนจำในสังกัดกรมราชทัณฑ์กระทรวงยุติธรรมปฏิบัติตามหมายของศาลทหาร (ยกเลิก)
ประกาศคณะรักษาความสงบแห่งชาติ ฉบับที่ ๔๔/๒๕๕๗ เรื่อง ให้เรือนจำในสังกัดกรมราชทัณฑ์กระทรวงยุติธรรมปฏิบัติตามหมายของศาลทหาร (ยกเลิก) ตามที่คณะรักษาความสงบแห่งชาติได้ออกประกาศคณะรักษาความสงบแห่งชาติ ฉบับที่ ๓๗/๒๕๕",กฎหมายทั่วไป,ประกาศ
kris_คส027-1L-0002,ประกาศคณะรักษาความสงบแห่งชาติ ฉบับที่ 34/2557 เรื่อง การปรับปรุงโครงสร้างการจัดของคณะรักษาความสงบแห่งชาติ,"[30/5/2557] ประกาศคณะรักษาความสงบแห่งชาติ ฉบับที่ 34/2557 เรื่อง การปรับปรุงโครงสร้างการจัดของคณะรักษาความสงบแห่งชาติ
ประกาศคณะรักษาความสงบแห่งชาติ ฉบับที่ ๓๔/๒๕๕๗ เรื่อง การปรับปรุงโครงสร้างการจัดของคณะรักษาความสงบแห่งชาติ เพื่อให้การบริหารราชการของคณะรักษาความสงบแห่งชาติเป็นไปด้วยความเรียบร้อยเกิดประสิทธิภาพและประสิทธิผลสูงส",กฎหมายทั่วไป,ประกาศ
kris_คส031-1L-0001,ประกาศคณะรักษาความสงบแห่งชาติ ฉบับที่ 39/2557 เรื่อง การกำหนดเงื่อนไขการปล่อยตัวของบุคคลที่มารายงานตัวต่อคณะรักษาความสงบแห่งชาติ (ยกเลิก),"[30/5/2557] ประกาศคณะรักษาความสงบแห่งชาติ ฉบับที่ 39/2557 เรื่อง การกำหนดเงื่อนไขการปล่อยตัวของบุคคลที่มารายงานตัวต่อคณะรักษาความสงบแห่งชาติ (ยกเลิก)
ประกาศคณะรักษาความสงบแห่งชาติ ฉบับที่ ๓๙/๒๕๕๗ เรื่อง การกำหนดเงื่อนไขการปล่อยตัวของบุคคลที่มารายงานตัวต่อคณะรักษาความสงบแห่งชาติ (ยกเลิก) เพื่อให้มาตรการรักษาความสงบของบ้านเมืองเป็นไปด้วยความเรียบร้อยและมีประสิ",กฎหมายทั่วไป,ประกาศ
kris_คส032-1L-0001,ประกาศคณะรักษาความสงบแห่งชาติ ฉบับที่ 40/2557 เรื่อง การกำหนดเงื่อนไขการปล่อยตัวของบุคคลที่ถูกกักตัวตามพระราชบัญญัติกฎอัยการศึก พระพุทธศักราช 2457 มาตรา 15 ทวิ (ยกเลิก),"[30/5/2557] ประกาศคณะรักษาความสงบแห่งชาติ ฉบับที่ 40/2557 เรื่อง การกำหนดเงื่อนไขการปล่อยตัวของบุคคลที่ถูกกักตัวตามพระราชบัญญัติกฎอัยการศึก พระพุทธศักราช 2457 มาตรา 15 ทวิ (ยกเลิก)
ประกาศคณะรักษาความสงบแห่งชาติ ฉบับที่ ๔๐/๒๕๕๗ เรื่องการกำหนดเงื่อนไขการปล่อยตัวของบุคคลที่ถูกกักตัวตามพระราชบัญญัติกฎอัยการศึก<o:p> พระพุทธศักราช ๒๔๕๗ มาตรา ๑๕ ทวิ (ยกเลิก) เพื่อให้มาตรการรักษาความสงบของบ้านเมื",กฎหมายทั่วไป,ประกาศ
kris_คส121-1L-0001,คำสั่งคณะรักษาความสงบแห่งชาติ ที่ 33/2557 เรื่อง แต่งตั้งคณะทำงานเกี่ยวกับการตรวจสอบการทำธุรกรรมทางการเงิน หรือการดำเนินการเกี่ยวกับทรัพย์สินของบุคคล หรือนิติบุคคล เท่าที่จำเป็นแก่การรักษาความมั่นคงของชาติ และความปลอดภัยในชีวิตและทรัพย์สินของประชาชนโดยรวม (ยกเลิก),"[2/6/2557] คำสั่งคณะรักษาความสงบแห่งชาติ ที่ 33/2557 เรื่อง แต่งตั้งคณะทำงานเกี่ยวกับการตรวจสอบการทำธุรกรรมทางการเงิน หรือการดำเนินการเกี่ยวกับทรัพย์สินของบุคคล หรือนิติบุคคล เท่าที่จำเป็นแก่การรักษาความมั่นคงของชาติ และความปลอดภัยในชีวิตและทรัพย์สินของประชาชนโดยรวม (ยกเลิก)
คำสั่งคณะรักษาความสงบแห่งชาติ ที่ ๓๓/๒๕๕๗ เรื่อง แต่งตั้งคณะทำงานเกี่ยวกับการตรวจสอบการทำธุรกรรมทางการเงิน หรือการดำเนินการเกี่ยวกับ ทรัพย์สินของบุคคล หรือนิติบุคคล เท่าที่จำเป็นแก่การรักษาความมั่นคงของชาติ และ",กฎหมายทั่วไป,คำสั่ง
kris_คส122-1L-0001,คำสั่งคณะรักษาความสงบแห่งชาติ ที่ 37/2557 เรื่อง ให้ผู้มีอาวุธปืน เครื่องกระสุนปืน หรือวัตถุระเบิดที่สำหรับใช้เฉพาะแต่การสงครามนำส่งมอบ,"[2/6/2557] คำสั่งคณะรักษาความสงบแห่งชาติ ที่ 37/2557 เรื่อง ให้ผู้มีอาวุธปืน เครื่องกระสุนปืน หรือวัตถุระเบิดที่สำหรับใช้เฉพาะแต่การสงครามนำส่งมอบ
คำสั่งคณะรักษาความสงบแห่งชาติ ที่ ๓๗/๒๕๕๗ เรื่อง ให้ผู้มีอาวุธปืน เครื่องกระสุนปืนหรือวัตถุระเบิดที่สำหรับใช้เฉพาะแต่การสงครามนำส่งมอบ เนื่องด้วยปรากฏว่าได้มีบุคคลจำนวนหนึ่งมีอาวุธปืน เครื่องกระสุนปืนหรือวัตถุร",กฎหมายทั่วไป,คำสั่ง
kris_คส042-1L-0001,ประกาศคณะรักษาความสงบแห่งชาติ ฉบับที่ 47/2557 เรื่อง ให้ผู้ว่าการตรวจเงินแผ่นดินเป็นผู้ใช้อำนาจหน้าที่แทนประธานกรรมการตรวจเงินแผ่นดินและคณะกรรมการตรวจเงินแผ่นดิน (ยกเลิก),"[2/6/2557] ประกาศคณะรักษาความสงบแห่งชาติ ฉบับที่ 47/2557 เรื่อง ให้ผู้ว่าการตรวจเงินแผ่นดินเป็นผู้ใช้อำนาจหน้าที่แทนประธานกรรมการตรวจเงินแผ่นดินและคณะกรรมการตรวจเงินแผ่นดิน (ยกเลิก)
ประกาศคณะรักษาความสงบแห่งชาติ ฉบับที่ ๔๗/๒๕๕๗ เรื่อง ให้ผู้ว่าการตรวจเงินแผ่นดินเป็นผู้ใช้อำนาจหน้าที่แทนประธานกรรมการตรวจเงินแผ่นดินและคณะกรรมการตรวจเงินแผ่นดิน (ยกเลิก) ตามที่ได้มีประกาศคณะรักษาความสงบแห่งชาต",กฎหมายทั่วไป,ประกาศ
kris_คส037-1L-0001,ประกาศคณะรักษาความสงบแห่งชาติ ฉบับที่ 45/2557 เรื่อง การถ่ายทอดออกอากาศของช่องรายการสถานีโทรทัศน์ดาวเทียมไทยทีวีโกลบอลเน็ตเวิร์ก (สถานีวิทยุโทรทัศน์กองทัพบก) (ยกเลิก),"[2/6/2557] ประกาศคณะรักษาความสงบแห่งชาติ ฉบับที่ 45/2557 เรื่อง การถ่ายทอดออกอากาศของช่องรายการสถานีโทรทัศน์ดาวเทียมไทยทีวีโกลบอลเน็ตเวิร์ก (สถานีวิทยุโทรทัศน์กองทัพบก) (ยกเลิก)
ประกาศคณะรักษาความสงบแห่งชาติ ฉบับที่ ๔๕/๒๕๕๗ เรื่อง การถ่ายทอดออกอากาศของช่องรายการสถานีโทรทัศน์ดาวเทียม ไทยทีวีโกลบอลเน็ตเวิร์ก (สถานีวิทยุโทรทัศน์กองทัพบก ) (ยกเลิก) เพื่อให้การเผยแพร่ข่าวสาร สถานการณ์ภายในป",กฎหมายทั่วไป,ประกาศ
kris_คส043-1L-0002,ประกาศคณะรักษาความสงบแห่งชาติ ฉบับที่ 48/2557 เรื่อง การสรรหาบุคคลเพื่อดำรงตำแหน่งแทนตำแหน่งที่ว่าง (ยกเลิก),"[2/6/2557] ประกาศคณะรักษาความสงบแห่งชาติ ฉบับที่ 48/2557 เรื่อง การสรรหาบุคคลเพื่อดำรงตำแหน่งแทนตำแหน่งที่ว่าง (ยกเลิก)
ประกาศคณะรักษาความสงบแห่งชาติ ฉบับที่ ๔๘/๒๕๕๗ เรื่อง การสรรหาบุคคลเพื่อดำรงตำแหน่งแทนตำแหน่งที่ว่าง (ยกเลิก) ตามที่ได้มีประกาศคณะรักษาความสงบแห่งชาติ ฉบับที่ ๑๑/๒๕๕๗ ลงวันที่ ๒๒ พฤษภาคม พุทธศักราช ๒๕๕๗ เรื่อง ก",กฎหมายทั่วไป,ประกาศ
kris_คส041-1L-0002,ประกาศคณะรักษาความสงบแห่งชาติ ฉบับที่ 46/2557 เรื่อง ความผิดเกี่ยวกับการติดตามทวงถามหนี้ (ยกเลิก),"[2/6/2557] ประกาศคณะรักษาความสงบแห่งชาติ ฉบับที่ 46/2557 เรื่อง ความผิดเกี่ยวกับการติดตามทวงถามหนี้ (ยกเลิก)
ประกาศคณะรักษาความสงบแห่งชาติ ฉบับที่ ๔๖/๒๕๕๗ เรื่อง ความผิดเกี่ยวกับการติดตามทวงถามหนี้ (ยกเลิก) ด้วยปรากฏว่ามีบุคคลหรือกลุ่มบุคคลมีพฤติกรรมในการติดตามทวงถามหนี้จากชาวนาอย่างไม่เป็นธรรมและเป็นการฝ่าฝืนบทบัญญัต",กฎหมายทั่วไป,ประกาศ
kris_คส123-1L-0001,คำสั่งคณะรักษาความสงบแห่งชาติ ที่ 41/2557 เรื่อง การปราบปรามและหยุดยั้งการแพร่ระบาดของยาเสพติด (ยกเลิก),"[5/6/2557] คำสั่งคณะรักษาความสงบแห่งชาติ ที่ 41/2557 เรื่อง การปราบปรามและหยุดยั้งการแพร่ระบาดของยาเสพติด (ยกเลิก)
คำสั่งคณะรักษาความสงบแห่งชาติ ที่ ๔๑/๒๕๕๗ เรื่อง การปราบปรามและหยุดยั้งการแพร่ระบาดของยาเสพติด (ยกเลิก) เพื่อให้การบริหารราชการของคณะรักษาความสงบแห่งชาติ ในการปราบปรามและหยุดยั้งการแพร่ระบาดของยาเสพติดให้เป็นไป",กฎหมายทั่วไป,คำสั่ง
kris_คส045-1L-0001,ประกาศคณะรักษาความสงบแห่งชาติ ฉบับที่ 50/2557 เรื่อง ให้ศาลทหารมีอำนาจพิจารณาพิพากษาคดีอาวุธปืน เครื่องกระสุนปืน หรือวัตถุระเบิด ที่ใช้เฉพาะแต่การสงคราม (ยกเลิก),"[5/6/2557] ประกาศคณะรักษาความสงบแห่งชาติ ฉบับที่ 50/2557 เรื่อง ให้ศาลทหารมีอำนาจพิจารณาพิพากษาคดีอาวุธปืน เครื่องกระสุนปืน หรือวัตถุระเบิด ที่ใช้เฉพาะแต่การสงคราม (ยกเลิก)
ประกาศคณะรักษาความสงบแห่งชาติ ฉบับที่ ๕๐/๒๕๕๗ เรื่อง ให้ศาลทหารมีอำนาจพิจารณาพิพากษาคดีอาวุธปืน เครื่องกระสุนปืน หรือวัตถุระเบิด ที่ใช้เฉพาะแต่การสงคราม (ยกเลิก) โดยที่การกระทำความผิดฐานมีหรือใช้อาวุธปืน เครื่อ",กฎหมายทั่วไป,ประกาศ
kris_คส044-1L-0001,ประกาศคณะรักษาความสงบแห่งชาติ ฉบับที่ 49/2557 เรื่อง ความผิดสำหรับการสนับสนุนการชุมนุมทางการเมือง (ยกเลิก),"[5/6/2557] ประกาศคณะรักษาความสงบแห่งชาติ ฉบับที่ 49/2557 เรื่อง ความผิดสำหรับการสนับสนุนการชุมนุมทางการเมือง (ยกเลิก)
ประกาศคณะรักษาความสงบแห่งชาติ ฉบับที่ ๔๙/๒๕๕๗ เรื่อง ความผิดสำหรับการสนับสนุนการชุมนุมทางการเมือง (ยกเลิก) ตามที่ได้มีประกาศคณะรักษาความสงบแห่งชาติ ฉบับที่ ๗ เรื่อง ห้ามชุมนุมทางการเมืองโดยกำหนดห้ามมิให้มั่วสุม",กฎหมายทั่วไป,ประกาศ
kris_คส046-1L-0001,ประกาศคณะรักษาความสงบแห่งชาติ ฉบับที่ 51/2557 เรื่อง การพิจารณาและวินิจฉัยคดีเกี่ยวกับการเลือกตั้งและเพิกถอนสิทธิเลือกตั้งในการเลือกตั้งสมาชิกสภาท้องถิ่นและผู้บริหารท้องถิ่น (ยกเลิก),"[5/6/2557] ประกาศคณะรักษาความสงบแห่งชาติ ฉบับที่ 51/2557 เรื่อง การพิจารณาและวินิจฉัยคดีเกี่ยวกับการเลือกตั้งและเพิกถอนสิทธิเลือกตั้งในการเลือกตั้งสมาชิกสภาท้องถิ่นและผู้บริหารท้องถิ่น (ยกเลิก)
ประกาศคณะรักษาความสงบแห่งชาติ ฉบับที่ ๕๑/๒๕๕๗ เรื่อง การพิจารณาและวินิจฉัยคดีเกี่ยวกับการเลือกตั้งและเพิกถอนสิทธิเลือกตั้งในการเลือกตั้งสมาชิกสภาท้องถิ่นและผู้บริหารท้องถิ่น (ยกเลิก) ตามที่ได้มีประกาศคณะรักษาคว",กฎหมายทั่วไป,ประกาศ
kris_คส047-1L-0001,ประกาศคณะรักษาความสงบแห่งชาติ ฉบับที่ 52/2557 เรื่อง ยกเลิกการห้ามออกนอกเคหสถานในบางพื้นที่ (ยกเลิก),"[5/6/2557] ประกาศคณะรักษาความสงบแห่งชาติ ฉบับที่ 52/2557 เรื่อง ยกเลิกการห้ามออกนอกเคหสถานในบางพื้นที่ (ยกเลิก)
ประกาศคณะรักษาความสงบแห่งชาติ ฉบับที่ ๕๒/๒๕๕๗ เรื่อง ยกเลิกการห้ามออกนอกเคหสถานในบางพื้นที่ (ยกเลิก) เพื่อเป็นการเสริมสร้างบรรยากาศการท่องเที่ยว และลดผลกระทบจากการห้ามออกนอกเคหสถานในพื้นที่ที่อยู่ในสภาวะสงบ และ",กฎหมายทั่วไป,ประกาศ
kris_คส124-1L-0001,คำสั่งคณะรักษาความสงบแห่งชาติ ที่ 45/2557 เรื่อง แต่งตั้งคณะกรรมการติดตามและตรวจสอบการใช้จ่ายงบประมาณภาครัฐ (ยกเลิก),"[6/6/2557] คำสั่งคณะรักษาความสงบแห่งชาติ ที่ 45/2557 เรื่อง แต่งตั้งคณะกรรมการติดตามและตรวจสอบการใช้จ่ายงบประมาณภาครัฐ (ยกเลิก)
คําสั่งคณะรักษาความสงบแห่งชาติ ที่ ๔/๒๕๕๙ เรื่อง การปรับปรุงองค์ประกอบคณะกรรมการติดตามและตรวจสอบการใช้จ่ายงบประมาณภาครัฐ เพื่อให้การดำเนินงานของคณะกรรมการติดตามและตรวจสอบการใช้จ่ายงบประมาณภาครัฐมีประสิทธิภาพมาก",กฎหมายทั่วไป,คำสั่ง
kris_คส125-1L-0001,คำสั่งคณะรักษาความสงบแห่งชาติ ที่ 47/2557 เรื่อง การปฏิบัติหน้าที่ในคณะกรรมการต่าง ๆ,"[6/6/2557] คำสั่งคณะรักษาความสงบแห่งชาติ ที่ 47/2557 เรื่อง การปฏิบัติหน้าที่ในคณะกรรมการต่าง ๆ
คำสั่งคณะรักษาความสงบแห่งชาติ ที่ ๔๗/๒๕๕๗ เรื่อง การปฏิบัติหน้าที่ในคณะกรรมการต่าง ๆ ตามที่มีประกาศคณะรักษาความสงบแห่งชาติ ฉบับที่ ๖/๒๕๕๗ ลงวันที่ ๒๒ พฤษภาคม พุทธศักราช ๒๕๕๗ เรื่อง แต่งตั้งผู้ดำรงตำแหน่งสำคัญใน",กฎหมายทั่วไป,คำสั่ง
kris_คส048-1L-0001,ประกาศคณะรักษาความสงบแห่งชาติ ฉบับที่ 53/2557 เรื่อง กำหนดให้ผู้กระทำความผิดในบางกรณีไม่อยู่ภายใต้บังคับคำสั่งคณะรักษาความสงบแห่งชาติที่ 37/2557,"[6/6/2557] ประกาศคณะรักษาความสงบแห่งชาติ ฉบับที่ 53/2557 เรื่อง กำหนดให้ผู้กระทำความผิดในบางกรณีไม่อยู่ภายใต้บังคับคำสั่งคณะรักษาความสงบแห่งชาติที่ 37/2557
ประกาศคณะรักษาความสงบแห่งชาติ ฉบับที่ ๕๓/๒๕๕๗ เรื่อง กำหนดให้ผู้กระทำความผิดในบางกรณีไม่อยู่ภายใต้บังคับ คำสั่งคณะรักษาความสงบแห่งชาติที่ ๓๗/๒๕๕๗ ตามที่ได้มีคำสั่งคณะรักษาความสงบแห่งชาติ ที่ ๓๗/๒๕๕๗ ลงวันที่ ๒๙",กฎหมายทั่วไป,ประกาศ
kris_คส126-1L-0002,คำสั่งคณะรักษาความสงบแห่งชาติ ที่ 51/2557 เรื่อง การจัดตั้งศูนย์ปฏิบัติการ คณะรักษาความสงบแห่งชาติ,"[12/6/2557] คำสั่งคณะรักษาความสงบแห่งชาติ ที่ 51/2557 เรื่อง การจัดตั้งศูนย์ปฏิบัติการ คณะรักษาความสงบแห่งชาติ
คำสั่งคณะรักษาความสงบแห่งชาติ ที่ ๕๑/๒๕๕๗ เรื่อง การจัดตั้งศูนย์ปฏิบัติการ คณะรักษาความสงบแห่งชาติ ตามที่ได้มีการจัดส่วนงาน การกำหนดอำนาจหน้าที่ และความรับผิดชอบของคณะรักษาความสงบแห่งชาติ ตามประกาศ ฉบับที่ ๒๒/๒",กฎหมายทั่วไป,คำสั่ง
kris_คส055-1L-0001,ประกาศคณะรักษาความสงบแห่งชาติ ฉบับที่ 58/2557 เรื่อง การพิจารณาและวินิจฉัยคดีเกี่ยวกับการเลือกตั้งและการเพิกถอนสิทธิเลือกตั้งในการเลือกตั้งสมาชิกสภาท้องถิ่นและผู้บริหารท้องถิ่น,"[12/6/2557] ประกาศคณะรักษาความสงบแห่งชาติ ฉบับที่ 58/2557 เรื่อง การพิจารณาและวินิจฉัยคดีเกี่ยวกับการเลือกตั้งและการเพิกถอนสิทธิเลือกตั้งในการเลือกตั้งสมาชิกสภาท้องถิ่นและผู้บริหารท้องถิ่น
ประกาศคณะรักษาความสงบแห่งชาติ ฉบับที่ ๕๘/๒๕๕๗ เรื่อง การพิจารณาและวินิจฉัยคดีเกี่ยวกับการเลือกตั้งและการเพิกถอนสิทธิเลือกตั้ง ในการเลือกตั้งสมาชิกสภาท้องถิ่นและผู้บริหารท้องถิ่น ตามที่ได้มีประกาศคณะรักษาความสงบ",กฎหมายทั่วไป,ประกาศ
kris_คส053-1L-0002,ประกาศคณะรักษาความสงบแห่งชาติ ฉบับที่ 55/2557 เรื่อง การแต่งตั้งคณะกรรมการส่งเสริมการลงทุน (ยกเลิก),"[12/6/2557] ประกาศคณะรักษาความสงบแห่งชาติ ฉบับที่ 55/2557 เรื่อง การแต่งตั้งคณะกรรมการส่งเสริมการลงทุน (ยกเลิก)
ประกาศคณะรักษาความสงบแห่งชาติ ฉบับที่ ๕๕/๒๕๕๗ เรื่อง การแต่งตั้งคณะกรรมการส่งเสริมการลงทุน (ยกเลิก) เพื่อให้การดำเนินการส่งเสริมการลงทุนเป็นไปด้วยความเรียบร้อยและมีประสิทธิภาพ จึงให้แต่งตั้งคณะกรรมการส่งเสริมกา",กฎหมายทั่วไป,ประกาศ
kris_คส052-1L-0002,ประกาศคณะรักษาความสงบแห่งชาติ ฉบับที่ 54/2557 เรื่อง ยกเลิกการห้ามออกนอกเคหสถานในบางพื้นที่เพิ่มเติม (ยกเลิก),"[12/6/2557] ประกาศคณะรักษาความสงบแห่งชาติ ฉบับที่ 54/2557 เรื่อง ยกเลิกการห้ามออกนอกเคหสถานในบางพื้นที่เพิ่มเติม (ยกเลิก)
ประกาศคณะรักษาความสงบแห่งชาติ ฉบับที่ ๕๔/๒๕๕๗ เรื่อง ยกเลิกการห้ามออกนอกเคหสถานในบางพื้นที่เพิ่มเติม (ยกเลิก) เนื่องจากสถานการณ์ในบางพื้นที่ได้คลี่คลายลง และไม่ปรากฏแนวโน้มของการเกิดเหตุการณ์ความรุนแรง ดังนั้น",กฎหมายทั่วไป,ประกาศ
kris_คส054-1L-0001,ประกาศคณะรักษาความสงบแห่งชาติ ฉบับที่ 56/2557 เรื่อง ยกเลิกการห้ามออกนอกเคหสถานในบางพื้นที่เพิ่มเติม (ยกเลิก),"[12/6/2557] ประกาศคณะรักษาความสงบแห่งชาติ ฉบับที่ 56/2557 เรื่อง ยกเลิกการห้ามออกนอกเคหสถานในบางพื้นที่เพิ่มเติม (ยกเลิก)
ประกาศคณะรักษาความสงบแห่งชาติ ฉบับที่ ๕๖/๒๕๕๗ เรื่อง ยกเลิกการห้ามออกนอกเคหสถานในบางพื้นที่เพิ่มเติม (ยกเลิก) เนื่องจากสถานการณ์ในบางพื้นที่ได้คลี่คลายลง และไม่ปรากฏแนวโน้มของการเกิดเหตุการณ์ความรุนแรง ดังนั้น",กฎหมายทั่วไป,ประกาศ
kris_คส130-1L-0002,คำสั่งคณะรักษาความสงบแห่งชาติ ที่ 59/2557 เรื่อง แต่งตั้งคณะกรรมการนโยบายการจัดการปัญหาแรงงานต่างด้าว (ยกเลิก),"[13/6/2557] คำสั่งคณะรักษาความสงบแห่งชาติ ที่ 59/2557 เรื่อง แต่งตั้งคณะกรรมการนโยบายการจัดการปัญหาแรงงานต่างด้าว (ยกเลิก)
คำสั่งคณะรักษาความสงบแห่งชาติ ที่ ๕๙/๒๕๕๗ เรื่อง แต่งตั้งคณะกรรมการนโยบายการจัดการปัญหาแรงงานต่างด้าว (ยกเลิก) เพื่อให้การบริหารราชการของคณะรักษาความสงบแห่งชาติในการแก้ปัญหาแรงงานต่างด้าวทั้งระบบ เป็นไปอย่างมีป",กฎหมายทั่วไป,คำสั่ง
kris_คส127-1L-0001,คำสั่งคณะรักษาความสงบแห่งชาติ ที่ 54/2557 เรื่อง แต่งตั้งคณะกรรมการนโยบายพลังงานแห่งชาติ,"[13/6/2557] คำสั่งคณะรักษาความสงบแห่งชาติ ที่ 54/2557 เรื่อง แต่งตั้งคณะกรรมการนโยบายพลังงานแห่งชาติ
คำสั่งคณะรักษาความสงบแห่งชาติ ที่ ๕๔/๒๕๕๗ เรื่อง แต่งตั้งคณะกรรมการนโยบายพลังงานแห่งชาติ เพื่อให้การบริหารนโยบาย แผนงาน และมาตรการด้านพลังงานของประเทศเป็นไปอย่างต่อเนื่องและมีประสิทธิภาพ หัวหน้าคณะรักษาความสงบแ",กฎหมายทั่วไป,คำสั่ง
kris_คส131-1L-0002,คำสั่งคณะรักษาความสงบแห่งชาติ ที่ 60/2557 เรื่อง แต่งตั้งคณะอนุกรรมการประสานงานการจัดการปัญหาแรงงานต่างด้าว,"[13/6/2557] คำสั่งคณะรักษาความสงบแห่งชาติ ที่ 60/2557 เรื่อง แต่งตั้งคณะอนุกรรมการประสานงานการจัดการปัญหาแรงงานต่างด้าว
คำสั่งคณะรักษาความสงบแห่งชาติ ที่ ๖๐/๒๕๕๗ เรื่อง แต่งตั้งคณะอนุกรรมการประสานงานการจัดการปัญหาแรงงานต่างด้าว เพื่อให้การขับเคลื่อนนโยบายของคณะรักษาความสงบแห่งชาติในการแก้ปัญหาแรงงานต่างด้าวทั้งระบบ เป็นไปอย่างมี",กฎหมายทั่วไป,คำสั่ง
kris_คส128-1L-0001,คำสั่งคณะรักษาความสงบแห่งชาติ ที่ 55/2557 เรื่อง แต่งตั้งคณะกรรมการบริหารนโยบายพลังงาน,"[13/6/2557] คำสั่งคณะรักษาความสงบแห่งชาติ ที่ 55/2557 เรื่อง แต่งตั้งคณะกรรมการบริหารนโยบายพลังงาน
คำสั่งคณะรักษาความสงบแห่งชาติ ที่ ๕๕/๒๕๕๗ เรื่อง แต่งตั้งคณะกรรมการบริหารนโยบายพลังงาน ตามที่หัวหน้าคณะรักษาความสงบแห่งชาติได้มอบหมายให้รองหัวหน้าคณะรักษาความสงบแห่งชาติ(หัวหน้าฝ่ายเศรษฐกิจ) กำกับดูแลการแก้ไขปั",กฎหมายทั่วไป,คำสั่ง
kris_คส129-1L-0001,คำสั่งคณะรักษาความสงบแห่งชาติ ที่ 56/2557 เรื่อง แต่งตั้งคณะกรรมการกองทุนเพื่อส่งเสริมการอนุรักษ์พลังงาน,"[13/6/2557] คำสั่งคณะรักษาความสงบแห่งชาติ ที่ 56/2557 เรื่อง แต่งตั้งคณะกรรมการกองทุนเพื่อส่งเสริมการอนุรักษ์พลังงาน
คำสั่งคณะรักษาความสงบแห่งชาติ ที่ ๕๖/๒๕๕๗ เรื่อง แต่งตั้งคณะกรรมการกองทุนเพื่อส่งเสริมการอนุรักษ์พลังงาน เพื่อให้การบริหารงานของคณะกรรมการกองทุนเพื่อส่งเสริมการอนุรักษ์พลังงานเป็นไปอย่างมีประสิทธิภาพ บรรลุเป้าห",กฎหมายทั่วไป,คำสั่ง
kris_คส056-1L-0001,ประกาศคณะรักษาความสงบแห่งชาติ ฉบับที่ 59/2557 เรื่อง ขยายระยะเวลาการนำส่งมอบอาวุธปืน เครื่องกระสุนปืน หรือวัตถุระเบิด ที่สำหรับใช้เฉพาะแต่การสงคราม,"[13/6/2557] ประกาศคณะรักษาความสงบแห่งชาติ ฉบับที่ 59/2557 เรื่อง ขยายระยะเวลาการนำส่งมอบอาวุธปืน เครื่องกระสุนปืน หรือวัตถุระเบิด ที่สำหรับใช้เฉพาะแต่การสงคราม
ประกาศคณะรักษาความสงบแห่งชาติ ฉบับที่ ๕๙/๒๕๕๗ เรื่อง ขยายระยะเวลาการนำส่งมอบอาวุธปืน เครื่องกระสุนปืน หรือวัตถุระเบิด ที่สำหรับใช้เฉพาะแต่การสงคราม ตามที่ได้มีคำสั่งคณะรักษาความสงบแห่งชาติ ที่ ๓๗/๒๕๕๗ ลงวันที่",กฎหมายทั่วไป,ประกาศ
kris_คส059-1L-0001,ประกาศคณะรักษาความสงบแห่งชาติ ฉบับที่ 60/2557 เรื่อง ยกเลิกการห้ามออกนอกเคหสถานในบางพื้นที่เพิ่มเติม (ยกเลิก),"[13/6/2557] ประกาศคณะรักษาความสงบแห่งชาติ ฉบับที่ 60/2557 เรื่อง ยกเลิกการห้ามออกนอกเคหสถานในบางพื้นที่เพิ่มเติม (ยกเลิก)
ประกาศคณะรักษาความสงบแห่งชาติ ฉบับที่ ๖๐/๒๕๕๗ เรื่อง ยกเลิกการห้ามออกนอกเคหสถานในบางพื้นที่เพิ่มเติม (ยกเลิก) เนื่องจากสถานการณ์ในบางพื้นที่ได้คลี่คลายลง และไม่ปรากฏแนวโน้มของการเกิดเหตุการณ์ความรุนแรง ดังนั้น",กฎหมายทั่วไป,ประกาศ
kris_คส132-1L-0001,คำสั่งคณะรักษาความสงบแห่งชาติ ที่ 64/2557 เรื่อง การปราบปรามและหยุดยั้งการบุกรุกทำลายทรัพยากรป่าไม้ (ยกเลิก),"[20/6/2557] คำสั่งคณะรักษาความสงบแห่งชาติ ที่ 64/2557 เรื่อง การปราบปรามและหยุดยั้งการบุกรุกทำลายทรัพยากรป่าไม้ (ยกเลิก)
คำสั่งคณะรักษาความสงบแห่งชาติ ที่ ๖๔/๒๕๕๗ เรื่อง การปราบปรามและหยุดยั้งการบุกรุกทำลายทรัพยากรป่าไม้ (ยกเลิก) เพื่อให้การบริหารราชการของคณะรักษาความสงบแห่งชาติ ในการปราบปรามและหยุดยั้งการบุกรุกทำลายทรัพยากรป่าไม",กฎหมายทั่วไป,คำสั่ง
kris_คส062-1L-0001,ประกาศคณะรักษาความสงบแห่งชาติ ฉบับที่ 64/2557 เรื่อง ยกเลิกการห้ามออกนอกเคหสถานทั่วราชอาณาจักร,"[20/6/2557] ประกาศคณะรักษาความสงบแห่งชาติ ฉบับที่ 64/2557 เรื่อง ยกเลิกการห้ามออกนอกเคหสถานทั่วราชอาณาจักร
ประกาศคณะรักษาความสงบแห่งชาติ ฉบับที่ ๖๔/๒๕๕๗ เรื่อง ยกเลิกการห้ามออกนอกเคหสถานทั่วราชอาณาจักร ตามที่คณะรักษาความสงบแห่งชาติ ได้มีการประกาศห้ามออกนอกเคหสถานทั่วราชอาณาจักรตามประกาศคณะรักษาความสงบแห่งชาติ ฉบับที",กฎหมายทั่วไป,ประกาศ
kris_คส060-1L-0001,ประกาศคณะรักษาความสงบแห่งชาติ ฉบับที่ 61/2557 เรื่อง การแต่งตั้งคณะกรรมการส่งเสริมวิสาหกิจขนาดกลางและขนาดย่อม (เฉพาะกิจ) (ยกเลิก),"[20/6/2557] ประกาศคณะรักษาความสงบแห่งชาติ ฉบับที่ 61/2557 เรื่อง การแต่งตั้งคณะกรรมการส่งเสริมวิสาหกิจขนาดกลางและขนาดย่อม (เฉพาะกิจ) (ยกเลิก)
ประกาศคณะรักษาความสงบแห่งชาติ ฉบับที่ ๖๑/๒๕๕๗ เรื่อง การแต่งตั้งคณะกรรมการส่งเสริมวิสาหกิจขนาดกลางและขนาดย่อม (เฉพาะกิจ) (ยกเลิก) เพื่อให้การกำหนดนโยบายการส่งเสริมสนับสนุนวิสาหกิจขนาดกลางและขนาดย่อมให้มีความเข้",กฎหมายทั่วไป,ประกาศ
kris_คส063-1L-0001,ประกาศคณะรักษาความสงบแห่งชาติ ฉบับที่ 65/2557 เรื่อง การออกอากาศของสถานีโทรทัศน์ภาคพื้นดินในระบบดิจิตอล และระบบผ่านดาวเทียม (ยกเลิก),"[20/6/2557] ประกาศคณะรักษาความสงบแห่งชาติ ฉบับที่ 65/2557 เรื่อง การออกอากาศของสถานีโทรทัศน์ภาคพื้นดินในระบบดิจิตอล และระบบผ่านดาวเทียม (ยกเลิก)
ประกาศคณะรักษาความสงบแห่งชาติ ฉบับที่ ๖๕/๒๕๕๗ เรื่อง การออกอากาศของสถานีโทรทัศน์ภาคพื้นดินในระบบดิจิตอล และระบบผ่านดาวเทียม (ยกเลิก) ตามที่ได้มีประกาศคณะรักษาความสงบแห่งชาติ ฉบับที่ ๑๕/๒๕๕๗ ลงวันที่ ๒๒ พฤษภาคม",กฎหมายทั่วไป,ประกาศ
kris_คส061-1L-0002,ประกาศคณะรักษาความสงบแห่งชาติ ฉบับที่ 62/2557 เรื่อง ให้ผู้ที่มีอาวุธปืน เครื่องกระสุนปืน หรือวัตถุระเบิด โดยไม่ได้รับอนุญาต หรือที่มีกฎหมายห้ามออกใบอนุญาต นำส่งมอบ (ยกเลิก),"[20/6/2557] ประกาศคณะรักษาความสงบแห่งชาติ ฉบับที่ 62/2557 เรื่อง ให้ผู้ที่มีอาวุธปืน เครื่องกระสุนปืน หรือวัตถุระเบิด โดยไม่ได้รับอนุญาต หรือที่มีกฎหมายห้ามออกใบอนุญาต นำส่งมอบ (ยกเลิก)
ประกาศคณะรักษาความสงบแห่งชาติ ฉบับที่ ๖๒/๒๕๕๗ เรื่อง ให้ผู้ที่มีอาวุธปืน เครื่องกระสุนปืน หรือวัตถุระเบิด โดยไม่ได้รับอนุญาต หรือที่มีกฎหมายห้ามออกใบอนุญาต นำส่งมอบ (ยกเลิก) ตามที่คณะรักษาความสงบแห่งชาติได้กำหน",กฎหมายทั่วไป,ประกาศ
kris_คส064-1L-0002,ประกาศคณะรักษาความสงบแห่งชาติ ฉบับที่ 66/2557 เรื่อง การออกอากาศของสถานีวิทยุกระจายเสียงที่ได้รับอนุญาตทดลองประกอบกิจการ (ยกเลิก),"[20/6/2557] ประกาศคณะรักษาความสงบแห่งชาติ ฉบับที่ 66/2557 เรื่อง การออกอากาศของสถานีวิทยุกระจายเสียงที่ได้รับอนุญาตทดลองประกอบกิจการ (ยกเลิก)
ประกาศคณะรักษาความสงบแห่งชาติ ฉบับที่ ๖๖/๒๕๕๗ เรื่อง การออกอากาศของสถานีวิทยุกระจายเสียงที่ได้รับอนุญาตทดลองประกอบกิจการ (ยกเลิก) ตามที่ได้มีประกาศคณะรักษาความสงบแห่งชาติ ฉบับที่ ๒๓/๒๕๕๗ ลงวันที่ ๒๓ พฤษภาคม พุท",กฎหมายทั่วไป,ประกาศ
kris_คส136-1L-0001,คำสั่งคณะรักษาความสงบแห่งชาติ ที่ 71/2557 เรื่อง จัดตั้งศูนย์อำนวยการเตรียมความพร้อมประเทศไทยในการเข้าสู่ประชาคมอาเซียน และแต่งตั้งคณะกรรมการศูนย์อำนวยการเตรียมความพร้อมประเทศไทยในการเข้าสู่ประชาคมอาเซียน,"[27/6/2557] คำสั่งคณะรักษาความสงบแห่งชาติ ที่ 71/2557 เรื่อง จัดตั้งศูนย์อำนวยการเตรียมความพร้อมประเทศไทยในการเข้าสู่ประชาคมอาเซียน และแต่งตั้งคณะกรรมการศูนย์อำนวยการเตรียมความพร้อมประเทศไทยในการเข้าสู่ประชาคมอาเซียน
คำสั่งคณะรักษาความสงบแห่งชาติ ที่ ๗๑/๒๕๕๗ เรื่อง จัดตั้งศูนย์อำนวยการเตรียมความพร้อมประเทศไทยในการเข้าสู่ประชาคมอาเซียน และแต่งตั้ง คณะกรรมการศูนย์อำนวยการเตรียมความพร้อมประเทศไทยในการเข้าสู่ประชาคมอาเซียน เพื่",กฎหมายทั่วไป,คำสั่ง
kris_คส135-1L-0002,คำสั่งคณะรักษาความสงบแห่งชาติ ที่ 69/2557 เรื่อง มาตรการป้องกันและแก้ไขปัญหาการทุจริตประพฤติมิชอบ (ยกเลิก),"[27/6/2557] คำสั่งคณะรักษาความสงบแห่งชาติ ที่ 69/2557 เรื่อง มาตรการป้องกันและแก้ไขปัญหาการทุจริตประพฤติมิชอบ (ยกเลิก)
คำสั่งคณะรักษาความสงบแห่งชาติ ที่ ๖๙/๒๕๕๗ เรื่อง มาตรการป้องกันและแก้ไขปัญหาการทุจริตประพฤติมิชอบ (ยกเลิก) เพื่อให้การบริหารราชการของคณะรักษาความสงบแห่งชาติ ในการดูแลความปลอดภัยให้แก่ประชาชน รวมทั้งเพื่อให้เกิด",กฎหมายทั่วไป,คำสั่ง
kris_คส134-1L-0001,คำสั่งคณะรักษาความสงบแห่งชาติ ที่ 67/2557 เรื่อง แต่งตั้งคณะกรรมการร่วมภาครัฐและเอกชนเพื่อแก้ไขปัญหาทางเศรษฐกิจ,"[27/6/2557] คำสั่งคณะรักษาความสงบแห่งชาติ ที่ 67/2557 เรื่อง แต่งตั้งคณะกรรมการร่วมภาครัฐและเอกชนเพื่อแก้ไขปัญหาทางเศรษฐกิจ
คำสั่งคณะรักษาความสงบแห่งชาติ ที่ ๖๗/๒๕๕๗ เรื่อง แต่งตั้งคณะกรรมการร่วมภาครัฐและเอกชนเพื่อแก้ไขปัญหาทางเศรษฐกิจ เพื่อให้การพิจารณาและเสนอแนะแนวทางและมาตรการต่อคณะรักษาความสงบแห่งชาติ ในการแก้ไขปัญหาและอุปสรรคทา",กฎหมายทั่วไป,คำสั่ง
kris_คส133-1L-0001,คำสั่งคณะรักษาความสงบแห่งชาติ ที่ 66/2557 เรื่อง เพิ่มเติมหน่วยงานสำหรับการปราบปราม หยุดยั้งการบุกรุกทำลายทรัพยากรป่าไม้และนโยบายการปฏิบัติงานเป็นการชั่วคราวในสภาวการณ์ปัจจุบัน (ยกเลิก),"[27/6/2557] คำสั่งคณะรักษาความสงบแห่งชาติ ที่ 66/2557 เรื่อง เพิ่มเติมหน่วยงานสำหรับการปราบปราม หยุดยั้งการบุกรุกทำลายทรัพยากรป่าไม้และนโยบายการปฏิบัติงานเป็นการชั่วคราวในสภาวการณ์ปัจจุบัน (ยกเลิก)
คำสั่งคณะรักษาความสงบแห่งชาติ ที่ ๖๖/๒๕๕๗ เรื่อง เพิ่มเติมหน่วยงานสำหรับการปราบปราม หยุดยั้งการบุกรุกทำลายทรัพยากรป่าไม้ และนโยบายการปฏิบัติงานเป็นการชั่วคราวในสภาวการณ์ปัจจุบัน (ยกเลิก) เพื่อให้การดำเนินการและ",กฎหมายทั่วไป,คำสั่ง
kris_คส137-1L-0001,คำสั่งคณะรักษาความสงบแห่งชาติ ที่ 72/2557 เรื่อง แต่งตั้งคณะกรรมการนโยบายเขตพัฒนาเศรษฐกิจพิเศษ (ยกเลิก),"[27/6/2557] คำสั่งคณะรักษาความสงบแห่งชาติ ที่ 72/2557 เรื่อง แต่งตั้งคณะกรรมการนโยบายเขตพัฒนาเศรษฐกิจพิเศษ (ยกเลิก)
คำสั่งคณะรักษาความสงบแห่งชาติ ที่ ๗๒/๒๕๕๗ เรื่อง แต่งตั้งคณะกรรมการนโยบายเขตพัฒนาเศรษฐกิจพิเศษ (ยกเลิก) เพื่อส่งเสริมการค้าและการลงทุนของประเทศตามนโยบายการพัฒนาเขตเศรษฐกิจพิเศษ โดยใช้ประโยชน์จากความเชื่อมโยงด้า",กฎหมายทั่วไป,คำสั่ง
kris_คส066-1L-0001,ประกาศคณะรักษาความสงบแห่งชาติ ฉบับที่ 68/2557 เรื่อง มาตรการเร่งด่วนในการป้องกันและปราบปรามการค้ามนุษย์และการแก้ไขปัญหาแรงงานต่างด้าว ระยะที่ 1 เป็นการชั่วคราว (ยกเลิก),"[27/6/2557] ประกาศคณะรักษาความสงบแห่งชาติ ฉบับที่ 68/2557 เรื่อง มาตรการเร่งด่วนในการป้องกันและปราบปรามการค้ามนุษย์และการแก้ไขปัญหาแรงงานต่างด้าว ระยะที่ 1 เป็นการชั่วคราว (ยกเลิก)
ประกาศคณะรักษาความสงบแห่งชาติ ฉบับที่ ๖๘/๒๕๕๗ เรื่อง มาตรการเร่งด่วนในการป้องกันและปราบปรามการค้ามนุษย์ และการแก้ไขปัญหาแรงงานต่างด้าว ระยะที่ ๑ เป็นการชั่วคราว (ยกเลิก) ตามที่ปัญหาการค้ามนุษย์และแรงงานต่างด้าว",กฎหมายทั่วไป,ประกาศ
kris_คส067-1L-0001,ประกาศคณะรักษาความสงบแห่งชาติ ฉบับที่ 69/2557 เรื่อง การยื่นคำของบประมาณจังหวัดและงบประมาณกลุ่มจังหวัด ประจำปีงบประมาณ พ.ศ. 2558,"[27/6/2557] ประกาศคณะรักษาความสงบแห่งชาติ ฉบับที่ 69/2557 เรื่อง การยื่นคำของบประมาณจังหวัดและงบประมาณกลุ่มจังหวัด ประจำปีงบประมาณ พ.ศ. 2558
ประกาศคณะรักษาความสงบแห่งชาติ ฉบับที่ ๖๙/๒๕๕๗ เรื่อง การยื่นคำของบประมาณจังหวัดและงบประมาณกลุ่มจังหวัด ประจำปีงบประมาณ พ.ศ. ๒๕๕๘ ตามประกาศคณะรักษาความสงบแห่งชาติ ฉบับที่ ๑๐/๒๕๕๗ เรื่อง ให้อำนาจหน้าที่ของนายกรัฐ",กฎหมายทั่วไป,ประกาศ
kris_คส065-1L-0002,ประกาศคณะรักษาความสงบแห่งชาติ ฉบับที่ 67/2557 เรื่อง มาตรการชั่วคราวในการดำเนินการต่อแรงงานต่างด้าว (ยกเลิก),"[27/6/2557] ประกาศคณะรักษาความสงบแห่งชาติ ฉบับที่ 67/2557 เรื่อง มาตรการชั่วคราวในการดำเนินการต่อแรงงานต่างด้าว (ยกเลิก)
ประกาศคณะรักษาความสงบแห่งชาติ ฉบับที่ ๖๗/๒๕๕๗ เรื่อง มาตรการชั่วคราวในการดำเนินการต่อแรงงานต่างด้าว (ยกเลิก) ตามที่ปรากฏข่าวสารที่ส่งผลกระทบต่อการจ้างแรงงานต่างด้าวในประเทศไทย จนเป็นผลให้แรงงานต่างด้าวอพยพ และล",กฎหมายทั่วไป,ประกาศ
kris_คส142-1L-0001,คำสั่งคณะรักษาความสงบแห่งชาติ ที่ 77/2557 เรื่อง การกำหนดตำแหน่งเพิ่มและการแต่งตั้งข้าราชการให้ดำรงตำแหน่ง,"[4/7/2557] คำสั่งคณะรักษาความสงบแห่งชาติ ที่ 77/2557 เรื่อง การกำหนดตำแหน่งเพิ่มและการแต่งตั้งข้าราชการให้ดำรงตำแหน่ง
คำสั่งคณะรักษาความสงบแห่งชาติ ที่ ๗๗/๒๕๕๗ เรื่อง การกำหนดตำแหน่งเพิ่มและการแต่งตั้งข้าราชการให้ดำรงตำแหน่ง เพื่อให้การปฏิบัติงานของส่วนราชการต่าง ๆ เป็นไปด้วยความเรียบร้อยและเหมาะสมยิ่งขึ้น หัวหน้าคณะรักษาความส",กฎหมายทั่วไป,คำสั่ง
kris_คส140-1L-0001,คำสั่งคณะรักษาความสงบแห่งชาติ ที่ 75/2557 เรื่อง แต่งตั้งคณะกรรมการนโยบายและกำกับดูแลรัฐวิสาหกิจ (ยกเลิก),"[4/7/2557] คำสั่งคณะรักษาความสงบแห่งชาติ ที่ 75/2557 เรื่อง แต่งตั้งคณะกรรมการนโยบายและกำกับดูแลรัฐวิสาหกิจ (ยกเลิก)
คำสั่งคณะรักษาความสงบแห่งชาติ ที่ ๙๗/๒๕๕๗ เรื่อง แก้ไขเพิ่มเติมอำนาจหน้าที่ของคณะกรรมการนโยบายและกำกับดูแลรัฐวิสาหกิจ โดยที่การกำกับดูแลการดำเนินงานของรัฐวิสาหกิจนั้น คณะกรรมการนโยบายและกำกับดูแลรัฐวิสาหกิจจำเป",กฎหมายทั่วไป,คำสั่ง
kris_คส138-1L-0001,คำสั่งคณะรักษาความสงบแห่งชาติ ที่ 73/2557 เรื่อง แต่งตั้งคณะกรรมการนโยบายการจัดการปัญหาแรงงานต่างด้าวและการค้ามนุษย์ (ยกเลิก),"[4/7/2557] คำสั่งคณะรักษาความสงบแห่งชาติ ที่ 73/2557 เรื่อง แต่งตั้งคณะกรรมการนโยบายการจัดการปัญหาแรงงานต่างด้าวและการค้ามนุษย์ (ยกเลิก)
คำสั่งคณะรักษาความสงบแห่งชาติ ที่ ๗๓/๒๕๕๗ เรื่อง การแต่งตั้งคณะกรรมการนโยบายการจัดการปัญหาแรงงานต่างด้าวและการค้ามนุษย์ (ยกเลิก) เพื่อให้การบริหารราชการของคณะรักษาความสงบแห่งชาติ ในการแก้ไขปัญหาแรงงานต่างด้าวทั",กฎหมายทั่วไป,คำสั่ง
kris_คส144-1L-0001,คำสั่งคณะรักษาความสงบแห่งชาติ ที่ 79/2557 เรื่อง การกำหนดตำแหน่งเพิ่มและการแต่งตั้งข้าราชการให้ดำรงตำแหน่ง,"[4/7/2557] คำสั่งคณะรักษาความสงบแห่งชาติ ที่ 79/2557 เรื่อง การกำหนดตำแหน่งเพิ่มและการแต่งตั้งข้าราชการให้ดำรงตำแหน่ง
คำสั่งคณะรักษาความสงบแห่งชาติ ที่ ๗๙/๒๕๕๗ เรื่อง การกำหนดตำแหน่งเพิ่มและการแต่งตั้งข้าราชการให้ดำรงตำแหน่ง เพื่อให้การปฏิบัติงานของส่วนราชการต่าง ๆ เป็นไปด้วยความเรียบร้อยและเหมาะสมยิ่งขึ้น หัวหน้าคณะรักษาความส",กฎหมายทั่วไป,คำสั่ง
kris_คส139-1L-0001,คำสั่งคณะรักษาความสงบแห่งชาติ ที่ 74/2557 เรื่อง แต่งตั้งคณะอนุกรรมการประสานงานการจัดการปัญหาแรงงานต่างด้าวและการค้ามนุษย์ (ยกเลิก),"[4/7/2557] คำสั่งคณะรักษาความสงบแห่งชาติ ที่ 74/2557 เรื่อง แต่งตั้งคณะอนุกรรมการประสานงานการจัดการปัญหาแรงงานต่างด้าวและการค้ามนุษย์ (ยกเลิก)
คำสั่งคณะรักษาความสงบแห่งชาติ ที่ ๗๔/๒๕๕๗ เรื่อง แต่งตั้งคณะอนุกรรมการประสานงานการจัดการปัญหาแรงงานต่างด้าวและการค้ามนุษย์ (ยกเลิก) เพื่อให้การขับเคลื่อนนโยบายของคณะรักษาความสงบแห่งชาติในการแก้ปัญหาแรงงานต่างด้",กฎหมายทั่วไป,คำสั่ง
kris_คส143-1L-0001,คำสั่งคณะรักษาความสงบแห่งชาติ ที่ 78/2557 เรื่อง การกำหนดตำแหน่งเพิ่มและการแต่งตั้งข้าราชการให้ดำรงตำแหน่ง,"[4/7/2557] คำสั่งคณะรักษาความสงบแห่งชาติ ที่ 78/2557 เรื่อง การกำหนดตำแหน่งเพิ่มและการแต่งตั้งข้าราชการให้ดำรงตำแหน่ง
คำสั่งคณะรักษาความสงบแห่งชาติ ที่ ๗๘/๒๕๕๗ เรื่อง การกำหนดตำแหน่งเพิ่มและการแต่งตั้งข้าราชการให้ดำรงตำแหน่ง เพื่อให้การปฏิบัติงานของส่วนราชการต่าง ๆ เป็นไปด้วยความเรียบร้อยและเหมาะสมยิ่งขึ้น หัวหน้าคณะรักษาความส",กฎหมายทั่วไป,คำสั่ง
kris_คส068-1L-0001,ประกาศคณะรักษาความสงบแห่งชาติ ฉบับที่ 70/2557 เรื่อง มาตรการชั่วคราวในการแก้ไขปัญหาแรงงานต่างด้าวและการค้ามนุษย์ (ยกเลิก),"[4/7/2557] ประกาศคณะรักษาความสงบแห่งชาติ ฉบับที่ 70/2557 เรื่อง มาตรการชั่วคราวในการแก้ไขปัญหาแรงงานต่างด้าวและการค้ามนุษย์ (ยกเลิก)
ประกาศคณะรักษาความสงบแห่งชาติ ฉบับที่ ๗๐/๒๕๕๗ เรื่อง มาตรการชั่วคราวในการแก้ไขปัญหาแรงงานต่างด้าวและการค้ามนุษย์ (ยกเลิก) โดยที่เป็นการสมควรกำหนดมาตรการชั่วคราวในการแก้ไขปัญหาแรงงานต่างด้าวและการค้ามนุษย์ขึ้น เ",กฎหมายทั่วไป,ประกาศ
kris_คส069-1L-0001,ประกาศคณะรักษาความสงบแห่งชาติ ฉบับที่ 71/2557 เรื่อง การสรรหาคณะกรรมการตรวจเงินแผ่นดิน และผู้ว่าการตรวจเงินแผ่นดิน (ยกเลิก),"[4/7/2557] ประกาศคณะรักษาความสงบแห่งชาติ ฉบับที่ 71/2557 เรื่อง การสรรหาคณะกรรมการตรวจเงินแผ่นดิน และผู้ว่าการตรวจเงินแผ่นดิน (ยกเลิก)
ประกาศคณะรักษาความสงบแห่งชาติ ฉบับที่ ๑๐๑/๒๕๕๗ เรื่อง แก้ไขเพิ่มเติมประกาศคณะรักษาความสงบแห่งชาติ ฉบับที่ ๗๑/๒๕๕๗ โดยที่เป็นการสมควรกำหนดให้มีการสรรหาคณะกรรมการตรวจเงินแผ่นดิน และผู้ว่าการตรวจเงินแผ่นดินซึ่งยัง",กฎหมายทั่วไป,ประกาศ
kris_คส070-1L-0001,ประกาศคณะรักษาความสงบแห่งชาติ ฉบับที่ 72/2557 เรื่อง การดำเนินการตามกฎหมายประกอบรัฐธรรมนูญว่าด้วยการป้องกันและปราบปรามการทุจริต (ยกเลิก),"[4/7/2557] ประกาศคณะรักษาความสงบแห่งชาติ ฉบับที่ 72/2557 เรื่อง การดำเนินการตามกฎหมายประกอบรัฐธรรมนูญว่าด้วยการป้องกันและปราบปรามการทุจริต (ยกเลิก)
ประกาศคณะรักษาความสงบแห่งชาติ ฉบับที่ ๗๒/๒๕๕๗ เรื่องการดำเนินการตามกฎหมายประกอบรัฐธรรมนูญว่าด้วยการป้องกันและปราบปรามการทุจริต (ยกเลิก) เพื่อให้การดำเนินการของคณะกรรมการป้องกันและปราบปรามการทุจริตแห่งชาติ ในส่ว",กฎหมายทั่วไป,ประกาศ
kris_คส071-1L-0001,ประกาศคณะรักษาความสงบแห่งชาติ ฉบับที่ 74/2557 เรื่อง การประชุมผ่านสื่ออิเล็กทรอนิกส์ (ยกเลิก),"[4/7/2557] ประกาศคณะรักษาความสงบแห่งชาติ ฉบับที่ 74/2557 เรื่อง การประชุมผ่านสื่ออิเล็กทรอนิกส์ (ยกเลิก)
ประกาศคณะรักษาความสงบแห่งชาติ ฉบับที่ ๗๔/๒๕๕๗ เรื่อง การประชุมผ่านสื่ออิเล็กทรอนิกส์ (ยกเลิก) โดยที่เทคโนโลยีปัจจุบันทำให้ผู้ร่วมประชุมทั้งภาครัฐและภาคเอกชนสามารถปรึกษาหารือกันผ่านสื่ออิเล็กทรอนิกส์ได้โดยสะดวกแ",กฎหมายทั่วไป,ประกาศ
kris_คส141-1L-0004,คำสั่งคณะรักษาความสงบแห่งชาติ ที่ 76/2557 เรื่อง แต่งตั้งคณะกรรมการพัฒนาพื้นที่บริเวณชายฝั่งทะเลตะวันออก (ยกเลิก),"[4/7/2557] คำสั่งคณะรักษาความสงบแห่งชาติ ที่ 76/2557 เรื่อง แต่งตั้งคณะกรรมการพัฒนาพื้นที่บริเวณชายฝั่งทะเลตะวันออก (ยกเลิก)
คำสั่งคณะรักษาความสงบแห่งชาติ ที่ ๗๖/๒๕๕๗ เรื่อง แต่งตั้งคณะกรรมการพัฒนาพื้นที่บริเวณชายฝั่งทะเลตะวันออก (ยกเลิก) เพื่อให้การพัฒนาและแก้ไขปัญหาในพื้นที่บริเวณชายฝั่งทะเลตะวันออก รวมถึงการแก้ไขปัญหามาบตาพุด เป็น",กฎหมายทั่วไป,คำสั่ง
kris_คส146-1L-0001,คำสั่งคณะรักษาความสงบแห่งชาติ ที่ 84/2557 เรื่อง การกำหนดตำแหน่งเพิ่มและการแต่งตั้งข้าราชการให้ดำรงตำแหน่ง,"[15/7/2557] คำสั่งคณะรักษาความสงบแห่งชาติ ที่ 84/2557 เรื่อง การกำหนดตำแหน่งเพิ่มและการแต่งตั้งข้าราชการให้ดำรงตำแหน่ง
คำสั่งคณะรักษาความสงบแห่งชาติ ที่ ๘๔/๒๕๕๗ เรื่อง การกำหนดตำแหน่งเพิ่มและการแต่งตั้งข้าราชการให้ดำรงตำแหน่ง เพื่อให้การปฏิบัติงานของส่วนราชการต่าง ๆ เป็นไปด้วยความเรียบร้อยและเหมาะสมยิ่งขึ้น หัวหน้าคณะรักษาความส",กฎหมายทั่วไป,คำสั่ง
kris_คส147-1L-0001,คำสั่งคณะรักษาความสงบแห่งชาติ ที่ 85/2557 เรื่อง แต่งตั้งคณะกรรมการกำหนดนโยบายและการบริหารจัดการทรัพยากรน้ำ (ยกเลิก),"[15/7/2557] คำสั่งคณะรักษาความสงบแห่งชาติ ที่ 85/2557 เรื่อง แต่งตั้งคณะกรรมการกำหนดนโยบายและการบริหารจัดการทรัพยากรน้ำ (ยกเลิก)
คำสั่งหัวหน้าคณะรักษาความสงบแห่งชาติ ที่ ๔๓/๒๕๕๘ เรื่อง โอนสำนักงานนโยบายและบริหารจัดการน้ำและอุทกภัยแห่งชาติ สำนักงานปลัดสำนักนายกรัฐมนตรี ไปเป็นของสำนักงานเลขานุการคณะกรรมการทรัพยากรน้ำแห่งชาติ กรมทรัพยากรน้ำ",กฎหมายทั่วไป,คำสั่ง
kris_คส145-1L-0001,คำสั่งคณะรักษาความสงบแห่งชาติ ที่ 81/2557 เรื่อง การกำหนดตำแหน่งเพิ่มและการแต่งตั้งข้าราชการให้ดำรงตำแหน่ง,"[15/7/2557] คำสั่งคณะรักษาความสงบแห่งชาติ ที่ 81/2557 เรื่อง การกำหนดตำแหน่งเพิ่มและการแต่งตั้งข้าราชการให้ดำรงตำแหน่ง
คำสั่งคณะรักษาความสงบแห่งชาติ ที่ ๘๑/๒๕๕๗ เรื่อง การกำหนดตำแหน่งเพิ่มและการแต่งตั้งข้าราชการให้ดำรงตำแหน่ง เพื่อให้การปฏิบัติงานของส่วนราชการต่าง ๆ เป็นไปด้วยความเรียบร้อยและเหมาะสมยิ่งขึ้น หัวหน้าคณะรักษาความส",กฎหมายทั่วไป,คำสั่ง
kris_คส074-1L-0001,ประกาศคณะรักษาความสงบแห่งชาติ ฉบับที่ 77/2557 เรื่อง การจัดตั้งศูนย์บริการจดทะเบียนแรงงานต่างด้าวแบบเบ็ดเสร็จ (One Stop Service) เพิ่มเติม และมาตรการจัดระเบียบแรงงานต่างด้าวที่ทำงานเรือประมงในจังหวัดที่มีพื้นที่ติดทะเล (ยกเลิก),"[15/7/2557] ประกาศคณะรักษาความสงบแห่งชาติ ฉบับที่ 77/2557 เรื่อง การจัดตั้งศูนย์บริการจดทะเบียนแรงงานต่างด้าวแบบเบ็ดเสร็จ (One Stop Service) เพิ่มเติม และมาตรการจัดระเบียบแรงงานต่างด้าวที่ทำงานเรือประมงในจังหวัดที่มีพื้นที่ติดทะเล (ยกเลิก)
ประกาศคณะรักษาความสงบแห่งชาติ ฉบับที่ ๗๗/๒๕๕๗ เรื่อง การจัดตั้งศูนย์บริการจดทะเบียนแรงงานต่างด้าวแบบเบ็ดเสร็จ (One Stop Service) เพิ่มเติม และมาตรการจัดระเบียบแรงงานต่างด้าวที่ทำงานเรือประมงในจังหวัดที่มีพื้นที",กฎหมายทั่วไป,ประกาศ
kris_คส073-1L-0001,ประกาศคณะรักษาความสงบแห่งชาติ ฉบับที่ 76/2557 เรื่อง แก้ไขเพิ่มเติมประกาศคณะรักษาความสงบแห่งชาติ ฉบับที่ 71/2557 (ยกเลิก),"[15/7/2557] ประกาศคณะรักษาความสงบแห่งชาติ ฉบับที่ 76/2557 เรื่อง แก้ไขเพิ่มเติมประกาศคณะรักษาความสงบแห่งชาติ ฉบับที่ 71/2557 (ยกเลิก)
ประกาศคณะรักษาความสงบแห่งชาติ ฉบับที่ ๗๖/๒๕๕๗ เรื่อง แก้ไขเพิ่มเติมประกาศคณะรักษาความสงบแห่งชาติ ฉบับที่ ๗๑/๒๕๕๗ (ยกเลิก) โดยที่เป็นการสมควรแก้ไขเพิ่มเติมประกาศคณะรักษาความสงบแห่งชาติ ฉบับที่ ๗๑/๒๕๕๗ เรื่อง การ",กฎหมายทั่วไป,ประกาศ
kris_คส072-1L-0001,ประกาศคณะรักษาความสงบแห่งชาติ ฉบับที่ 75/2557 เรื่อง ผู้รักษาการประธานกรรมการในคณะกรรมการของรัฐวิสาหกิจ และการขออนุมัติโครงการใหม่หรือการทำธุรกรรมที่มีวงเงินเกินหนึ่งร้อยล้านบาทของรัฐวิสาหกิจ (ยกเลิก),"[15/7/2557] ประกาศคณะรักษาความสงบแห่งชาติ ฉบับที่ 75/2557 เรื่อง ผู้รักษาการประธานกรรมการในคณะกรรมการของรัฐวิสาหกิจ และการขออนุมัติโครงการใหม่หรือการทำธุรกรรมที่มีวงเงินเกินหนึ่งร้อยล้านบาทของรัฐวิสาหกิจ (ยกเลิก)
ประกาศคณะรักษาความสงบแห่งชาติ ฉบับที่ ๗๘/๒๕๕๗ เรื่อง แก้ไขเพิ่มเติมประกาศคณะรักษาความสงบแห่งชาติ ฉบับที่ ๗๕/๒๕๕๗ ด้วยขณะนี้ปรากฏว่าตำแหน่งประธานกรรมการในคณะกรรมการของรัฐวิสาหกิจหลายแห่งได้ว่างลง จนอาจส่งผลกระทบ",กฎหมายทั่วไป,ประกาศ
kris_คส075-1L-0001,ประกาศคณะรักษาความสงบแห่งชาติ ฉบับที่ 78/2557 เรื่อง แก้ไขเพิ่มเติมประกาศคณะรักษาความสงบแห่งชาติ ฉบับที่ 75/2557 (ยกเลิก),"[15/7/2557] ประกาศคณะรักษาความสงบแห่งชาติ ฉบับที่ 78/2557 เรื่อง แก้ไขเพิ่มเติมประกาศคณะรักษาความสงบแห่งชาติ ฉบับที่ 75/2557 (ยกเลิก)
ประกาศคณะรักษาความสงบแห่งชาติ ฉบับที่ ๗๘/๒๕๕๗ เรื่อง แก้ไขเพิ่มเติมประกาศคณะรักษาความสงบแห่งชาติ ฉบับที่ ๗๕/๒๕๕๗ (ยกเลิก) โดยที่เป็นการสมควรแก้ไขเพิ่มเติมประกาศคณะรักษาความสงบแห่งชาติ ฉบับที่ ๗๕/๒๕๕๗ เรื่อง ผู้",กฎหมายทั่วไป,ประกาศ
kris_คส038-1L-0001,ประกาศคณะรักษาความสงบแห่งชาติ ที่ 85/2557 เรื่อง การได้มาซึ่งสมาชิกสภาท้องถิ่นหรือผู้บริหารท้องถิ่นเป็นการชั่วคราว,"[21/7/2557] ประกาศคณะรักษาความสงบแห่งชาติ ที่ 85/2557 เรื่อง การได้มาซึ่งสมาชิกสภาท้องถิ่นหรือผู้บริหารท้องถิ่นเป็นการชั่วคราว
ประกาศคณะรักษาความสงบแห่งชาติ ที่ ๘๕/๒๕๕๗ เรื่อง การได้มาซึ่งสมาชิกสภาท้องถิ่นหรือผู้บริหารท้องถิ่นเป็นการชั่วคราว เนื่องจากในปัจจุบันมีสมาชิกสภาท้องถิ่นและผู้บริหารท้องถิ่นหลายแห่งที่ได้ครบวาระหรือว่างลงหรือมี",กฎหมายทั่วไป,ประกาศ
kris_คส148-1L-0001,คำสั่งคณะรักษาความสงบแห่งชาติ ที่ 87/2557 เรื่อง การกำหนดตำแหน่งเพิ่มและการแต่งตั้งข้าราชการให้ดำรงตำแหน่ง,"[21/7/2557] คำสั่งคณะรักษาความสงบแห่งชาติ ที่ 87/2557 เรื่อง การกำหนดตำแหน่งเพิ่มและการแต่งตั้งข้าราชการให้ดำรงตำแหน่ง
คำสั่งคณะรักษาความสงบแห่งชาติ ที่ ๘๗/๒๕๕๗ เรื่อง การกำหนดตำแหน่งเพิ่มและการแต่งตั้งข้าราชการให้ดำรงตำแหน่ง เพื่อให้การปฏิบัติงานของส่วนราชการต่าง ๆ เป็นไปด้วยความเรียบร้อยและเหมาะสมยิ่งขึ้น หัวหน้าคณะรักษาความส",กฎหมายทั่วไป,คำสั่ง
kris_คส150-1L-0001,คำสั่งคณะรักษาความสงบแห่งชาติ ที่ 90/2557 เรื่อง การแต่งตั้งคณะกรรมการสิ่งแวดล้อมแห่งชาติ (ยกเลิก),"[21/7/2557] คำสั่งคณะรักษาความสงบแห่งชาติ ที่ 90/2557 เรื่อง การแต่งตั้งคณะกรรมการสิ่งแวดล้อมแห่งชาติ (ยกเลิก)
คำสั่งคณะรักษาความสงบแห่งชาติ ที่ ๙๐/๒๕๕๗ เรื่อง การแต่งตั้งคณะกรรมการสิ่งแวดล้อมแห่งชาติ (ยกเลิก) เพื่อให้การกำหนดนโยบาย ควบคุม กำกับ และดูแลการบริหารจัดการสิ่งแวดล้อมแห่งชาติ เป็นไปด้วยความเรียบร้อย รวดเร็ว แ",กฎหมายทั่วไป,คำสั่ง
kris_คส149-1L-0001,คำสั่งคณะรักษาความสงบแห่งชาติ ที่ 88/2557 เรื่อง แต่งตั้งคณะกรรมการพิจารณาความเหมาะสมการจัดสรรงบประมาณเงินอุดหนุน ให้องค์กรปกครองส่วนท้องถิ่น ประจำปีงบประมาณ พ.ศ. 2558,"[21/7/2557] คำสั่งคณะรักษาความสงบแห่งชาติ ที่ 88/2557 เรื่อง แต่งตั้งคณะกรรมการพิจารณาความเหมาะสมการจัดสรรงบประมาณเงินอุดหนุน ให้องค์กรปกครองส่วนท้องถิ่น ประจำปีงบประมาณ พ.ศ. 2558
คำสั่งคณะรักษาความสงบแห่งชาติ ที่ ๘๘/๒๕๕๗ เรื่อง แต่งตั้งคณะกรรมการพิจารณาความเหมาะสมการจัดสรรงบประมาณเงินอุดหนุน ให้องค์กรปกครองส่วนท้องถิ่น ประจำปีงบประมาณ พ.ศ. ๒๕๕๘ เพื่อให้การจัดสรรงบประมาณเงินอุดหนุนให้องค",กฎหมายทั่วไป,คำสั่ง
kris_คส079-1L-0001,ประกาศคณะรักษาความสงบแห่งชาติ ที่ 82/2557 เรื่อง เงินช่วยเหลือผู้ซึ่งออกจากราชการตามโครงการเกษียณอายุราชการก่อนกำหนดของกระทรวงกลาโหม พ.ศ. 2557,"[21/7/2557] ประกาศคณะรักษาความสงบแห่งชาติ ที่ 82/2557 เรื่อง เงินช่วยเหลือผู้ซึ่งออกจากราชการตามโครงการเกษียณอายุราชการก่อนกำหนดของกระทรวงกลาโหม พ.ศ. 2557
ประกาศคณะรักษาความสงบแห่งชาติ ที่ ๘๒/๒๕๕๗ เรื่อง เงินช่วยเหลือผู้ซึ่งออกจากราชการตามโครงการเกษียณอายุราชการก่อนกำหนด ของกระทรวงกลาโหม พ.ศ. ๒๕๕๗ โดยที่เป็นการสมควรกำหนดให้มีการจ่ายเงินช่วยเหลือผู้ซึ่งออกจากราชกา",กฎหมายทั่วไป,ประกาศ
kris_คส085-1L-0001,ประกาศคณะรักษาความสงบแห่งชาติ ฉบับที่ 89/2557 เรื่อง หลักเกณฑ์การแต่งตั้งข้าราชการตำรวจ,"[21/7/2557] ประกาศคณะรักษาความสงบแห่งชาติ ฉบับที่ 89/2557 เรื่อง หลักเกณฑ์การแต่งตั้งข้าราชการตำรวจ
ประกาศคณะรักษาความสงบแห่งชาติ ฉบับที่ ๘๙/๒๕๕๗ เรื่อง หลักเกณฑ์การแต่งตั้งข้าราชการตำรวจ (ยกเลิก) เพื่อให้การแต่งตั้งและโยกย้ายข้าราชการตำรวจให้ดำรงตำแหน่งต่าง ๆ เป็นไปตามระบบคุณธรรมและคำนึงถึงพฤติกรรมทางจริยธรร",กฎหมายทั่วไป,ประกาศ
kris_คส076-1L-0001,ประกาศคณะรักษาความสงบแห่งชาติ ฉบับที่ 79/2557 เรื่อง เงื่อนไขในการออกอากาศของสถานีวิทยุกระจายเสียงที่ได้รับอนุญาตทดลองประกอบกิจการ (ยกเลิก),"[21/7/2557] ประกาศคณะรักษาความสงบแห่งชาติ ฉบับที่ 79/2557 เรื่อง เงื่อนไขในการออกอากาศของสถานีวิทยุกระจายเสียงที่ได้รับอนุญาตทดลองประกอบกิจการ (ยกเลิก)
ประกาศคณะรักษาความสงบแห่งชาติ ฉบับที่ ๗๙/๒๕๕๗ เรื่อง เงื่อนไขในการออกอากาศของสถานีวิทยุกระจายเสียงที่ได้รับอนุญาต ทดลองประกอบกิจการ (ยกเลิก) ตามที่ได้มีประกาศคณะรักษาความสงบแห่งชาติ ฉบับที่ ๖๖/๒๕๕๗ เรื่อง การออ",กฎหมายทั่วไป,ประกาศ
kris_คส082-1L-0001,ประกาศคณะรักษาความสงบแห่งชาติ ที่ 86/2557 เรื่อง การได้มาซึ่งสมาชิกสภากรุงเทพมหานครและสมาชิกสภาเขตเป็นการชั่วคราว (ยกเลิก),"[21/7/2557] ประกาศคณะรักษาความสงบแห่งชาติ ที่ 86/2557 เรื่อง การได้มาซึ่งสมาชิกสภากรุงเทพมหานครและสมาชิกสภาเขตเป็นการชั่วคราว (ยกเลิก)
ประกาศคณะรักษาความสงบแห่งชาติ ที่ ๘๖/๒๕๕๗ เรื่องการได้มาซึ่งสมาชิกสภากรุงเทพมหานครและสมาชิกสภาเขตเป็นการชั่วคราว (ยกเลิก) เนื่องจากในปัจจุบันมีสมาชิกสภากรุงเทพมหานครและสมาชิกสภาเขตที่ได้ครบวาระหรือว่างลงหรือมีก",กฎหมายทั่วไป,ประกาศ
kris_คส081-1L-0001,ประกาศคณะรักษาความสงบแห่งชาติ ฉบับที่ 84/2557 เรื่อง ให้ผู้ที่ครอบครองอาวุธปืน เสื้อเกราะ หรือเครื่องยุทธภัณฑ์ ของทางราชการทหาร นำส่งมอบ,"[21/7/2557] ประกาศคณะรักษาความสงบแห่งชาติ ฉบับที่ 84/2557 เรื่อง ให้ผู้ที่ครอบครองอาวุธปืน เสื้อเกราะ หรือเครื่องยุทธภัณฑ์ ของทางราชการทหาร นำส่งมอบ
ประกาศคณะรักษาความสงบแห่งชาติ ฉบับที่ ๘๔/๒๕๕๗ เรื่อง ให้ผู้ที่ครอบครองอาวุธปืน เสื้อเกราะ หรือเครื่องยุทธภัณฑ์ ของทางราชการทหาร นำส่งมอบ ตามที่ได้เกิดเหตุการณ์การชุมนุมประท้วงของกลุ่มแนวร่วมประชาธิปไตยต่อต้านเผ",กฎหมายทั่วไป,ประกาศ
kris_คส078-1L-0002,ประกาศคณะรักษาความสงบแห่งชาติ ที่ 81/2557 เรื่อง แก้ไขเพิ่มเติมพระราชกฤษฎีกาเงินช่วยค่าครองชีพผู้รับเบี้ยหวัดบำนาญ พ.ศ. 2521,"[21/7/2557] ประกาศคณะรักษาความสงบแห่งชาติ ที่ 81/2557 เรื่อง แก้ไขเพิ่มเติมพระราชกฤษฎีกาเงินช่วยค่าครองชีพผู้รับเบี้ยหวัดบำนาญ พ.ศ. 2521
ประกาศคณะรักษาความสงบแห่งชาติ ที่ ๘๑/๒๕๕๗ เรื่อง แก้ไขเพิ่มเติมพระราชกฤษฎีกาเงินช่วยค่าครองชีพผู้รับเบี้ยหวัดบำนาญ พ.ศ. ๒๕๒๑ โดยที่เป็นการสมควรปรับปรุงเงินช่วยค่าครองชีพผู้รับเบี้ยหวัดบำนาญ เพื่อกำหนดให้ผู้ได้ร",กฎหมายทั่วไป,ประกาศ
kris_คส084-1L-0001,ประกาศคณะรักษาความสงบแห่งชาติ ฉบับที่ 88/2557 เรื่อง การแก้ไขเพิ่มเติมกฎหมายว่าด้วยตำรวจแห่งชาติ (ยกเลิก),"[21/7/2557] ประกาศคณะรักษาความสงบแห่งชาติ ฉบับที่ 88/2557 เรื่อง การแก้ไขเพิ่มเติมกฎหมายว่าด้วยตำรวจแห่งชาติ (ยกเลิก)
ประกาศคณะรักษาความสงบแห่งชาติ ฉบับที่ ๘๘/๒๕๕๗ เรื่อง การแก้ไขเพิ่มเติมกฎหมายว่าด้วยตำรวจแห่งชาติ (ยกเลิก) โดยที่เป็นการสมควรแก้ไขเพิ่มเติมกฎหมายว่าด้วยตำรวจแห่งชาติ เพื่อปรับปรุงระบบการบริหารงานบุคคลของสำนักงาน",กฎหมายทั่วไป,ประกาศ
kris_คส080-1L-0001,ประกาศคณะรักษาความสงบแห่งชาติ ฉบับที่ 83/2557 เรื่อง การดำเนินการเกี่ยวกับเครื่องเล่นเกมที่สามารถใช้หรือนำมาประกอบเพื่อใช้เล่นการพนัน,"[21/7/2557] ประกาศคณะรักษาความสงบแห่งชาติ ฉบับที่ 83/2557 เรื่อง การดำเนินการเกี่ยวกับเครื่องเล่นเกมที่สามารถใช้หรือนำมาประกอบเพื่อใช้เล่นการพนัน
ประกาศคณะรักษาความสงบแห่งชาติ ฉบับที่ ๘๓/๒๕๕๗ เรื่อง การดำเนินการเกี่ยวกับเครื่องเล่นเกมที่สามารถใช้หรือนำมาประกอบเพื่อใช้เล่นการพนัน ตามที่ได้มีคำสั่งคณะรักษาความสงบแห่งชาติ ที่ ๒๔/๒๕๕๗ เรื่อง ห้ามให้มีการเล่น",กฎหมายทั่วไป,ประกาศ
kris_คส077-1L-0001,ประกาศคณะรักษาความสงบแห่งชาติ ฉบับที่ 80/2557 เรื่อง การแก้ไขเพิ่มเติมกฎหมายว่าด้วยองค์กรจัดสรรคลื่นความถี่ และกำกับการประกอบกิจการวิทยุกระจายเสียง วิทยุโทรทัศน์ และกิจการโทรคมนาคม,"[21/7/2557] ประกาศคณะรักษาความสงบแห่งชาติ ฉบับที่ 80/2557 เรื่อง การแก้ไขเพิ่มเติมกฎหมายว่าด้วยองค์กรจัดสรรคลื่นความถี่ และกำกับการประกอบกิจการวิทยุกระจายเสียง วิทยุโทรทัศน์ และกิจการโทรคมนาคม
ประกาศคณะรักษาความสงบแห่งชาติ ฉบับที่ ๘๐/๒๕๕๗ เรื่อง การแก้ไขเพิ่มเติมกฎหมายว่าด้วยองค์กรจัดสรรคลื่นความถี่ และกำกับการประกอบกิจการวิทยุกระจายเสียง วิทยุโทรทัศน์ และกิจการโทรคมนาคม โดยที่เป็นการสมควรแก้ไขเพิ่มเ",กฎหมายทั่วไป,ประกาศ
kris_คส083-1L-0001,ประกาศคณะรักษาความสงบแห่งชาติ ฉบับที่ 87/2557 เรื่อง การแก้ไขเพิ่มเติมผู้รักษาการตามกฎหมายที่เกี่ยวข้องกับอำนาจหน้าที่ของเจ้าพนักงานตำรวจ,"[21/7/2557] ประกาศคณะรักษาความสงบแห่งชาติ ฉบับที่ 87/2557 เรื่อง การแก้ไขเพิ่มเติมผู้รักษาการตามกฎหมายที่เกี่ยวข้องกับอำนาจหน้าที่ของเจ้าพนักงานตำรวจ
ประกาศคณะรักษาความสงบแห่งชาติ ฉบับที่ ๘๗/๒๕๕๗ เรื่อง การแก้ไขเพิ่มเติมผู้รักษาการตามกฎหมายที่เกี่ยวข้องกับอำนาจหน้าที่ของเจ้าพนักงานตำรวจ โดยที่พระราชบัญญัติตำรวจแห่งชาติ พ.ศ. ๒๕๔๗ กำหนดให้สำนักงานตำรวจแห่งชาติ",กฎหมายทั่วไป,ประกาศ
kris_คส086-1L-0001,ประกาศคณะรักษาความสงบแห่งชาติ ฉบับที่ 90/2557 เรื่อง การจัดตั้งศูนย์บริการจดทะเบียนแรงงานต่างด้าวแบบเบ็ดเสร็จ (One Stop Service) เพิ่มเติม (ยกเลิก),"[21/7/2557] ประกาศคณะรักษาความสงบแห่งชาติ ฉบับที่ 90/2557 เรื่อง การจัดตั้งศูนย์บริการจดทะเบียนแรงงานต่างด้าวแบบเบ็ดเสร็จ (One Stop Service) เพิ่มเติม (ยกเลิก)
ประกาศคณะรักษาความสงบแห่งชาติ ฉบับที่ ๙๐/๒๕๕๗ เรื่อง การจัดตั้งศูนย์บริการจดทะเบียนแรงงานต่างด้าวแบบเบ็ดเสร็จ (One Stop Service) เพิ่มเติม (ยกเลิก) โดยที่ข้อ ๔ ของประกาศคณะรักษาความสงบแห่งชาติ ฉบับที่ ๗๐/๒๕๕๗ เ",กฎหมายทั่วไป,ประกาศ
kris_คส153-1L-0001,คำสั่งคณะรักษาความสงบแห่งชาติ ที่ 95/2557 เรื่อง การกำหนดตำแหน่งเพิ่มและการแต่งตั้งข้าราชการให้ดำรงตำแหน่ง,"[23/7/2557] คำสั่งคณะรักษาความสงบแห่งชาติ ที่ 95/2557 เรื่อง การกำหนดตำแหน่งเพิ่มและการแต่งตั้งข้าราชการให้ดำรงตำแหน่ง
คำสั่งคณะรักษาความสงบแห่งชาติ ฉบับที่ ๙๕/๒๕๕๗ เรื่อง การกำหนดตำแหน่งเพิ่มและการแต่งตั้งข้าราชการให้ดำรงตำแหน่ง เพื่อให้การปฏิบัติงานของส่วนราชการต่าง ๆ เป็นไปด้วยความเรียบร้อยและเหมาะสมยิ่งขึ้น หัวหน้าคณะรักษาค",กฎหมายทั่วไป,คำสั่ง
kris_คส152-1L-0001,คำสั่งคณะรักษาความสงบแห่งชาติ ที่ 94/2557 เรื่อง การระงับการดำเนินการตามกฎหมายว่าด้วยองค์กรจัดสรรคลื่นความถี่ และกำกับการประกอบกิจการวิทยุกระจายเสียง วิทยุโทรทัศน์ และกิจการโทรคมนาคม (ยกเลิก),"[23/7/2557] คำสั่งคณะรักษาความสงบแห่งชาติ ที่ 94/2557 เรื่อง การระงับการดำเนินการตามกฎหมายว่าด้วยองค์กรจัดสรรคลื่นความถี่ และกำกับการประกอบกิจการวิทยุกระจายเสียง วิทยุโทรทัศน์ และกิจการโทรคมนาคม (ยกเลิก)
คำสั่งคณะรักษาความสงบแห่งชาติ ฉบับที่ ๙๔/๒๕๕๗ เรื่อง การระงับการดำเนินการตามกฎหมายว่าด้วยองค์กรจัดสรรคลื่นความถี่ และกำกับการประกอบกิจการวิทยุกระจายเสียง วิทยุโทรทัศน์ และกิจการโทรคมนาคม (ยกเลิก) เพื่อให้การดำเ",กฎหมายทั่วไป,คำสั่ง
kris_คส088-1L-0001,ประกาศคณะรักษาความสงบแห่งชาติ ฉบับที่ 94/2557 เรื่อง การจัดตั้งศูนย์บริการจดทะเบียนแรงงานต่างด้าวแบบเบ็ดเสร็จ (One Stop Service) เพิ่มเติม (ยกเลิก),"[23/7/2557] ประกาศคณะรักษาความสงบแห่งชาติ ฉบับที่ 94/2557 เรื่อง การจัดตั้งศูนย์บริการจดทะเบียนแรงงานต่างด้าวแบบเบ็ดเสร็จ (One Stop Service) เพิ่มเติม (ยกเลิก)
ประกาศคณะรักษาความสงบแห่งชาติ ฉบับที่ ๙๔/๒๕๕๗ เรื่อง การจัดตั้งศูนย์บริการจดทะเบียนแรงงานต่างด้าวแบบเบ็ดเสร็จ (One Stop Service) เพิ่มเติม (ยกเลิก) โดยที่ข้อ ๔ ของประกาศคณะรักษาความสงบแห่งชาติ ฉบับที่ ๗๐/๒๕๕๗ เ",กฎหมายทั่วไป,ประกาศ
kris_คส087-1L-0001,ประกาศคณะรักษาความสงบแห่งชาติ ฉบับที่ 92/2557 เรื่อง การลดอัตราภาษีมูลค่าเพิ่ม (ยกเลิก),"[23/7/2557] ประกาศคณะรักษาความสงบแห่งชาติ ฉบับที่ 92/2557 เรื่อง การลดอัตราภาษีมูลค่าเพิ่ม (ยกเลิก)
ประกาศคณะรักษาความสงบแห่งชาติ ฉบับที่ ๙๒/๒๕๕๗ เรื่อง การลดอัตราภาษีมูลค่าเพิ่ม (ยกเลิก) โดยที่คณะรักษาความสงบแห่งชาติพิจารณาเห็นเป็นการสมควรลดอัตราภาษีมูลค่าเพิ่ม เพื่อเป็นการผลักดันและกระตุ้นกลไกทางเศรษฐกิจ ทำ",กฎหมายทั่วไป,ประกาศ
kris_คส089-1L-0001,ประกาศคณะรักษาความสงบแห่งชาติ ฉบับที่ 96/2557 เรื่อง การจัดตั้งศูนย์ดำรงธรรม,"[23/7/2557] ประกาศคณะรักษาความสงบแห่งชาติ ฉบับที่ 96/2557 เรื่อง การจัดตั้งศูนย์ดำรงธรรม
ประกาศคณะรักษาความสงบแห่งชาติ ฉบับที่ ๙๖/๒๕๕๗ เรื่อง การจัดตั้งศูนย์ดำรงธรรม เพื่อเพิ่มประสิทธิภาพการบริหารงานระดับจังหวัดและให้การปฏิบัติงานของส่วนราชการในจังหวัดสามารถให้บริการประชาชนได้อย่างเสมอภาค มีคุณภาพ",กฎหมายทั่วไป,ประกาศ
kris_คส090-1L-0001,ประกาศคณะรักษาความสงบแห่งชาติ ฉบับที่ 97/2557 เรื่อง การให้ความร่วมมือต่อการปฏิบัติงานของคณะรักษาความสงบแห่งชาติ และการเผยแพร่ข้อมูลข่าวสารต่อสาธารณะ (ยกเลิก),"[23/7/2557] ประกาศคณะรักษาความสงบแห่งชาติ ฉบับที่ 97/2557 เรื่อง การให้ความร่วมมือต่อการปฏิบัติงานของคณะรักษาความสงบแห่งชาติ และการเผยแพร่ข้อมูลข่าวสารต่อสาธารณะ (ยกเลิก)
ประกาศคณะรักษาความสงบแห่งชาติ ฉบับที่ ๑๐๓/๒๕๕๗ เรื่อง แก้ไขเพิ่มเติมประกาศคณะรักษาความสงบแห่งชาติ ฉบับที่ ๙๗/๒๕๕๗ เพื่อให้การปฏิบัติงานของคณะรักษาความสงบแห่งชาติเป็นไปด้วยความเรียบร้อย และเพื่อให้การเผยแพร่ข้อม",กฎหมายทั่วไป,ประกาศ
kris_คส151-1L-0001,คำสั่งคณะรักษาความสงบแห่งชาติ ที่ 91/2557 เรื่อง แต่งตั้งคณะกรรมการพัฒนาระบบการบริหารจัดการขนส่งสินค้าและบริการของประเทศ (กบส.) (ยกเลิก),"[23/7/2557] คำสั่งคณะรักษาความสงบแห่งชาติ ที่ 91/2557 เรื่อง แต่งตั้งคณะกรรมการพัฒนาระบบการบริหารจัดการขนส่งสินค้าและบริการของประเทศ (กบส.) (ยกเลิก)
คำสั่งคณะรักษาความสงบแห่งชาติ ที่ ๙๑/๒๕๕๗ เรื่องแต่งตั้งคณะกรรมการพัฒนาระบบการบริหารจัดการขนส่งสินค้าและบริการของประเทศ (กบส.) (ยกเลิก) เพื่อให้การพัฒนาระบบการบริหารจัดการขนส่งสินค้าและบริการของประเทศไทยเป็นไปอ",กฎหมายทั่วไป,คำสั่ง
kris_คส155-1L-0001,คำสั่งคณะรักษาความสงบแห่งชาติ ที่ 100/2557 เรื่อง การแต่งตั้งคณะทำงานติดตามและตรวจสอบการจัดการปัญหาแรงงานต่างด้าวและการค้ามนุษย์กรุงเทพมหานคร (ยกเลิก),"[30/7/2557] คำสั่งคณะรักษาความสงบแห่งชาติ ที่ 100/2557 เรื่อง การแต่งตั้งคณะทำงานติดตามและตรวจสอบการจัดการปัญหาแรงงานต่างด้าวและการค้ามนุษย์กรุงเทพมหานคร (ยกเลิก)
คำสั่งคณะรักษาความสงบแห่งชาติ ที่ ๑๐๐/๒๕๕๗ เรื่อง การแต่งตั้งคณะทำงานติดตามและตรวจสอบการจัดการปัญหาแรงงานต่างด้าว และการค้ามนุษย์กรุงเทพมหานคร (ยกเลิก) ตามที่ได้มีการแต่งตั้งคณะกรรมการนโยบายการจัดการปัญหาแรงงาน",กฎหมายทั่วไป,คำสั่ง
kris_คส158-1L-0001,คำสั่งคณะรักษาความสงบแห่งชาติ ที่ 106/2557 เรื่อง แต่งตั้งคณะอนุกรรมการพิจารณาระบายผลิตภัณฑ์มันสำปะหลัง (ยกเลิก),"[30/7/2557] คำสั่งคณะรักษาความสงบแห่งชาติ ที่ 106/2557 เรื่อง แต่งตั้งคณะอนุกรรมการพิจารณาระบายผลิตภัณฑ์มันสำปะหลัง (ยกเลิก)
คำสั่งคณะรักษาความสงบแห่งชาติ ที่ ๑๐๖/๒๕๕๗ เรื่อง แต่งตั้งคณะอนุกรรมการพิจารณาระบายผลิตภัณฑ์มันสำปะหลัง (ยกเลิก) ตามที่มีประกาศคณะรักษาความสงบแห่งชาติ ฉบับที่ ๒๒/๒๕๕๗ ลงวันที่ ๒๓ พฤษภาคม พุทธศักราช ๒๕๕๗ เรื่อง",กฎหมายทั่วไป,คำสั่ง
kris_คส157-1L-0001,คำสั่งคณะรักษาความสงบแห่งชาติ ที่ 105/2557 เรื่อง แต่งตั้งคณะกรรมการนโยบายและบริหารจัดการมันสำปะหลัง (ยกเลิก),"[30/7/2557] คำสั่งคณะรักษาความสงบแห่งชาติ ที่ 105/2557 เรื่อง แต่งตั้งคณะกรรมการนโยบายและบริหารจัดการมันสำปะหลัง (ยกเลิก)
คำสั่งคณะรักษาความสงบแห่งชาติ ที่ ๑๐๕/๒๕๕๗ เรื่อง แต่งตั้งคณะกรรมการนโยบายและบริหารจัดการมันสำปะหลัง (ยกเลิก) ตามที่มีประกาศคณะรักษาความสงบแห่งชาติ ฉบับที่ ๒๒/๒๕๕๗ ลงวันที่ ๒๓ พฤษภาคม พุทธศักราช ๒๕๕๗ เรื่อง การ",กฎหมายทั่วไป,คำสั่ง
kris_คส154-1L-0001,คำสั่งคณะรักษาความสงบแห่งชาติ ที่ 97/2557 เรื่อง แก้ไขเพิ่มเติมอำนาจหน้าที่ของคณะกรรมการนโยบายและกำกับดูแลรัฐวิสาหกิจ (ยกเลิก),"[30/7/2557] คำสั่งคณะรักษาความสงบแห่งชาติ ที่ 97/2557 เรื่อง แก้ไขเพิ่มเติมอำนาจหน้าที่ของคณะกรรมการนโยบายและกำกับดูแลรัฐวิสาหกิจ (ยกเลิก)
คำสั่งคณะรักษาความสงบแห่งชาติ ที่ ๙๗/๒๕๕๗ เรื่อง แก้ไขเพิ่มเติมอำนาจหน้าที่ของคณะกรรมการนโยบายและกำกับดูแลรัฐวิสาหกิจ (ยกเลิก) โดยที่การกำกับดูแลการดำเนินงานของรัฐวิสาหกิจนั้น คณะกรรมการนโยบายและกำกับดูแลรัฐวิส",กฎหมายทั่วไป,คำสั่ง
kris_คส160-1L-0001,คำสั่งคณะรักษาความสงบแห่งชาติ ที่ 108/2557 เรื่อง การตักเตือนสื่อสิ่งพิมพ์ซึ่งฝ่าฝืนข้อห้าม,"[30/7/2557] คำสั่งคณะรักษาความสงบแห่งชาติ ที่ 108/2557 เรื่อง การตักเตือนสื่อสิ่งพิมพ์ซึ่งฝ่าฝืนข้อห้าม
คำสั่งคณะรักษาความสงบแห่งชาติ ที่ ๑๐๘/๒๕๕๗ เรื่อง การตักเตือนสื่อสิ่งพิมพ์ซึ่งฝ่าฝืนข้อห้าม เพื่อให้การรักษาความสงบและการแก้ไขปัญหาบ้านเมืองเป็นไปอย่างเรียบร้อย โดยคณะรักษาความสงบแห่งชาติได้ออกประกาศคณะรักษาควา",กฎหมายทั่วไป,คำสั่ง
kris_คส093-1L-0001,ประกาศคณะรักษาความสงบแห่งชาติ ฉบับที่ 100/2557 เรื่อง การแก้ไขเพิ่มเติมกฎหมายว่าด้วยการปรับปรุงกระทรวง ทบวง กรม และกฎหมายว่าด้วยการส่งเสริมการลงทุน,"[30/7/2557] ประกาศคณะรักษาความสงบแห่งชาติ ฉบับที่ 100/2557 เรื่อง การแก้ไขเพิ่มเติมกฎหมายว่าด้วยการปรับปรุงกระทรวง ทบวง กรม และกฎหมายว่าด้วยการส่งเสริมการลงทุน
ประกาศคณะรักษาความสงบแห่งชาติ ฉบับที่ ๑๐๐/๒๕๕๗ เรื่อง การแก้ไขเพิ่มเติมกฎหมายว่าด้วยการปรับปรุงกระทรวง ทบวง กรม และกฎหมายว่าด้วยการส่งเสริมการลงทุน เพื่อให้การดำเนินการส่งเสริมการลงทุนเป็นไปอย่างมีประสิทธิภาพ จ",กฎหมายทั่วไป,ประกาศ
kris_คส105-1L-0001,ประกาศคณะรักษาความสงบแห่งชาติ ฉบับที่ 112/2557 เรื่อง แก้ไขเพิ่มเติมระเบียบสำนักนายกรัฐมนตรีว่าด้วยการป้องกันเจ้าหน้าที่ของรัฐ มิให้เกี่ยวข้องกับยาเสพติด พ.ศ. 2542,"[30/7/2557] ประกาศคณะรักษาความสงบแห่งชาติ ฉบับที่ 112/2557 เรื่อง แก้ไขเพิ่มเติมระเบียบสำนักนายกรัฐมนตรีว่าด้วยการป้องกันเจ้าหน้าที่ของรัฐ มิให้เกี่ยวข้องกับยาเสพติด พ.ศ. 2542
ประกาศคณะรักษาความสงบแห่งชาติ ฉบับที่ ๑๑๒/๒๕๕๗ เรื่อง แก้ไขเพิ่มเติมระเบียบสำนักนายกรัฐมนตรีว่าด้วยการป้องกันเจ้าหน้าที่ของรัฐ มิให้เกี่ยวข้องกับยาเสพติด พ.ศ. ๒๕๔๒ โดยที่เป็นการสมควรแก้ไขเพิ่มเติมระเบียบสำนักนา",กฎหมายทั่วไป,ประกาศ
kris_คส091-1L-0001,ประกาศคณะรักษาความสงบแห่งชาติ ฉบับที่ 98/2557 เรื่อง การแก้ไขปัญหาจังหวัดชายแดนภาคใต้,"[30/7/2557] ประกาศคณะรักษาความสงบแห่งชาติ ฉบับที่ 98/2557 เรื่อง การแก้ไขปัญหาจังหวัดชายแดนภาคใต้
ประกาศคณะรักษาความสงบแห่งชาติ ฉบับที่ ๙๘/๒๕๕๗ เรื่อง การแก้ไขปัญหาจังหวัดชายแดนภาคใต้ โดยที่จังหวัดชายแดนภาคใต้ยังคงมีปัญหาความมั่นคงของชาติและความไม่สงบในพื้นที่ที่ก่อให้เกิดผลกระทบในหลายด้านอย่างกว้างขวาง ดัง",กฎหมายทั่วไป,ประกาศ
kris_คส101-1L-0001,ประกาศคณะรักษาความสงบแห่งชาติ ฉบับที่ 108/2557 เรื่อง การปฏิบัติต่อผู้ต้องสงสัยว่ากระทำผิดตามกฎหมายเกี่ยวกับยาเสพติดเพื่อเข้าสู่การบำบัดฟื้นฟูและการดูแลผู้ผ่านการบำบัดฟื้นฟู (ยกเลิก),"[30/7/2557] ประกาศคณะรักษาความสงบแห่งชาติ ฉบับที่ 108/2557 เรื่อง การปฏิบัติต่อผู้ต้องสงสัยว่ากระทำผิดตามกฎหมายเกี่ยวกับยาเสพติดเพื่อเข้าสู่การบำบัดฟื้นฟูและการดูแลผู้ผ่านการบำบัดฟื้นฟู (ยกเลิก)
คำสั่งหัวหน้าคณะรักษาความสงบแห่งชาติ ที่ ๑๐/๒๕๖๑ เรื่อง แก้ไขเพิ่มเติมบัญชีท้ายประกาศคณะรักษาความสงบแห่งชาติ ฉบับที่ ๑๐๘/๒๕๕๗ ตามที่คณะรักษาความสงบแห่งชาติได้ออกประกาศคณะรักษาความสงบแห่งชาติฉบับที่ ๑๐๘/๒๕๕๗ เรื",กฎหมายทั่วไป,ประกาศ
kris_คส096-1L-0001,ประกาศคณะรักษาความสงบแห่งชาติ ฉบับที่ 103/2557 เรื่อง แก้ไขเพิ่มเติมประกาศคณะรักษาความสงบแห่งชาติ ฉบับที่ 97/2557 (ยกเลิก),"[30/7/2557] ประกาศคณะรักษาความสงบแห่งชาติ ฉบับที่ 103/2557 เรื่อง แก้ไขเพิ่มเติมประกาศคณะรักษาความสงบแห่งชาติ ฉบับที่ 97/2557 (ยกเลิก)
ประกาศคณะรักษาความสงบแห่งชาติ ฉบับที่ ๑๐๓/๒๕๕๗ เรื่อง แก้ไขเพิ่มเติมประกาศคณะรักษาความสงบแห่งชาติ ฉบับที่ ๙๗/๒๕๕๗ (ยกเลิก) โดยที่เป็นการสมควรแก้ไขเพิ่มเติมประกาศคณะรักษาความสงบแห่งชาติ ฉบับที่ ๙๗/๒๕๕๗ เรื่อง กา",กฎหมายทั่วไป,ประกาศ
kris_คส102-1L-0001,ประกาศคณะรักษาความสงบแห่งชาติ ฉบับที่ 109/2557 เรื่อง การแก้ไขเพิ่มเติมกฎหมายว่าด้วยการป้องกันและปราบปรามยาเสพติด (ยกเลิก),"[30/7/2557] ประกาศคณะรักษาความสงบแห่งชาติ ฉบับที่ 109/2557 เรื่อง การแก้ไขเพิ่มเติมกฎหมายว่าด้วยการป้องกันและปราบปรามยาเสพติด (ยกเลิก)
ประกาศคณะรักษาความสงบแห่งชาติ ฉบับที่ ๑๐๙/๒๕๕๗ เรื่อง การแก้ไขเพิ่มเติมกฎหมายว่าด้วยการป้องกันและปราบปรามยาเสพติด (ยกเลิก) โดยที่เป็นการสมควรแก้ไขเพิ่มเติมกฎหมายว่าด้วยการป้องกันและปราบปรามยาเสพติด เพื่อปรับปรุ",กฎหมายทั่วไป,ประกาศ
kris_คส108-1L-0001,ประกาศคณะรักษาความสงบแห่งชาติ ฉบับที่ 115/2557 เรื่อง แก้ไขเพิ่มเติมประมวลกฎหมายวิธีพิจารณาความอาญา,"[30/7/2557] ประกาศคณะรักษาความสงบแห่งชาติ ฉบับที่ 115/2557 เรื่อง แก้ไขเพิ่มเติมประมวลกฎหมายวิธีพิจารณาความอาญา
ประกาศคณะรักษาความสงบแห่งชาติ ฉบับที่ ๑๑๕/๒๕๕๗ เรื่อง แก้ไขเพิ่มเติมประมวลกฎหมายวิธีพิจารณาความอาญา โดยที่เป็นการสมควรแก้ไขเพิ่มเติมประมวลกฎหมายวิธีพิจารณาความอาญา เพื่อให้วิธีพิจารณาความอาญาในส่วนที่เกี่ยวกับก",กฎหมายทั่วไป,ประกาศ
kris_คส092-1L-0001,ประกาศคณะรักษาความสงบแห่งชาติ ฉบับที่ 99/2557 เรื่อง การแก้ไขเพิ่มเติมกฎหมายว่าด้วยการส่งเสริมวิสาหกิจขนาดกลางและขนาดย่อม,"[30/7/2557] ประกาศคณะรักษาความสงบแห่งชาติ ฉบับที่ 99/2557 เรื่อง การแก้ไขเพิ่มเติมกฎหมายว่าด้วยการส่งเสริมวิสาหกิจขนาดกลางและขนาดย่อม
ประกาศคณะรักษาความสงบแห่งชาติ ฉบับที่ ๙๙/๒๕๕๗ เรื่อง การแก้ไขเพิ่มเติมกฎหมายว่าด้วยการส่งเสริมวิสาหกิจขนาดกลางและขนาดย่อม เพื่อให้การดำเนินการส่งเสริมวิสาหกิจขนาดกลางและขนาดย่อมเป็นไปอย่างมีประสิทธิภาพ สมควรแก้",กฎหมายทั่วไป,ประกาศ
kris_คส097-1L-0001,ประกาศคณะรักษาความสงบแห่งชาติ ฉบับที่ 104/2557 เรื่อง การกำกับดูแลการใช้จ่ายงบประมาณขององค์กรปกครองส่วนท้องถิ่น (ยกเลิก),"[30/7/2557] ประกาศคณะรักษาความสงบแห่งชาติ ฉบับที่ 104/2557 เรื่อง การกำกับดูแลการใช้จ่ายงบประมาณขององค์กรปกครองส่วนท้องถิ่น (ยกเลิก)
ประกาศคณะรักษาความสงบแห่งชาติ ฉบับที่ ๑๐๔/๒๕๕๗ เรื่อง การกำกับดูแลการใช้จ่ายงบประมาณขององค์กรปกครองส่วนท้องถิ่น (ยกเลิก) เพื่อให้การใช้จ่ายงบประมาณขององค์กรปกครองส่วนท้องถิ่น อันได้แก่ องค์การบริหารส่วนจังหวัด",กฎหมายทั่วไป,ประกาศ
kris_คส103-1L-0001,ประกาศคณะรักษาความสงบแห่งชาติ ฉบับที่ 110/2557 เรื่อง การแก้ไขเพิ่มเติมกฎหมายว่าด้วยราชทัณฑ์ (ยกเลิก),"[30/7/2557] ประกาศคณะรักษาความสงบแห่งชาติ ฉบับที่ 110/2557 เรื่อง การแก้ไขเพิ่มเติมกฎหมายว่าด้วยราชทัณฑ์ (ยกเลิก)
ประกาศคณะรักษาความสงบแห่งชาติ ฉบับที่ ๑๑๐/๒๕๕๗ เรื่อง การแก้ไขเพิ่มเติมกฎหมายว่าด้วยราชทัณฑ์ (ยกเลิก) โดยที่เป็นการสมควรแก้ไขเพิ่มเติมกฎหมายว่าด้วยราชทัณฑ์ เพื่อให้การดําเนินการเกี่ยวกับการป้องกันและปราบปรามการ",กฎหมายทั่วไป,ประกาศ
kris_คส109-1L-0001,ประกาศคณะรักษาความสงบแห่งชาติ ฉบับที่ 116/2557 เรื่อง การแก้ไขเพิ่มเติมกฎหมายว่าด้วยมาตรการในการปราบปรามผู้กระทำความผิดเกี่ยวกับยาเสพติด (ยกเลิก),"[30/7/2557] ประกาศคณะรักษาความสงบแห่งชาติ ฉบับที่ 116/2557 เรื่อง การแก้ไขเพิ่มเติมกฎหมายว่าด้วยมาตรการในการปราบปรามผู้กระทำความผิดเกี่ยวกับยาเสพติด (ยกเลิก)
ประกาศคณะรักษาความสงบแห่งชาติ ฉบับที่ ๑๑๖/๒๕๕๗ เรื่อง การแก้ไขเพิ่มเติมกฎหมายว่าด้วยมาตรการในการปราบปรามผู้กระทำความผิดเกี่ยวกับยาเสพติด (ยกเลิก) โดยที่เป็นการสมควรแก้ไขเพิ่มเติมกฎหมายว่าด้วยมาตรการในการปราบปรา",กฎหมายทั่วไป,ประกาศ
kris_คส094-1L-0001,ประกาศคณะรักษาความสงบแห่งชาติ ฉบับที่ 101/2557 เรื่อง แก้ไขเพิ่มเติมประกาศคณะรักษาความสงบแห่งชาติ ฉบับที่ 71/2557 (ยกเลิก),"[30/7/2557] ประกาศคณะรักษาความสงบแห่งชาติ ฉบับที่ 101/2557 เรื่อง แก้ไขเพิ่มเติมประกาศคณะรักษาความสงบแห่งชาติ ฉบับที่ 71/2557 (ยกเลิก)
ประกาศคณะรักษาความสงบแห่งชาติ ฉบับที่ ๑๐๑/๒๕๕๗ เรื่อง แก้ไขเพิ่มเติมประกาศคณะรักษาความสงบแห่งชาติ ฉบับที่ ๗๑/๒๕๕๗ (ยกเลิก) โดยที่เป็นการสมควรแก้ไขเพิ่มเติมประกาศคณะรักษาความสงบแห่งชาติ ฉบับที่ ๗๑/๒๕๕๗ เรื่อง กา",กฎหมายทั่วไป,ประกาศ
kris_คส100-1L-0001,ประกาศคณะรักษาความสงบแห่งชาติ ฉบับที่ 107/2557 เรื่อง ให้สมาชิกสภาที่ปรึกษาเศรษฐกิจและสังคมแห่งชาติสิ้นสุดลง (ยกเลิก),"[30/7/2557] ประกาศคณะรักษาความสงบแห่งชาติ ฉบับที่ 107/2557 เรื่อง ให้สมาชิกสภาที่ปรึกษาเศรษฐกิจและสังคมแห่งชาติสิ้นสุดลง (ยกเลิก)
ประกาศคณะรักษาความสงบแห่งชาติ ฉบับที่ ๑๐๗/๒๕๕๗ เรื่อง ให้สมาชิกสภาที่ปรึกษาเศรษฐกิจและสังคมแห่งชาติสิ้นสุดลง (ยกเลิก) ตามที่สมาชิกสภาที่ปรึกษาเศรษฐกิจและสังคมแห่งชาติซึ่งได้มาตามรัฐธรรมนูญแห่งราชอาณาจักรไทยพุทธ",กฎหมายทั่วไป,ประกาศ
kris_คส106-1L-0001,ประกาศคณะรักษาความสงบแห่งชาติ ฉบับที่ 113/2557 เรื่อง การยกเว้นภาษีเงินได้ตามประมวลรัษฎากร กรณีสลากพิเศษแบบเลขท้าย 3 ตัว และ 2 ตัว,"[30/7/2557] ประกาศคณะรักษาความสงบแห่งชาติ ฉบับที่ 113/2557 เรื่อง การยกเว้นภาษีเงินได้ตามประมวลรัษฎากร กรณีสลากพิเศษแบบเลขท้าย 3 ตัว และ 2 ตัว
ประกาศคณะรักษาความสงบแห่งชาติ ฉบับที่ ๑๑๓/๒๕๕๗ เรื่อง การยกเว้นภาษีเงินได้ตามประมวลรัษฎากรกรณีสลากพิเศษแบบเลขท้าย ๓ ตัว และ ๒ ตัว โดยที่เป็นการสมควรยกเว้นภาษีเงินได้ สำหรับผู้มีเงินได้จากการขายหรือส่วนลดจากการซ",กฎหมายทั่วไป,ประกาศ
kris_คส098-1L-0001,ประกาศคณะรักษาความสงบแห่งชาติ ฉบับที่ 105/2557 เรื่อง การแต่งตั้งคณะกรรมการส่งเสริมการลงทุน,"[30/7/2557] ประกาศคณะรักษาความสงบแห่งชาติ ฉบับที่ 105/2557 เรื่อง การแต่งตั้งคณะกรรมการส่งเสริมการลงทุน
ประกาศคณะรักษาความสงบแห่งชาติ ฉบับที่ ๑๐๕/๒๕๕๗ เรื่อง การแต่งตั้งคณะกรรมการส่งเสริมการลงทุน ตามที่ได้มีการแต่งตั้งคณะกรรมการส่งเสริมการลงทุนตามประกาศคณะรักษาความสงบแห่งชาติ ฉบับที่ ๕๕/๒๕๕๗ เรื่อง การแต่งตั้งคณะ",กฎหมายทั่วไป,ประกาศ
kris_คส104-1L-0001,ประกาศคณะรักษาความสงบแห่งชาติ ฉบับที่ 111/2557 เรื่อง การแก้ไขเพิ่มกฎหมายว่าด้วยตำรวจแห่งชาติ (ยกเลิก),"[30/7/2557] ประกาศคณะรักษาความสงบแห่งชาติ ฉบับที่ 111/2557 เรื่อง การแก้ไขเพิ่มกฎหมายว่าด้วยตำรวจแห่งชาติ (ยกเลิก)
ประกาศคณะรักษาความสงบแห่งชาติ ฉบับที่ ๑๑๑/๒๕๕๗ เรื่อง การแก้ไขเพิ่มกฎหมายว่าด้วยตำรวจแห่งชาติ (ยกเลิก) โดยที่เป็นการสมควรปรับปรุงการปฏิบัติภารกิจของสำนักงานตำรวจแห่งชาติ ในการป้องกันและปราบปรามการกระทำผิดทางอาญ",กฎหมายทั่วไป,ประกาศ
kris_คส095-1L-0001,ประกาศคณะรักษาความสงบแห่งชาติ ฉบับที่ 102/2557 เรื่อง การแก้ไขเพิ่มเติมกฎหมายว่าด้วยลักษณะปกครองท้องที่,"[30/7/2557] ประกาศคณะรักษาความสงบแห่งชาติ ฉบับที่ 102/2557 เรื่อง การแก้ไขเพิ่มเติมกฎหมายว่าด้วยลักษณะปกครองท้องที่
ประกาศคณะรักษาความสงบแห่งชาติ ฉบับที่ ๑๐๒/๒๕๕๗ เรื่อง การแก้ไขเพิ่มเติมกฎหมายว่าด้วยลักษณะปกครองท้องที่ โดยที่เป็นการสมควรแก้ไขเพิ่มเติมกฎหมายว่าด้วยลักษณะปกครองท้องที่ เพื่อให้การปฏิบัติหน้าที่ของผู้ช่วยผู้ใหญ",กฎหมายทั่วไป,ประกาศ
kris_คส156-1L-0001,คำสั่งคณะรักษาความสงบแห่งชาติ ที่ 101/2557 เรื่อง การแต่งตั้งชุดติดตามและตรวจสอบการจัดการปัญหาแรงงานต่างด้าวและการค้ามนุษย์จังหวัด (ยกเลิก),"[30/7/2557] คำสั่งคณะรักษาความสงบแห่งชาติ ที่ 101/2557 เรื่อง การแต่งตั้งชุดติดตามและตรวจสอบการจัดการปัญหาแรงงานต่างด้าวและการค้ามนุษย์จังหวัด (ยกเลิก)
คำสั่งคณะรักษาความสงบแห่งชาติ ที่ ๑๐๑/๒๕๕๗ เรื่อง การแต่งตั้งชุดติดตามและตรวจสอบการจัดการปัญหาแรงงานต่างด้าว และการค้ามนุษย์จังหวัด (ยกเลิก) ตามที่ได้มีการแต่งตั้งคณะกรรมการนโยบายการจัดการปัญหาแรงงานต่างด้าวและ",กฎหมายทั่วไป,คำสั่ง
kris_คส099-1L-0001,ประกาศคณะรักษาความสงบแห่งชาติ ฉบับที่ 106/2557 เรื่อง แก้ไขเพิ่มเติมกฎหมายว่าด้วยป่าไม้,"[30/7/2557] ประกาศคณะรักษาความสงบแห่งชาติ ฉบับที่ 106/2557 เรื่อง แก้ไขเพิ่มเติมกฎหมายว่าด้วยป่าไม้
ประกาศคณะรักษาความสงบแห่งชาติ ฉบับที่ ๑๐๖/๒๕๕๗ เรื่อง แก้ไขเพิ่มเติมกฎหมายว่าด้วยป่าไม้ โดยที่เป็นการสมควรแก้ไขเพิ่มเติมกฎหมายว่าด้วยป่าไม้ เพื่อปรับปรุงให้เหมาะสมกับสถานการณ์ปัจจุบัน คณะรักษาความสงบแห่งชาติจึง",กฎหมายทั่วไป,ประกาศ
kris_คส107-1L-0001,ประกาศคณะรักษาความสงบแห่งชาติ ฉบับที่ 114/2557 เรื่อง การแก้ไขเพิ่มเติมกฎหมายว่าด้วยตำรวจแห่งชาติ (ยกเลิก),"[30/7/2557] ประกาศคณะรักษาความสงบแห่งชาติ ฉบับที่ 114/2557 เรื่อง การแก้ไขเพิ่มเติมกฎหมายว่าด้วยตำรวจแห่งชาติ (ยกเลิก)
ประกาศคณะรักษาความสงบแห่งชาติ ฉบับที่ ๑๑๔/๒๕๕๗ เรื่อง การแก้ไขเพิ่มเติมกฎหมายว่าด้วยตำรวจแห่งชาติ (ยกเลิก) โดยที่เป็นการสมควรแก้ไขเพิ่มเติมกฎหมายว่าด้วยตำรวจแห่งชาติ เพื่อกำหนดหลักเกณฑ์เกี่ยวกับข้าราชการตำรวจปร",กฎหมายทั่วไป,ประกาศ
kris_คส159-1L-0001,คำสั่งคณะรักษาความสงบแห่งชาติ ที่ 107/2557 เรื่อง แต่งตั้งคณะกรรมการนโยบายอาหาร (ยกเลิก),"[30/7/2557] คำสั่งคณะรักษาความสงบแห่งชาติ ที่ 107/2557 เรื่อง แต่งตั้งคณะกรรมการนโยบายอาหาร (ยกเลิก)
คำสั่งคณะรักษาความสงบแห่งชาติ ที่ ๑๐๗/๒๕๕๗ เรื่อง แต่งตั้งคณะกรรมการนโยบายอาหาร (ยกเลิก) ตามที่มีประกาศคณะรักษาความสงบแห่งชาติ ฉบับที่ ๒๒/๒๕๕๗ ลงวันที่ ๒๓ พฤษภาคม พุทธศักราช ๒๕๕๗ เรื่อง การจัดส่วนงาน การกำหนดอำ",กฎหมายทั่วไป,คำสั่ง
kris_คส111-1L-0001,ประกาศคณะรักษาความสงบแห่งชาติ ฉบับที่ 118/2557 เรื่อง การกำหนดมาตรการชั่วคราวเพิ่มเติมในการแก้ไขปัญหาแรงงานต่างด้าวและการค้ามนุษย์ (ยกเลิก),"[8/8/2557] ประกาศคณะรักษาความสงบแห่งชาติ ฉบับที่ 118/2557 เรื่อง การกำหนดมาตรการชั่วคราวเพิ่มเติมในการแก้ไขปัญหาแรงงานต่างด้าวและการค้ามนุษย์ (ยกเลิก)
ประกาศคณะรักษาความสงบแห่งชาติ ฉบับที่ ๑๑๘/๒๕๕๗ เรื่องการกำหนดมาตรการชั่วคราวเพิ่มเติมในการแก้ไขปัญหาแรงงานต่างด้าวและการค้ามนุษย์ (ยกเลิก) ตามที่คณะรักษาความสงบแห่งชาติได้ออกประกาศคณะรักษาความสงบแห่งชาติ ฉบับที",กฎหมายทั่วไป,ประกาศ
kris_คส110-1L-0001,ประกาศคณะรักษาความสงบแห่งชาติ ฉบับที่ 117/2557 เรื่อง แรงงานต่างด้าวแบบเบ็ดเสร็จ (One Stop Service) เพิ่มเติม (ยกเลิก),"[8/8/2557] ประกาศคณะรักษาความสงบแห่งชาติ ฉบับที่ 117/2557 เรื่อง แรงงานต่างด้าวแบบเบ็ดเสร็จ (One Stop Service) เพิ่มเติม (ยกเลิก)
ประกาศคณะรักษาความสงบแห่งชาติ ฉบับที่ ๑๑๗/๒๕๕๗ เรื่อง การจัดตั้งศูนย์บริการจดทะเบียนแรงงานต่างด้าวแบบเบ็ดเสร็จ (One Stop Service) เพิ่มเติม (ยกเลิก) โดยที่ข้อ ๔ ของประกาศคณะรักษาความสงบแห่งชาติ ฉบับที่ ๗๐/๒๕๕๗",กฎหมายทั่วไป,ประกาศ
kris_คส161-1L-0001,คำสั่งคณะรักษาความสงบแห่งชาติ ที่ 110/2557 เรื่อง การแต่งตั้งคณะกรรมการที่ปรึกษาของคณะรักษาความสงบแห่งชาติด้านโครงสร้างพื้นฐานการคมนาคม,"[8/8/2557] คำสั่งคณะรักษาความสงบแห่งชาติ ที่ 110/2557 เรื่อง การแต่งตั้งคณะกรรมการที่ปรึกษาของคณะรักษาความสงบแห่งชาติด้านโครงสร้างพื้นฐานการคมนาคม
คำสั่งคณะรักษาความสงบแห่งชาติ ที่ ๑๑๐/๒๕๕๗ เรื่อง การแต่งตั้งคณะกรรมการที่ปรึกษาของคณะรักษาความสงบแห่งชาติ ด้านโครงสร้างพื้นฐานการคมนาคม เพื่อให้การดำเนินการเกี่ยวกับโครงสร้างพื้นฐานการคมนาคมของประเทศเป็นไปอย่า",กฎหมายทั่วไป,คำสั่ง
kris_คส163-1L-0003,คำสั่งคณะรักษาความสงบแห่งชาติ ที่ 112/2557 เรื่อง การแต่งตั้งคณะกรรมการที่ปรึกษาการพัฒนาระบบนวัตกรรมของประเทศ (ยกเลิก),"[19/8/2557] คำสั่งคณะรักษาความสงบแห่งชาติ ที่ 112/2557 เรื่อง การแต่งตั้งคณะกรรมการที่ปรึกษาการพัฒนาระบบนวัตกรรมของประเทศ (ยกเลิก)
คำสั่งคณะรักษาความสงบแห่งชาติ ที่ ๑๑๒/๒๕๕๗ เรื่อง การแต่งตั้งคณะกรรมการที่ปรึกษาการพัฒนาระบบนวัตกรรมของประเทศ (ยกเลิก) เพื่อให้การพัฒนาระบบเศรษฐกิจของประเทศ ก้าวสู่สังคมและเศรษฐกิจฐานความรู้และการสร้างสรรค์ด้วย",กฎหมายทั่วไป,คำสั่ง
kris_คส164-1L-0001,คำสั่งคณะรักษาความสงบแห่งชาติ ที่ 114/2557 เรื่อง แต่งตั้งคณะกรรมการร่วมภาครัฐและเอกชนเพื่อแก้ไขปัญหาทางเศรษฐกิจเพิ่มเติม (ยกเลิก),"[19/8/2557] คำสั่งคณะรักษาความสงบแห่งชาติ ที่ 114/2557 เรื่อง แต่งตั้งคณะกรรมการร่วมภาครัฐและเอกชนเพื่อแก้ไขปัญหาทางเศรษฐกิจเพิ่มเติม (ยกเลิก)
คำสั่งคณะรักษาความสงบแห่งชาติ ที่ ๑๑๔/๒๕๕๗ เรื่อง แต่งตั้งคณะกรรมการร่วมภาครัฐและเอกชนเพื่อแก้ไขปัญหาทางเศรษฐกิจ เพิ่มเติม (ยกเลิก) ตามคำสั่งคณะรักษาความสงบแห่งชาติ ที่ ๖๗/๒๕๕๗ ลงวันที่ ๑๖ มิถุนายน ๒๕๕๗ เรื่องแ",กฎหมายทั่วไป,คำสั่ง
kris_คส113-1L-0001,ประกาศคณะรักษาความสงบแห่งชาติ ฉบับที่ 120/2557 เรื่อง ยกเลิกประกาศคณะรักษาความสงบแห่งชาติ ฉบับที่ 61/2557 และแต่งตั้งคณะกรรมการส่งเสริมวิสาหกิจขนาดกลางและขนาดย่อม (เฉพาะกิจ),"[19/8/2557] ประกาศคณะรักษาความสงบแห่งชาติ ฉบับที่ 120/2557 เรื่อง ยกเลิกประกาศคณะรักษาความสงบแห่งชาติ ฉบับที่ 61/2557 และแต่งตั้งคณะกรรมการส่งเสริมวิสาหกิจขนาดกลางและขนาดย่อม (เฉพาะกิจ)
ประกาศคณะรักษาความสงบแห่งชาติ ฉบับที่ ๑๒๐/๒๕๕๗ เรื่อง ยกเลิกประกาศคณะรักษาความสงบแห่งชาติ ฉบับที่ ๖๑/๒๕๕๗ และแต่งตั้งคณะกรรมการส่งเสริมวิสาหกิจขนาดกลางและขนาดย่อม (เฉพาะกิจ) ตามที่ได้มีประกาศคณะรักษาความสงบแห่ง",กฎหมายทั่วไป,ประกาศ
kris_คส162-1L-0001,คำสั่งคณะรักษาความสงบแห่งชาติ ที่ 111/2557 เรื่อง แก้ไขเพิ่มเติมคําสั่งคณะรักษาความสงบแห่งชาติ ที่ 85/2557 (ยกเลิก),"[19/8/2557] คำสั่งคณะรักษาความสงบแห่งชาติ ที่ 111/2557 เรื่อง แก้ไขเพิ่มเติมคําสั่งคณะรักษาความสงบแห่งชาติ ที่ 85/2557 (ยกเลิก)
คำสั่งคณะรักษาความสงบแห่งชาติ ที่ ๑๑๑/๒๕๕๗ เรื่อง แก้ไขเพิ่มเติมคำสั่งคณะรักษาความสงบแห่งชาติ ที่ ๘๕/๒๕๕๗ (ยกเลิก) โดยที่เป็นการสมควรแก้ไขเพิ่มเติมคำสั่งคณะรักษาความสงบแห่งชาติ ที่ ๘๕/๒๕๕๗ เรื่องแต่งตั้งคณะกรรม",กฎหมายทั่วไป,คำสั่ง
kris_คส174-1L-0001,คำสั่งคณะรักษาความสงบแห่งชาติ ที่ 173/2557 เรื่อง แต่งตั้งคณะอนุกรรมการพิจารณามาตรการด้านการผลิตและการตลาดสินค้าข้าว,"[29/8/2557] คำสั่งคณะรักษาความสงบแห่งชาติ ที่ 173/2557 เรื่อง แต่งตั้งคณะอนุกรรมการพิจารณามาตรการด้านการผลิตและการตลาดสินค้าข้าว
คำสั่งคณะรักษาความสงบแห่งชาติ ที่ ๑๗๓/๒๕๕๗ เรื่อง แต่งตั้งคณะอนุกรรมการพิจารณามาตรการด้านการผลิตและการตลาดสินค้าข้าว ตามที่มีประกาศคณะรักษาความสงบแห่งชาติ ฉบับที่ ๒๒/๒๕๕๗ ลงวันที่ ๒๓ พฤษภาคม พุทธศักราช ๒๕๕๗ เรื",กฎหมายทั่วไป,คำสั่ง
kris_คส176-1L-0001,คำสั่งคณะรักษาความสงบแห่งชาติ ที่ 176/2557 เรื่อง แต่งตั้งคณะอนุกรรมการจัดทําบัญชีข้าวคงเหลือของรัฐ,"[29/8/2557] คำสั่งคณะรักษาความสงบแห่งชาติ ที่ 176/2557 เรื่อง แต่งตั้งคณะอนุกรรมการจัดทําบัญชีข้าวคงเหลือของรัฐ
คำสั่งคณะรักษาความสงบแห่งชาติ ที่ ๑๗๖/๒๕๕๗ เรื่อง แต่งตั้งคณะอนุกรรมการจัดทำบัญชีข้าวคงเหลือของรัฐ ตามที่มีประกาศคณะรักษาความสงบแห่งชาติ ฉบับที่ ๒๒/๒๕๕๗ ลงวันที่ ๒๓ พฤษภาคม พุทธศักราช ๒๕๕๗ เรื่อง การจัดส่วนงาน",กฎหมายทั่วไป,คำสั่ง
kris_คส165-1L-0001,คำสั่งคณะรักษาความสงบแห่งชาติ ที่ 115/2557 เรื่อง แต่งตั้งคณะกรรมการป้องกันและแก้ไขปัญหาทางพระพุทธศาสนา (ยกเลิก),"[29/8/2557] คำสั่งคณะรักษาความสงบแห่งชาติ ที่ 115/2557 เรื่อง แต่งตั้งคณะกรรมการป้องกันและแก้ไขปัญหาทางพระพุทธศาสนา (ยกเลิก)
คำสั่งคณะรักษาความสงบแห่งชาติ ที่ ๑๑๕/๒๕๕๗ เรื่อง แต่งตั้งคณะกรรมการป้องกันและแก้ไขปัญหาทางพระพุทธศาสนา (ยกเลิก) เพื่อเป็นการส่งเสริมพระพุทธศาสนาให้มีความเจริญและมั่นคง นำพาสังคมและวิถีชีวิตของประชาชนให้เกิดควา",กฎหมายทั่วไป,คำสั่ง
kris_คส177-1L-0002,คำสั่งคณะรักษาความสงบแห่งชาติ ที่ 177/2557 เรื่อง แต่งตั้งคณะอนุกรรมการตรวจสอบปริมาณและคุณภาพข้าวคงเหลือของรัฐ,"[29/8/2557] คำสั่งคณะรักษาความสงบแห่งชาติ ที่ 177/2557 เรื่อง แต่งตั้งคณะอนุกรรมการตรวจสอบปริมาณและคุณภาพข้าวคงเหลือของรัฐ
คำสั่งคณะรักษาความสงบแห่งชาติ ที่ ๑๗๗/๒๕๕๗ เรื่อง แต่งตั้งคณะอนุกรรมการตรวจสอบปริมาณและคุณภาพข้าวคงเหลือของรัฐ ตามที่มีประกาศคณะรักษาความสงบแห่งชาติ ฉบับที่ ๒๒/๒๕๕๗ ลงวันที่ ๒๓ พฤษภาคม พุทธศักราช ๒๕๕๗ เรื่อง กา",กฎหมายทั่วไป,คำสั่ง
kris_คส175-1L-0001,คำสั่งคณะรักษาความสงบแห่งชาติ ที่ 175/2557 เรื่อง แต่งตั้งคณะอนุกรรมการพิจารณาระบายข้าว,"[29/8/2557] คำสั่งคณะรักษาความสงบแห่งชาติ ที่ 175/2557 เรื่อง แต่งตั้งคณะอนุกรรมการพิจารณาระบายข้าว
คำสั่งคณะรักษาความสงบแห่งชาติ ที่ ๑๗๕/๒๕๕๗ เรื่อง แต่งตั้งคณะอนุกรรมการพิจารณาระบายข้าว ตามที่มีประกาศคณะรักษาความสงบแห่งชาติ ฉบับที่ ๒๒/๒๕๕๗ ลงวันที่ ๒๓ พฤษภาคม พุทธศักราช ๒๕๕๗ เรื่อง การจัดส่วนงาน การกำหนดอำน",กฎหมายทั่วไป,คำสั่ง
kris_คส166-1L-0001,คำสั่งคณะรักษาความสงบแห่งชาติ ที่ 118/2557 เรื่อง แต่งตั้งคณะกรรมการพัฒนาขีดความสามารถในการแข่งขันของประเทศ (ยกเลิก),"[29/8/2557] คำสั่งคณะรักษาความสงบแห่งชาติ ที่ 118/2557 เรื่อง แต่งตั้งคณะกรรมการพัฒนาขีดความสามารถในการแข่งขันของประเทศ (ยกเลิก)
คำสั่งคณะรักษาความสงบแห่งชาติ ที่ ๑๑๘/๒๕๕๗ เรื่อง แต่งตั้งคณะกรรมการพัฒนาขีดความสามารถในการแข่งขันของประเทศ (ยกเลิก) เพื่อเสริมสร้างสมรรถนะในการแข่งขันของประเทศ รวมทั้งสร้างความเข้มแข็งของภาคการผลิตและบริการ อั",กฎหมายทั่วไป,คำสั่ง
kris_คส178-1L-0001,คำสั่งคณะรักษาความสงบแห่งชาติ ที่ 178/2557 เรื่อง เพิ่มเติมอํานาจหน้าที่ของคณะกรรมการนโยบายและบริหารจัดการข้าว,"[29/8/2557] คำสั่งคณะรักษาความสงบแห่งชาติ ที่ 178/2557 เรื่อง เพิ่มเติมอํานาจหน้าที่ของคณะกรรมการนโยบายและบริหารจัดการข้าว
คำสั่งคณะรักษาความสงบแห่งชาติ ที่ ๑๗๘/๒๕๕๗ เรื่อง เพิ่มเติมอำนาจหน้าที่ของคณะกรรมการนโยบายและบริหารจัดการข้าว ตามที่ได้มีคำสั่งคณะรักษาความสงบแห่งชาติ ที่ ๑๗๒/๒๕๕๗ ได้แต่งตั้งคณะกรรมการนโยบายและบริหารจัดการข้าว",กฎหมายทั่วไป,คำสั่ง
kris_คส167-1L-0002,คำสั่งคณะรักษาความสงบแห่งชาติ ที่ 119/2557 เรื่อง แต่งตั้งคณะกรรมการกลั่นกรองงานด้านกฎหมาย (ยกเลิก),"[29/8/2557] คำสั่งคณะรักษาความสงบแห่งชาติ ที่ 119/2557 เรื่อง แต่งตั้งคณะกรรมการกลั่นกรองงานด้านกฎหมาย (ยกเลิก)
คำสั่งคณะรักษาความสงบแห่งชาติ ที่ ๑๑๙/๒๕๕๗ เรื่อง แต่งตั้งคณะกรรมการกลั่นกรองงานด้านกฎหมาย (ยกเลิก) เพื่อให้การดำเนินงานด้านกฎหมาย เป็นไปอย่างมีประสิทธิภาพ มีความรอบคอบ และให้การบริหารราชการแผ่นดินเป็นไปด้วยควา",กฎหมายทั่วไป,คำสั่ง
kris_คส173-1L-0001,คำสั่งคณะรักษาความสงบแห่งชาติ ที่ 172/2557 เรื่อง แต่งตั้งคณะกรรมการนโยบายและบริหารจัดการข้าว,"[29/8/2557] คำสั่งคณะรักษาความสงบแห่งชาติ ที่ 172/2557 เรื่อง แต่งตั้งคณะกรรมการนโยบายและบริหารจัดการข้าว
คำสั่งคณะรักษาความสงบแห่งชาติ ที่ ๑๗๘/๒๕๕๗ เรื่อง แต่งตั้งคณะกรรมการนโยบายและบริหารจัดการข้าว ตามที่ได้มีคำสั่งคณะรักษาความสงบแห่งชาติ ที่ ๑๗๒/๒๕๕๗ ได้แต่งตั้งคณะกรรมการนโยบายและบริหารจัดการข้าว ลงวันที่ ๖ มิถุ",กฎหมายทั่วไป,คำสั่ง
kris_คส171-1L-0001,คำสั่งคณะรักษาความสงบแห่งชาติ ที่ 126/2557 เรื่อง ยกเลิกคำสั่งแต่งตั้งคณะกรรมการกลั่นกรองงานด้านกฎหมายตามคำสั่งคณะรักษาความสงบแห่งชาติ ที่ 119/2557,"[12/12/2557] คำสั่งคณะรักษาความสงบแห่งชาติ ที่ 126/2557 เรื่อง ยกเลิกคำสั่งแต่งตั้งคณะกรรมการกลั่นกรองงานด้านกฎหมายตามคำสั่งคณะรักษาความสงบแห่งชาติ ที่ 119/2557
คำสั่งคณะรักษาความสงบแห่งชาติ ที่ ๑๒๖/๒๕๕๗ เรื่อง ยกเลิกคำสั่งแต่งตั้งคณะกรรมการกลั่นกรองงานด้านกฎหมาย ตามคำสั่งคณะรักษาความสงบแห่งชาติ ที่ ๑๑๙/๒๕๕๗ เพื่อให้การปฏิบัติหน้าที่ของคณะรักษาความสงบแห่งชาติ เป็นไปด้ว",กฎหมายทั่วไป,คำสั่ง
kris_คส170-1L-0001,คำสั่งคณะรักษาความสงบแห่งชาติ ที่ 123/2557 เรื่อง แก้ไขเพิ่มเติมคำสั่งคณะรักษาความสงบแห่งชาติ ที่ 122/2557 (ยกเลิก),"[12/12/2557] คำสั่งคณะรักษาความสงบแห่งชาติ ที่ 123/2557 เรื่อง แก้ไขเพิ่มเติมคำสั่งคณะรักษาความสงบแห่งชาติ ที่ 122/2557 (ยกเลิก)
คำสั่งคณะรักษาความสงบแห่งชาติ ที่ ๑๒๓/๒๕๕๗ เรื่อง แก้ไขเพิ่มเติมคำสั่งคณะรักษาความสงบแห่งชาติ ที่ ๑๒๒/๒๕๕๗ (ยกเลิก) โดยที่เป็นการสมควรแก้ไขเพิ่มเติม คำสั่งคณะรักษาความสงบแห่งชาติ ที่ ๑๒๒/๒๕๕๗ ลงวันที่ ๓๐ กันยาย",กฎหมายทั่วไป,คำสั่ง
kris_คส169-1L-0001,คำสั่งคณะรักษาความสงบแห่งชาติ ที่ 122/2557 เรื่อง แก้ไขเพิ่มเติมคำสั่งคณะรักษาความสงบแห่งชาติ ที่ 45/2557 (ยกเลิก),"[12/12/2557] คำสั่งคณะรักษาความสงบแห่งชาติ ที่ 122/2557 เรื่อง แก้ไขเพิ่มเติมคำสั่งคณะรักษาความสงบแห่งชาติ ที่ 45/2557 (ยกเลิก)
คำสั่งคณะรักษาความสงบแห่งชาติ ที่ ๑๒๒/๒๕๕๗ เรื่อง แก้ไขเพิ่มเติมคำสั่งคณะรักษาความสงบแห่งชาติ ที่ ๔๕/๒๕๕๗ (ยกเลิก) โดยที่เป็นการสมควรแก้ไขเพิ่มเติม คำสั่งคณะรักษาความสงบแห่งชาติ ที่ ๔๕/๒๕๕๗ ลงวันที่ ๓ มิถุนายน",กฎหมายทั่วไป,คำสั่ง
kris_คส168-1L-0001,คำสั่งคณะรักษาความสงบแห่งชาติ ที่ 120/2557 เรื่อง การปรับโครงสร้างราคาน้ำมันเชื้อเพลิง,"[12/12/2557] คำสั่งคณะรักษาความสงบแห่งชาติ ที่ 120/2557 เรื่อง การปรับโครงสร้างราคาน้ำมันเชื้อเพลิง
คำสั่งคณะรักษาความสงบแห่งชาติ ที่ ๑๒๐/๒๕๕๗ เรื่อง การปรับโครงสร้างราคาน้ำมันเชื้อเพลิง ตามที่คณะรักษาความสงบแห่งชาติได้มีนโยบายปรังโครงสร้างราคาพลังงานให้เหมาะสมและเป็นธรรม โดยการปรับภาษีสรรพสามิตและกองทุนน้ำมั",กฎหมายทั่วไป,คำสั่ง
kris_คส057-1L-0001,คำสั่งหัวหน้าคณะรักษาความสงบแห่งชาติ ที่ 1/2557 เรื่อง การได้มาซึ่งสมาชิกสภาท้องถิ่นหรือผู้บริหารท้องถิ่นเป็นการชั่วคราว,"[5/1/2558] คำสั่งหัวหน้าคณะรักษาความสงบแห่งชาติ ที่ 1/2557 เรื่อง การได้มาซึ่งสมาชิกสภาท้องถิ่นหรือผู้บริหารท้องถิ่นเป็นการชั่วคราว
คำสั่งหัวหน้าคณะรักษาความสงบแห่งชาติ ที่ ๑/๒๕๕๗ เรื่อง การได้มาซึ่งสมาชิกสภาท้องถิ่นหรือผู้บริหารท้องถิ่นเป็นการชั่วคราว ตามที่มีประกาศคณะรักษาความสงบแห่งชาติที่ ๘๕/๒๕๕๗ เรื่อง การได้มาซึ่งสมาชิกสภาท้องถิ่นหรือ",กฎหมายทั่วไป,คำสั่ง
kris_คส172-1L-0001,คำสั่งคณะรักษาความสงบแห่งชาติ ที่ 127/2557 เรื่อง แต่งตั้งคณะกรรมการต่อต้านการทุจริตแห่งชาติ (ยกเลิก),"[14/1/2558] คำสั่งคณะรักษาความสงบแห่งชาติ ที่ 127/2557 เรื่อง แต่งตั้งคณะกรรมการต่อต้านการทุจริตแห่งชาติ (ยกเลิก)
คำสั่งคณะรักษาความสงบแห่งชาติ ที่ ๑๒๗/๒๕๕๗ เรื่อง แต่งตั้งคณะกรรมการต่อต้านการทุจริตแห่งชาติ (ยกเลิก) เนื่องจากคณะรักษาความสงบแห่งชาติมีนโยบายสำคัญและเร่งด่วนในการป้องกันและขจัดการทุจริตและประพฤติมิชอบ ซึ่งแม้ใ",กฎหมายทั่วไป,คำสั่ง
kris_คส179-1L-0001,คำสั่งคณะรักษาความสงบแห่งชาติ ที่ 1/2558 เรื่อง แต่งตั้งคณะกรรมการตามองค์ประกอบคณะกรรมการต่อต้านการทุจริตแห่งชาติ (ยกเลิก),"[14/1/2558] คำสั่งคณะรักษาความสงบแห่งชาติ ที่ 1/2558 เรื่อง แต่งตั้งคณะกรรมการตามองค์ประกอบคณะกรรมการต่อต้านการทุจริตแห่งชาติ (ยกเลิก)
คำสั่งคณะรักษาความสงบแห่งชาติ ที่ ๑/๒๕๕๘ เรื่อง แต่งตั้งคณะกรรมการตามองค์ประกอบคณะกรรมการต่อต้านการทุจริตแห่งชาติ (ยกเลิก) เพื่อให้การดำเนินงานของคณะกรรมการต่อต้านการทุจริตแห่งชาติ เป็นไปตามหลักเกณฑ์และแนวทางใน",กฎหมายทั่วไป,คำสั่ง
kris_ค0021-1B-0001,พระราชบัญญัติควบคุมคุณภาพอาหารสัตว์ พ.ศ. 2558,"[5/3/2558] พระราชบัญญัติควบคุมคุณภาพอาหารสัตว์ พ.ศ. 2558
พระราชบัญญัติว่าด้วยการปรับเป็นพินัย พ.ศ. ๒๕๖๕ ภูมิพลอดุลยเดช ป.ร. ให้ไว้ ณ วันที่ ๓ มีนาคม พ.ศ. ๒๕๕๘ เป็นปีที่ ๗๐ ในรัชกาลปัจจุบัน พระบาทสมเด็จพระปรมินทรมหาภูมิพลอดุลยเดช มีพระบรมราชโองการโปรดเกล้าฯ ให้ประกาศว",กฎหมายทั่วไป,พระราชบัญญัติ
kris_ค0119-1B-0001,พระราชบัญญัติความเท่าเทียมระหว่างเพศ พ.ศ. 2558,"[13/3/2558] พระราชบัญญัติความเท่าเทียมระหว่างเพศ พ.ศ. 2558
พระราชบัญญัติ ความเท่าเทียมระหว่างเพศ พ.ศ. ๒๕๕๘ ภูมิพลอดุลยเดช ป.ร. ให้ไว้ ณ วันที่ ๘ มีนาคม พ.ศ. ๒๕๕๘ เป็นปีที่ ๗๐ ในรัชกาลปัจจุบัน พระบาทสมเด็จพระปรมินทรมหาภูมิพลอดุลยเดช มีพระบรมราชโองการโปรดเกล้าฯ ให้ประกาศ",กฎหมายทั่วไป,พระราชบัญญัติ
kris_คส181-1L-0001,คำสั่งคณะรักษาความสงบแห่งชาติ ที่ 3/2558 เรื่อง แต่งตั้งคณะกรรมการขับเคลื่อนนโยบายเขตพัฒนาเศรษฐกิจพิเศษ (ยกเลิก),"[19/3/2558] คำสั่งคณะรักษาความสงบแห่งชาติ ที่ 3/2558 เรื่อง แต่งตั้งคณะกรรมการขับเคลื่อนนโยบายเขตพัฒนาเศรษฐกิจพิเศษ (ยกเลิก)
คำสั่งคณะรักษาความสงบแห่งชาติ ที่ ๓/๒๕๕๘ เรื่อง แต่งตั้งคณะกรรมการขับเคลื่อนนโยบายเขตพัฒนาเศรษฐกิจพิเศษ (ยกเลิก) ตามที่คณะรักษาความสงบแห่งชาติได้แถลงยุทธศาสตร์สำคัญ ๙ ด้าน เพื่อใช้เป็นหลักหรือแนวทางในการปฏิรูปแ",กฎหมายทั่วไป,คำสั่ง
kris_คส183-1L-0001,คำสั่งหัวหน้าคณะรักษาความสงบแห่งชาติ ที่ 3/2558 เรื่อง การรักษาความสงบเรียบร้อยและความมั่นคงของชาติ (ยกเลิก),"[1/4/2558] คำสั่งหัวหน้าคณะรักษาความสงบแห่งชาติ ที่ 3/2558 เรื่อง การรักษาความสงบเรียบร้อยและความมั่นคงของชาติ (ยกเลิก)
คำสั่งหัวหน้าคณะรักษาความสงบแห่งชาติ ที่ ๒๒/๒๕๖๑ เรื่อง การให้ประชาชนและพรรคการเมืองดำเนินกิจกรรมทางการเมือง โดยที่พระราชบัญญัติประกอบรัฐธรรมนูญว่าด้วยการเลือกตั้งสมาชิกสภาผู้แทนราษฎร พ.ศ. ๒๕๖๑ ซึ่งประกาศในราชก",กฎหมายทั่วไป,คำสั่ง
kris_คส184-1L-0001,คำสั่งหัวหน้าคณะรักษาความสงบแห่งชาติ ที่ 4/2558 เรื่อง มาตรการเพิ่มประสิทธิภาพในการบังคับใช้กฎหมายที่คุ้มครองประโยชน์สาธารณะและประชาชนโดยส่วนรวม (ยกเลิก),"[8/4/2558] คำสั่งหัวหน้าคณะรักษาความสงบแห่งชาติ ที่ 4/2558 เรื่อง มาตรการเพิ่มประสิทธิภาพในการบังคับใช้กฎหมายที่คุ้มครองประโยชน์สาธารณะและประชาชนโดยส่วนรวม (ยกเลิก)
คำสั่งหัวหน้าคณะรักษาความสงบแห่งชาติ ที่ ๔/๒๕๕๘ เรื่อง มาตรการเพิ่มประสิทธิภาพในการบังคับใช้กฎหมายที่คุ้มครองประโยชน์สาธารณะ และประชาชนโดยส่วนรวม (ยกเลิก) โดยที่ปรากฏว่าในปัจจุบันยังคงมีการกระทำที่เป็นการฝ่าฝืน",กฎหมายทั่วไป,คำสั่ง
kris_คส185-1L-0001,คำสั่งหัวหน้าคณะรักษาความสงบแห่งชาติ ที่ 5/2558 เรื่อง แก้ไขคำสั่งหัวหน้าคณะรักษาความสงบแห่งชาติ ที่ 3/2558 (ยกเลิก),"[16/4/2558] คำสั่งหัวหน้าคณะรักษาความสงบแห่งชาติ ที่ 5/2558 เรื่อง แก้ไขคำสั่งหัวหน้าคณะรักษาความสงบแห่งชาติ ที่ 3/2558 (ยกเลิก)
คำสั่งหัวหน้าคณะรักษาความสงบแห่งชาติ ที่ ๕/๒๕๕๘ เรื่อง แก้ไขคำสั่งหัวหน้าคณะรักษาความสงบแห่งชาติ ที่ ๓/๒๕๕๘ (ยกเลิก) ตามที่มีคำสั่งหัวหน้าคณะรักษาความสงบแห่งชาติ ที่ ๓/๒๕๕๘ เรื่อง การรักษาความสงบเรียบร้อยและควา",กฎหมายทั่วไป,คำสั่ง
kris_คส186-1L-0001,คำสั่งคณะรักษาความสงบแห่งชาติ ที่ 4/2558 เรื่อง การดำเนินการเพื่อประโยชน์แก่การจัดทำรัฐธรรมนูญและการปฏิรูป,"[16/4/2558] คำสั่งคณะรักษาความสงบแห่งชาติ ที่ 4/2558 เรื่อง การดำเนินการเพื่อประโยชน์แก่การจัดทำรัฐธรรมนูญและการปฏิรูป
คำสั่งคณะรักษาความสงบแห่งชาติ ที่ ๔/๒๕๕๘ เรื่อง การดำเนินการเพื่อประโยชน์แก่การจัดทำรัฐธรรมนูญและการปฏิรูป ตามที่กระบวนการยกร่างรัฐธรรมนูญและการปฏิรูปประเทศในด้านต่าง ๆ กำลังดำเนินไปตามแผนและขั้นตอนสามระยะของคณ",กฎหมายทั่วไป,คำสั่ง
kris_คส058-1L-0002,คำสั่งหัวหน้าคณะรักษาความสงบแห่งชาติ ที่ 7/2558 เรื่อง การปฏิบัติหน้าที่ของคณะกรรมการคุรุสภา คณะกรรมการส่งเสริมสวัสดิการและสวัสดิภาพครูและบุคลากรทางการศึกษา และคณะกรรมการบริหารองค์การค้าของสำนักงานคณะกรรมการส่งเสริมสวัสดิการและสวัสดิภาพครูและบุคลากรทางการศึกษา,"[17/4/2558] คำสั่งหัวหน้าคณะรักษาความสงบแห่งชาติ ที่ 7/2558 เรื่อง การปฏิบัติหน้าที่ของคณะกรรมการคุรุสภา คณะกรรมการส่งเสริมสวัสดิการและสวัสดิภาพครูและบุคลากรทางการศึกษา และคณะกรรมการบริหารองค์การค้าของสำนักงานคณะกรรมการส่งเสริมสวัสดิการและสวัสดิภาพครูและบุคลากรทางการศึกษา
คำสั่งหัวหน้าคณะรักษาความสงบแห่งชาติ ที่ ๑๗/๒๕๖๐ เรื่อง แก้ไขเพิ่มเติมคำสั่งหัวหน้าคณะรักษาความสงบแห่งชาติ ที่ ๗/๒๕๕๘ เพื่อให้การปฏิรูปการศึกษาและการบริหารราชการในกระทรวงศึกษาธิการมีประสิทธิภาพและมีความเหมาะสมม",กฎหมายทั่วไป,คำสั่ง
kris_คส187-1L-0001,คำสั่งหัวหน้าคณะรักษาความสงบแห่งชาติ ที่ 6/2558 เรื่อง การกำหนดตำแหน่งเพิ่มและการแต่งตั้งข้าราชการให้ดำรงตำแหน่ง,"[17/4/2558] คำสั่งหัวหน้าคณะรักษาความสงบแห่งชาติ ที่ 6/2558 เรื่อง การกำหนดตำแหน่งเพิ่มและการแต่งตั้งข้าราชการให้ดำรงตำแหน่ง
คำสั่งหัวหน้าคณะรักษาความสงบแห่งชาติ ที่ ๖/๒๕๕๘ เรื่อง การกำหนดตำแหน่งเพิ่มและการแต่งตั้งข้าราชการให้ดำรงตำแหน่ง เพื่อให้การปฏิรูปการศึกษาและการบริหารราชการในกระทรวงศึกษาธิการมีประสิทธิภาพและมีความเหมาะสมมากยิ่",กฎหมายทั่วไป,คำสั่ง
kris_คส188-1L-0001,คำสั่งหัวหน้าคณะรักษาความสงบแห่งชาติ ที่ 8/2558 เรื่อง การเลือกกรรมการแทนตำแหน่งที่ว่างในคณะกรรมการกิจการกระจายเสียง กิจการโทรทัศน์ และกิจการโทรคมนาคมแห่งชาติ (ยกเลิก),"[24/4/2558] คำสั่งหัวหน้าคณะรักษาความสงบแห่งชาติ ที่ 8/2558 เรื่อง การเลือกกรรมการแทนตำแหน่งที่ว่างในคณะกรรมการกิจการกระจายเสียง กิจการโทรทัศน์ และกิจการโทรคมนาคมแห่งชาติ (ยกเลิก)
คำสั่งหัวหน้าคณะรักษาความสงบแห่งชาติ ที่ ๘/๒๕๕๘ เรื่อง การเลือกกรรมการแทนตำแหน่งที่ว่างในคณะกรรมการกิจการกระจายเสียง กิจการโทรทัศน์ และกิจการโทรคมนาคมแห่งชาติ (ยกเลิก) ตามที่ประธานสภานิติบัญญัติแห่งชาติได้แจ้งใ",กฎหมายทั่วไป,คำสั่ง
kris_คส189-1L-0001,คำสั่งหัวหน้าคณะรักษาความสงบแห่งชาติ ที่ 10/2558 เรื่อง การแก้ไขปัญหาการทำการประมงผิดกฎหมาย ขาดการรายงาน และไร้การควบคุม,"[29/4/2558] คำสั่งหัวหน้าคณะรักษาความสงบแห่งชาติ ที่ 10/2558 เรื่อง การแก้ไขปัญหาการทำการประมงผิดกฎหมาย ขาดการรายงาน และไร้การควบคุม
คำสั่งหัวหน้าคณะรักษาความสงบแห่งชาติ ที่ ๘/๒๕๖๑ เรื่อง ยกเลิกบทบัญญัติบางประการในคำสั่งหัวหน้าคณะรักษาความสงบแห่งชาติว่าด้วยการแก้ไขปัญหาการทำการประมงผิดกฎหมาย ขาดการรายงาน และไร้การควบคุม   ตามที่ได้มีการบังคั",กฎหมายทั่วไป,คำสั่ง
kris_คส190-1L-0001,คำสั่งหัวหน้าคณะรักษาความสงบแห่งชาติ ที่ 11/2558 เรื่อง มาตรการแก้ไขปัญหาที่เกิดจากการจำหน่ายสลากกินแบ่งรัฐบาล,"[1/5/2558] คำสั่งหัวหน้าคณะรักษาความสงบแห่งชาติ ที่ 11/2558 เรื่อง มาตรการแก้ไขปัญหาที่เกิดจากการจำหน่ายสลากกินแบ่งรัฐบาล
คำสั่งหัวหน้าคณะรักษาความสงบแห่งชาติ ที่ ๒๕/๒๕๕๘ เรื่อง แก้ไขเพิ่มเติมคำสั่งหัวหน้าคณะรักษาความสงบแห่งชาติ ที่ ๑๑/๒๕๕๘ ตามที่ได้มีคำสั่งหัวหน้าคณะรักษาความสงบแห่งชาติ ที่ ๑๑/๒๕๕๘ เรื่อง มาตรการแก้ไขปัญหาที่เกิด",กฎหมายทั่วไป,คำสั่ง
kris_ค0120-1B-0001,พระราชบัญญัติคุ้มครองเด็กที่เกิดโดยอาศัยเทคโนโลยีช่วยการเจริญพันธุ์ทางการแพทย์ พ.ศ. 2558,"[1/5/2558] พระราชบัญญัติคุ้มครองเด็กที่เกิดโดยอาศัยเทคโนโลยีช่วยการเจริญพันธุ์ทางการแพทย์ พ.ศ. 2558
พระราชบัญญัติ คุ้มครองเด็กที่เกิดโดยอาศัยเทคโนโลยีช่วยการเจริญพันธุ์ทางการแพทย์ พ.ศ. ๒๕๕๘ ภูมิพลอดุลยเดช ป.ร. ให้ไว้ ณ วันที่ ๒๘ เมษายน พ.ศ. ๒๕๕๘ เป็นปีที่ ๗๐ ในรัชกาลปัจจุบัน พระบาทสมเด็จพระปรมินทรมหาภูมิพลอดุ",กฎหมายทั่วไป,พระราชบัญญัติ
kris_คส191-1L-0001,คำสั่งคณะรักษาความสงบแห่งชาติ ที่ 6/2558 เรื่อง แก้ไขเพิ่มเติมคำสั่งคณะรักษาความสงบแห่งชาติ ที่ 45/2557 (ยกเลิก),"[7/5/2558] คำสั่งคณะรักษาความสงบแห่งชาติ ที่ 6/2558 เรื่อง แก้ไขเพิ่มเติมคำสั่งคณะรักษาความสงบแห่งชาติ ที่ 45/2557 (ยกเลิก)
คำสั่งคณะรักษาความสงบแห่งชาติ ที่ ๖/๒๕๕๘ เรื่อง แก้ไขเพิ่มเติมคำสั่งคณะรักษาความสงบแห่งชาติ ที่ ๔๕/๒๕๕๗ (ยกเลิก) โดยที่เป็นการสมควรแก้ไขเพิ่มเติม คำสั่งคณะรักษาความสงบแห่งชาติ ที่ ๔๕/๒๕๕๗ ลงวันที่ ๓ มิถุนายน พุ",กฎหมายทั่วไป,คำสั่ง
kris_คส193-1L-0001,คำสั่งหัวหน้าคณะรักษาความสงบแห่งชาติ ที่ 13/2558 เรื่อง การสรรหากรรมการป้องกันและปราบปรามการทุจริตแห่งชาติ,"[8/5/2558] คำสั่งหัวหน้าคณะรักษาความสงบแห่งชาติ ที่ 13/2558 เรื่อง การสรรหากรรมการป้องกันและปราบปรามการทุจริตแห่งชาติ
คำสั่งหัวหน้าคณะรักษาความสงบแห่งชาติ ที่ ๑๓/๒๕๕๘ เรื่อง การสรรหากรรมการป้องกันและปราบปรามการทุจริตแห่งชาติ ตามที่ได้มีประกาศคณะรักษาความสงบแห่งชาติ ฉบับที่ ๔๘/๒๕๕๗ เรื่อง การสรรหาบุคคลเพื่อดำรงตำแหน่งแทนตำแหน่ง",กฎหมายทั่วไป,คำสั่ง
kris_คส192-1L-0001,คำสั่งหัวหน้าคณะรักษาความสงบแห่งชาติ ที่ 12/2558 เรื่อง ให้ประธานกรรมการป้องกันและปราบปรามการทุจริตแห่งชาติอยู่ในตำแหน่งต่อไป,"[8/5/2558] คำสั่งหัวหน้าคณะรักษาความสงบแห่งชาติ ที่ 12/2558 เรื่อง ให้ประธานกรรมการป้องกันและปราบปรามการทุจริตแห่งชาติอยู่ในตำแหน่งต่อไป
คำสั่งหัวหน้าคณะรักษาความสงบแห่งชาติ ที่ ๑๒/๒๕๕๘ เรื่อง ให้ประธานกรรมการป้องกันและปราบปรามการทุจริตแห่งชาติอยู่ในตำแหน่งต่อไป ตามที่ได้มีประกาศคณะปฏิรูปการปกครองในระบอบประชาธิปไตย อันมีพระมหากษัตริย์ทรงเป็นประม",กฎหมายทั่วไป,คำสั่ง
kris_คส194-1L-0001,คำสั่งหัวหน้าคณะรักษาความสงบแห่งชาติ ที่ 16/2558 เรื่อง มาตรการแก้ปัญหาเจ้าหน้าที่ของรัฐที่อยู่ระหว่างการถูกตรวจสอบและการกำหนดกรอบอัตรากำลังชั่วคราว (ยกเลิก),"[15/5/2558] คำสั่งหัวหน้าคณะรักษาความสงบแห่งชาติ ที่ 16/2558 เรื่อง มาตรการแก้ปัญหาเจ้าหน้าที่ของรัฐที่อยู่ระหว่างการถูกตรวจสอบและการกำหนดกรอบอัตรากำลังชั่วคราว (ยกเลิก)
คำสั่งหัวหน้าคณะรักษาความสงบแห่งชาติ ที่ ๑๖/๒๕๕๘ เรื่อง มาตรการแก้ปัญหาเจ้าหน้าที่ของรัฐที่อยู่ระหว่างการถูกตรวจสอบ และการกำหนดกรอบอัตรากำลังชั่วคราว (ยกเลิก) โดยที่เจ้าหน้าที่ของรัฐในส่วนราชการ องค์กรปกครองส่ว",กฎหมายทั่วไป,คำสั่ง
kris_คส196-1L-0001,คำสั่งคณะรักษาความสงบแห่งชาติ ที่ 7/2558 เรื่อง มอบอำนาจการอนุมัติและลงนามคำสั่งบรรจุเจ้าหน้าที่เพื่อปฏิบัติหน้าที่ และแต่งตั้งเจ้าพนักงานรักษาความสงบเรียบร้อยและผู้ช่วยเจ้าพนักงานรักษาความสงบเรียบร้อยในอัตราโครงสร้างคณะรักษาความสงบแห่งชาติ,"[26/5/2558] คำสั่งคณะรักษาความสงบแห่งชาติ ที่ 7/2558 เรื่อง มอบอำนาจการอนุมัติและลงนามคำสั่งบรรจุเจ้าหน้าที่เพื่อปฏิบัติหน้าที่ และแต่งตั้งเจ้าพนักงานรักษาความสงบเรียบร้อยและผู้ช่วยเจ้าพนักงานรักษาความสงบเรียบร้อยในอัตราโครงสร้างคณะรักษาความสงบแห่งชาติ
คำสั่งคณะรักษาความสงบแห่งชาติ ที่ ๗/๒๕๕๘ เรื่อง มอบอำนาจการอนุมัติและลงนามคำสั่งบรรจุเจ้าหน้าที่เพื่อปฏิบัติหน้าที่ และแต่งตั้ง เจ้าพนักงานรักษาความสงบเรียบร้อยและผู้ช่วยเจ้าพนักงานรักษาความสงบเรียบร้อย ในอัตรา",กฎหมายทั่วไป,คำสั่ง
kris_คส197-1L-0002,คำสั่งหัวหน้าคณะรักษาความสงบแห่งชาติ ที่ 18/2558 เรื่อง การให้กรรมการหรือคณะกรรมการตามกฎหมายบางฉบับปฏิบัติหน้าที่ต่อไปได้,"[22/6/2558] คำสั่งหัวหน้าคณะรักษาความสงบแห่งชาติ ที่ 18/2558 เรื่อง การให้กรรมการหรือคณะกรรมการตามกฎหมายบางฉบับปฏิบัติหน้าที่ต่อไปได้
คำสั่งหัวหน้าคณะรักษาความสงบแห่งชาติ ที่ ๑๘/๒๕๕๘ เรื่อง การให้กรรมการหรือคณะกรรมการตามกฎหมายบางฉบับปฏิบัติหน้าที่ต่อไปได้ โดยที่บทบัญญัติของกฎหมายบางฉบับเกี่ยวกับผู้ทำการแทน ผู้รักษาการแทน หรือผู้ปฏิบัติหน้าที่",กฎหมายทั่วไป,คำสั่ง
kris_คส198-1L-0001,คำสั่งหัวหน้าคณะรักษาความสงบแห่งชาติ ที่ 19/2558 เรื่อง แต่งตั้งและให้เจ้าหน้าที่ของรัฐดำรงตำแหน่งและปฏิบัติหน้าที่อื่น (ยกเลิก),"[25/6/2558] คำสั่งหัวหน้าคณะรักษาความสงบแห่งชาติ ที่ 19/2558 เรื่อง แต่งตั้งและให้เจ้าหน้าที่ของรัฐดำรงตำแหน่งและปฏิบัติหน้าที่อื่น (ยกเลิก)
คำสั่งหัวหน้าคณะรักษาความสงบแห่งชาติ ที่ ๑๙/๒๕๕๘ เรื่อง แต่งตั้งและให้เจ้าหน้าที่ของรัฐดำรงตำแหน่งและปฏิบัติหน้าที่อื่น (ยกเลิก) ตามที่มีคำสั่งหัวหน้าคณะรักษาความสงบแห่งชาติ ที่ ๑๖/๒๕๕๘ เรื่อง มาตรการแก้ปัญหาเจ",กฎหมายทั่วไป,คำสั่ง
kris_คส199-1L-0001,คำสั่งหัวหน้าคณะรักษาความสงบแห่งชาติ ที่ 20/2558 เรื่อง ระงับการสรรหาและคัดเลือกบุคคลเพื่อเสนอชื่อเป็นกรรมการปฏิรูปกฎหมาย (ยกเลิก),"[15/7/2558] คำสั่งหัวหน้าคณะรักษาความสงบแห่งชาติ ที่ 20/2558 เรื่อง ระงับการสรรหาและคัดเลือกบุคคลเพื่อเสนอชื่อเป็นกรรมการปฏิรูปกฎหมาย (ยกเลิก)
คำสั่งหัวหน้าคณะรักษาความสงบแห่งชาติ ที่ ๒๐/๒๕๕๘ เรื่อง ระงับการสรรหาและคัดเลือกบุคคลเพื่อเสนอชื่อเป็นกรรมการปฏิรูปกฎหมาย (ยกเลิก) ตามที่ได้มีการประกาศรับสมัครบุคคลเข้ารับการสรรหาและคัดเลือกเพื่อเสนอชื่อเป็นกรร",กฎหมายทั่วไป,คำสั่ง
kris_คส200-1L-0001,คำสั่งหัวหน้าคณะรักษาความสงบแห่งชาติ ที่ 21/2558 เรื่อง การกำหนดตำแหน่งเพิ่มและการแต่งตั้งข้าราชการให้ดำรงตำแหน่ง,"[23/7/2558] คำสั่งหัวหน้าคณะรักษาความสงบแห่งชาติ ที่ 21/2558 เรื่อง การกำหนดตำแหน่งเพิ่มและการแต่งตั้งข้าราชการให้ดำรงตำแหน่ง
คําสั่งหัวหน้าคณะรักษาความสงบแห่งชาติ ที่ ๒๑/๒๕๕๘ เรื่อง การกําหนดตําแหน่งเพิ่มและการแต่งตั้งข้าราชการให้ดํารงตําแหน่ง เพื่อให้การปฏิรูปการบริหารราชการแผ่นดินด้านความมั่นคงและการบริหารราชการในสำนักงานสภาความมั่",กฎหมายทั่วไป,คำสั่ง
kris_คส201-1L-0001,คำสั่งหัวหน้าคณะรักษาความสงบแห่งชาติ ที่ 23/2558 เรื่อง มาตรการเพิ่มประสิทธิภาพในการบังคับใช้พระราชบัญญัติป้องกันและปราบปรามยาเสพติด พ.ศ. 2519 (ยกเลิก),"[24/7/2558] คำสั่งหัวหน้าคณะรักษาความสงบแห่งชาติ ที่ 23/2558 เรื่อง มาตรการเพิ่มประสิทธิภาพในการบังคับใช้พระราชบัญญัติป้องกันและปราบปรามยาเสพติด พ.ศ. 2519 (ยกเลิก)
คำสั่งหัวหน้าคณะรักษาความสงบแห่งชาติ ที่ ๒๓/๒๕๕๘ เรื่อง มาตรการเพิ่มประสิทธิภาพในการบังคับใช้พระราชบัญญัติป้องกันและปราบปรามยาเสพติด พ.ศ. ๒๕๑๙ (ยกเลิก) โดยที่ในปัจจุบันปรากฏว่ายังคงมีการแพร่ระบาดของยาเสพติดในหล",กฎหมายทั่วไป,คำสั่ง
kris_คส202-1L-0001,คำสั่งหัวหน้าคณะรักษาความสงบแห่งชาติ ที่ 24/2558 เรื่อง การแก้ไขปัญหาการทำการประมงผิดกฎหมาย ขาดการรายงาน และไร้การควบคุม เพิ่มเติม,"[6/8/2558] คำสั่งหัวหน้าคณะรักษาความสงบแห่งชาติ ที่ 24/2558 เรื่อง การแก้ไขปัญหาการทำการประมงผิดกฎหมาย ขาดการรายงาน และไร้การควบคุม เพิ่มเติม
คำสั่งหัวหน้าคณะรักษาความสงบแห่งชาติ ที่ ๘/๒๕๖๑ เรื่อง ยกเลิกบทบัญญัติบางประการในคำสั่งหัวหน้าคณะรักษาความสงบแห่งชาติว่าด้วย การแก้ไขปัญหาการทำการประมงผิดกฎหมาย ขาดการรายงาน และไร้การควบคุม ตามที่ได้มีการบังคับ",กฎหมายทั่วไป,คำสั่ง
kris_คส203-1L-0001,คำสั่งหัวหน้าคณะรักษาความสงบแห่งชาติ ที่ 25/2558 เรื่อง แก้ไขเพิ่มเติมคำสั่งหัวหน้าคณะรักษาความสงบแห่งชาติ ที่ 11/2558,"[10/8/2558] คำสั่งหัวหน้าคณะรักษาความสงบแห่งชาติ ที่ 25/2558 เรื่อง แก้ไขเพิ่มเติมคำสั่งหัวหน้าคณะรักษาความสงบแห่งชาติ ที่ 11/2558
คําสั่งหัวหน้าคณะรักษาความสงบแห่งชาติ ที่ ๒๕/๒๕๕๘ เรื่อง แก้ไขเพิ่มเติมคําสั่งหัวหน้าคณะรักษาความสงบแห่งชาติ ที่ ๑๑/๒๕๕๘ ตามที่ได้มีคำสั่งหัวหน้าคณะรักษาความสงบแห่งชาติ ที่ ๑๑/๒๕๕๘ เรื่อง มาตรการแก้ไขปัญหาที่เก",กฎหมายทั่วไป,คำสั่ง
kris_ค0121-1B-0001,พระราชบัญญัติคลังสินค้า ไซโล และห้องเย็น พ.ศ. 2558,"[27/8/2558] พระราชบัญญัติคลังสินค้า ไซโล และห้องเย็น พ.ศ. 2558
พระราชบัญญัติว่าด้วยการปรับเป็นพินัย พ.ศ. ๒๕๖๕ ภูมิพลอดุลยเดช ป.ร. ให้ไว้ ณ วันที่ ๒๒ สิงหาคม พ.ศ. ๒๕๕๘ เป็นปีที่ ๗๐ ในรัชกาลปัจจุบัน พระบาทสมเด็จพระปรมินทรมหาภูมิพลอดุลยเดช มีพระบรมราชโองการโปรดเกล้าฯ ให้ประกา",กฎหมายทั่วไป,พระราชบัญญัติ
kris_ค0046-1B-0001,พระราชบัญญัติเครื่องสำอาง พ.ศ. 2558,"[8/9/2558] พระราชบัญญัติเครื่องสำอาง พ.ศ. 2558
พระราชบัญญัติว่าด้วยการปรับเป็นพินัย พ.ศ. ๒๕๖๕ พระราชบัญญัติเครื่องสำอาง (ฉบับที่ ๒) พ.ศ. ๒๕๖๕ ภูมิพลอดุลยเดช ป.ร. ให้ไว้ ณ วันที่ ๑๐ สิงหาคม พ.ศ. ๒๕๕๘ เป็นปีที่ ๗๐ ในรัชกาลปัจจุบัน พระบาทสมเด็จพระปรมินทรมหาภูม",กฎหมายทั่วไป,พระราชบัญญัติ
kris_คส204-1L-0001,คำสั่งหัวหน้าคณะรักษาความสงบแห่งชาติ ที่ 27/2558 เรื่อง การแก้ไขปัญหาการกำกับดูแลและพัฒนาการบินพลเรือนของประเทศไทย (ยกเลิก),"[11/9/2558] คำสั่งหัวหน้าคณะรักษาความสงบแห่งชาติ ที่ 27/2558 เรื่อง การแก้ไขปัญหาการกำกับดูแลและพัฒนาการบินพลเรือนของประเทศไทย (ยกเลิก)
คำสั่งหัวหน้าคณะรักษาความสงบแห่งชาติ ที่ ๑๙/๒๕๕๙ เรื่อง แก้ไขเพิ่มเติมคำสั่งหัวหน้าคณะรักษาความสงบแห่งชาติ ที่ ๒๗/๒๕๕๘ ตามที่องค์การการบินพลเรือนระหว่างประเทศ (International Civil Aviation Organization : ICAO)",กฎหมายทั่วไป,คำสั่ง
kris_คส205-1L-0001,คำสั่งหัวหน้าคณะรักษาความสงบแห่งชาติ ที่ 29/2558 เรื่อง การเลือกกรรมการแทนตำแหน่งที่ว่างในคณะกรรมการตรวจเงินแผ่นดินและการดำเนินการเพื่อสรรหาผู้ดำรงตำแหน่งในองค์กรอิสระ (ยกเลิก),"[16/9/2558] คำสั่งหัวหน้าคณะรักษาความสงบแห่งชาติ ที่ 29/2558 เรื่อง การเลือกกรรมการแทนตำแหน่งที่ว่างในคณะกรรมการตรวจเงินแผ่นดินและการดำเนินการเพื่อสรรหาผู้ดำรงตำแหน่งในองค์กรอิสระ (ยกเลิก)
คำสั่งหัวหน้าคณะรักษาความสงบแห่งชาติ ที่ ๓๖/๒๕๕๘ เรื่อง แก้ไขคำสั่งหัวหน้าคณะรักษาความสงบแห่งชาติ ที่ ๒๙/๒๕๕๘ ตามที่มีคำสั่งหัวหน้าคณะรักษาความสงบแห่งชาติ ที่ ๒๙/๒๕๕๘ เรื่อง การเลือกกรรมการแทนตำแหน่งที่ว่างในคณ",กฎหมายทั่วไป,คำสั่ง
kris_คส207-1L-0001,คำสั่งหัวหน้าคณะรักษาความสงบแห่งชาติ ที่ 33/2558 เรื่อง เปลี่ยนแปลงองค์ประกอบของคณะกรรมการนโยบายพลังงานแห่งชาติตามคำสั่งหัวหน้าคณะรักษาความสงบแห่งชาติ ที่ 2/2558,"[22/9/2558] คำสั่งหัวหน้าคณะรักษาความสงบแห่งชาติ ที่ 33/2558 เรื่อง เปลี่ยนแปลงองค์ประกอบของคณะกรรมการนโยบายพลังงานแห่งชาติตามคำสั่งหัวหน้าคณะรักษาความสงบแห่งชาติ ที่ 2/2558
คำสั่งหัวหน้าคณะรักษาความสงบแห่งชาติ ที่ ๓๓/๒๕๕๘ เรื่อง เปลี่ยนแปลงองค์ประกอบของคณะกรรมการนโยบายพลังงานแห่งชาติ ตามคำสั่งหัวหน้าคณะรักษาความสงบแห่งชาติ ที่ ๒/๒๕๕๘ เพื่อให้การดำเนินการของคณะกรรมการนโยบายพลังงานแ",กฎหมายทั่วไป,คำสั่ง
kris_คส206-1L-0001,คำสั่งหัวหน้าคณะรักษาความสงบแห่งชาติ ที่ 31/2558 เรื่อง การกำหนดตำแหน่งและการแต่งตั้งข้าราชการให้ดำรงตำแหน่ง,"[22/9/2558] คำสั่งหัวหน้าคณะรักษาความสงบแห่งชาติ ที่ 31/2558 เรื่อง การกำหนดตำแหน่งและการแต่งตั้งข้าราชการให้ดำรงตำแหน่ง
คำสั่งหัวหน้าคณะรักษาความสงบแห่งชาติ ที่ ๓๑/๒๕๕๘ เรื่อง การกำหนดตำแหน่งและการแต่งตั้งข้าราชการให้ดำรงตำแหน่ง เพื่อให้การบริหารราชการแผ่นดินมีประสิทธิภาพและมีความเหมาะสมยิ่งขึ้น เพื่อประโยชน์ในการปฏิรูปงานด้านคว",กฎหมายทั่วไป,คำสั่ง
kris_คส180-1L-0001,คำสั่งคณะรักษาความสงบแห่งชาติ ที่ 2/2558 เรื่อง แต่งตั้งคณะกรรมการขับเคลื่อนยุทธศาสตร์ของคณะรักษาความสงบแห่งชาติ,"[1/10/2558] คำสั่งคณะรักษาความสงบแห่งชาติ ที่ 2/2558 เรื่อง แต่งตั้งคณะกรรมการขับเคลื่อนยุทธศาสตร์ของคณะรักษาความสงบแห่งชาติ
คําสั่งคณะรักษาความสงบแห่งชาติ ที่ ๑๓/๒๕๕๘ เรื่อง แก้ไขเพิ่มเติมคําสั่งคณะรักษาความสงบแห่งชาติ ที่ ๒/๒๕๕๘ ตามที่คณะรักษาความสงบแห่งชาติได้แถลงยุทธศาสตร์สำคัญ ๙ ด้าน เพื่อใช้เป็นหลักหรือแนวทางในการปฏิรูปและพัฒนา",กฎหมายทั่วไป,คำสั่ง
kris_คส209-1L-0001,คำสั่งคณะรักษาความสงบแห่งชาติ ที่ 12/2558 เรื่อง เปลี่ยนแปลงองค์ประกอบคณะกรรมการกองทุนเพื่อส่งเสริมการอนุรักษ์พลังงาน,"[5/10/2558] คำสั่งคณะรักษาความสงบแห่งชาติ ที่ 12/2558 เรื่อง เปลี่ยนแปลงองค์ประกอบคณะกรรมการกองทุนเพื่อส่งเสริมการอนุรักษ์พลังงาน
คำสั่งคณะรักษาความสงบแห่งชาติ ที่ ๑๒/๒๕๕๘ เรื่อง เปลี่ยนแปลงองค์ประกอบคณะกรรมการกองทุนเพื่อส่งเสริมการอนุรักษ์พลังงาน เพื่อให้การดำเนินงานของคณะกรรมการกองทุนเพื่อส่งเสริมการอนุรักษ์พลังงานสอดคล้องกับโครงสร้างกา",กฎหมายทั่วไป,คำสั่ง
kris_คส208-1L-0001,คำสั่งหัวหน้าคณะรักษาความสงบแห่งชาติ ที่ 34/2558 เรื่อง การอำนวยความสะดวกในการจัดทำร่างรัฐธรรมนูญ,"[5/10/2558] คำสั่งหัวหน้าคณะรักษาความสงบแห่งชาติ ที่ 34/2558 เรื่อง การอำนวยความสะดวกในการจัดทำร่างรัฐธรรมนูญ
คำสั่งหัวหน้าคณะรักษาความสงบแห่งชาติ ที่ ๓๔/๒๕๕๘ เรื่อง การอำนวยความสะดวกในการจัดทำร่างรัฐธรรมนูญ ตามที่มีประกาศคณะรักษาความความสงบแห่งชาติ เรื่อง แต่งตั้งคณะกรรมการร่างรัฐธรรมนูญ ลงวันที่ ๕ ตุลาคม ๒๕๕๘ นั้น เพ",กฎหมายทั่วไป,คำสั่ง
kris_คส210-1L-0001,คำสั่งคณะรักษาความสงบแห่งชาติ ที่ 13/2558 เรื่อง แก้ไขเพิ่มเติมคำสั่งคณะรักษาความสงบแห่งชาติ ที่ 2/2558,"[8/10/2558] คำสั่งคณะรักษาความสงบแห่งชาติ ที่ 13/2558 เรื่อง แก้ไขเพิ่มเติมคำสั่งคณะรักษาความสงบแห่งชาติ ที่ 2/2558
คำสั่งคณะรักษาความสงบแห่งชาติ ที่ ๑๓/๒๕๕๘ เรื่อง แก้ไขเพิ่มเติมคําสั่งคณะรักษาความสงบแห่งชาติ ที่ ๒/๒๕๕๘ โดยที่เป็นการสมควรแก้ไขเพิ่มเติม คําสั่งคณะรักษาความสงบแห่งชาติ ที่ ๒/๒๕๕๘ ลงวันที่ ๙ มกราคม พุทธศักราช ๒",กฎหมายทั่วไป,คำสั่ง
kris_คส211-1L-0001,คำสั่งหัวหน้าคณะรักษาความสงบแห่งชาติ ที่ 36/2558 เรื่อง แก้ไขคำสั่งหัวหน้าคณะรักษาความสงบแห่งชาติ ที่ 29/2558 (ยกเลิก),"[15/10/2558] คำสั่งหัวหน้าคณะรักษาความสงบแห่งชาติ ที่ 36/2558 เรื่อง แก้ไขคำสั่งหัวหน้าคณะรักษาความสงบแห่งชาติ ที่ 29/2558 (ยกเลิก)
คำสั่งหัวหน้าคณะรักษาความสงบแห่งชาติ ที่ ๓๖/๒๕๕๘ เรื่อง แก้ไขคำสั่งหัวหน้าคณะรักษาความสงบแห่งชาติ ที่ ๒๙/๒๕๕๘ (ยกเลิก) ตามที่มีคำสั่งหัวหน้าคณะรักษาความสงบแห่งชาติ ที่ ๒๙/๒๕๕๘ เรื่อง การเลือกกรรมการแทนตำแหน่งที",กฎหมายทั่วไป,คำสั่ง
kris_คส212-1L-0001,คำสั่งหัวหน้าคณะรักษาความสงบแห่งชาติ ที่ 37/2558 เรื่อง การกำหนดตำแหน่งเพิ่มและการแต่งตั้งข้าราชการให้ดำรงตำแหน่ง,"[16/10/2558] คำสั่งหัวหน้าคณะรักษาความสงบแห่งชาติ ที่ 37/2558 เรื่อง การกำหนดตำแหน่งเพิ่มและการแต่งตั้งข้าราชการให้ดำรงตำแหน่ง
คำสั่งหัวหน้าคณะรักษาความสงบแห่งชาติ ที่ ๓๘/๒๕๕๘ เรื่อง แก้ไขเพิ่มเติมคำสั่งหัวหน้าคณะรักษาความสงบแห่งชาติ ที่ ๓๗/๒๕๕๘ เพื่อให้การดำเนินงานขององค์กรฝ่ายนิติบัญญัติและการบริหารราชการในสำนักงานเลขาธิการสภาผู้แทนร",กฎหมายทั่วไป,คำสั่ง
kris_คส213-1L-0001,คำสั่งหัวหน้าคณะรักษาความสงบแห่งชาติ ที่ 38/2558 เรื่อง แก้ไขเพิ่มเติมคำสั่งหัวหน้าคณะรักษาความสงบแห่งชาติ ที่ 37/2558,"[18/10/2558] คำสั่งหัวหน้าคณะรักษาความสงบแห่งชาติ ที่ 38/2558 เรื่อง แก้ไขเพิ่มเติมคำสั่งหัวหน้าคณะรักษาความสงบแห่งชาติ ที่ 37/2558
คำสั่งหัวหน้าคณะรักษาความสงบแห่งชาติ ที่ ๓๘/๒๕๕๘ เรื่อง แก้ไขเพิ่มเติมคำสั่งหัวหน้าคณะรักษาความสงบแห่งชาติ ที่ ๓๗/๒๕๕๘ เพื่อให้การดำเนินงานขององค์กรฝ่ายนิติบัญญัติและการบริหารราชการในสำนักงานเลขาธิการสภาผู้แทนร",กฎหมายทั่วไป,คำสั่ง
kris_คส214-1L-0001,คำสั่งหัวหน้าคณะรักษาความสงบแห่งชาติ ที่ 39/2558 เรื่อง การคุ้มครองการบริหารจัดการข้าวคงเหลือในการดูแลรักษาของรัฐและการดำเนินการต่อผู้ต้องรับผิด,"[31/10/2558] คำสั่งหัวหน้าคณะรักษาความสงบแห่งชาติ ที่ 39/2558 เรื่อง การคุ้มครองการบริหารจัดการข้าวคงเหลือในการดูแลรักษาของรัฐและการดำเนินการต่อผู้ต้องรับผิด
คำสั่งหัวหน้าคณะรักษาความสงบแห่งชาติ ที่ ๓๙/๒๕๕๘ เรื่อง การคุ้มครองการบริหารจัดการข้าวคงเหลือในการดูแลรักษาของรัฐและการดำเนินการต่อผู้ต้องรับผิด ตามที่มีการดำเนินการตามโครงการรับจำนำข้าวเปลือกของรัฐบาลในอดีต ตั",กฎหมายทั่วไป,คำสั่ง
kris_ค0122-1B-0001,พระราชบัญญัติคุ้มครองการดำเนินงานของสำนักงานวิจัยเศรษฐกิจมหภาคของภูมิภาคอาเซียน+3 พ.ศ. 2558,"[5/11/2558] พระราชบัญญัติคุ้มครองการดำเนินงานของสำนักงานวิจัยเศรษฐกิจมหภาคของภูมิภาคอาเซียน+3 พ.ศ. 2558
พระราชบัญญัติ คุ้มครองการดำเนินงานของสำนักงานวิจัยเศรษฐกิจมหภาคของภูมิภาคอาเซียน+๓ พ.ศ. ๒๕๕๘ ภูมิพลอดุลยเดช ป.ร. ให้ไว้ ณ วันที่ ๓๑ ตุลาคม พ.ศ. ๒๕๕๘ เป็นปีที่ ๗๐ ในรัชกาลปัจจุบัน พระบาทสมเด็จพระปรมินทรมหาภูมิพล",กฎหมายทั่วไป,พระราชบัญญัติ
kris_คส215-1L-0001,คำสั่งหัวหน้าคณะรักษาความสงบแห่งชาติ ที่ 40/2558 เรื่อง การได้มาซึ่งคณะกรรมการประกันสังคม ที่ปรึกษาของคณะกรรมการประกันสังคม คณะกรรมการการแพทย์ และคณะกรรมการกองทุนเงินทดแทน เป็นการชั่วคราว (ยกเลิก),"[8/11/2558] คำสั่งหัวหน้าคณะรักษาความสงบแห่งชาติ ที่ 40/2558 เรื่อง การได้มาซึ่งคณะกรรมการประกันสังคม ที่ปรึกษาของคณะกรรมการประกันสังคม คณะกรรมการการแพทย์ และคณะกรรมการกองทุนเงินทดแทน เป็นการชั่วคราว (ยกเลิก)
คำสั่งหัวหน้าคณะรักษาความสงบแห่งชาติ ที่ ๔๐/๒๕๕๘ เรื่อง การได้มาซึ่งคณะกรรมการประกันสังคม ที่ปรึกษาของคณะกรรมการประกันสังคม คณะกรรมการการแพทย์ และคณะกรรมการกองทุนเงินทดแทน เป็นการชั่วคราว (ยกเลิก) โดยที่พระราชบ",กฎหมายทั่วไป,คำสั่ง
kris_คส217-1L-0001,คำสั่งหัวหน้าคณะรักษาความสงบแห่งชาติ ที่ 42/2558 เรื่อง การแก้ไขปัญหาการทำการประมงผิดกฎหมาย ขาดการรายงาน และไร้การควบคุม เพิ่มเติมครั้งที่ 2 (ยกเลิก),"[16/11/2558] คำสั่งหัวหน้าคณะรักษาความสงบแห่งชาติ ที่ 42/2558 เรื่อง การแก้ไขปัญหาการทำการประมงผิดกฎหมาย ขาดการรายงาน และไร้การควบคุม เพิ่มเติมครั้งที่ 2 (ยกเลิก)
คำสั่งหัวหน้าคณะรักษาความสงบแห่งชาติ ที่ ๔๒/๒๕๕๘ เรื่อง การแก้ไขปัญหาการทำการประมงผิดกฎหมาย ขาดการรายงาน และไร้การควบคุม เพิ่มเติมครั้งที่ ๒ (ยกเลิก) ตามที่ได้มีการรายงานจากศูนย์บัญชาการแก้ไขปัญหาการทำการประมงผ",กฎหมายทั่วไป,คำสั่ง
kris_คส216-1L-0001,คำสั่งหัวหน้าคณะรักษาความสงบแห่งชาติ ที่ 41/2558 เรื่อง การอำนวยความสะดวกในการขับเคลื่อนการปฏิรูปประเทศ,"[16/11/2558] คำสั่งหัวหน้าคณะรักษาความสงบแห่งชาติ ที่ 41/2558 เรื่อง การอำนวยความสะดวกในการขับเคลื่อนการปฏิรูปประเทศ
คำสั่งหัวหน้าคณะรักษาความสงบแห่งชาติ ที่ ๔๑/๒๕๕๘ เรื่อง การอำนวยความสะดวกในการขับเคลื่อนการปฏิรูปประเทศ ตามที่มีประกาศสำนักนายกรัฐมนตรี เรื่อง แต่งตั้งสมาชิกสภาขับเคลื่อนการปฏิรูปประเทศ ลงวันที่ ๕ ตุลาคม ๒๕๕๘ แ",กฎหมายทั่วไป,คำสั่ง
kris_ค0110-1B-0001,พระราชบัญญัติคุ้มครองการดำเนินงานของสมาคมประชาชาติแห่งเอเชียตะวันออกเฉียงใต้ พ.ศ. 2551,"[26/11/2558] พระราชบัญญัติคุ้มครองการดำเนินงานของสมาคมประชาชาติแห่งเอเชียตะวันออกเฉียงใต้ พ.ศ. 2551
พระราชบัญญัติ คุ้มครองการดำเนินงานของสมาคมประชาชาติแห่งเอเชียตะวันออกเฉียงใต้ พ.ศ. ๒๕๕๑  พระราชบัญญัติคุ้มครองการดำเนินงานของสมาคมประชาชาติแห่งเอเชียตะวันออกเฉียงใต้ (ฉบับที่ ๒) พ.ศ. ๒๕๕๘ ภูมิพลอดุลยเดช ป.ร. ให",กฎหมายทั่วไป,พระราชบัญญัติ
kris_คส218-1L-0001,คำสั่งหัวหน้าคณะรักษาความสงบแห่งชาติ ที่ 43/2558 เรื่อง โอนสำนักงานนโยบายและบริหารจัดการน้ำและอุทกภัยแห่งชาติ สำนักงานปลัดสำนักนายกรัฐมนตรี ไปเป็นของสำนักงานเลขานุการคณะกรรมการทรัพยากรน้ำแห่งชาติ กรมทรัพยากรน้ำ,"[27/11/2558] คำสั่งหัวหน้าคณะรักษาความสงบแห่งชาติ ที่ 43/2558 เรื่อง โอนสำนักงานนโยบายและบริหารจัดการน้ำและอุทกภัยแห่งชาติ สำนักงานปลัดสำนักนายกรัฐมนตรี ไปเป็นของสำนักงานเลขานุการคณะกรรมการทรัพยากรน้ำแห่งชาติ กรมทรัพยากรน้ำ
คำสั่งหัวหน้าคณะรักษาความสงบแห่งชาติ ที่ ๔๓/๒๕๕๘ เรื่อง โอนสำนักงานนโยบายและบริหารจัดการน้ำและอุทกภัยแห่งชาติ สำนักงานปลัดสำนักนายกรัฐมนตรี ไปเป็นของ สำนักงานเลขานุการคณะกรรมการทรัพยากรน้ำแห่งชาติ กรมทรัพยากรน้",กฎหมายทั่วไป,คำสั่ง
kris_คส220-1L-0001,คำสั่งหัวหน้าคณะรักษาความสงบแห่งชาติ ที่ 46/2558 เรื่อง มาตรการแก้ไขปัญหาอันเกิดจากการขับขี่ยานพาหนะ (ยกเลิก),"[30/12/2558] คำสั่งหัวหน้าคณะรักษาความสงบแห่งชาติ ที่ 46/2558 เรื่อง มาตรการแก้ไขปัญหาอันเกิดจากการขับขี่ยานพาหนะ (ยกเลิก)
คำสั่งหัวหน้าคณะรักษาความสงบแห่งชาติ ที่ ๔๖/๒๕๕๘ เรื่อง มาตรการแก้ไขปัญหาอันเกิดจากการขับขี่ยานพาหนะ (ยกเลิก) เพื่อให้การระงับยับยั้งและแก้ไขปัญหาความเดือดร้อนรำคาญ อันตราย และความเสียหายอันเกิดจากการขับขี่ยานพ",กฎหมายทั่วไป,คำสั่ง
kris_คส222-1L-0002,คำสั่งหัวหน้าคณะรักษาความสงบแห่งชาติ ที่ 48/2558 เรื่อง แต่งตั้งบุคคลเป็นกรรมการในคณะกรรมการส่งเสริมวิสาหกิจขนาดกลางและขนาดย่อม (เฉพาะกิจ),"[5/1/2559] คำสั่งหัวหน้าคณะรักษาความสงบแห่งชาติ ที่ 48/2558 เรื่อง แต่งตั้งบุคคลเป็นกรรมการในคณะกรรมการส่งเสริมวิสาหกิจขนาดกลางและขนาดย่อม (เฉพาะกิจ)
คำสั่งหัวหน้าคณะรักษาความสงบแห่งชาติ ที่ ๔๘/๒๕๕๘ เรื่องแต่งตั้งบุคคลเป็นกรรมการในคณะกรรมการส่งเสริมวิสาหกิจขนาดกลางและขนาดย่อม<o:p> (เฉพาะกิจ) โดยที่เป็นการสมควรเปลี่ยนแปลงกรรมการในคณะกรรมการส่งเสริมวิสาหกิจขนา",กฎหมายทั่วไป,คำสั่ง
kris_คส221-1L-0001,คำสั่งหัวหน้าคณะรักษาความสงบแห่งชาติ ที่ 47/2558 เรื่อง แต่งตั้งบุคคลเป็นกรรมการในคณะกรรมการส่งเสริมการลงทุน,"[5/1/2559] คำสั่งหัวหน้าคณะรักษาความสงบแห่งชาติ ที่ 47/2558 เรื่อง แต่งตั้งบุคคลเป็นกรรมการในคณะกรรมการส่งเสริมการลงทุน
คำสั่งหัวหน้าคณะรักษาความสงบแห่งชาติ ที่ ๔๗/๒๕๕๘ เรื่อง แต่งตั้งบุคคลเป็นกรรมการในคณะกรรมการส่งเสริมการลงทุน ตามที่ได้มีการแต่งตั้งคณะกรรมการส่งเสริมการลงทุน ตามประกาศคณะรักษาความสงบแห่งชาติ ฉบับที่ ๑๐๕/๒๕๕๗ เร",กฎหมายทั่วไป,คำสั่ง
kris_ค0123-1B-0001,พระราชบัญญัติคุ้มครองการดำเนินงานของทบวงการพลังงานหมุนเวียนระหว่างประเทศ พ.ศ. 2559,"[19/1/2559] พระราชบัญญัติคุ้มครองการดำเนินงานของทบวงการพลังงานหมุนเวียนระหว่างประเทศ พ.ศ. 2559
พระราชบัญญัติ คุ้มครองการดำเนินงาน ของทบวงการพลังงานหมุนเวียนระหว่างประเทศ พ.ศ. ๒๕๕๙ ภูมิพลอดุลยเดช ป.ร. ให้ไว้ ณ วันที่ ๑๙ มกราคม พ.ศ. ๒๕๕๙ เป็นปีที่ ๗๑ ในรัชกาลปัจจุบัน พระบาทสมเด็จพระปรมินทรมหาภูมิพลอดุลยเดช",กฎหมายทั่วไป,พระราชบัญญัติ
kris_คส039-1L-0001,คำสั่งหัวหน้าคณะรักษาความสงบแห่งชาติที่ 4/2559 เรื่อง การยกเว้นการใช้บังคับกฎกระทรวงให้ใช้บังคับผังเมืองรวมสำหรับการประกอบกิจการบางประเภท (ยกเลิก),"[20/1/2559] คำสั่งหัวหน้าคณะรักษาความสงบแห่งชาติที่ 4/2559 เรื่อง การยกเว้นการใช้บังคับกฎกระทรวงให้ใช้บังคับผังเมืองรวมสำหรับการประกอบกิจการบางประเภท (ยกเลิก)
คำสั่งหัวหน้าคณะรักษาความสงบแห่งชาติ ที่ ๔/๒๕๕๙ เรื่อง การยกเว้นการใช้บังคับกฎกระทรวงให้ใช้บังคับผังเมืองรวม สำหรับการประกอบกิจการบางประเภท (ยกเลิก) โดยที่ปัจจุบันประเทศไทยได้ประสบปัญหาความมั่นคงในการจัดหาพลังง",กฎหมายทั่วไป,คำสั่ง
kris_คส224-1L-0001,คำสั่งหัวหน้าคณะรักษาความสงบแห่งชาติ ที่ 3/2559 เรื่อง การยกเว้นการใช้บังคับกฎหมายว่าด้วยการผังเมือง และกฎหมายว่าด้วยการควบคุมอาคารในพื้นที่เขตพัฒนาเศรษฐกิจพิเศษ,"[20/1/2559] คำสั่งหัวหน้าคณะรักษาความสงบแห่งชาติ ที่ 3/2559 เรื่อง การยกเว้นการใช้บังคับกฎหมายว่าด้วยการผังเมือง และกฎหมายว่าด้วยการควบคุมอาคารในพื้นที่เขตพัฒนาเศรษฐกิจพิเศษ
คำสั่งหัวหน้าคณะรักษาความสงบแห่งชาติ ที่ ๓ /๒๕๕๙ เรื่อง การยกเว้นการใช้บังคับกฎหมายว่าด้วยการผังเมือง และกฎหมายว่าด้วยการควบคุมอาคารในพื้นที่เขตพัฒนาเศรษฐกิจพิเศษ โดยที่รัฐบาลมีนโยบายในการจัดตั้งเขตพัฒนาเศรษฐกิ",กฎหมายทั่วไป,คำสั่ง
kris_คส225-1L-0001,คำสั่งหัวหน้าคณะรักษาความสงบแห่งชาติ ที่ 6/2559 เรื่อง การคัดเลือกหรือการแต่งตั้งข้าราชการตำรวจ,"[5/2/2559] คำสั่งหัวหน้าคณะรักษาความสงบแห่งชาติ ที่ 6/2559 เรื่อง การคัดเลือกหรือการแต่งตั้งข้าราชการตำรวจ
คำสั่งหัวหน้าคณะรักษาความสงบแห่งชาติ ที่ ๖/๒๕๕๙ เรื่อง การคัดเลือกหรือการแต่งตั้งข้าราชการตำรวจ โดยที่ในการคัดเลือกและการแต่งตั้งข้าราชการตำรวจในช่วงระยะเวลาที่ผ่านมาได้ดำเนินการอยู่บนพื้นฐานของกฎหมาย ประกาศ แล",กฎหมายทั่วไป,คำสั่ง
kris_คส223-1L-0001,คำสั่งหัวหน้าคณะรักษาความสงบแห่งชาติ ที่ 9/2559 เรื่อง การแก้ไขเพิ่มเติมกฎหมายว่าด้วยการส่งเสริมและรักษาคุณภาพสิ่งแวดล้อมแห่งชาติ,"[8/3/2559] คำสั่งหัวหน้าคณะรักษาความสงบแห่งชาติ ที่ 9/2559 เรื่อง การแก้ไขเพิ่มเติมกฎหมายว่าด้วยการส่งเสริมและรักษาคุณภาพสิ่งแวดล้อมแห่งชาติ
คำสั่งหัวหน้าคณะรักษาความสงบแห่งชาติ ที่ ๙/๒๕๕๙ เรื่อง การแก้ไขเพิ่มเติมกฎหมายว่าด้วยการส่งเสริมและรักษาคุณภาพสิ่งแวดล้อมแห่งชาติ โดยที่เป็นการสมควรแก้ไขเพิ่มเติมกฎหมายว่าด้วยการส่งเสริมและรักษาคุณภาพสิ่งแวดล้อ",กฎหมายทั่วไป,คำสั่ง
kris_คส226-1L-0001,คำสั่งหัวหน้าคณะรักษาความสงบแห่งชาติ ที่ 12/2559 เรื่อง การแต่งตั้งข้าราชการให้ดำรงตำแหน่ง,"[29/3/2559] คำสั่งหัวหน้าคณะรักษาความสงบแห่งชาติ ที่ 12/2559 เรื่อง การแต่งตั้งข้าราชการให้ดำรงตำแหน่ง
คำสั่งหัวหน้าคณะรักษาความสงบแห่งชาติ ที่ ๑๒/๒๕๕๙ เรื่อง การแต่งตั้งข้าราชการให้ดำรงตำแหน่ง เพื่อให้การปฏิรูปการบริหารราชการแผ่นดินด้านการบริหารราชการส่วนภูมิภาค และการบริหารราชการในกระทรวงคมนาคมมีประสิทธิภาพและ",กฎหมายทั่วไป,คำสั่ง
kris_คส227-1L-0001,คำสั่งคณะรักษาความสงบแห่งชาติ ที่ 3/2559 เรื่อง มอบอำนาจการอนุมัติและลงนามคำสั่งแต่งตั้งเจ้าพนักงานป้องกันและปราบปราม และผู้ช่วยเจ้าพนักงานป้องกันและปราบปราม ตามคำสั่งหัวหน้าคณะรักษาความสงบแห่งชาติ ที่ 13/2559,"[4/4/2559] คำสั่งคณะรักษาความสงบแห่งชาติ ที่ 3/2559 เรื่อง มอบอำนาจการอนุมัติและลงนามคำสั่งแต่งตั้งเจ้าพนักงานป้องกันและปราบปราม และผู้ช่วยเจ้าพนักงานป้องกันและปราบปราม ตามคำสั่งหัวหน้าคณะรักษาความสงบแห่งชาติ ที่ 13/2559
คำสั่งคณะรักษาความสงบแห่งชาติ ที่ ๓/๒๕๕๙ เรื่อง มอบอำนาจการอนุมัติและลงนามคำสั่งแต่งตั้งเจ้าพนักงานป้องกันและปราบปราม และผู้ช่วยเจ้าพนักงานป้องกันและปราบปราม ตามคำสั่งหัวหน้าคณะรักษาความสงบแห่งชาติ ที ๑๓/๒๕๕๙ ต",กฎหมายทั่วไป,คำสั่ง
kris_คส228-1L-0001,คำสั่งหัวหน้าคณะรักษาความสงบแห่งชาติ ที่ 15/2559 เรื่อง การผ่อนผันให้คนต่างด้าวสัญชาติเมียนมา ลาว และกัมพูชา เดินทางกลับประเทศต้นทางเพื่อร่วมงานประเพณีสงกรานต์ ประจำปี พ.ศ. 2559,"[11/4/2559] คำสั่งหัวหน้าคณะรักษาความสงบแห่งชาติ ที่ 15/2559 เรื่อง การผ่อนผันให้คนต่างด้าวสัญชาติเมียนมา ลาว และกัมพูชา เดินทางกลับประเทศต้นทางเพื่อร่วมงานประเพณีสงกรานต์ ประจำปี พ.ศ. 2559
คำสั่งหัวหน้าคณะรักษาความสงบแห่งชาติ ที่ ๑๕/๒๕๕๙ เรื่อง การผ่อนผันให้คนต่างด้าวสัญชาติเมียนมา ลาว และกัมพูชา เดินทางกลับประเทศต้นทางเพื่อร่วมงานประเพณีสงกรานต์ ประจำปี พ.ศ. ๒๕๕๙ ด้วยในเดือนเมษายนของทุกปีเป็นช่ว",กฎหมายทั่วไป,คำสั่ง
kris_คส230-1L-0001,คำสั่งหัวหน้าคณะรักษาความสงบแห่งชาติ ที่ 16/2559 เรื่อง การประมูลคลื่นความถี่เพื่อกิจการโทรคมนาคม,"[12/4/2559] คำสั่งหัวหน้าคณะรักษาความสงบแห่งชาติ ที่ 16/2559 เรื่อง การประมูลคลื่นความถี่เพื่อกิจการโทรคมนาคม
คำสั่งหัวหน้าคณะรักษาความสงบแห่งชาติ ที่ ๑๖/๒๕๕๙ เรื่อง การประมูลคลื่นความถี่เพื่อกิจการโทรคมนาคม จากกรณีที่ได้มีการจัดการประมูลคลื่นความถี่ย่าน ๙๐๐ MHz ตามประกาศคณะกรรมการกิจการกระจายเสียง กิจการโทรทัศน์ และกิ",กฎหมายทั่วไป,คำสั่ง
kris_คส231-1L-0001,คำสั่งหัวหน้าคณะรักษาความสงบแห่งชาติ ที่ 17/2559 เรื่อง การแต่งตั้งข้าราชการให้ดำรงตำแหน่ง,"[20/4/2559] คำสั่งหัวหน้าคณะรักษาความสงบแห่งชาติ ที่ 17/2559 เรื่อง การแต่งตั้งข้าราชการให้ดำรงตำแหน่ง
คำสั่งหัวหน้าคณะรักษาความสงบแห่งชาติ ที่ ๑๗/๒๕๕๙ เรื่อง การแต่งตั้งข้าราชการให้ดำรงตำแหน่ง เพื่อให้การปฏิรูปการบริหารราชการในกระทรวงเกษตรและสหกรณ์มีประสิทธิภาพและมีความเหมาะสมมากยิ่งขึ้น อาศัยอำนาจตามความในมาตร",กฎหมายทั่วไป,คำสั่ง
kris_คส232-1L-0002,คำสั่งหัวหน้าคณะรักษาความสงบแห่งชาติ ที่ 18/2559 เรื่อง แก้ไขเพิ่มเติมคำสั่งหัวหน้าคณะรักษาความสงบแห่งชาติ ที่ 10/2558,"[21/4/2559] คำสั่งหัวหน้าคณะรักษาความสงบแห่งชาติ ที่ 18/2559 เรื่อง แก้ไขเพิ่มเติมคำสั่งหัวหน้าคณะรักษาความสงบแห่งชาติ ที่ 10/2558
คำสั่งหัวหน้าคณะรักษาความสงบแห่งชาติ ที่ ๑๘/๒๕๕๙ เรื่อง แก้ไขเพิ่มเติมคำสั่งหัวหน้าคณะรักษาความสงบแห่งชาติ ที่ ๑๐/๒๕๕๘ ตามที่รัฐบาลได้มีการจัดตั้งคณะกรรมการและคณะอนุกรรมการเพื่อขับเคลื่อนและปฏิรูปการบริหารราชกา",กฎหมายทั่วไป,คำสั่ง
kris_คส234-1L-0001,คำสั่งหัวหน้าคณะรักษาความสงบแห่งชาติ ที่ 20/2559 เรื่อง การแต่งตั้งข้าราชการให้ดำรงตำแหน่ง,"[22/4/2559] คำสั่งหัวหน้าคณะรักษาความสงบแห่งชาติ ที่ 20/2559 เรื่อง การแต่งตั้งข้าราชการให้ดำรงตำแหน่ง
คำสั่งหัวหน้าคณะรักษาความสงบแห่งชาติ ที่ ๒๐/๒๕๕๙ เรื่อง การแต่งตั้งข้าราชการให้ดำรงตำแหน่ง ตามที่หัวหน้าคณะรักษาความสงบแห่งชาติได้มีคำสั่ง ที่ ๑๒/๒๕๕๙ ลงวันที่ ๒๙ มีนาคม พุทธศักราช ๒๕๕๙ ให้ผู้ว่าราชการจังหวัดขา",กฎหมายทั่วไป,คำสั่ง
kris_ค0007-1B-0001,พระราชบัญญัติควบคุมการขอทาน พ.ศ. 2559,"[29/4/2559] พระราชบัญญัติควบคุมการขอทาน พ.ศ. 2559
พระราชบัญญัติ ควบคุมการขอทาน พ.ศ. ๒๕๕๙ ภูมิพลอดุลยเดช ป.ร. ให้ไว้ ณ วันที่ ๒๖ เมษายน พ.ศ. ๒๕๕๙ เป็นปีที่ ๗๑ ในรัชกาลปัจจุบัน พระบาทสมเด็จพระปรมินทรมหาภูมิพลอดุลยเดช มีพระบรมราชโองการโปรดเกล้าฯ ให้ประกาศว่า โดยท",กฎหมายทั่วไป,พระราชบัญญัติ
kris_คส235-1L-0001,คำสั่งหัวหน้าคณะรักษาความสงบแห่งชาติ ที่ 22/2559 เรื่อง การได้มาซึ่งสมาชิกสภาท้องถิ่นเป็นการชั่วคราวในกรณีที่มีการยุบสภาท้องถิ่น,"[4/5/2559] คำสั่งหัวหน้าคณะรักษาความสงบแห่งชาติ ที่ 22/2559 เรื่อง การได้มาซึ่งสมาชิกสภาท้องถิ่นเป็นการชั่วคราวในกรณีที่มีการยุบสภาท้องถิ่น
คำสั่งหัวหน้าคณะรักษาความสงบแห่งชาติ ที่ ๒๒/๒๕๕๙ เรื่อง การได้มาซึ่งสมาชิกสภาท้องถิ่นเป็นการชั่วคราวในกรณีที่มีการยุบสภาท้องถิ่น โดยที่การยุบสภาท้องถิ่นตามกฎหมายว่าด้วยการจัดตั้งองค์กรปกครองส่วนท้องถิ่นได้กำหนด",กฎหมายทั่วไป,คำสั่ง
kris_คส236-1L-0001,คำสั่งหัวหน้าคณะรักษาความสงบแห่งชาติ ที่ 24/2559 เรื่อง การแต่งตั้งข้าราชการให้ดำรงตำแหน่ง,"[17/5/2559] คำสั่งหัวหน้าคณะรักษาความสงบแห่งชาติ ที่ 24/2559 เรื่อง การแต่งตั้งข้าราชการให้ดำรงตำแหน่ง
คำสั่งหัวหน้าคณะรักษาความสงบแห่งชาติ ที่ ๒๔/๒๕๕๙ เรื่อง การแต่งตั้งข้าราชการให้ดำรงตำแหน่ง ตามที่ผู้ดำรงตำแหน่งเลขาธิการคณะกรรมการป้องกันและปราบปรามการฟอกเงินพ้นจากตำแหน่งเพราะครบวาระตามกฎหมาย ซึ่งการสรรหาผู้ดำ",กฎหมายทั่วไป,คำสั่ง
kris_คส229-1L-0001,คำสั่งหัวหน้าคณะรักษาความสงบแห่งชาติ ที่ 26/2559 เรื่อง การจัดหาที่ดินเพื่อใช้ในการดำเนินโครงการพัฒนาที่อยู่อาศัย เพื่อแก้ไขปัญหาการบุกรุกลำน้ำสาธารณะ,"[10/6/2559] คำสั่งหัวหน้าคณะรักษาความสงบแห่งชาติ ที่ 26/2559 เรื่อง การจัดหาที่ดินเพื่อใช้ในการดำเนินโครงการพัฒนาที่อยู่อาศัย เพื่อแก้ไขปัญหาการบุกรุกลำน้ำสาธารณะ
คำสั่งหัวหน้าคณะรักษาความสงบแห่งชาติ ที่ ๒๖/๒๕๕๙ เรื่อง การจัดหาที่ดินเพื่อใช้ในการดำเนินโครงการพัฒนาที่อยู่อาศัย เพื่อแก้ไขปัญหาการบุกรุกลำน้ำสาธารณะ โดยที่รัฐบาลได้มีนโยบายสำคัญเร่งด่วนในอันที่จะแก้ไขปัญหาชุม",กฎหมายทั่วไป,คำสั่ง
kris_คส233-1L-0001,คำสั่งหัวหน้าคณะรักษาความสงบแห่งชาติ ที่ 27/2559 เรื่อง มาตรการป้องกันและแก้ไขปัญหาความเดือดร้อนจากการจุดและปล่อยบั้งไฟ พลุ ตะไล โคมลอย โคมไฟ โคมควัน หรือวัตถุอื่นใดที่คล้ายคลึงกัน,"[10/6/2559] คำสั่งหัวหน้าคณะรักษาความสงบแห่งชาติ ที่ 27/2559 เรื่อง มาตรการป้องกันและแก้ไขปัญหาความเดือดร้อนจากการจุดและปล่อยบั้งไฟ พลุ ตะไล โคมลอย โคมไฟ โคมควัน หรือวัตถุอื่นใดที่คล้ายคลึงกัน
คำสั่งหัวหน้าคณะรักษาความสงบแห่งชาติ ที่ ๒๗/๒๕๕๙ เรื่อง มาตรการป้องกันและแก้ไขปัญหาความเดือดร้อนจากการจุดและปล่อยบั้งไฟ พลุ ตะไล โคมลอย โคมไฟ โคมควัน หรือวัตถุอื่นใดที่คล้ายคลึงกัน เพื่อเป็นการแก้ไขปัญหาความเดื",กฎหมายทั่วไป,คำสั่ง
kris_คส237-1L-0002,คำสั่งหัวหน้าคณะรักษาความสงบแห่งชาติ ที่ 28/2559 เรื่อง ให้จัดการศึกษาขั้นพื้นฐาน 15 ปี โดยไม่เก็บค่าใช้จ่าย,"[15/6/2559] คำสั่งหัวหน้าคณะรักษาความสงบแห่งชาติ ที่ 28/2559 เรื่อง ให้จัดการศึกษาขั้นพื้นฐาน 15 ปี โดยไม่เก็บค่าใช้จ่าย
คำสั่งหัวหน้าคณะรักษาความสงบแห่งชาติ ที่ ๒๘/๒๕๕๙ เรื่อง ให้จัดการศึกษาขั้นพื้นฐาน ๑๕ ปี โดยไม่เก็บค่าใช้จ่าย ตามที่กฎหมายว่าด้วยการศึกษาแห่งชาติกำหนดให้รัฐต้องจัดให้บุคคลได้รับการศึกษาขั้นพื้นฐานไม่น้อยกว่า ๑๒",กฎหมายทั่วไป,คำสั่ง
kris_คส240-1L-0001,คำสั่งหัวหน้าคณะรักษาความสงบแห่งชาติ ที่ 31/2559 เรื่อง การแก้ไขเพิ่มเติมกฎหมายว่าด้วยป่าไม้,"[21/6/2559] คำสั่งหัวหน้าคณะรักษาความสงบแห่งชาติ ที่ 31/2559 เรื่อง การแก้ไขเพิ่มเติมกฎหมายว่าด้วยป่าไม้
คำสั่งหัวหน้าคณะรักษาความสงบแห่งชาติ ที่ ๓๑/๒๕๕๙ เรื่อง การแก้ไขเพิ่มเติมกฎหมายว่าด้วยป่าไม้ โดยที่เป็นการสมควรแก้ไขเพิ่มเติมกฎหมายว่าด้วยป่าไม้ เพื่อประโยชน์ในการป้องกัน ระงับ และปราบปรามการลักลอบทำไม้หวงห้าม",กฎหมายทั่วไป,คำสั่ง
kris_คส238-1L-0001,คำสั่งหัวหน้าคณะรักษาความสงบแห่งชาติ ที่ 29/2559 เรื่อง การได้มาซึ่งสมาชิกสภาท้องถิ่นหรือผู้บริหารท้องถิ่นเป็นการชั่วคราว ในกรณีที่มีการจัดตั้งองค์การบริหารส่วนตำบลเป็นเทศบาล การยกฐานะเป็นเทศบาล หรือการเปลี่ยนแปลงฐานะของเทศบาล,"[21/6/2559] คำสั่งหัวหน้าคณะรักษาความสงบแห่งชาติ ที่ 29/2559 เรื่อง การได้มาซึ่งสมาชิกสภาท้องถิ่นหรือผู้บริหารท้องถิ่นเป็นการชั่วคราว ในกรณีที่มีการจัดตั้งองค์การบริหารส่วนตำบลเป็นเทศบาล การยกฐานะเป็นเทศบาล หรือการเปลี่ยนแปลงฐานะของเทศบาล
คำสั่งหัวหน้าคณะรักษาความสงบแห่งชาติ ที่ ๒๙/๒๕๕๙ เรื่อง การได้มาซึ่งสมาชิกสภาท้องถิ่นหรือผู้บริหารท้องถิ่นเป็นการชั่วคราว ในกรณีที่มีการจัดตั้งองค์การบริหารส่วนตำบลเป็นเทศบาล การยกฐานะเป็นเทศบาล หรือการเปลี่ยนแ",กฎหมายทั่วไป,คำสั่ง
kris_คส241-1L-0001,คำสั่งหัวหน้าคณะรักษาความสงบแห่งชาติ ที่ 32/2559 เรื่อง มาตรการป้องกันการลักลอบนำสารเคมี วัสดุ หรือเครื่องมือบางประเภทไปใช้ผลิตยาเสพติด,"[21/6/2559] คำสั่งหัวหน้าคณะรักษาความสงบแห่งชาติ ที่ 32/2559 เรื่อง มาตรการป้องกันการลักลอบนำสารเคมี วัสดุ หรือเครื่องมือบางประเภทไปใช้ผลิตยาเสพติด
คำสั่งหัวหน้าคณะรักษาความสงบแห่งชาติ ที่ ๓๒/๒๕๕๙ เรื่อง มาตรการป้องกันการลักลอบนำสารเคมี วัสดุ หรือเครื่องมือบางประเภทไปใช้ผลิตยาเสพติด เพื่อให้การแก้ไขปัญหาที่เกิดจากการลักลอบนำสารเคมี วัสดุ หรือเครื่องมือบางป",กฎหมายทั่วไป,คำสั่ง
kris_คส239-1L-0001,คำสั่งหัวหน้าคณะรักษาความสงบแห่งชาติ ที่ 30/2559 เรื่อง มาตรการในการป้องกันและแก้ไขปัญหาการทะเลาะวิวาทของนักเรียนและนักศึกษา,"[21/6/2559] คำสั่งหัวหน้าคณะรักษาความสงบแห่งชาติ ที่ 30/2559 เรื่อง มาตรการในการป้องกันและแก้ไขปัญหาการทะเลาะวิวาทของนักเรียนและนักศึกษา
คำสั่งหัวหน้าคณะรักษาความสงบแห่งชาติ ที่ ๓๐/๒๕๕๙ เรื่อง มาตรการในการป้องกันและแก้ไขปัญหาการทะเลาะวิวาทของนักเรียนและนักศึกษา โดยที่ปัญหาการทะเลาะวิวาทของนักเรียนและนักศึกษาก่อให้เกิดความสูญเสียต่อชีวิต ร่างกาย",กฎหมายทั่วไป,คำสั่ง
kris_คส242-1L-0001,คำสั่งหัวหน้าคณะรักษาความสงบแห่งชาติ ที่ 33/2559 เรื่อง ให้ข้าราชการไปปฏิบัติราชการในหน่วยงานอื่น (ยกเลิก),"[24/6/2559] คำสั่งหัวหน้าคณะรักษาความสงบแห่งชาติ ที่ 33/2559 เรื่อง ให้ข้าราชการไปปฏิบัติราชการในหน่วยงานอื่น (ยกเลิก)
คำสั่งหัวหน้าคณะรักษาความสงบแห่งชาติ ที่ ๓๓/๒๕๕๙ เรื่อง ให้ข้าราชการไปปฏิบัติราชการในหน่วยงานอื่น (ยกเลิก) เพื่อเป็นการเพิ่มประสิทธิภาพในการแก้ไขปัญหาสำคัญเร่งด่วนของประเทศ และเพื่อประโยชน์ในการตรวจสอบการปฏิบัต",กฎหมายทั่วไป,คำสั่ง
kris_คส245-1L-0001,คำสั่งหัวหน้าคณะรักษาความสงบแห่งชาติ ที่ 37/2559 เรื่อง ค่าใช้จ่ายที่เกี่ยวข้องและจำเป็นต่อการสนับสนุนและส่งเสริมการจัดบริการสาธารณสุขและค่าใช้จ่ายอื่นตามกฎหมายว่าด้วยหลักประกันสุขภาพแห่งชาติ,"[5/7/2559] คำสั่งหัวหน้าคณะรักษาความสงบแห่งชาติ ที่ 37/2559 เรื่อง ค่าใช้จ่ายที่เกี่ยวข้องและจำเป็นต่อการสนับสนุนและส่งเสริมการจัดบริการสาธารณสุขและค่าใช้จ่ายอื่นตามกฎหมายว่าด้วยหลักประกันสุขภาพแห่งชาติ
คำสั่งหัวหน้าคณะรักษาความสงบแห่งชาติ ที่ ๓๗/๒๕๕๙ เรื่อง ค่าใช้จ่ายที่เกี่ยวข้องและจำเป็นต่อการสนับสนุนและส่งเสริม การจัดบริการสาธารณสุขและค่าใช้จ่ายอื่นตามกฎหมายว่าด้วยหลักประกันสุขภาพแห่งชาติ โดยที่ได้ปรากฏว่า",กฎหมายทั่วไป,คำสั่ง
kris_คส243-1L-0001,คำสั่งหัวหน้าคณะรักษาความสงบแห่งชาติ ที่ 34/2559 เรื่อง การกำหนดตำแหน่งและแต่งตั้งข้าราชการให้ดำรงตำแหน่ง,"[5/7/2559] คำสั่งหัวหน้าคณะรักษาความสงบแห่งชาติ ที่ 34/2559 เรื่อง การกำหนดตำแหน่งและแต่งตั้งข้าราชการให้ดำรงตำแหน่ง
คำสั่งหัวหน้าคณะรักษาความสงบแห่งชาติ ที่ ๓๔/๒๕๕๙ เรื่อง การกำหนดตำแหน่งและแต่งตั้งข้าราชการให้ดำรงตำแหน่ง เพื่อประโยชน์ในการบริหารราชการในกระทรวงยุติธรรม และสำนักงานคณะกรรมการป้องกันและปราบปรามยาเสพติด มีประสิท",กฎหมายทั่วไป,คำสั่ง
kris_คส244-1L-0001,คำสั่งหัวหน้าคณะรักษาความสงบแห่งชาติ ที่ 36/2559 เรื่อง มาตรการในการแก้ไขปัญหาการครอบครองที่ดิน ในเขตปฏิรูปที่ดินเพื่อเกษตรกรรมโดยมิชอบกฎหมาย,"[5/7/2559] คำสั่งหัวหน้าคณะรักษาความสงบแห่งชาติ ที่ 36/2559 เรื่อง มาตรการในการแก้ไขปัญหาการครอบครองที่ดิน ในเขตปฏิรูปที่ดินเพื่อเกษตรกรรมโดยมิชอบกฎหมาย
คำสั่งหัวหน้าคณะรักษาความสงบแห่งชาติ ที่ ๓๖/๒๕๕๙ เรื่อง มาตรการในการแก้ไขปัญหาการครอบครองที่ดิน ในเขตปฏิรูปที่ดินเพื่อเกษตรกรรมโดยมิชอบกฎหมาย ตามที่คณะรัฐมนตรีได้เคยมีมติตั้งแต่ปี พ.ศ. ๒๕๓๖ ให้มีการส่งมอบพื้นที",กฎหมายทั่วไป,คำสั่ง
kris_คส246-1L-0001,คำสั่งหัวหน้าคณะรักษาความสงบแห่งชาติ ที่ 42/2559 เรื่อง การดำเนินการโครงการรถไฟฟ้าสายสีน้ำเงิน,"[21/7/2559] คำสั่งหัวหน้าคณะรักษาความสงบแห่งชาติ ที่ 42/2559 เรื่อง การดำเนินการโครงการรถไฟฟ้าสายสีน้ำเงิน
คำสั่งหัวหน้าคณะรักษาความสงบแห่งชาติ ที่ ๔๒/๒๕๕๙ เรื่อง การดำเนินการโครงการรถไฟฟ้าสายสีน้ำเงิน โดยที่การจัดระบบการขนส่งสาธารณะเป็นเรื่องสำคัญในการพัฒนาระบบเศรษฐกิจและสังคมของประเทศและเป็นการอำนวยความสะดวกในการเ",กฎหมายทั่วไป,คำสั่ง
kris_คส247-1L-0001,คำสั่งหัวหน้าคณะรักษาความสงบแห่งชาติ ที่ 45/2559 เรื่อง การขยายกำหนดเวลาการยื่นรายการชำระภาษีเงินได้นิติบุคคลตามประมวลรัษฎากรเพื่อความเป็นธรรมแก่นักลงทุน,"[31/7/2559] คำสั่งหัวหน้าคณะรักษาความสงบแห่งชาติ ที่ 45/2559 เรื่อง การขยายกำหนดเวลาการยื่นรายการชำระภาษีเงินได้นิติบุคคลตามประมวลรัษฎากรเพื่อความเป็นธรรมแก่นักลงทุน
คำสั่งหัวหน้าคณะรักษาความสงบแห่งชาติ ที่ ๔๕/๒๕๕๙ เรื่อง การขยายกำหนดเวลาการยื่นรายการชำระภาษีเงินได้นิติบุคคลตามประมวลรัษฎากร เพื่อความเป็นธรรมแก่นักลงทุน โดยที่การส่งเสริมการลงทุนในประเทศเป็นนโยบายสำคัญของทุกร",กฎหมายทั่วไป,คำสั่ง
kris_ค0124-1B-0001,พระราชบัญญัติคุ้มครองการดำเนินงานของสำนักเลขานุการองค์กรสำรองข้าวฉุกเฉินของอาเซียนบวกสาม พ.ศ. 2559,"[5/8/2559] พระราชบัญญัติคุ้มครองการดำเนินงานของสำนักเลขานุการองค์กรสำรองข้าวฉุกเฉินของอาเซียนบวกสาม พ.ศ. 2559
พระราชบัญญัติ คุ้มครองการดำเนินงานของสำนักเลขานุการ องค์กรสำรองข้าวฉุกเฉินของอาเซียนบวกสาม พ.ศ. ๒๕๕๙ ภูมิพลอดุลยเดช ป.ร. ให้ไว้ ณ วันที่ ๓ สิงหาคม พ.ศ. ๒๕๕๙ เป็นปีที่ ๗๑ ในรัชกาลปัจจุบัน พระบาทสมเด็จพระปรมินทรม",กฎหมายทั่วไป,พระราชบัญญัติ
kris_คส248-1L-0001,คำสั่งหัวหน้าคณะรักษาความสงบแห่งชาติ ที่ 49/2559 เรื่อง มาตรการอุปถัมภ์และคุ้มครองศาสนาต่าง ๆ ในประเทศไทย,"[22/8/2559] คำสั่งหัวหน้าคณะรักษาความสงบแห่งชาติ ที่ 49/2559 เรื่อง มาตรการอุปถัมภ์และคุ้มครองศาสนาต่าง ๆ ในประเทศไทย
คำสั่งหัวหน้าคณะรักษาความสงบแห่งชาติ ที่ ๔๙/๒๕๕๙ เรื่อง มาตรการอุปถัมภ์และคุ้มครองศาสนาต่าง ๆ ในประเทศไทย โดยที่รัฐธรรมนูญแห่งราชอาณาจักรไทยเกือบทุกฉบับที่มีมาในอดีตและฉบับที่ได้รับความเห็นชอบในการออกเสียงประชา",กฎหมายทั่วไป,คำสั่ง
kris_คส249-1L-0002,คำสั่งหัวหน้าคณะรักษาความสงบแห่งชาติ ที่ 53/2559 เรื่อง การแก้ไขปัญหาการทำการประมงผิดกฎหมาย ขาดการรายงาน และไร้การควบคุม เพิ่มเติมครั้งที่ 3 (ยกเลิก),"[9/9/2559] คำสั่งหัวหน้าคณะรักษาความสงบแห่งชาติ ที่ 53/2559 เรื่อง การแก้ไขปัญหาการทำการประมงผิดกฎหมาย ขาดการรายงาน และไร้การควบคุม เพิ่มเติมครั้งที่ 3 (ยกเลิก)
คำสั่งหัวหน้าคณะรักษาความสงบแห่งชาติ ที่ ๕๓/๒๕๕๙ เรื่อง การแก้ไขปัญหาการทำการประมงผิดกฎหมาย ขาดการรายงาน และไร้การควบคุม เพิ่มเติมครั้งที่ ๓ (ยกเลิก) ตามที่ประเทศไทยได้มีการบังคับใช้พระราชกำหนดการประมง พ.ศ. ๒๕๕",กฎหมายทั่วไป,คำสั่ง
kris_ค0009-1B-0001,พระราชบัญญัติควบคุมการฆ่าสัตว์เพื่อการจำหน่ายเนื้อสัตว์ พ.ศ. 2559,"[26/9/2559] พระราชบัญญัติควบคุมการฆ่าสัตว์เพื่อการจำหน่ายเนื้อสัตว์ พ.ศ. 2559
พระราชบัญญัติว่าด้วยการปรับเป็นพินัย พ.ศ. ๒๕๖๕ ภูมิพลอดุลยเดช ป.ร. ให้ไว้ ณ วันที่ ๒๖ กันยายน พ.ศ. ๒๕๕๙ เป็นปีที่ ๗๑ ในรัชกาลปัจจุบัน พระบาทสมเด็จพระปรมินทรมหาภูมิพลอดุลยเดช มีพระบรมราชโองการโปรดเกล้าฯ ให้ประกา",กฎหมายทั่วไป,พระราชบัญญัติ
kris_คส251-1L-0001,คำสั่งหัวหน้าคณะรักษาความสงบแห่งชาติ ที่ 60/2559 เรื่อง มาตรการป้องกันการนำช้างป่ามาสวมสิทธิเป็นช้างบ้าน,"[28/9/2559] คำสั่งหัวหน้าคณะรักษาความสงบแห่งชาติ ที่ 60/2559 เรื่อง มาตรการป้องกันการนำช้างป่ามาสวมสิทธิเป็นช้างบ้าน
คำสั่งหัวหน้าคณะรักษาความสงบแห่งชาติ ที่ ๖๐/๒๕๕๙ เรื่อง มาตรการป้องกันการนำช้างป่ามาสวมสิทธิเป็นช้างบ้าน โดยที่ประเทศไทยเป็นภาคีอนุสัญญาว่าด้วยการค้าระหว่างประเทศซึ่งชนิดสัตว์ป่าและพืชป่าที่ใกล้สูญพันธุ์ (Conve",กฎหมายทั่วไป,คำสั่ง
kris_ค0125-1B-0001,พระราชบัญญัติคุมประพฤติ พ.ศ. 2559,"[3/10/2559] พระราชบัญญัติคุมประพฤติ พ.ศ. 2559
พระราชบัญญัติ คุมประพฤติ พ.ศ. ๒๕๕๙ ภูมิพลอดุลยเดช ป.ร. ให้ไว้ ณ วันที่ ๒๙ กันยายน พ.ศ. ๒๕๕๙ เป็นปีที่ ๗๑ ในรัชกาลปัจจุบัน พระบาทสมเด็จพระปรมินทรมหาภูมิพลอดุลยเดช มีพระบรมราชโองการโปรดเกล้าฯ ให้ประกาศว่า โดยที่เ",กฎหมายทั่วไป,พระราชบัญญัติ
kris_คส114-1L-0001,ประกาศคณะรักษาความสงบแห่งชาติ ที่ 2/2559 เรื่อง การกำหนดรายชื่อสถาบันอุดมศึกษาอื่น ตามคำสั่งหัวหน้าคณะรักษาความสงบแห่งชาติ ที่ 39/2559 เรื่อง การจัดระเบียบและแก้ไขปัญหาธรรมาภิบาลในสถาบันอุดมศึกษา ลงวันที่ 12 กรกฎาคม พุทธศักราช 2559 (ยกเลิก),"[4/10/2559] ประกาศคณะรักษาความสงบแห่งชาติ ที่ 2/2559 เรื่อง การกำหนดรายชื่อสถาบันอุดมศึกษาอื่น ตามคำสั่งหัวหน้าคณะรักษาความสงบแห่งชาติ ที่ 39/2559 เรื่อง การจัดระเบียบและแก้ไขปัญหาธรรมาภิบาลในสถาบันอุดมศึกษา ลงวันที่ 12 กรกฎาคม พุทธศักราช 2559 (ยกเลิก)
ประกาศคณะรักษาความสงบแห่งชาติ ที่ ๒/๒๕๕๙ เรื่อง การกำหนดรายชื่อสถาบันอุดมศึกษาอื่น ตามคำสั่งหัวหน้าคณะรักษาความสงบแห่งชาติ ที่ ๓๙/๒๕๕๙ เรื่อง การจัดระเบียบและแก้ไขปัญหาธรรมาภิบาลในสถาบันอุดมศึกษา ลงวันที่ ๑๒ กร",กฎหมายทั่วไป,ประกาศ
kris_คส252-1L-0001,คำสั่งหัวหน้าคณะรักษาความสงบแห่งชาติ ที่ 63/2559 เรื่อง การส่งเสริม สนับสนุน และปฏิรูปการกีฬาของประเทศ,"[18/10/2559] คำสั่งหัวหน้าคณะรักษาความสงบแห่งชาติ ที่ 63/2559 เรื่อง การส่งเสริม สนับสนุน และปฏิรูปการกีฬาของประเทศ
คำสั่งหัวหน้าคณะรักษาความสงบแห่งชาติ ที่ ๖๓/๒๕๕๙ เรื่อง การส่งเสริม สนับสนุน และปฏิรูปการกีฬาของประเทศ โดยที่คณะรัฐมนตรีได้มีมติเมื่อวันที่ ๑๓ ตุลาคม ๒๕๕๘ เห็นชอบให้ควบรวมกองทุนส่งเสริมกีฬาอาชีพและกองทุนกีฬามวย",กฎหมายทั่วไป,คำสั่ง
kris_คส253-1L-0001,คำสั่งหัวหน้าคณะรักษาความสงบแห่งชาติ ที่ 66/2559 เรื่อง การกำหนดตำแหน่งและแต่งตั้งข้าราชการให้ดำรงตำแหน่ง,"[5/11/2559] คำสั่งหัวหน้าคณะรักษาความสงบแห่งชาติ ที่ 66/2559 เรื่อง การกำหนดตำแหน่งและแต่งตั้งข้าราชการให้ดำรงตำแหน่ง
คำสั่งหัวหน้าคณะรักษาความสงบแห่งชาติ ที่ ๖๖/๒๕๕๙ เรื่อง การกำหนดตำแหน่งและแต่งตั้งข้าราชการให้ดำรงตำแหน่ง โดยที่เป็นการสมควรกำหนดตำแหน่งและแต่งตั้งข้าราชการให้ดำรงตำแหน่งเพื่อประโยชน์ในการบริหารราชการในกระทรวงด",กฎหมายทั่วไป,คำสั่ง
kris_คส254-1L-0001,คำสั่งหัวหน้าคณะรักษาความสงบแห่งชาติ ที่ 67/2559 เรื่อง การแก้ไขเพิ่มเติมกฎหมายว่าด้วยธุรกิจรักษาความปลอดภัย,"[10/11/2559] คำสั่งหัวหน้าคณะรักษาความสงบแห่งชาติ ที่ 67/2559 เรื่อง การแก้ไขเพิ่มเติมกฎหมายว่าด้วยธุรกิจรักษาความปลอดภัย
คำสั่งหัวหน้าคณะรักษาความสงบแห่งชาติ ที่ ๖๗/๒๕๕๙ เรื่อง การแก้ไขเพิ่มเติมกฎหมายว่าด้วยธุรกิจรักษาความปลอดภัย ตามที่ได้มีการประกาศใช้พระราชบัญญัติธุรกิจรักษาความปลอดภัย พ.ศ. ๒๕๕๘ ในราชกิจจานุเบกษาแล้วเมื่อวันที่",กฎหมายทั่วไป,คำสั่ง
kris_คส255-1L-0002,คำสั่งหัวหน้าคณะรักษาความสงบแห่งชาติ ที่ 70/2559 เรื่อง การยกเลิกคำสั่งคณะรักษาความสงบแห่งชาติ ที่ 45/2557 และฉบับแก้ไขเพิ่มเติม,"[7/12/2559] คำสั่งหัวหน้าคณะรักษาความสงบแห่งชาติ ที่ 70/2559 เรื่อง การยกเลิกคำสั่งคณะรักษาความสงบแห่งชาติ ที่ 45/2557 และฉบับแก้ไขเพิ่มเติม
คำสั่งหัวหน้าคณะรักษาความสงบแห่งชาติ ที่ ๗๐/๒๕๕๙ เรื่อง การยกเลิกคำสั่งคณะรักษาความสงบแห่งชาติ ที่ ๔๕/๒๕๕๗ และฉบับแก้ไขเพิ่มเติม ตามที่คณะรักษาความสงบแห่งชาติมีนโยบายสำคัญและเร่งด่วนในการป้องกันและขจัดปัญหาการท",กฎหมายทั่วไป,คำสั่ง
kris_คส219-1L-0002,คำสั่งหัวหน้าคณะรักษาความสงบแห่งชาติที่ 8/2559 เรื่อง การบริหารจัดการรวมสถานศึกษาอาชีวศึกษาภาครัฐและภาคเอกชน,"[12/12/2559] คำสั่งหัวหน้าคณะรักษาความสงบแห่งชาติที่ 8/2559 เรื่อง การบริหารจัดการรวมสถานศึกษาอาชีวศึกษาภาครัฐและภาคเอกชน
คำสั่งหัวหน้าคณะรักษาความสงบแห่งชาติ ที่ ๘/๒๕๕๙ เรื่อง การบริหารจัดการรวมสถานศึกษาอาชีวศึกษาภาครัฐและภาคเอกชน เพื่อให้การปฏิรูปการศึกษาและการบริหารราชการในกระทรวงศึกษาธิการเกิดประสิทธิภาพและมีความเหมาะสมมากยิ่ง",กฎหมายทั่วไป,คำสั่ง
kris_คส257-1L-0001,คำสั่งหัวหน้าคณะรักษาความสงบแห่งชาติ ที่ 72/2559 เรื่อง การแก้ไขปัญหาผลกระทบจากการประกอบกิจการเหมืองแร่ทองคำ,"[13/12/2559] คำสั่งหัวหน้าคณะรักษาความสงบแห่งชาติ ที่ 72/2559 เรื่อง การแก้ไขปัญหาผลกระทบจากการประกอบกิจการเหมืองแร่ทองคำ
คำสั่งหัวหน้าคณะรักษาความสงบแห่งชาติ ที่ ๗๒/๒๕๕๙ เรื่อง การแก้ไขปัญหาผลกระทบจากการประกอบกิจการเหมืองแร่ทองคำ โดยที่ได้มีการร้องเรียนและคัดค้านการประกอบกิจการเหมืองแร่ทองคำเนื่องจากการประกอบกิจการดังกล่าวได้ก่อใ",กฎหมายทั่วไป,คำสั่ง
kris_คส256-1L-0001,คำสั่งหัวหน้าคณะรักษาความสงบแห่งชาติ ที่ 71/2559 เรื่อง การยกเลิกกฎหมายว่าด้วยสภาที่ปรึกษาเศรษฐกิจและสังคมแห่งชาติ กฎหมายว่าด้วยสภาพัฒนาการเมือง และกฎหมายว่าด้วยคณะกรรมการปฏิรูปกฎหมาย,"[13/12/2559] คำสั่งหัวหน้าคณะรักษาความสงบแห่งชาติ ที่ 71/2559 เรื่อง การยกเลิกกฎหมายว่าด้วยสภาที่ปรึกษาเศรษฐกิจและสังคมแห่งชาติ กฎหมายว่าด้วยสภาพัฒนาการเมือง และกฎหมายว่าด้วยคณะกรรมการปฏิรูปกฎหมาย
คำสั่งหัวหน้าคณะรักษาความสงบแห่งชาติ ที่ ๗๑/๒๕๕๙ เรื่อง การยกเลิกกฎหมายว่าด้วยสภาที่ปรึกษาเศรษฐกิจและสังคมแห่งชาติ กฎหมายว่าด้วยสภาพัฒนาการเมือง และกฎหมายว่าด้วยคณะกรรมการปฏิรูปกฎหมาย ตามที่ได้มีประกาศคณะรักษาค",กฎหมายทั่วไป,คำสั่ง
kris_คส258-1L-0001,คำสั่งหัวหน้าคณะรักษาความสงบแห่งชาติ ที่ 73/2559 เรื่อง การปฏิบัติหน้าที่ของผู้อำนวยการสำนักงานรับรองมาตรฐาน และประเมินคุณภาพการศึกษา (เพิ่มเติม),"[13/12/2559] คำสั่งหัวหน้าคณะรักษาความสงบแห่งชาติ ที่ 73/2559 เรื่อง การปฏิบัติหน้าที่ของผู้อำนวยการสำนักงานรับรองมาตรฐาน และประเมินคุณภาพการศึกษา (เพิ่มเติม)
คำสั่งหัวหน้าคณะรักษาความสงบแห่งชาติ ที่ ๗๓/๒๕๕๙ เรื่อง การปฏิบัติหน้าที่ของผู้อำนวยการสำนักงานรับรองมาตรฐาน และประเมินคุณภาพการศึกษา (เพิ่มเติม) ตามที่มีคำสั่งหัวหน้าคณะรักษาความสงบแห่งชาติ ที่ ๒๓/๒๕๕๙ เรื่อง",กฎหมายทั่วไป,คำสั่ง
kris_คส259-1L-0002,คำสั่งหัวหน้าคณะรักษาความสงบแห่งชาติ ที่ 74/2559 เรื่อง แก้ไขเพิ่มเติมคำสั่งหัวหน้าคณะรักษาความสงบแห่งชาติ ที่ 17/2558,"[20/12/2559] คำสั่งหัวหน้าคณะรักษาความสงบแห่งชาติ ที่ 74/2559 เรื่อง แก้ไขเพิ่มเติมคำสั่งหัวหน้าคณะรักษาความสงบแห่งชาติ ที่ 17/2558
คำสั่งหัวหน้าคณะรักษาความสงบแห่งชาติ ที่ ๗๔/๒๕๕๙ เรื่อง แก้ไขเพิ่มเติมคำสั่งหัวหน้าคณะรักษาความสงบแห่งชาติ ที่ ๑๗/๒๕๕๘ ตามที่หัวหน้าคณะรักษาความสงบแห่งชาติได้ออกคำสั่งหัวหน้าคณะรักษาความสงบแห่งชาติ ที่ ๑๗/๒๕๕๘",กฎหมายทั่วไป,คำสั่ง
kris_คส260-1L-0001,คำสั่งหัวหน้าคณะรักษาความสงบแห่งชาติ ที่ 76/2559 เรื่อง มาตรการส่งเสริมการประกอบกิจการวิทยุกระจายเสียง วิทยุโทรทัศน์ และกิจการโทรคมนาคม เพื่อประโยชน์สาธารณะ,"[20/12/2559] คำสั่งหัวหน้าคณะรักษาความสงบแห่งชาติ ที่ 76/2559 เรื่อง มาตรการส่งเสริมการประกอบกิจการวิทยุกระจายเสียง วิทยุโทรทัศน์ และกิจการโทรคมนาคม เพื่อประโยชน์สาธารณะ
คำสั่งหัวหน้าคณะรักษาความสงบแห่งชาติ ที่ ๗๖/๒๕๕๙ เรื่อง มาตรการส่งเสริมการประกอบกิจการวิทยุกระจายเสียง วิทยุโทรทัศน์ และกิจการโทรคมนาคม เพื่อประโยชน์สาธารณะ โดยที่ในปัจจุบันการประกอบกิจการโทรทัศน์ภาคพื้นดินในระ",กฎหมายทั่วไป,คำสั่ง
kris_คส316-1L-0001,คำสั่งหัวหน้าคณะรักษาความสงบแห่งชาติที่ 77/2559 เรื่อง การเพิ่มประสิทธิภาพในกระบวนการพิจารณาอนุญาตผลิตภัณฑ์สุขภาพ,"[28/12/2559] คำสั่งหัวหน้าคณะรักษาความสงบแห่งชาติที่ 77/2559 เรื่อง การเพิ่มประสิทธิภาพในกระบวนการพิจารณาอนุญาตผลิตภัณฑ์สุขภาพ
คำสั่งหัวหน้าคณะรักษาความสงบแห่งชาติ ที่ ๗๗/๒๕๕๙ เรื่อง การเพิ่มประสิทธิภาพในกระบวนการพิจารณาอนุญาตผลิตภัณฑ์สุขภาพ โดยที่ได้ปรากฏว่ากระบวนการพิจารณาอนุญาตตามกฎหมายเกี่ยวกับการกำกับดูแลผลิตภัณฑ์สุขภาพ มีขั้นตอนใ",กฎหมายทั่วไป,คำสั่ง
kris_คส261-1L-0001,คำสั่งหัวหน้าคณะรักษาความสงบแห่งชาติ ที่ 1/2560 เรื่อง การแก้ไขปัญหาการบริหารงานบุคคลของกระทรวงศึกษาธิการ,"[10/1/2560] คำสั่งหัวหน้าคณะรักษาความสงบแห่งชาติ ที่ 1/2560 เรื่อง การแก้ไขปัญหาการบริหารงานบุคคลของกระทรวงศึกษาธิการ
คำสั่งหัวหน้าคณะรักษาความสงบแห่งชาติ ที่ ๑๙/๒๕๖๐ เรื่อง การปฏิรูปการศึกษาในภูมิภาคของกระทรวงศึกษาธิการ จากข้อเท็จจริงที่ได้ปรากฏให้เห็นถึงสภาพปัญหาในการจัดการการศึกษาของประเทศในส่วนภูมิภาคทั้งในด้านโครงสร้างของ",กฎหมายทั่วไป,คำสั่ง
kris_คส262-1L-0001,คำสั่งหัวหน้าคณะรักษาความสงบแห่งชาติ ที่ 2/2560 เรื่อง การพัฒนาระเบียงเศรษฐกิจพิเศษภาคตะวันออก (ยกเลิก),"[17/1/2560] คำสั่งหัวหน้าคณะรักษาความสงบแห่งชาติ ที่ 2/2560 เรื่อง การพัฒนาระเบียงเศรษฐกิจพิเศษภาคตะวันออก (ยกเลิก)
คำสั่งหัวหน้าคณะรักษาความสงบแห่งชาติ ที่ ๒๘/๒๕๖๐ เรื่อง มาตรการเพิ่มประสิทธิภาพการพัฒนาระเบียงเศรษฐกิจพิเศษภาคตะวันออก โดยที่คณะรักษาความสงบแห่งชาติมีนโยบายส่งเสริมและสนับสนุนการจัดตั้งเขตพัฒนาเศรษฐกิจพิเศษเพื่",กฎหมายทั่วไป,คำสั่ง
kris_คส263-1L-0001,คำสั่งคณะรักษาความสงบแห่งชาติ ที่ 1/2560 เรื่อง มอบอำนาจการอนุมัติให้เคลื่อนย้ายกำลัง อาวุธ กระสุน วัตถุระเบิด และยุทธภัณฑ์ควบคุม,"[1/2/2560] คำสั่งคณะรักษาความสงบแห่งชาติ ที่ 1/2560 เรื่อง มอบอำนาจการอนุมัติให้เคลื่อนย้ายกำลัง อาวุธ กระสุน วัตถุระเบิด และยุทธภัณฑ์ควบคุม
คำสั่งคณะรักษาความสงบแห่งชาติ ที่ ๑/๒๕๖๐ เรื่อง มอบอำนาจการอนุมัติให้เคลื่อนย้ายกำลัง อาวุธ กระสุน วัตถุระเบิด และยุทธภัณฑ์ควบคุม ตามที่ได้มีประกาศคณะรักษาความสงบแห่งชาติ ฉบับที่ ๑/๒๕๕๗ เรื่อง การควบคุมอำนาจการ",กฎหมายทั่วไป,คำสั่ง
kris_คส264-1L-0001,คำสั่งหัวหน้าคณะรักษาความสงบแห่งชาติ ที่ 4/2560 เรื่อง การเปลี่ยนแปลงองค์ประกอบของคณะกรรมการส่งเสริมการลงทุน ตามประกาศคณะรักษาความสงบแห่งชาติ ที่ 105/2557,"[7/2/2560] คำสั่งหัวหน้าคณะรักษาความสงบแห่งชาติ ที่ 4/2560 เรื่อง การเปลี่ยนแปลงองค์ประกอบของคณะกรรมการส่งเสริมการลงทุน ตามประกาศคณะรักษาความสงบแห่งชาติ ที่ 105/2557
คำสั่งหัวหน้าคณะรักษาความสงบแห่งชาติ ที่ ๔/๒๕๖๐ เรื่อง การเปลี่ยนแปลงองค์ประกอบของคณะกรรมการส่งเสริมการลงทุน ตามประกาศคณะรักษาความสงบแห่งชาติ ที่ ๑๐๕/๒๕๕๗ เพื่อให้การปฏิบัติหน้าที่ของคณะกรรมการที่แต่งตั้งตามประ",กฎหมายทั่วไป,คำสั่ง
kris_คส265-1L-0002,คำสั่งหัวหน้าคณะรักษาความสงบแห่งชาติ ที่ 8/2560 เรื่อง การขับเคลื่อนการปฏิรูปการบริหารงานส่วนบุคคลท้องถิ่น,"[21/2/2560] คำสั่งหัวหน้าคณะรักษาความสงบแห่งชาติ ที่ 8/2560 เรื่อง การขับเคลื่อนการปฏิรูปการบริหารงานส่วนบุคคลท้องถิ่น
คำสั่งหัวหน้าคณะรักษาความสงบแห่งชาติ ที่ ๘/๒๕๖๐ เรื่อง การขับเคลื่อนการปฏิรูปการบริหารงานส่วนบุคคลท้องถิ่น โดยที่ในปัจจุบันปัญหาการบริหารงานบุคคลขององค์กรปกครองส่วนท้องถิ่นมีแนวโน้มเพิ่มมากขึ้นอันเนื่องมาจากมีก",กฎหมายทั่วไป,คำสั่ง
kris_คส266-1L-0001,คำสั่งหัวหน้าคณะรักษาความสงบแห่งชาติ ที่ 9/2560 เรื่อง การดำเนินโครงการพัฒนาที่อยู่อาศัยชุมชนริมคลองลาดพร้าวและคลองเปรมประชากร เพื่อแก้ไขปัญหาการบุกรุกลำน้ำสาธารณะ,"[21/2/2560] คำสั่งหัวหน้าคณะรักษาความสงบแห่งชาติ ที่ 9/2560 เรื่อง การดำเนินโครงการพัฒนาที่อยู่อาศัยชุมชนริมคลองลาดพร้าวและคลองเปรมประชากร เพื่อแก้ไขปัญหาการบุกรุกลำน้ำสาธารณะ
คำสั่งหัวหน้าคณะรักษาความสงบแห่งชาติ ที่ ๙/๒๕๖๐ เรื่อง การดำเนินโครงการพัฒนาที่อยู่อาศัยชุมชนริมคลองลาดพร้าวและคลองเปรมประชากร เพื่อแก้ไขปัญหาการบุกรุกลำน้ำสาธารณะ โดยที่รัฐบาลมีนโยบายสำคัญเร่งด่วนในการแก้ไขปัญ",กฎหมายทั่วไป,คำสั่ง
kris_คส267-1L-0001,คำสั่งหัวหน้าคณะรักษาความสงบแห่งชาติ ที่ 10/2560 เรื่อง การปรับปรุงการบริหารงานของการรถไฟแห่งประเทศไทย,"[23/2/2560] คำสั่งหัวหน้าคณะรักษาความสงบแห่งชาติ ที่ 10/2560 เรื่อง การปรับปรุงการบริหารงานของการรถไฟแห่งประเทศไทย
คำสั่งหัวหน้าคณะรักษาความสงบแห่งชาติ ที่ ๖/๒๕๖๑ เรื่อง แก้ไขเพิ่มเติมคำสั่งหัวหน้าคณะรักษาความสงบแห่งชาติ ที่ ๑๐/๒๕๖๐ ตามที่ได้มีคำสั่งหัวหน้าคณะรักษาความสงบแห่งชาติ ที่ ๑๐/๒๕๖๐ เรื่อง การปรับปรุงการบริหารงานขอ",กฎหมายทั่วไป,คำสั่ง
kris_คส268-1L-0001,คำสั่งหัวหน้าคณะรักษาความสงบแห่งชาติ ที่ 12/2560 เรื่อง การกำหนดตำแหน่งและแต่งตั้งข้าราชการให้ดำรงตำแหน่ง,"[25/2/2560] คำสั่งหัวหน้าคณะรักษาความสงบแห่งชาติ ที่ 12/2560 เรื่อง การกำหนดตำแหน่งและแต่งตั้งข้าราชการให้ดำรงตำแหน่ง
คำสั่งหัวหน้าคณะรักษาความสงบแห่งชาติ ที่ ๑๒/๒๕๖๐ เรื่อง การกำหนดตำแหน่งและแต่งตั้งข้าราชการให้ดำรงแหน่ง โดยที่มีความจำเป็นต้องปรับปรุงการบริหารงานบุคคลในบางหน่วยงานของรัฐให้เป็นไปอย่างเหมาะสมและมีประสิทธิภาพ ซึ",กฎหมายทั่วไป,คำสั่ง
kris_คส269-1L-0002,คำสั่งหัวหน้าคณะรักษาความสงบแห่งชาติ ที่ 14/2560 เรื่อง มาตรการเพิ่มประสิทธิภาพการบังคับใช้กฎหมายว่าด้วยการจราจรทางบก,"[21/3/2560] คำสั่งหัวหน้าคณะรักษาความสงบแห่งชาติ ที่ 14/2560 เรื่อง มาตรการเพิ่มประสิทธิภาพการบังคับใช้กฎหมายว่าด้วยการจราจรทางบก
คำสั่งหัวหน้าคณะรักษาความสงบแห่งชาติ ที่ ๑๔/๒๕๖๐ เรื่อง มาตรการเพิ่มประสิทธิภาพการบังคับใช้กฎหมายว่าด้วยการจราจรทางบก โดยที่ปัจจุบันมีผู้ขับขี่รถหรือเจ้าของรถที่ฝ่าฝืนหรือไม่ปฏิบัติตามกฎหมายว่าด้วยการจราจรทางบก",กฎหมายทั่วไป,คำสั่ง
kris_คส271-1L-0001,คำสั่งหัวหน้าคณะรักษาความสงบแห่งชาติ ที่ 16/2560 เรื่อง การบริหารงานบุคคลของข้าราชการครูและบุคลากรทางการศึกษา,"[21/3/2560] คำสั่งหัวหน้าคณะรักษาความสงบแห่งชาติ ที่ 16/2560 เรื่อง การบริหารงานบุคคลของข้าราชการครูและบุคลากรทางการศึกษา
คำสั่งหัวหน้าคณะรักษาความสงบแห่งชาติ ที่ ๑๖/๒๕๖๐ เรื่อง การบริหารงานบุคคลของข้าราชการครูและบุคลากรทางการศึกษา โดยที่ในการจัดระบบการศึกษาของชาติให้มีมาตรฐานทั้งในด้านหลักสูตรการเรียนการสอนและในด้านบุคลากรให้เหมา",กฎหมายทั่วไป,คำสั่ง
kris_คส272-1L-0001,คำสั่งหัวหน้าคณะรักษาความสงบแห่งชาติ ที่ 17/2560 เรื่อง แก้ไขเพิ่มเติมคำสั่งหัวหน้าคณะรักษาความสงบแห่งชาติ ที่ 7/2558,"[21/3/2560] คำสั่งหัวหน้าคณะรักษาความสงบแห่งชาติ ที่ 17/2560 เรื่อง แก้ไขเพิ่มเติมคำสั่งหัวหน้าคณะรักษาความสงบแห่งชาติ ที่ 7/2558
คำสั่งหัวหน้าคณะรักษาความสงบแห่งชาติ ที่ ๑๗/๒๕๖๐ เรื่อง แก้ไขเพิ่มเติมคำสั่งหัวหน้าคณะรักษาความสงบแห่งชาติ ที่ ๗/๒๕๕๘ โดยที่ข้าราชการครูและบุคลากรทางการศึกษา รวมไปถึงสภาครูและบุคลากรทางการศึกษาและผู้บริหารสภาดั",กฎหมายทั่วไป,คำสั่ง
kris_คส270-1L-0001,คำสั่งหัวหน้าคณะรักษาความสงบแห่งชาติ ที่ 15/2560 เรื่อง มาตรการเพิ่มความปลอดภัยในรถโดยสารสาธารณะ,"[21/3/2560] คำสั่งหัวหน้าคณะรักษาความสงบแห่งชาติ ที่ 15/2560 เรื่อง มาตรการเพิ่มความปลอดภัยในรถโดยสารสาธารณะ
คำสั่งหัวหน้าคณะรักษาความสงบแห่งชาติ ที่ ๑๕/๒๕๖๐ เรื่อง มาตรการเพิ่มความปลอดภัยในรถโดยสารสาธารณะ เนื่องจากในปัจจุบันการใช้บริการรถโดยสารสาธารณะโดยเฉพาะรถตู้โดยสาร ทั้งในเขตกรุงเทพมหานครและต่างจังหวัดเป็นที่นิยม",กฎหมายทั่วไป,คำสั่ง
kris_คส273-1L-0001,คำสั่งคณะรักษาความสงบแห่งชาติ ที่ 4/2560 เรื่อง แต่งตั้งคณะกรรมการการสร้างความรู้ ความเข้าใจ และรับทราบความคิดเห็นเกี่ยวกับสถานการณ์พลังงานไฟฟ้าในพื้นที่ภาคใต้,"[22/3/2560] คำสั่งคณะรักษาความสงบแห่งชาติ ที่ 4/2560 เรื่อง แต่งตั้งคณะกรรมการการสร้างความรู้ ความเข้าใจ และรับทราบความคิดเห็นเกี่ยวกับสถานการณ์พลังงานไฟฟ้าในพื้นที่ภาคใต้
คำสั่งคณะรักษาความสงบแห่งชาติ ที่ ๔/๒๕๖๐ เรื่อง แต่งตั้งคณะกรรมการการสร้างความรู้ ความเข้าใจ และรับทราบความคิดเห็น เกี่ยวกับสถานการณ์พลังงานไฟฟ้าในพื้นที่ภาคใต้ เพื่อให้การดำเนินการสร้างความรู้ ความเข้าใจ และรั",กฎหมายทั่วไป,คำสั่ง
kris_คส274-1L-0001,คำสั่งคณะรักษาความสงบแห่งชาติ ที่ 5/2560 เรื่อง แต่งตั้งคณะอนุกรรมการการสร้างความรู้ ความเข้าใจ และรับทราบความคิดเห็นเกี่ยวกับสถานการณ์พลังงานไฟฟ้าในพื้นที่ภาคใต้,"[22/3/2560] คำสั่งคณะรักษาความสงบแห่งชาติ ที่ 5/2560 เรื่อง แต่งตั้งคณะอนุกรรมการการสร้างความรู้ ความเข้าใจ และรับทราบความคิดเห็นเกี่ยวกับสถานการณ์พลังงานไฟฟ้าในพื้นที่ภาคใต้
คำสั่งคณะรักษาความสงบแห่งชาติ ที่ ๕/๒๕๖๐ เรื่อง แต่งตั้งคณะอนุกรรมการการสร้างความรู้ ความเข้าใจ และรับทราบความคิดเห็น เกี่ยวกับสถานการณ์พลังงานไฟฟ้าในพื้นที่ภาคใต้ เพื่อให้การดำเนินการสร้างความรู้ ความเข้าใจ แล",กฎหมายทั่วไป,คำสั่ง
kris_คส040-1B-0005,คำสั่งหัวหน้าคณะรักษาความสงบแห่งชาติ ที่ 19/2560 เรื่อง การปฏิรูปการศึกษาในภูมิภาคของกระทรวงศึกษาธิการ,"[3/4/2560] คำสั่งหัวหน้าคณะรักษาความสงบแห่งชาติ ที่ 19/2560 เรื่อง การปฏิรูปการศึกษาในภูมิภาคของกระทรวงศึกษาธิการ
พระราชบัญญัติแก้ไขเพิ่มเติมคำสั่งหัวหน้าคณะรักษาความสงบแห่งชาติ ที่ ๑๙/๒๕๖๐ เรื่อง การปฏิรูปการศึกษาในภูมิภาคของกระทรวงศึกษาธิการ ลงวันที่ ๓ เมษายน พุทธศักราช ๒๕๖๐ พ.ศ. ๒๕๖๕ จากข้อเท็จจริงที่ได้ปรากฏให้เห็นถึงส",กฎหมายทั่วไป,คำสั่ง
kris_คส275-1L-0001,คำสั่งหัวหน้าคณะรักษาความสงบแห่งชาติ ที่ 18/2560 เรื่อง แก้ไขเพิ่มเติมคำสั่งหัวหน้าคณะรักษาความสงบแห่งชาติ ที่ 3/2560,"[3/4/2560] คำสั่งหัวหน้าคณะรักษาความสงบแห่งชาติ ที่ 18/2560 เรื่อง แก้ไขเพิ่มเติมคำสั่งหัวหน้าคณะรักษาความสงบแห่งชาติ ที่ 3/2560
คำสั่งหัวหน้าคณะรักษาความสงบแห่งชาติ ที่ ๑๘/๒๕๖๐ เรื่อง แก้ไขเพิ่มเติมคำสั่งหัวหน้าคณะรักษาความสงบแห่งชาติ ที่ ๓/๒๕๖๐ ตามที่ได้มีคำสั่งหัวหน้าคณะรักษาความสงบแห่งชาติ ที่ ๓/๒๕๖๐ เรื่อง การขับเคลื่อนการปฏิรูปประเ",กฎหมายทั่วไป,คำสั่ง
kris_คส277-1L-0001,คำสั่งหัวหน้าคณะรักษาความสงบแห่งชาติ ที่ 21/2560 เรื่อง การแก้ไขเพิ่มเติมกฎหมายเพื่ออำนวยความสะดวกในการประกอบธุรกิจ,"[4/4/2560] คำสั่งหัวหน้าคณะรักษาความสงบแห่งชาติ ที่ 21/2560 เรื่อง การแก้ไขเพิ่มเติมกฎหมายเพื่ออำนวยความสะดวกในการประกอบธุรกิจ
คำสั่งหัวหน้าคณะรักษาความสงบแห่งชาติ ที่ ๒๑/๒๕๖๐ เรื่อง การแก้ไขเพิ่มเติมกฎหมายเพื่ออำนวยความสะดวกในการประกอบธุรกิจ สืบเนื่องจากรายงานผลการจัดอันดับความยากง่ายในการประกอบธุรกิจของธนาคารโลกซึ่งปรากฏว่าประเทศไทยอ",กฎหมายทั่วไป,คำสั่ง
kris_คส276-1L-0001,คำสั่งหัวหน้าคณะรักษาความสงบแห่งชาติ ที่ 20/2560 เรื่อง การแต่งตั้งข้าราชการให้ดำรงตำแหน่ง,"[4/4/2560] คำสั่งหัวหน้าคณะรักษาความสงบแห่งชาติ ที่ 20/2560 เรื่อง การแต่งตั้งข้าราชการให้ดำรงตำแหน่ง
คำสั่งหัวหน้าคณะรักษาความสงบแห่งชาติ ที่ ๒๐/๒๕๖๐ เรื่อง การแต่งตั้งข้าราชการให้ดำรงตำแหน่ง โดยที่หัวหน้าคณะรักษาความสงบแห่งชาติเห็นสมควรแต่งตั้งข้าราชการให้ดำรงตำแหน่งในกรอบอัตรากำลังชั่วคราวเป็นกรณีพิเศษในสำนั",กฎหมายทั่วไป,คำสั่ง
kris_ค0064-1B-0001,พระราชบัญญัติควบคุมผลิตภัณฑ์ยาสูบ พ.ศ. 2560,"[5/4/2560] พระราชบัญญัติควบคุมผลิตภัณฑ์ยาสูบ พ.ศ. 2560
พระราชบัญญัติว่าด้วยการปรับเป็นพินัย พ.ศ. ๒๕๖๕ สมเด็จพระเจ้าอยู่หัวมหาวชิราลงกรณ บดินทรเทพยวรางกูร ให้ไว้ ณ วันที่ ๒ เมษายน พ.ศ. ๒๕๖๐ เป็นปีที่ ๒ ในรัชกาลปัจจุบัน สมเด็จพระเจ้าอยู่หัวมหาวชิราลงกรณ บดินทรเทพยวรา",กฎหมายทั่วไป,พระราชบัญญัติ
kris_คส115-1L-0001,ประกาศหัวหน้าคณะรักษาความสงบแห่งชาติ ที่ 1/2560 เรื่อง ยกเลิกการกำหนดพื้นที่ควบคุม,"[11/4/2560] ประกาศหัวหน้าคณะรักษาความสงบแห่งชาติ ที่ 1/2560 เรื่อง ยกเลิกการกำหนดพื้นที่ควบคุม
ประกาศหัวหน้าคณะรักษาความสงบแห่งชาติ ที่ ๑/๒๕๖๐ เรื่อง ยกเลิกการกำหนดพื้นที่ควบคุม ตามที่ได้มีคำสั่งหัวหน้าคณะรักษาความสงบแห่งชาติ ที่ ๕/๒๕๖๐ เรื่อง มาตรการให้อำนาจกำหนดพื้นที่ควบคุมเพื่อเพิ่มประสิทธิภาพในการบั",กฎหมายทั่วไป,ประกาศ
kris_คส278-1L-0001,คำสั่งหัวหน้าคณะรักษาความสงบแห่งชาติ ที่ 23/2560 เรื่อง มาตรการแก้ไขปัญหาความต่อเนื่องของผู้ดำรงตำแหน่งในองค์กรอิสระตามรัฐธรรมนูญ,"[17/5/2560] คำสั่งหัวหน้าคณะรักษาความสงบแห่งชาติ ที่ 23/2560 เรื่อง มาตรการแก้ไขปัญหาความต่อเนื่องของผู้ดำรงตำแหน่งในองค์กรอิสระตามรัฐธรรมนูญ
พระราชบัญญัติประกอบรัฐธรรมนูญว่าด้วยวิธีพิจารณาของศาลรัฐธรรมนูญ พ.ศ. ๒๕๖๑   โดยที่เป็นการสมควรแก้ไขเพิ่มเติมคำสั่งหัวหน้าคณะรักษาความสงบแห่งชาติ ที่ ๒๓/๒๕๖๐ เรื่อง มาตรการแก้ไขปัญหาความต่อเนื่องของผู้ดำรงตำแหน่",กฎหมายทั่วไป,คำสั่ง
kris_คส279-1L-0001,คำสั่งหัวหน้าคณะรักษาความสงบแห่งชาติ ที่ 25/2560 เรื่อง แก้ไขเพิ่มเติมคำสั่งหัวหน้าคณะรักษาความสงบแห่งชาติ ที่ 23/2560,"[17/5/2560] คำสั่งหัวหน้าคณะรักษาความสงบแห่งชาติ ที่ 25/2560 เรื่อง แก้ไขเพิ่มเติมคำสั่งหัวหน้าคณะรักษาความสงบแห่งชาติ ที่ 23/2560
พระราชบัญญัติประกอบรัฐธรรมนูญว่าด้วยการตรวจเงินแผ่นดิน พ.ศ. ๒๕๖๑ โดยที่เป็นการสมควรแก้ไขเพิ่มเติมคำสั่งหัวหน้าคณะรักษาความสงบแห่งชาติ ที่ ๒๓/๒๕๖๐ เรื่อง มาตรการแก้ไขปัญหาความต่อเนื่องของผู้ดำรงตำแหน่งในองค์กรอิ",กฎหมายทั่วไป,คำสั่ง
kris_คส280-1L-0001,คำสั่งหัวหน้าคณะรักษาความสงบแห่งชาติ ที่ 26/2560 เรื่อง การแก้ไขปัญหาการดำเนินงานของกองทุนฟื้นฟูและพัฒนาเกษตรกร,"[18/5/2560] คำสั่งหัวหน้าคณะรักษาความสงบแห่งชาติ ที่ 26/2560 เรื่อง การแก้ไขปัญหาการดำเนินงานของกองทุนฟื้นฟูและพัฒนาเกษตรกร
คำสั่งหัวหน้าคณะรักษาความสงบแห่งชาติ ที่ ๒๖/๒๕๖๐ เรื่อง การแก้ไขปัญหาการดำเนินงานของกองทุนฟื้นฟูและพัฒนาเกษตรกร จากการที่กองทุนฟื้นฟูและพัฒนาเกษตรกรได้ให้ความช่วยเหลือเกษตรกรโดยการรับซื้อหนี้สินจากเกษตรกรนั้น ใ",กฎหมายทั่วไป,คำสั่ง
kris_คส281-1L-0001,คำสั่งหัวหน้าคณะรักษาความสงบแห่งชาติ ที่ 27/2560 เรื่อง การพัฒนาการศึกษาของประเทศด้านวิทยาศาสตร์และเทคโนโลยี,"[26/5/2560] คำสั่งหัวหน้าคณะรักษาความสงบแห่งชาติ ที่ 27/2560 เรื่อง การพัฒนาการศึกษาของประเทศด้านวิทยาศาสตร์และเทคโนโลยี
คำสั่งหัวหน้าคณะรักษาความสงบแห่งชาติ ที่ ๒๗/๒๕๖๐ เรื่อง การพัฒนาการศึกษาของประเทศด้านวิทยาศาสตร์และเทคโนโลยี โดยที่รัฐบาลได้มีนโยบายปรับเปลี่ยนโครงสร้างทางเศรษฐกิจแบบเดิมไปสู่เศรษฐกิจที่ขับเคลื่อนด้วยนวัตกรรม จ",กฎหมายทั่วไป,คำสั่ง
kris_คส282-1L-0001,คำสั่งหัวหน้าคณะรักษาความสงบแห่งชาติ ที่ 29/2560 เรื่อง การส่งเสริมการจัดการศึกษาโดยสถาบันอุดมศึกษาที่มีศักยภาพสูงจากต่างประเทศ,"[26/5/2560] คำสั่งหัวหน้าคณะรักษาความสงบแห่งชาติ ที่ 29/2560 เรื่อง การส่งเสริมการจัดการศึกษาโดยสถาบันอุดมศึกษาที่มีศักยภาพสูงจากต่างประเทศ
คำสั่งหัวหน้าคณะรักษาความสงบแห่งชาติ ที่ ๒๙/๒๕๖๐ เรื่อง การส่งเสริมการจัดการศึกษาโดยสถาบันอุดมศึกษาที่มีศักยภาพสูงจากต่างประเทศ เพื่อให้การขับเคลื่อนการปฏิรูปการศึกษาและการยกระดับขีดความสามารถในการแข่งขันของประ",กฎหมายทั่วไป,คำสั่ง
kris_คส283-1L-0001,คำสั่งหัวหน้าคณะรักษาความสงบแห่งชาติ ที่ 30/2560 เรื่อง มาตรการเร่งรัดและเพิ่มประสิทธิภาพการดำเนินการโครงการรถไฟความเร็วสูง ช่วงกรุงเทพ – นครราชสีมา,"[15/6/2560] คำสั่งหัวหน้าคณะรักษาความสงบแห่งชาติ ที่ 30/2560 เรื่อง มาตรการเร่งรัดและเพิ่มประสิทธิภาพการดำเนินการโครงการรถไฟความเร็วสูง ช่วงกรุงเทพ – นครราชสีมา
คำสั่งหัวหน้าคณะรักษาความสงบแห่งชาติ ที่ ๓๐/๒๕๖๐ เรื่อง มาตรการเร่งรัดและเพิ่มประสิทธิภาพการดำเนินการโครงการรถไฟความเร็วสูง ช่วงกรุงเทพ – นครราชสีมา โดยที่มีความจำเป็นต้องพัฒนาระบบคมนาคมให้ก้าวหน้า ทันสมัย และส",กฎหมายทั่วไป,คำสั่ง
kris_คส284-1L-0001,คำสั่งหัวหน้าคณะรักษาความสงบแห่งชาติ ที่ 31/2560 เรื่อง การใช้ที่ดินเพื่อเกษตรกรรมตามกฎหมายว่าด้วยการปฏิรูปที่ดินเพื่อเกษตรกรรมให้เกิดประโยชน์สูงสุดแก่เกษตรกรและประโยชน์สาธารณะของประเทศ,"[23/6/2560] คำสั่งหัวหน้าคณะรักษาความสงบแห่งชาติ ที่ 31/2560 เรื่อง การใช้ที่ดินเพื่อเกษตรกรรมตามกฎหมายว่าด้วยการปฏิรูปที่ดินเพื่อเกษตรกรรมให้เกิดประโยชน์สูงสุดแก่เกษตรกรและประโยชน์สาธารณะของประเทศ
คำสั่งหัวหน้าคณะรักษาความสงบแห่งชาติ ที่ ๓๑/๒๕๖๐ เรื่อง การใช้ที่ดินเพื่อเกษตรกรรมตามกฎหมายว่าด้วยการปฏิรูปที่ดินเพื่อเกษตรกรรม ให้เกิดประโยชน์สูงสุดแก่เกษตรกรและประโยชน์สาธารณะของประเทศ ตามที่รัฐบาลมีนโยบายส่ง",กฎหมายทั่วไป,คำสั่ง
kris_คส116-1L-0001,ประกาศคณะรักษาความสงบแห่งชาติ ที่ 1/2560 เรื่อง การกำหนดรายชื่อสถาบันอุดมศึกษาอื่น ตามคำสั่งหัวหน้าคณะรักษาความสงบแห่งชาติ ที่ 39/2559 เรื่อง การจัดระเบียบและแก้ไขปัญหาธรรมาภิบาลในสถาบันอุดมศึกษา ลงวันที่ 12 กรกฎาคม พุทธศักราช 2559 (ยกเลิก),"[23/6/2560] ประกาศคณะรักษาความสงบแห่งชาติ ที่ 1/2560 เรื่อง การกำหนดรายชื่อสถาบันอุดมศึกษาอื่น ตามคำสั่งหัวหน้าคณะรักษาความสงบแห่งชาติ ที่ 39/2559 เรื่อง การจัดระเบียบและแก้ไขปัญหาธรรมาภิบาลในสถาบันอุดมศึกษา ลงวันที่ 12 กรกฎาคม พุทธศักราช 2559 (ยกเลิก)
ประกาศคณะรักษาความสงบแห่งชาติ ที่ ๑/๒๕๖๐ เรื่อง การกำหนดรายชื่อสถาบันอุดมศึกษาอื่น ตามคำสั่งหัวหน้าคณะรักษาความสงบแห่งชาติ ที่ ๓๙/๒๕๕๙ เรื่อง การจัดระเบียบและแก้ไขปัญหาธรรมาภิบาลในสถาบันอุดมศึกษา ลงวันที่ ๑๒ กร",กฎหมายทั่วไป,ประกาศ
kris_คส285-1L-0001,คำสั่งหัวหน้าคณะรักษาความสงบแห่งชาติ ที่ 33/2560 เรื่อง มาตรการชั่วคราวเพื่อแก้ไขข้อขัดข้องในการบริหารจัดการการทำงานของคนต่างด้าว,"[4/7/2560] คำสั่งหัวหน้าคณะรักษาความสงบแห่งชาติ ที่ 33/2560 เรื่อง มาตรการชั่วคราวเพื่อแก้ไขข้อขัดข้องในการบริหารจัดการการทำงานของคนต่างด้าว
คำสั่งหัวหน้าคณะรักษาความสงบแห่งชาติ ที่ ๓๓/๒๕๖๐ เรื่อง มาตรการชั่วคราวเพื่อแก้ไขข้อขัดข้องในการบริหารจัดการการทำงานของคนต่างด้าว ตามที่มีการประกาศใช้พระราชกำหนดการบริหารจัดการการทำงานของคนต่างด้าว พ.ศ. ๒๕๖๐ เพ",กฎหมายทั่วไป,คำสั่ง
kris_ค0126-1B-0001,พระราชบัญญัติความรับผิดทางแพ่งต่อความเสียหายจากมลพิษน้ำมันอันเกิดจากเรือ พ.ศ. 2560,"[7/7/2560] พระราชบัญญัติความรับผิดทางแพ่งต่อความเสียหายจากมลพิษน้ำมันอันเกิดจากเรือ พ.ศ. 2560
พระราชบัญญัติว่าด้วยการปรับเป็นพินัย พ.ศ. ๒๕๖๕ สมเด็จพระเจ้าอยู่หัวมหาวชิราลงกรณ บดินทรเทพยวรางกูร ให้ไว้ ณ วันที่ ๒ กรกฎาคม พ.ศ. ๒๕๖๐ เป็นปีที่ ๒ ในรัชกาลปัจจุบัน สมเด็จพระเจ้าอยู่หัวมหาวชิราลงกรณ บดินทรเทพยวร",กฎหมายทั่วไป,พระราชบัญญัติ
kris_ค0127-1B-0001,พระราชบัญญัติควบคุมการส่งเสริมการตลาดอาหารสำหรับทารกและเด็กเล็ก พ.ศ. 2560,"[10/7/2560] พระราชบัญญัติควบคุมการส่งเสริมการตลาดอาหารสำหรับทารกและเด็กเล็ก พ.ศ. 2560
พระราชบัญญัติ ควบคุมการส่งเสริมการตลาดอาหารสำหรับทารกและเด็กเล็ก พ.ศ. ๒๕๖๐ สมเด็จพระเจ้าอยู่หัวมหาวชิราลงกรณ บดินทรเทพยวรางกูร ให้ไว้ ณ วันที่ ๙ กรกฎาคม พ.ศ. ๒๕๖๐ เป็นปีที่ ๒ ในรัชกาลปัจจุบัน สมเด็จพระเจ้าอยู่ห",กฎหมายทั่วไป,พระราชบัญญัติ
kris_คส286-1L-0001,คำสั่งหัวหน้าคณะรักษาความสงบแห่งชาติ ที่ 36/2560 เรื่อง การกำหนดตำแหน่งผู้ทรงคุณวุฒิประจำส่วนราชการ,"[1/8/2560] คำสั่งหัวหน้าคณะรักษาความสงบแห่งชาติ ที่ 36/2560 เรื่อง การกำหนดตำแหน่งผู้ทรงคุณวุฒิประจำส่วนราชการ
คำสั่งหัวหน้าคณะรักษาความสงบแห่งชาติ ที่ ๓๖/๒๕๖๐ เรื่อง การกำหนดตำแหน่งผู้ทรงคุณวุฒิประจำส่วนราชการ เพื่อให้การปฏิรูปประเทศและการปฏิบัติราชการตามนโยบายของรัฐบาลเป็นไปอย่างมีประสิทธิภาพ โดยนำศักยภาพของข้าราชการท",กฎหมายทั่วไป,คำสั่ง
kris_คส287-1L-0001,คำสั่งหัวหน้าคณะรักษาความสงบแห่งชาติ ที่ 37/2560 เรื่อง การแก้ไขปัญหาการบริหารงานของสถาบันอุดมศึกษา,"[8/8/2560] คำสั่งหัวหน้าคณะรักษาความสงบแห่งชาติ ที่ 37/2560 เรื่อง การแก้ไขปัญหาการบริหารงานของสถาบันอุดมศึกษา
คำสั่งหัวหน้าคณะรักษาความสงบแห่งชาติ ที่ ๓๗/๒๕๖๐ เรื่อง การแก้ไขปัญหาการบริหารงานของสถาบันอุดมศึกษา โดยที่ในปัจจุบันปัญหาการบริหารงานของสถานศึกษาของรัฐที่จัดการศึกษาระดับอุดมศึกษา มักปรากฏปัญหาการได้มาซึ่งผู้ดำ",กฎหมายทั่วไป,คำสั่ง
kris_คส288-1L-0001,คำสั่งหัวหน้าคณะรักษาความสงบแห่งชาติ ที่ 38/2560 เรื่อง การแก้ไขเพิ่มเติมองค์ประกอบและอำนาจหน้าที่ของคณะกรรมการป้องกันและปราบปรามการฟอกเงิน,"[8/8/2560] คำสั่งหัวหน้าคณะรักษาความสงบแห่งชาติ ที่ 38/2560 เรื่อง การแก้ไขเพิ่มเติมองค์ประกอบและอำนาจหน้าที่ของคณะกรรมการป้องกันและปราบปรามการฟอกเงิน
คำสั่งหัวหน้าคณะรักษาความสงบแห่งชาติ ที่ ๓๘/๒๕๖๐ เรื่อง การแก้ไขเพิ่มเติมองค์ประกอบและอำนาจหน้าที่ ของคณะกรรมการป้องกันและปราบปรามการฟอกเงิน โดยที่คณะกรรมการป้องกันและปราบปรามการฟอกเงินเป็นองค์กรที่มีความสำคัญใ",กฎหมายทั่วไป,คำสั่ง
kris_คส289-1L-0001,คำสั่งหัวหน้าคณะรักษาความสงบแห่งชาติ ที่ 41/2560 เรื่อง การบริหารจัดการยา เวชภัณฑ์ อวัยวะเทียม และอุปกรณ์ทางการแพทย์ตามโครงการพิเศษของสำนักงานหลักประกันสุขภาพแห่งชาติ,"[13/9/2560] คำสั่งหัวหน้าคณะรักษาความสงบแห่งชาติ ที่ 41/2560 เรื่อง การบริหารจัดการยา เวชภัณฑ์ อวัยวะเทียม และอุปกรณ์ทางการแพทย์ตามโครงการพิเศษของสำนักงานหลักประกันสุขภาพแห่งชาติ
คำสั่งหัวหน้าคณะรักษาความสงบแห่งชาติ ที่ ๔๑/๒๕๖๐ เรื่อง การบริหารจัดการยา เวชภัณฑ์ อวัยวะเทียม และอุปกรณ์ทางการแพทย์ ตามโครงการพิเศษของสำนักงานหลักประกันสุขภาพแห่งชาติ โดยที่การบริหารจัดการยา เวชภัณฑ์ อวัยวะเที",กฎหมายทั่วไป,คำสั่ง
kris_คส290-1L-0001,คำสั่งหัวหน้าคณะรักษาความสงบแห่งชาติ ที่ 42/2560 เรื่อง แก้ไขกฎหมายคนเข้าเมืองเพื่ออำนวยความสะดวกแก่ผู้เดินทางสัญชาติไทย,"[16/9/2560] คำสั่งหัวหน้าคณะรักษาความสงบแห่งชาติ ที่ 42/2560 เรื่อง แก้ไขกฎหมายคนเข้าเมืองเพื่ออำนวยความสะดวกแก่ผู้เดินทางสัญชาติไทย
คำสั่งหัวหน้าคณะรักษาความสงบแห่งชาติ ที่ ๔๒/๒๕๖๐ เรื่อง แก้ไขกฎหมายคนเข้าเมืองเพื่ออำนวยความสะดวกแก่ผู้เดินทางสัญชาติไทย โดยที่มาตรา ๓๘ ของรัฐธรรมนูญแห่งราชอาณาจักรไทยได้บัญญัติรับรองเสรีภาพในการเดินทางของปวงชน",กฎหมายทั่วไป,คำสั่ง
kris_คส291-1L-0001,คำสั่งหัวหน้าคณะรักษาความสงบแห่งชาติ ที่ 44/2560 เรื่อง การแต่งตั้งผู้อำนวยการสำนักงานส่งเสริมวิสาหกิจขนาดกลางและขนาดย่อม,"[11/10/2560] คำสั่งหัวหน้าคณะรักษาความสงบแห่งชาติ ที่ 44/2560 เรื่อง การแต่งตั้งผู้อำนวยการสำนักงานส่งเสริมวิสาหกิจขนาดกลางและขนาดย่อม
คำสั่งหัวหน้าคณะรักษาความสงบแห่งชาติ ที่ ๔๔/๒๕๖๐ เรื่อง การแต่งตั้งผู้อำนวยการสำนักงานส่งเสริมวิสาหกิจขนาดกลางและขนาดย่อม โดยที่ผู้ซึ่งดำรงตำแหน่งผู้อำนวยการสำนักงานส่งเสริมวิสาหกิจขนาดกลางและขนาดย่อมตามคำสั่งห",กฎหมายทั่วไป,คำสั่ง
kris_คส250-1L-0001,คำสั่งหัวหน้าคณะรักษาความสงบแห่งชาติ ที่ 58/2559 เรื่อง การรับบริการสาธารณสุขของคนพิการตามกฎหมายว่าด้วยหลักประกันสุขภาพแห่งชาติและกฎหมายว่าด้วยการประกันสังคม,"[25/10/2560] คำสั่งหัวหน้าคณะรักษาความสงบแห่งชาติ ที่ 58/2559 เรื่อง การรับบริการสาธารณสุขของคนพิการตามกฎหมายว่าด้วยหลักประกันสุขภาพแห่งชาติและกฎหมายว่าด้วยการประกันสังคม
คำสั่งหัวหน้าคณะรักษาความสงบแห่งชาติ ที่ ๔๕/๒๕๖๐ เรื่อง แก้ไขเพิ่มเติมคำสั่งหัวหน้าคณะรักษาความสงบแห่งชาติ ที่ ๕๘/๒๕๕๙ โดยที่รัฐบาลได้ตระหนักถึง ความรู้ ความสามารถ และศักยภาพของคนพิการในฐานะทรัพยากรบุคคลที่มีค่",กฎหมายทั่วไป,คำสั่ง
kris_คส292-1L-0001,คำสั่งหัวหน้าคณะรักษาความสงบแห่งชาติ ที่ 45/2560 เรื่อง แก้ไขเพิ่มเติมคำสั่งหัวหน้าคณะรักษาความสงบแห่งชาติ ที่ 58/2559,"[25/10/2560] คำสั่งหัวหน้าคณะรักษาความสงบแห่งชาติ ที่ 45/2560 เรื่อง แก้ไขเพิ่มเติมคำสั่งหัวหน้าคณะรักษาความสงบแห่งชาติ ที่ 58/2559
คำสั่งหัวหน้าคณะรักษาความสงบแห่งชาติ ที่ ๔๕/๒๕๖๐ เรื่อง แก้ไขเพิ่มเติมคำสั่งหัวหน้าคณะรักษาความสงบแห่งชาติ ที่ ๕๘/๒๕๕๙ โดยที่สมควรปฏิรูประบบการช่วยเหลือคนพิการซึ่งเป็นผู้ประกันตนตามกฎหมายว่าด้วยการประกันสังคมให",กฎหมายทั่วไป,คำสั่ง
kris_คส293-1L-0001,คำสั่งหัวหน้าคณะรักษาความสงบแห่งชาติ ที่ 46/2560 เรื่อง การจัดตั้งสำนักงานบริหารจัดการทรัพยากรน้ำแห่งชาติ,"[25/10/2560] คำสั่งหัวหน้าคณะรักษาความสงบแห่งชาติ ที่ 46/2560 เรื่อง การจัดตั้งสำนักงานบริหารจัดการทรัพยากรน้ำแห่งชาติ
คำสั่งหัวหน้าคณะรักษาความสงบแห่งชาติ ที่ ๔๖/๒๕๖๐ เรื่อง การจัดตั้งสำนักงานบริหารจัดการทรัพยากรน้ำแห่งชาติ เพื่อให้การบริหารจัดการทรัพยากรน้ำเป็นไปอย่างบูรณาการ มีประสิทธิภาพ และยั่งยืนตามแนวทางการปฏิรูปประเทศด้",กฎหมายทั่วไป,คำสั่ง
kris_คส294-1L-0001,คำสั่งหัวหน้าคณะรักษาความสงบแห่งชาติ ที่ 48/2560 เรื่อง การแต่งตั้งข้าราชการให้ดำรงตำแหน่ง,"[1/11/2560] คำสั่งหัวหน้าคณะรักษาความสงบแห่งชาติ ที่ 48/2560 เรื่อง การแต่งตั้งข้าราชการให้ดำรงตำแหน่ง
คำสั่งหัวหน้าคณะรักษาความสงบแห่งชาติ ที่ ๔๘/๒๕๖๐ เรื่อง การแต่งตั้งข้าราชการให้ดำรงตำแหน่ง โดยที่หัวหน้าคณะรักษาความสงบแห่งชาติเห็นสมควรแต่งตั้งข้าราชการให้ดำรงตำแหน่งเป็นกรณีพิเศษ อันจะเป็นประโยชน์ในการบริหารร",กฎหมายทั่วไป,คำสั่ง
kris_คส295-1L-0001,คำสั่งหัวหน้าคณะรักษาความสงบแห่งชาติ ที่ 49/2560 เรื่อง การพิสูจน์ตัวบุคคลของแรงงานต่างด้าว,"[2/11/2560] คำสั่งหัวหน้าคณะรักษาความสงบแห่งชาติ ที่ 49/2560 เรื่อง การพิสูจน์ตัวบุคคลของแรงงานต่างด้าว
คำสั่งหัวหน้าคณะรักษาความสงบแห่งชาติ ที่ ๔๙/๒๕๖๐ เรื่อง การพิสูจน์ตัวบุคคลของแรงงานต่างด้าว โดยที่ระบบการตรวจสอบบุคคลบางประเภท ซึ่งเดินทางเข้ามาในราชอาณาจักรไทย ยังไม่สามารถตรวจสอบและยืนยันอัตลักษณ์ได้ถูกต้องตา",กฎหมายทั่วไป,คำสั่ง
kris_คส297-1L-0001,คำสั่งหัวหน้าคณะรักษาความสงบแห่งชาติ ที่ 52/2560 เรื่อง การแต่งตั้งข้าราชการให้ดำรงตำแหน่ง,"[22/11/2560] คำสั่งหัวหน้าคณะรักษาความสงบแห่งชาติ ที่ 52/2560 เรื่อง การแต่งตั้งข้าราชการให้ดำรงตำแหน่ง
คำสั่งหัวหน้าคณะรักษาความสงบแห่งชาติ ที่ ๕๒/๒๕๖๐ เรื่อง การแต่งตั้งข้าราชการให้ดํารงตําแหน่ง เพื่อให้การปฏิบัติงานของสํานักงานบริหารจัดการทรัพยากรนํ้าแห่งชาติ ตลอดจนการปฏิรูป ระบบชลประทานของประเทศ เป็นไปอย่างมี",กฎหมายทั่วไป,คำสั่ง
kris_คส296-1L-0001,คำสั่งหัวหน้าคณะรักษาความสงบแห่งชาติ ที่ 51/2560 เรื่อง การแก้ไขเพิ่มเติมกฎหมายว่าด้วยการรักษาความมั่นคงภายในราชอาณาจักร,"[22/11/2560] คำสั่งหัวหน้าคณะรักษาความสงบแห่งชาติ ที่ 51/2560 เรื่อง การแก้ไขเพิ่มเติมกฎหมายว่าด้วยการรักษาความมั่นคงภายในราชอาณาจักร
คำสั่งหัวหน้าคณะรักษาความสงบแห่งชาติ ที่ ๕๑/๒๕๖๐ เรื่อง การแก้ไขเพิ่มเติมกฎหมายว่าด้วยการรักษาความมั่นคงภายในราชอาณาจักร โดยที่ในปัจจุบันสถานการณ์อันเป็นภัยคุกคามด้านความมั่นคงได้มีการปรับเปลี่ยนรูปแบบไปอย่างรว",กฎหมายทั่วไป,คำสั่ง
kris_คส298-1L-0001,คำสั่งหัวหน้าคณะรักษาความสงบแห่งชาติ ที่ 53/2560 เรื่อง การดำเนินการตามกฎหมายประกอบรัฐธรรมนูญว่าด้วยพรรคการเมือง,"[22/12/2560] คำสั่งหัวหน้าคณะรักษาความสงบแห่งชาติ ที่ 53/2560 เรื่อง การดำเนินการตามกฎหมายประกอบรัฐธรรมนูญว่าด้วยพรรคการเมือง
คำสั่งหัวหน้าคณะรักษาความสงบแห่งชาติ ที่ ๒๒/๒๕๖๑ เรื่อง การให้ประชาชนและพรรคการเมืองดำเนินกิจกรรมทางการเมือง ตามที่พระราชบัญญัติประกอบรัฐธรรมนูญว่าด้วยพรรคการเมือง พ.ศ. ๒๕๖๐ มีผลใช้บังคับแล้วตั้งแต่วันที่ ๘ ตุล",กฎหมายทั่วไป,คำสั่ง
kris_คส299-1L-0001,คำสั่งหัวหน้าคณะรักษาความสงบแห่งชาติ ที่ 54/2560 เรื่อง การจุดพลุในช่วงเทศกาลส่งท้ายปีเก่าต้อนรับปีใหม่,"[30/12/2560] คำสั่งหัวหน้าคณะรักษาความสงบแห่งชาติ ที่ 54/2560 เรื่อง การจุดพลุในช่วงเทศกาลส่งท้ายปีเก่าต้อนรับปีใหม่
คำสั่งหัวหน้าคณะรักษาความสงบแห่งชาติ ที่ ๕๔/๒๕๖๐ เรื่อง การจุดพลุในช่วงเทศกาลส่งท้ายปีเก่าต้อนรับปีใหม่ ตามที่ได้มีคำสั่งหัวหน้าคณะรักษาความสงบแห่งชาติ ที่ ๒๗/๒๕๕๙ เรื่อง มาตรการป้องกันและแก้ไขปัญหาความเดือดร้อ",กฎหมายทั่วไป,คำสั่ง
kris_คส300-1L-0001,คำสั่งหัวหน้าคณะรักษาความสงบแห่งชาติ ที่ 2/2561 เรื่อง การจัดสรรภารกิจและบุคลากรของสำนักงานทรัพยากรน้ำแห่งชาติ,"[22/1/2561] คำสั่งหัวหน้าคณะรักษาความสงบแห่งชาติ ที่ 2/2561 เรื่อง การจัดสรรภารกิจและบุคลากรของสำนักงานทรัพยากรน้ำแห่งชาติ
คำสั่งหัวหน้าคณะรักษาความสงบแห่งชาติ ที่ ๒/๒๕๖๑ เรื่อง การจัดสรรภารกิจและบุคลากรของสำนักงานทรัพยากรน้ำแห่งชาติ ตามที่ได้มีคำสั่งหัวหน้าคณะรักษาความสงบแห่งชาติ ที่ ๔๖/๒๕๖๐ เรื่อง การจัดตั้งสำนักงานบริหารจัดการทร",กฎหมายทั่วไป,คำสั่ง
kris_คส301-1L-0003,คำสั่งหัวหน้าคณะรักษาความสงบแห่งชาติ ที่ 8/2561 เรื่อง ยกเลิกบทบัญญัติบางประการในคำสั่งหัวหน้าคณะรักษาความสงบแห่งชาติว่าด้วยการแก้ไขปัญหาการทำการประมงผิดกฎหมาย ขาดการรายงาน และไร้การควบคุม,"[24/4/2561] คำสั่งหัวหน้าคณะรักษาความสงบแห่งชาติ ที่ 8/2561 เรื่อง ยกเลิกบทบัญญัติบางประการในคำสั่งหัวหน้าคณะรักษาความสงบแห่งชาติว่าด้วยการแก้ไขปัญหาการทำการประมงผิดกฎหมาย ขาดการรายงาน และไร้การควบคุม
คำสั่งหัวหน้าคณะรักษาความสงบแห่งชาติ ที่ ๘/๒๕๖๑ เรื่อง ยกเลิกบทบัญญัติบางประการในคำสั่งหัวหน้าคณะรักษาความสงบแห่งชาติว่าด้วย การแก้ไขปัญหาการทำการประมงผิดกฎหมาย ขาดการรายงาน และไร้การควบคุม ตามที่ได้มีการบังคับ",กฎหมายทั่วไป,คำสั่ง
kris_คส302-1L-0004,คำสั่งหัวหน้าคณะรักษาความสงบแห่งชาติ ที่ 9/2561 เรื่อง มาตรการบรรเทาผลกระทบต่อผู้ประกอบกิจการวิทยุกระจายเสียง วิทยุโทรทัศน์ และกิจการกระจายเสียงและกิจการโทรทัศน์,"[23/5/2561] คำสั่งหัวหน้าคณะรักษาความสงบแห่งชาติ ที่ 9/2561 เรื่อง มาตรการบรรเทาผลกระทบต่อผู้ประกอบกิจการวิทยุกระจายเสียง วิทยุโทรทัศน์ และกิจการกระจายเสียงและกิจการโทรทัศน์
คำสั่งหัวหน้าคณะรักษาความสงบแห่งชาติ ที่ ๙/๒๕๖๑ เรื่อง มาตรการบรรเทาผลกระทบต่อผู้ประกอบกิจการวิทยุกระจายเสียง วิทยุโทรทัศน์ และกิจการกระจายเสียงและกิจการโทรทัศน์ ตามที่ได้มีคำสั่งหัวหน้าคณะรักษาความสงบแห่งชาติ",กฎหมายทั่วไป,คำสั่ง
kris_คส303-1L-0001,คำสั่งคณะรักษาความสงบแห่งชาติ ที่ 2/2561 เรื่อง การปรับปรุงองค์ประกอบของคณะกรรมการต่อต้านการทุจริตแห่งชาติ,"[12/6/2561] คำสั่งคณะรักษาความสงบแห่งชาติ ที่ 2/2561 เรื่อง การปรับปรุงองค์ประกอบของคณะกรรมการต่อต้านการทุจริตแห่งชาติ
คำสั่งคณะรักษาความสงบแห่งชาติ ที่ ๒/๒๕๖๑ เรื่อง การปรับปรุงองค์ประกอบของคณะกรรมการต่อต้านการทุจริตแห่งชาติ ตามที่ได้มีคำสั่งคณะรักษาความสงบแห่งชาติ ที่ ๑๒๗/๒๕๕๗ เรื่อง แต่งตั้งคณะกรรมการต่อต้านการทุจริตแห่งชาติ",กฎหมายทั่วไป,คำสั่ง
kris_คส304-1L-0001,คำสั่งหัวหน้าคณะรักษาความสงบแห่งชาติ ที่ 11/2561 เรื่อง การแก้ไของค์ประกอบของคณะกรรมการมาตรฐานวิชาชีพ ตามกฎหมายว่าด้วยสภาครูและบุคลากรทางการศึกษา,"[25/7/2561] คำสั่งหัวหน้าคณะรักษาความสงบแห่งชาติ ที่ 11/2561 เรื่อง การแก้ไของค์ประกอบของคณะกรรมการมาตรฐานวิชาชีพ ตามกฎหมายว่าด้วยสภาครูและบุคลากรทางการศึกษา
คำสั่งหัวหน้าคณะรักษาความสงบแห่งชาติ ที่ ๑๑/๒๕๖๑ เรื่อง การแก้ไของค์ประกอบของคณะกรรมการมาตรฐานวิชาชีพ ตามกฎหมายว่าด้วยสภาครูและบุคลากรทางการศึกษา โดยเหตุที่คณะกรรมการมาตรฐานวิชาชีพตามกฎหมายว่าด้วยสภาครูและบุคลา",กฎหมายทั่วไป,คำสั่ง
kris_ค0129-1B-0001,พระราชบัญญัติคุ้มครองการดำเนินงานขององค์การสนธิสัญญาว่าด้วยการห้ามทดลองนิวเคลียร์โดยสมบูรณ์ พ.ศ. 2561,"[27/7/2561] พระราชบัญญัติคุ้มครองการดำเนินงานขององค์การสนธิสัญญาว่าด้วยการห้ามทดลองนิวเคลียร์โดยสมบูรณ์ พ.ศ. 2561
พระราชบัญญัติปรับปรุงกระทรวง ทบวง กรม (ฉบับที่ ๑๙) พ.ศ. ๒๕๖๒ สมเด็จพระเจ้าอยู่หัวมหาวชิราลงกรณ บดินทรเทพยวรางกูร ให้ไว้ ณ วันที่ ๒๕ กรกฎาคม พ.ศ. ๒๕๖๑ เป็นปีที่ ๓ ในรัชกาลปัจจุบัน สมเด็จพระเจ้าอยู่หัวมหาวชิราลงก",กฎหมายทั่วไป,พระราชบัญญัติ
kris_ค0128-1B-0001,พระราชบัญญัติคุ้มครองการดำเนินงานของศูนย์เตรียมความพร้อมป้องกันภัยพิบัติแห่งเอเชีย พ.ศ. 2561,"[27/7/2561] พระราชบัญญัติคุ้มครองการดำเนินงานของศูนย์เตรียมความพร้อมป้องกันภัยพิบัติแห่งเอเชีย พ.ศ. 2561
พระราชบัญญัติ คุ้มครองการดำเนินงานของศูนย์เตรียมความพร้อม ป้องกันภัยพิบัติแห่งเอเชีย พ.ศ. ๒๕๖๑ สมเด็จพระเจ้าอยู่หัวมหาวชิราลงกรณ บดินทรเทพยวรางกูร ให้ไว้ ณ วันที่ ๒๕ กรกฎาคม พ.ศ. ๒๕๖๑ เป็นปีที่ ๓ ในรัชกาลปัจจุบ",กฎหมายทั่วไป,พระราชบัญญัติ
kris_คส305-1L-0001,คำสั่งคณะรักษาความสงบแห่งชาติ ที่ 3/2561 เรื่อง แต่งตั้งคณะกรรมการต่อต้านการทุจริตแห่งชาติ,"[15/8/2561] คำสั่งคณะรักษาความสงบแห่งชาติ ที่ 3/2561 เรื่อง แต่งตั้งคณะกรรมการต่อต้านการทุจริตแห่งชาติ
คำสั่งคณะรักษาความสงบแห่งชาติ ที่ ๓/๒๕๖๑ เรื่อง แต่งตั้งคณะกรรมการต่อต้านการทุจริตแห่งชาติ ตามที่ได้มีคำสั่งคณะรักษาความสงบแห่งชาติ ที่ ๒/๒๕๖๑ เรื่อง การปรับปรุงองค์ประกอบของคณะกรรมการต่อต้านการทุจริตแห่งชาติ ล",กฎหมายทั่วไป,คำสั่ง
kris_คส306-1L-0001,คำสั่งหัวหน้าคณะรักษาความสงบแห่งชาติ ที่ 13/2561 เรื่อง การดำเนินการตามกฎหมายประกอบรัฐธรรมนูญว่าด้วยพรรคการเมือง (เพิ่มเติม),"[14/9/2561] คำสั่งหัวหน้าคณะรักษาความสงบแห่งชาติ ที่ 13/2561 เรื่อง การดำเนินการตามกฎหมายประกอบรัฐธรรมนูญว่าด้วยพรรคการเมือง (เพิ่มเติม)
คำสั่งหัวหน้าคณะรักษาความสงบแห่งชาติ ที่ ๒๒/๒๕๖๑ เรื่อง การให้ประชาชนและพรรคการเมืองดำเนินกิจกรรมทางการเมือง ตามที่ได้มีคำสั่งหัวหน้าคณะรักษาความสงบแห่งชาติ ที่ ๕๓/๒๕๖๐ เรื่อง การดำเนินการตามกฎหมายประกอบรัฐธรรม",กฎหมายทั่วไป,คำสั่ง
kris_คส307-1L-0002,คำสั่งหัวหน้าคณะรักษาความสงบแห่งชาติ ที่ 15/2561 เรื่อง การแก้ไขปัญหาการบริหารราชการเมืองพัทยา,"[25/9/2561] คำสั่งหัวหน้าคณะรักษาความสงบแห่งชาติ ที่ 15/2561 เรื่อง การแก้ไขปัญหาการบริหารราชการเมืองพัทยา
คำสั่งหัวหน้าคณะรักษาความสงบแห่งชาติ ที่ ๑๕/๒๕๖๑ เรื่อง การแก้ไขปัญหาการบริหารราชการเมืองพัทยา โดยที่ขณะนี้รัฐบาลอยู่ในระหว่างดำเนินการแก้ไขเพิ่มเติมกฎหมายว่าด้วยระเบียบบริหารราชการเมืองพัทยาเพื่อให้ไม่ขัดหรือแ",กฎหมายทั่วไป,คำสั่ง
kris_คส308-1L-0001,คำสั่งคณะรักษาความสงบแห่งชาติ ที่ 4/2561 เรื่อง เปลี่ยนแปลงคณะกรรมการตามองค์ประกอบคณะกรรมการต่อต้านการทุจริตแห่งชาติ,"[5/10/2561] คำสั่งคณะรักษาความสงบแห่งชาติ ที่ 4/2561 เรื่อง เปลี่ยนแปลงคณะกรรมการตามองค์ประกอบคณะกรรมการต่อต้านการทุจริตแห่งชาติ
คำสั่งคณะรักษาความสงบแห่งชาติ ที่ ๔/๒๕๖๑ เรื่อง เปลี่ยนแปลงคณะกรรมการตามองค์ประกอบคณะกรรมการต่อต้านการทุจริตแห่งชาติ ตามที่ได้มีคำสั่งคณะรักษาความสงบแห่งชาติ ที่ ๓/๒๕๖๑ เรื่อง แต่งตั้งคณะกรรมการต่อต้านการทุจริต",กฎหมายทั่วไป,คำสั่ง
kris_คส112-1L-0001,ประกาศคณะรักษาความสงบแห่งชาติ ที่ 3/2561 เรื่อง ยกเลิกประกาศคณะรักษาความสงบแห่งชาติ ที่ 1/2560,"[16/11/2561] ประกาศคณะรักษาความสงบแห่งชาติ ที่ 3/2561 เรื่อง ยกเลิกประกาศคณะรักษาความสงบแห่งชาติ ที่ 1/2560
ประกาศคณะรักษาความสงบแห่งชาติ ที่ ๓/๒๕๖๑ เรื่อง ยกเลิกประกาศคณะรักษาความสงบแห่งชาติ ที่ ๑/๒๕๖๐ ตามที่หัวหน้าคณะรักษาความสงบแห่งชาติได้มีประกาศคณะรักษาความสงบแห่งชาติ ที่ ๑/๒๕๖๐ เรื่อง การกำหนดรายชื่อสถาบันอุดมศ",กฎหมายทั่วไป,ประกาศ
kris_คส309-1L-0001,คำสั่งหัวหน้าคณะรักษาความสงบแห่งชาติ ที่ 17/2561 เรื่อง การยกเว้นภาษีเงินได้ตามประมวลรัษฎากรบางกรณี,"[16/11/2561] คำสั่งหัวหน้าคณะรักษาความสงบแห่งชาติ ที่ 17/2561 เรื่อง การยกเว้นภาษีเงินได้ตามประมวลรัษฎากรบางกรณี
คำสั่งหัวหน้าคณะรักษาความสงบแห่งชาติ ที ๑๗/๒๕๖๑ เรื่อง การยกเว้นภาษีเงินได้ตามประมวลรัษฎากรบางกรณี โดยที่พันธบัตรของธนาคารแห่งประเทศไทยและพันธบัตรของกองทุนเพื่อการฟื้นฟูและพัฒนาระบบสถาบันการเงินเป็นเครื่องมือสำ",กฎหมายทั่วไป,คำสั่ง
kris_ค0130-1B-0001,พระราชบัญญัติความมั่นคงด้านวัคซีนแห่งชาติ พ.ศ. 2561,"[21/11/2561] พระราชบัญญัติความมั่นคงด้านวัคซีนแห่งชาติ พ.ศ. 2561
พระราชบัญญัติ ความมั่นคงด้านวัคซีนแห่งชาติ พ.ศ. ๒๕๖๑ สมเด็จพระเจ้าอยู่หัวมหาวชิราลงกรณ บดินทรเทพยวรางกูร ให้ไว้ ณ วันที่ ๑๘ พฤศจิกายน พ.ศ. ๒๕๖๑ เป็นปีที่ ๓ ในรัชกาลปัจจุบัน สมเด็จพระเจ้าอยู่หัวมหาวชิราลงกรณ บดิ",กฎหมายทั่วไป,พระราชบัญญัติ
kris_คส049-1L-0003,คำสั่งหัวหน้าคณะรักษาความสงบแห่งชาติ ที่ 20/2561 เรื่อง มาตรการสนับสนุนการบริหารราชการแผ่นดินให้มีความต่อเนื่อง (ยกเลิก),"[26/11/2561] คำสั่งหัวหน้าคณะรักษาความสงบแห่งชาติ ที่ 20/2561 เรื่อง มาตรการสนับสนุนการบริหารราชการแผ่นดินให้มีความต่อเนื่อง (ยกเลิก)
คำสั่งหัวหน้าคณะรักษาความสงบแห่งชาติ ที่ ๒๐/๒๕๖๑ เรื่อง มาตรการสนับสนุนการบริหารราชการแผ่นดินให้มีความต่อเนื่อง (ยกเลิก) โดยที่การบริหารราชการแผ่นดินในช่วงระยะเวลาของการปฏิรูปประเทศนี้ กลไกภาครัฐในด้านบุคลากรเป",กฎหมายทั่วไป,คำสั่ง
kris_คส310-1L-0001,คำสั่งหัวหน้าคณะรักษาความสงบแห่งชาติ ที่ 19/2561 เรื่อง กลไกในการขับเคลื่อนการปฏิรูปประเทศ ยุทธศาสตร์ชาติและการสร้างความสามัคคีปรองดอง,"[26/11/2561] คำสั่งหัวหน้าคณะรักษาความสงบแห่งชาติ ที่ 19/2561 เรื่อง กลไกในการขับเคลื่อนการปฏิรูปประเทศ ยุทธศาสตร์ชาติและการสร้างความสามัคคีปรองดอง
คำสั่งหัวหน้าคณะรักษาความสงบแห่งชาติ ที่ ๑๙/๒๕๖๑ เรื่อง กลไกในการขับเคลื่อนการปฏิรูปประเทศ ยุทธศาสตร์ชาติ และการสร้างความสามัคคีปรองดอง ตามที่ได้มีการกำหนดทิศทางการดำเนินการของบางองค์กรเพื่อแก้ปัญหาและปรับปรุงป",กฎหมายทั่วไป,คำสั่ง
kris_คส311-1L-0001,คำสั่งหัวหน้าคณะรักษาความสงบแห่งชาติ ที่ 21/2561 เรื่อง การแก้ไขเพิ่มเติมกฎหมายประกอบรัฐธรรมนูญว่าด้วยการป้องกันและปราบปรามการทุจริต,"[11/12/2561] คำสั่งหัวหน้าคณะรักษาความสงบแห่งชาติ ที่ 21/2561 เรื่อง การแก้ไขเพิ่มเติมกฎหมายประกอบรัฐธรรมนูญว่าด้วยการป้องกันและปราบปรามการทุจริต
คำสั่งหัวหน้าคณะรักษาความสงบแห่งชาติ ที่ ๒๑/๒๕๖๑ เรื่อง การแก้ไขเพิ่มเติมกฎหมายประกอบรัฐธรรมนูญว่าด้วยการป้องกันและปราบปรามการทุจริต ตามที่คณะกรรมการป้องกันและปราบปรามการทุจริตแห่งชาติได้มีความเห็นและข้อเสนอแนะ",กฎหมายทั่วไป,คำสั่ง
kris_คส312-1L-0001,คำสั่งหัวหน้าคณะรักษาความสงบแห่งชาติ ที่ 1/2562 เรื่อง การแก้ไขเพิ่มเติมกฎหมายว่าด้วยสิทธิบัตรและมาตรการด้านสิทธิบัตรเป็นกรณีพิเศษ,"[28/1/2562] คำสั่งหัวหน้าคณะรักษาความสงบแห่งชาติ ที่ 1/2562 เรื่อง การแก้ไขเพิ่มเติมกฎหมายว่าด้วยสิทธิบัตรและมาตรการด้านสิทธิบัตรเป็นกรณีพิเศษ
คำสั่งหัวหน้าคณะรักษาความสงบแห่งชาติ ที่ ๑/๒๕๖๒ เรื่อง การแก้ไขเพิ่มเติมกฎหมายว่าด้วยสิทธิบัตรและมาตรการด้านสิทธิบัตรเป็นกรณีพิเศษ โดยที่ขณะนี้กระบวนการทางนิติบัญญัติอยู่ระหว่างการดำเนินการแก้ไขเพิ่มเติมกฎหมายว",กฎหมายทั่วไป,คำสั่ง
kris_ค0131-1B-0001,พระราชบัญญัติคุ้มครองการดำเนินงานของสำนักงานเศรษฐกิจและการค้าฮ่องกงประจำประเทศไทย พ.ศ. 2562,"[19/2/2562] พระราชบัญญัติคุ้มครองการดำเนินงานของสำนักงานเศรษฐกิจและการค้าฮ่องกงประจำประเทศไทย พ.ศ. 2562
พระราชบัญญัติ คุ้มครองการดำเนินงานของสำนักงานเศรษฐกิจ และการค้าฮ่องกงประจำประเทศไทย พ.ศ. ๒๕๖๒ สมเด็จพระเจ้าอยู่หัวมหาวชิราลงกรณ บดินทรเทพยวรางกูร ให้ไว้ ณ วันที่ ๑๗ กุมภาพันธ์ พ.ศ. ๒๕๖๒ เป็นปีที่ ๔ ในรัชกาลปัจจ",กฎหมายทั่วไป,พระราชบัญญัติ
kris_คส313-1L-0001,คำสั่งหัวหน้าคณะรักษาความสงบแห่งชาติ ที่ 4/2562 เรื่อง มาตรการแก้ไขปัญหาการประกอบกิจการโทรทัศน์และกิจการโทรคมนาคม,"[11/4/2562] คำสั่งหัวหน้าคณะรักษาความสงบแห่งชาติ ที่ 4/2562 เรื่อง มาตรการแก้ไขปัญหาการประกอบกิจการโทรทัศน์และกิจการโทรคมนาคม
คำสั่งหัวหน้าคณะรักษาความสงบแห่งชาติ ที่ ๔/๒๕๖๒ เรื่อง มาตรการแก้ไขปัญหาการประกอบกิจการโทรทัศน์และกิจการโทรคมนาคม ตามที่ได้มีคำสั่งหัวหน้าคณะรักษาความสงบแห่งชาติ ที่ ๑๖/๒๕๕๙ เรื่อง การประมูลคลื่นความถี่เพื่อกิจ",กฎหมายทั่วไป,คำสั่ง
kris_ค0132-1B-0001,พระราชบัญญัติคณะกรรมการนโยบายที่ดินแห่งชาติ พ.ศ. 2562,"[14/4/2562] พระราชบัญญัติคณะกรรมการนโยบายที่ดินแห่งชาติ พ.ศ. 2562
พระราชบัญญัติ คณะกรรมการนโยบายที่ดินแห่งชาติ พ.ศ. ๒๕๖๒ สมเด็จพระเจ้าอยู่หัวมหาวชิราลงกรณ บดินทรเทพยวรางกูร ให้ไว้ ณ วันที่ ๑๒ เมษายน พ.ศ. ๒๕๖๒ เป็นปีที่ ๔ ในรัชกาลปัจจุบัน สมเด็จพระเจ้าอยู่หัวมหาวชิราลงกรณ บดิน",กฎหมายทั่วไป,พระราชบัญญัติ
kris_ค0133-1B-0001,พระราชบัญญัติคุ้มครองประชาชนในการทำสัญญาขายฝากที่ดินเพื่อเกษตรกรรมหรือที่อยู่อาศัย พ.ศ. 2562,"[16/4/2562] พระราชบัญญัติคุ้มครองประชาชนในการทำสัญญาขายฝากที่ดินเพื่อเกษตรกรรมหรือที่อยู่อาศัย พ.ศ. 2562
พระราชบัญญัติ คุ้มครองประชาชนในการทำสัญญาขายฝากที่ดิน เพื่อเกษตรกรรมหรือที่อยู่อาศัย พ.ศ. ๒๕๖๒ สมเด็จพระเจ้าอยู่หัวมหาวชิราลงกรณ บดินทรเทพยวรางกูร ให้ไว้ ณ วันที่ ๑๕ เมษายน พ.ศ. ๒๕๖๒ เป็นปีที่ ๔ ในรัชกาลปัจจุบั",กฎหมายทั่วไป,พระราชบัญญัติ
kris_คส314-1L-0002,คำสั่งคณะรักษาความสงบแห่งชาติ ที่ 3/2562 เรื่อง แต่งตั้งกรรมการในคณะกรรมการสลากกินแบ่งรัฐบาล,"[10/5/2562] คำสั่งคณะรักษาความสงบแห่งชาติ ที่ 3/2562 เรื่อง แต่งตั้งกรรมการในคณะกรรมการสลากกินแบ่งรัฐบาล
คำสั่งคณะรักษาความสงบแห่งชาติ ที่ ๓/๒๕๖๒ เรื่อง แต่งตั้งกรรมการในคณะกรรมการสลากกินแบ่งรัฐบาล ตามที่ได้มีคำสั่งหัวหน้าคณะรักษาความสงบแห่งชาติ (เฉพาะ) ที่ ๑๑/๒๕๕๘ เรื่อง มาตรการแก้ไขปัญหาที่เกิดจากการจำหน่ายสลากก",กฎหมายทั่วไป,คำสั่ง
kris_ค0134-1B-0001,พระราชบัญญัติคุ้มครองแรงงานในงานประมง พ.ศ. 2562,"[22/5/2562] พระราชบัญญัติคุ้มครองแรงงานในงานประมง พ.ศ. 2562
พระราชบัญญัติ คุ้มครองแรงงานในงานประมง พ.ศ. ๒๕๖๒ พระบาทสมเด็จพระปรเมนทรรามาธิบดีศรีสินทรมหาวชิราลงกรณ พระวชิรเกล้าเจ้าอยู่หัว ให้ไว้ ณ วันที่ ๑๙ พฤษภาคม พ.ศ. ๒๕๖๒ เป็นปีที่ ๔ ในรัชกาลปัจจุบัน พระบาทสมเด็จพระปรเ",กฎหมายทั่วไป,พระราชบัญญัติ
kris_ค0135-1B-0001,พระราชบัญญัติควบคุมโรคจากการประกอบอาชีพและโรคจากสิ่งแวดล้อม พ.ศ. 2562,"[22/5/2562] พระราชบัญญัติควบคุมโรคจากการประกอบอาชีพและโรคจากสิ่งแวดล้อม พ.ศ. 2562
พระราชบัญญัติว่าด้วยการปรับเป็นพินัย พ.ศ. ๒๕๖๕ พระบาทสมเด็จพระปรเมนทรรามาธิบดีศรีสินทรมหาวชิราลงกรณ พระวชิรเกล้าเจ้าอยู่หัว ให้ไว้ ณ วันที่ ๑๙ พฤษภาคม พ.ศ. ๒๕๖๒ เป็นปีที่ ๔ ในรัชกาลปัจจุบัน พระบาทสมเด็จพระปรเมน",กฎหมายทั่วไป,พระราชบัญญัติ
kris_ค0136-1B-0001,พระราชบัญญัติคุ้มครองข้อมูลส่วนบุคคล พ.ศ. 2562,"[27/5/2562] พระราชบัญญัติคุ้มครองข้อมูลส่วนบุคคล พ.ศ. 2562
พระราชบัญญัติ คุ้มครองข้อมูลส่วนบุคคล พ.ศ. ๒๕๖๒ พระบาทสมเด็จพระปรเมนทรรามาธิบดีศรีสินทรมหาวชิราลงกรณ พระวชิรเกล้าเจ้าอยู่หัว ให้ไว้ ณ วันที่ ๒๔ พฤษภาคม พ.ศ. ๒๕๖๒ เป็นปีที่ ๔ ในรัชกาลปัจจุบัน พระบาทสมเด็จพระปรเม",กฎหมายทั่วไป,พระราชบัญญัติ
kris_คส315-1L-0001,คำสั่งหัวหน้าคณะรักษาความสงบแห่งชาติ ที่ 8/2562 เรื่อง มาตรการแก้ไขปัญหาความต่อเนื่องของกรรมการกิจการกระจายเสียง กิจการโทรทัศน์ และกิจการโทรคมนาคมแห่งชาติ รวมทั้งการขยายบริการโทรคมนาคมเพื่อประโยชน์ด้านความมั่นคงและประโยชน์สาธารณะของประเทศ,"[8/7/2562] คำสั่งหัวหน้าคณะรักษาความสงบแห่งชาติ ที่ 8/2562 เรื่อง มาตรการแก้ไขปัญหาความต่อเนื่องของกรรมการกิจการกระจายเสียง กิจการโทรทัศน์ และกิจการโทรคมนาคมแห่งชาติ รวมทั้งการขยายบริการโทรคมนาคมเพื่อประโยชน์ด้านความมั่นคงและประโยชน์สาธารณะของประเทศ
คำสั่งหัวหน้าคณะรักษาความสงบแห่งชาติ ที่ ๘/๒๕๖๒ เรื่อง มาตรการแก้ไขปัญหาความต่อเนื่องของกรรมการกิจการกระจายเสียง กิจการโทรทัศน์ และกิจการโทรคมนาคมแห่งชาติ รวมทั้งการขยายบริการ โทรคมนาคมเพื่อประโยชน์ ด้านความมั่",กฎหมายทั่วไป,คำสั่ง
kris_คส182-1L-0001,คำสั่งหัวหน้าคณะรักษาความสงบแห่งชาติ ที่ 9/2562 เรื่อง การยกเลิกประกาศคณะรักษาความสงบแห่งชาติ คำสั่งคณะรักษาความสงบแห่งชาติ และคำสั่งหัวหน้าคณะรักษาความสงบแห่งชาติ บางฉบับที่หมดความจำเป็น,"[9/7/2562] คำสั่งหัวหน้าคณะรักษาความสงบแห่งชาติ ที่ 9/2562 เรื่อง การยกเลิกประกาศคณะรักษาความสงบแห่งชาติ คำสั่งคณะรักษาความสงบแห่งชาติ และคำสั่งหัวหน้าคณะรักษาความสงบแห่งชาติ บางฉบับที่หมดความจำเป็น
พระราชบัญญัติยกเลิกประกาศคณะรักษาความสงบแห่งชาติ คำสั่งคณะรักษาความสงบแห่งชาติ และคำสั่งหัวหน้าคณะรักษาความสงบแห่งชาติบางฉบับที่หมดความจำเป็นและไม่เหมาะสมกับกาลปัจจุบัน พ.ศ. ๒๕๖๘ ตามที่หัวหน้าคณะรักษาความสงบแห่",กฎหมายทั่วไป,คำสั่ง
kris_คส051-1L-0002,คำสั่งหัวหน้าคณะรักษาความสงบแห่งชาติ ที่ 22/2558 เรื่อง มาตรการในการป้องกันและแก้ไขปัญหาการแข่งรถยนต์และรถจักรยานยนต์ในทางและการควบคุมสถานบริการหรือสถานประกอบการที่เปิดให้บริการในลักษณะที่คล้ายกับสถานบริการ (ยกเลิก),"[9/9/2568] คำสั่งหัวหน้าคณะรักษาความสงบแห่งชาติ ที่ 22/2558 เรื่อง มาตรการในการป้องกันและแก้ไขปัญหาการแข่งรถยนต์และรถจักรยานยนต์ในทางและการควบคุมสถานบริการหรือสถานประกอบการที่เปิดให้บริการในลักษณะที่คล้ายกับสถานบริการ (ยกเลิก)
พระราชบัญญัติควบคุมเครื่องดื่มแอลกอฮอล์ (ฉบับที่ ๒) พ.ศ. ๒๕๖๘ โดยที่ขณะนี้ได้ปรากฏข้อเท็จจริงว่าประชาชนทั่วไปต่างได้รับความเดือดร้อนรำคาญและได้รับอันตรายในการสัญจรไปมาจากกรณีที่มีการรวมตัวกันเพื่อแข่งรถยนต์และร",กฎหมายทั่วไป,คำสั่ง
kris_ค0138-1B-0001,พระราชบัญญัติคุ้มครองและส่งเสริมวิถีชีวิตกลุ่มชาติพันธ์ุ พ.ศ. 2568,"[18/9/2568] พระราชบัญญัติคุ้มครองและส่งเสริมวิถีชีวิตกลุ่มชาติพันธ์ุ พ.ศ. 2568
พระราชบัญญัติ คุ้มครองและส่งเสริมวิถีชีวิตกลุ่มชาติพันธุ์ พ.ศ. ๒๕๖๘ พระบาทสมเด็จพระปรเมนทรรามาธิบดีศรีสินทรมหาวชิราลงกรณ พระวชิรเกล้าเจ้าอยู่หัว ให้ไว้ ณ วันที่ ๑๘ กันยายน พ.ศ. ๒๕๖๘ เป็นปีที่ ๑๐ ในรัชกาลปัจจุบั",กฎหมายทั่วไป,พระราชบัญญัติ
kris_ค0008-1B-0004,พระราชบัญญัติควบคุมการขายทอดตลาดและค้าของเก่า พุทธศักราช 2474,"[24/5/2474] พระราชบัญญัติควบคุมการขายทอดตลาดและค้าของเก่า พุทธศักราช 2474
พระราชบัญญัติว่าด้วยการปรับเป็นพินัย พ.ศ. ๒๕๖๕ พระราชบัญญัติควบคุมการขายทอดตลาดและค้าของเก่า (ฉบับที่ ๒) พุทธศักราช ๒๔๘๑ พระราชบัญญัติควบคุมการขายทอดตลาดและค้าของเก่า (ฉบับที่ ๓) พุทธศักราช ๒๔๘๔ พระราชบัญญัติคว",กฎหมายทั่วไป,พระราชบัญญัติ
kris_ค0017-1B-0001,พระราชบัญญัติควบคุมการแลกเปลี่ยนเงิน พุทธศักราช 2485,"[1/2/2485] พระราชบัญญัติควบคุมการแลกเปลี่ยนเงิน พุทธศักราช 2485
ประกาศสำนักนายกรัฐมนตรี เรื่อง การอนุมัติพระราชกำหนดแก้ไขเพิ่มเติมพระราชบัญญัติควบคุมการแลกเปลี่ยนเงิน พุทธศักราช ๒๔๘๕ (ฉบับที่ ๒) พ.ศ. ๒๕๒๗ พระราชบัญญัติควบคุมการแลกเปลี่ยนเงิน (ฉบับที่ ๒) พ.ศ. ๒๕๕๙ ในพระปรมาภ",กฎหมายทั่วไป,พระราชบัญญัติ
kris_ค0041-1B-0001,พระราชบัญญัติเครื่องแบบทหาร พุทธศักราช 2477,"[28/4/2478] พระราชบัญญัติเครื่องแบบทหาร พุทธศักราช 2477
พระราชบัญญัติ เครื่องแบบทหาร พุทธศักราช ๒๔๗๗ พระราชบัญญัติเครื่องแบบทหารแก้ไขเพิ่มเติม พุทธศักราช ๒๔๗๘ พระราชบัญญัติเครื่องแบบทหาร (ฉบับที่ ๓) พุทธศักราช ๒๔๘๕ พระราชบัญญัติเครื่องแบบทหาร (ฉบับที่ ๔) พ.ศ. ๒๕๑๔ ใ",กฎหมายทั่วไป,พระราชบัญญัติ
kris_ค0020-1B-0001,พระราชบัญญัติคณะกรรมการกฤษฎีกา พ.ศ. 2522,"[1/5/2522] พระราชบัญญัติคณะกรรมการกฤษฎีกา พ.ศ. 2522
พระราชบัญญัติ คณะกรรมการกฤษฎีกา พ.ศ. ๒๕๒๒ พระราชบัญญัติคณะกรรมการกฤษฎีกา (ฉบับที่ ๒) พ.ศ. ๒๕๒๒ พระราชบัญญัติคณะกรรมการกฤษฎีกา (ฉบับที่ ๓) พ.ศ. ๒๕๓๔ พระราชบัญญัติคณะกรรมการกฤษฎีกา (ฉบับที่ ๔) พ.ศ. ๒๕๔๒ พระราชบัญ",กฎหมายทั่วไป,พระราชบัญญัติ
kris_ค0004-1B-0002,พระราชบัญญัติควบคุมอาคาร พ.ศ. 2522,"[14/5/2522] พระราชบัญญัติควบคุมอาคาร พ.ศ. 2522
พระราชบัญญัติว่าด้วยการปรับเป็นพินัย พ.ศ. ๒๕๖๕ พระราชบัญญัติควบคุมอาคาร (ฉบับที่ ๒) พ.ศ. ๒๕๓๕ พระราชบัญญัติควบคุมอาคาร (ฉบับที่ ๓) พ.ศ. ๒๕๔๓ พระราชบัญญัติควบคุมอาคาร (ฉบับที่ ๔) พ.ศ. ๒๕๕๐ พระราชบัญญัติควบคุมอาค",กฎหมายทั่วไป,พระราชบัญญัติ
kris_ค0051-1B-0002,พระราชบัญญัติเครื่องแบบนักเรียนของโรงเรียนในสังกัดกระทรวงกลาโหม พ.ศ. 2521,"[21/12/2521] พระราชบัญญัติเครื่องแบบนักเรียนของโรงเรียนในสังกัดกระทรวงกลาโหม พ.ศ. 2521
พระราชบัญญัติ เครื่องแบบนักเรียนของโรงเรียนในสังกัดกระทรวงกลาโหม พ.ศ. ๒๕๒๑ ภูมิพลอดุลยเดช ป.ร. ให้ไว้ ณ วันที่ ๑๑ ธันวาคม พ.ศ. ๒๕๒๑ เป็นปีที่ ๓๓ ในรัชกาลปัจจุบัน พระบาทสมเด็จพระปรมินทรมหาภูมิพลอดุลยเดช มีพระบรม",กฎหมายทั่วไป,พระราชบัญญัติ
kris_ค0068-1B-0001,พระราชบัญญัติความรับผิดทางละเมิดของเจ้าหน้าที่ พ.ศ. 2539,"[14/11/2539] พระราชบัญญัติความรับผิดทางละเมิดของเจ้าหน้าที่ พ.ศ. 2539
พระราชบัญญัติ ความรับผิดทางละเมิดของเจ้าหน้าที่ พ.ศ. ๒๕๓๙ ภูมิพลอดุลยเดช ป.ร. ให้ไว้ ณ วันที่ ๒๗ กันยายน พ.ศ. ๒๕๓๙ เป็นปีที่ ๕๑ ในรัชกาลปัจจุบัน พระบาทสมเด็จพระปรมินทรมหาภูมิพลอดุลยเดช มีพระบรมราชโองการโปรดเกล้",กฎหมายทั่วไป,พระราชบัญญัติ
kris_ค0077-1B-0001,พระราชบัญญัติคุ้มครองแรงงาน พ.ศ. 2541,"[20/2/2541] พระราชบัญญัติคุ้มครองแรงงาน พ.ศ. 2541
พระราชบัญญัติว่าด้วยการปรับเป็นพินัย พ.ศ. ๒๕๖๕ พระราชบัญญัติคุ้มครองแรงงาน (ฉบับที่ ๒) พ.ศ. ๒๕๕๑ พระราชบัญญัติคุ้มครองแรงงาน (ฉบับที่ ๓) พ.ศ. ๒๕๕๑ พระราชบัญญัติคุ้มครองแรงงาน (ฉบับที่ ๔) พ.ศ. ๒๕๕๓ พระราชบัญญัติ",กฎหมายทั่วไป,พระราชบัญญัติ
kris_ค0002-1B-0001,พระราชบัญญัติคนเข้าเมือง พ.ศ. 2522,"[1/3/2522] พระราชบัญญัติคนเข้าเมือง พ.ศ. 2522
พระราชกำหนดแก้ไขเพิ่มเติมพระราชบัญญัติคนเข้าเมือง พ.ศ. ๒๕๒๒ พ.ศ. ๒๕๖๑ ภูมิพลอดุลยเดช ป.ร. ให้ไว้ ณ วันที่ ๒๔ กุมภาพันธ์ พ.ศ. ๒๕๒๒ เป็นปีที่ ๓๔ ในรัชกาลปัจจุบัน พระบาทสมเด็จพระปรมินทรมหาภูมิพลอดุลยเดช มีพระบรมรา",กฎหมายทั่วไป,พระราชบัญญัติ
kris_ค0089-1B-0001,พระราชบัญญัติค่าตอบแทนผู้เสียหาย และค่าทดแทนและค่าใช้จ่ายแก่จำเลยในคดีอาญา พ.ศ. 2544,"[12/11/2544] พระราชบัญญัติค่าตอบแทนผู้เสียหาย และค่าทดแทนและค่าใช้จ่ายแก่จำเลยในคดีอาญา พ.ศ. 2544
พระราชบัญญัติ ค่าตอบแทนผู้เสียหาย และค่าทดแทนและค่าใช้จ่ายแก่จำเลยในคดีอาญา พ.ศ. ๒๕๔๔ พระราชบัญญัติค่าตอบแทนผู้เสียหาย และค่าทดแทนและค่าใช้จ่ายแก่จำเลยในคดีอาญา (ฉบับที่ ๒) พ.ศ. ๒๕๕๙ ภูมิพลอดุลยเดช ป.ร. ให้ไว้",กฎหมายทั่วไป,พระราชบัญญัติ
kris_ค0093-1B-0001,พระราชบัญญัติคุ้มครองเด็ก พ.ศ. 2546,"[2/10/2546] พระราชบัญญัติคุ้มครองเด็ก พ.ศ. 2546
พระราชบัญญัติปรับปรุงกระทรวงทบวงกรม (ฉบับที่ ๑๙) พ.ศ. ๒๕๖๒ ภูมิพลอดุลยเดช ป.ร. ให้ไว้ ณ วันที่ ๒๔ กันยายน พ.ศ. ๒๕๔๖ เป็นปีที่ ๕๘ ในรัชกาลปัจจุบัน พระบาทสมเด็จพระปรมินทรมหาภูมิพลอดุลยเดช มีพระบรมราชโองการโปรดเกล",กฎหมายทั่วไป,พระราชบัญญัติ
kris_คป018-1K-0001,ประกาศคณะปฏิรูปการปกครองในระบอบประชาธิปไตย อันมีพระมหากษัตริย์ทรงเป็นประมุข ฉบับที่ 13 เรื่อง ให้พระราชบัญญัติประกอบรัฐธรรมนูญบางฉบับมีผลใช้บังคับต่อไป,"[24/9/2549] ประกาศคณะปฏิรูปการปกครองในระบอบประชาธิปไตย อันมีพระมหากษัตริย์ทรงเป็นประมุข ฉบับที่ 13 เรื่อง ให้พระราชบัญญัติประกอบรัฐธรรมนูญบางฉบับมีผลใช้บังคับต่อไป
ประกาศคณะปฏิรูปการปกครองในระบอบประชาธิปไตยอันมีพระมหากษัตริย์ทรงเป็นประมุข ฉบับที่ ๒๖ เรื่อง การแก้ไขประกาศคณะปฏิรูปการปกครองในระบอบประชาธิปไตยอันมีพระมหากษัตริย์ทรงเป็นประมุข ฉบับที่ ๑๓ ลงวันที่ ๒๐ กันยายน พุท",กฎหมายทั่วไป,ประกาศ
kris_ค0109-1B-0002,พระราชบัญญัติความรับผิดต่อความเสียหายที่เกิดขึ้นจากสินค้าไม่ปลอดภัย พ.ศ. 2551,"[20/2/2551] พระราชบัญญัติความรับผิดต่อความเสียหายที่เกิดขึ้นจากสินค้าไม่ปลอดภัย พ.ศ. 2551
พระราชบัญญัติ ความรับผิดต่อความเสียหายที่เกิดขึ้นจากสินค้าที่ไม่ปลอดภัย พ.ศ. ๒๕๕๑ ภูมิพลอดุลยเดช ป.ร. ให้ไว้ ณ วันที่ ๑๓ กุมภาพันธ์ พ.ศ. ๒๕๕๑ เป็นปีที่ ๖๓ ในรัชกาลปัจจุบัน พระบาทสมเด็จพระปรมินทรมหาภูมิพลอดุลยเด",กฎหมายทั่วไป,พระราชบัญญัติ
kris_ค0009-1B-0001,พระราชบัญญัติควบคุมการฆ่าสัตว์เพื่อการจำหน่ายเนื้อสัตว์ พ.ศ. 2559,"[26/9/2559] พระราชบัญญัติควบคุมการฆ่าสัตว์เพื่อการจำหน่ายเนื้อสัตว์ พ.ศ. 2559
พระราชบัญญัติว่าด้วยการปรับเป็นพินัย พ.ศ. ๒๕๖๕ ภูมิพลอดุลยเดช ป.ร. ให้ไว้ ณ วันที่ ๒๖ กันยายน พ.ศ. ๒๕๕๙ เป็นปีที่ ๗๑ ในรัชกาลปัจจุบัน พระบาทสมเด็จพระปรมินทรมหาภูมิพลอดุลยเดช มีพระบรมราชโองการโปรดเกล้าฯ ให้ประกา",กฎหมายทั่วไป,พระราชบัญญัติ
kris_ค0114-1B-0001,พระราชบัญญัติความปลอดภัย อาชีวอนามัย และสภาพแวดล้อมในการทำงาน พ.ศ. 2554,"[17/1/2554] พระราชบัญญัติความปลอดภัย อาชีวอนามัย และสภาพแวดล้อมในการทำงาน พ.ศ. 2554
พระราชบัญญัติว่าด้วยการปรับเป็นพินัย พ.ศ. ๒๕๖๕ ภูมิพลอดุลยเดช ป.ร. ให้ไว้ ณ วันที่ ๑๒ มกราคม พ.ศ. ๒๕๕๔ เป็นปีที่ ๖๖ ในรัชกาลปัจจุบัน พระบาทสมเด็จพระปรมินทรมหาภูมิพลอดุลยเดช มีพระบรมราชโองการโปรดเกล้าฯ ให้ประกาศ",กฎหมายทั่วไป,พระราชบัญญัติ
kris_ค0085-1B-0001,พระราชบัญญัติควบคุมน้ำมันเชื้อเพลิง พ.ศ. 2542,"[2/12/2542] พระราชบัญญัติควบคุมน้ำมันเชื้อเพลิง พ.ศ. 2542
พระราชบัญญัติว่าด้วยการปรับเป็นพินัย พ.ศ. ๒๕๖๕ พระราชบัญญัติควบคุมน้ำมันเชื้อเพลิง (ฉบับที่ ๒) พ.ศ. ๒๕๕๐ ภูมิพลอดุลยเดช ป.ร. ให้ไว้ ณ วันที่ ๑๙ พฤศจิกายน พ.ศ. ๒๕๔๒ เป็นปีที่ ๕๔ ในรัชกาลปัจจุบัน พระบาทสมเด็จพระป",กฎหมายทั่วไป,พระราชบัญญัติ
kris_ยล119-1B-0002,พระราชบัญญัติเงินรัชชูปการ พุทธศักราช 2468 (ยกเลิก),"[1/4/2468] พระราชบัญญัติเงินรัชชูปการ พุทธศักราช 2468 (ยกเลิก)
พระราชบัญญัติ เงินรัชชูปการ พุทธศักราช ๒๔๖๘ และที่แก้ไขเพิ่มเติม (ยกเลิก) โปรดดูรายละเอียดของกฎหมายที่เว็บไซต์ราชกิจจานุเบกษา http://ratchakitcha.soc.go.th/",กฎหมายทั่วไป,พระราชบัญญัติ
kris_ยล154-1B-0001,พระราชบัญญัติเงินตรา พุทธศักราช 2471 (ยกเลิก),"[15/4/2471] พระราชบัญญัติเงินตรา พุทธศักราช 2471 (ยกเลิก)
พระราชบัญญัติ เงินตรา พุทธศักราช ๒๔๗๑ และที่แก้ไขเพิ่มเติม (ยกเลิก) โปรดดูรายละเอียดของกฎหมายที่เว็บไซต์ราชกิจจานุเบกษา https://ratchakitcha.soc.go.th/",กฎหมายทั่วไป,พระราชบัญญัติ
kris_ยล120-1B-0001,พระราชบัญญัติงบประมาณ ประจำพุทธศักราช 2476 (ยกเลิก),"[12/4/2476] พระราชบัญญัติงบประมาณ ประจำพุทธศักราช 2476 (ยกเลิก)
พระราชบัญญัติ งบประมาณ ประจำ พุทธศักราช ๒๔๗๖ (ยกเลิก) โปรดดูรายละเอียดของกฎหมายที่เว็บไซต์ราชกิจจานุเบกษา http://ratchakitcha.soc.go.th/",กฎหมายทั่วไป,พระราชบัญญัติ
kris_ยล161-1B-0001,พระราชบัญญัติเงินเดือนและค่าพาหนะของสมาชิกสภาผู้แทนราษฎร พุทธศักราช 2476 (ยกเลิก),"[15/10/2476] พระราชบัญญัติเงินเดือนและค่าพาหนะของสมาชิกสภาผู้แทนราษฎร พุทธศักราช 2476 (ยกเลิก)
พระราชบัญญัติ เงินเดือนและค่าพาหนะของสมาชิกสภาผู้แทนราษฎร พุทธศักราช ๒๔๗๖ และที่แก้ไขเพิ่มเติม (ยกเลิก) โปรดดูรายละเอียดของกฎหมายที่เว็บไซต์ราชกิจจานุเบกษา https://ratchakitcha.soc.go.th/",กฎหมายทั่วไป,พระราชบัญญัติ
kris_ยล247-1B-0001,พระราชบัญญัติเงินตราในภาวะฉุกเฉิน พ.ศ. 2484 (ยกเลิก),"[12/12/2484] พระราชบัญญัติเงินตราในภาวะฉุกเฉิน พ.ศ. 2484 (ยกเลิก)
พระราชบัญญัติ เงินตราในภาวะฉุกเฉิน พุทธศักราช ๒๔๘๔ และที่แก้ไขเพิ่มเติม (ยกเลิก) โปรดดูรายละเอียดของกฎหมายที่เว็บไซต์ราชกิจจานุเบกษา https://ratchakitcha.soc.go.th/",กฎหมายทั่วไป,พระราชบัญญัติ
kris_ยล157-1B-0001,พระราชบัญญัติเงินทดแทนพนักงานเทศบาล พุทธศักราช 2488 (ยกเลิก),"[9/1/2488] พระราชบัญญัติเงินทดแทนพนักงานเทศบาล พุทธศักราช 2488 (ยกเลิก)
พระราชบัญญัติ เงินทดแทนพนักงานเทศบาล พุทธศักราช ๒๔๘๘ (ยกเลิก) โปรดดูรายละเอียดของกฎหมายที่เว็บไซต์ราชกิจจานุเบกษา https://ratchakitcha.soc.go.th/",กฎหมายทั่วไป,พระราชบัญญัติ
kris_ง0001-1B-0001,พระราชบัญญัติเงินคงคลัง พ.ศ. 2491,"[12/2/2491] พระราชบัญญัติเงินคงคลัง พ.ศ. 2491
พระราชบัญญัติ เงินคงคลัง พ.ศ. ๒๔๙๑ พระราชบัญญัติเงินคงคลัง (ฉบับที่ ๒) พ.ศ. ๒๔๙๕ พระราชบัญญัติเงินคงคลัง (ฉบับที่ ๓) พ.ศ. ๒๕๐๙ พระราชบัญญัติเงินคงคลัง (ฉบับที่ ๔) พ.ศ. ๒๕๓๔ พระราชบัญญัติเงินคงคลัง (ฉบับที่ ๕) พ",กฎหมายทั่วไป,พระราชบัญญัติ
kris_ยล155-1B-0001,พระราชบัญญัติเงินประจำตำแหน่งและค่าพาหนะของสมาชิกสภาผู้แทนราษฎรกับเบี้ยประชุมของกรรมาธิการ พ.ศ. 2495 (ยกเลิก),"[15/1/2495] พระราชบัญญัติเงินประจำตำแหน่งและค่าพาหนะของสมาชิกสภาผู้แทนราษฎรกับเบี้ยประชุมของกรรมาธิการ พ.ศ. 2495 (ยกเลิก)
พระราชบัญญัติ เงินประจำตำแหน่งและค่าพาหนะของสมาชิกสภาผู้แทนราษฎรกับเบี้ยประชุมของกรรมาธิการ พ.ศ. ๒๔๙๕ และที่แก้ไขเพิ่มเติม (ยกเลิก) โปรดดูรายละเอียดของกฎหมายที่เว็บไซต์ราชกิจจานุเบกษา https://ratchakitcha.soc.g",กฎหมายทั่วไป,พระราชบัญญัติ
kris_ง0003-1B-0001,พระราชบัญญัติเงินตรา พ.ศ. 2501,"[26/8/2501] พระราชบัญญัติเงินตรา พ.ศ. 2501
พระราชบัญญัติว่าด้วยการปรับเป็นพินัย พ.ศ. ๒๕๖๕ พระราชบัญญัติเงินตรา (ฉบับที่ ๒) พ.ศ. ๒๕๑๐ พระราชบัญญัติเงินตรา (ฉบับที่ ๓) พ.ศ. ๒๕๑๔ พระราชบัญญัติเงินตรา (ฉบับที่ ๔) พ.ศ. ๒๕๑๖   พระราชบัญญัติเงินตรา (ฉบับที่ ๕)",กฎหมายทั่วไป,พระราชบัญญัติ
kris_ง0002-1B-0001,พระราชบัญญัติเงินเดือนของข้าราชการผู้ถูกสั่งพักราชการ พ.ศ. 2502,"[30/6/2502] พระราชบัญญัติเงินเดือนของข้าราชการผู้ถูกสั่งพักราชการ พ.ศ. 2502
พระราชบัญญัติ เงินเดือนของข้าราชการผู้ถูกสั่งพักราชการ พ.ศ. ๒๕๐๒ ภูมิพลอดุลยเดช ป.ร. ให้ไว้ ณ วันที่ ๒๕ มิถุนายน พ.ศ. ๒๕๐๒ เป็นปีที่ ๑๔ ในรัชกาลปัจจุบัน พระบาทสมเด็จพระปรมินทรมหาภูมิพลอดุลยเดช มีพระบรมราชโองการ",กฎหมายทั่วไป,พระราชบัญญัติ
kris_ยล087-1B-0001,พระราชบัญญัติเงินประจำตำแหน่งและประโยชน์ตอบแทนอย่างอื่นของสมาชิกวุฒิสภาสมาชิกสภาผู้แทนราษฎร หรือกรรมาธิการ พ.ศ. 2518 (ยกเลิก),"[13/2/2518] พระราชบัญญัติเงินประจำตำแหน่งและประโยชน์ตอบแทนอย่างอื่นของสมาชิกวุฒิสภาสมาชิกสภาผู้แทนราษฎร หรือกรรมาธิการ พ.ศ. 2518 (ยกเลิก)
พระราชบัญญัติเงินประจำตำแหน่งและประโยชน์ตอบแทนอย่างอื่นของสมาชิกวุฒิสภาสมาชิกสภาผู้แทนราษฎร หรือกรรมาธิการพ.ศ. ๒๕๑๘และที่แก้ไขเพิ่มเติม (ยกเลิก) โปรดดูรายละเอียดของกฎหมายที่เว็บไซต์ราชกิจจานุเบกษา https://ratch",กฎหมายทั่วไป,พระราชบัญญัติ
kris_ง0013-1B-0001,พระราชบัญญัติเงินประจำตำแหน่งและประโยชน์ตอบแทนอย่างอื่นของสมาชิกวุฒิสภา สมาชิกสภาผู้แทนราษฎร และกรรมาธิการ พ.ศ. 2522,"[22/4/2522] พระราชบัญญัติเงินประจำตำแหน่งและประโยชน์ตอบแทนอย่างอื่นของสมาชิกวุฒิสภา สมาชิกสภาผู้แทนราษฎร และกรรมาธิการ พ.ศ. 2522
พระราชกฤษฎีกาให้ใช้บัญชีเงินประจำตำแหน่ง บัญชี ข. ท้ายพระราชบัญญัติเงินประจำตำแหน่งและประโยชน์ตอบแทนอย่างอื่นของสมาชิกวุฒิสภา สมาชิกสภาผู้แทนราษฎร และกรรมาธิการ พ.ศ. ๒๕๒๒ พ.ศ. ๒๕๓๓ พระราชบัญญัติเงินประจำตำแหน่ง",กฎหมายทั่วไป,พระราชบัญญัติ
kris_ง0004-1B-0001,พระราชบัญญัติเงินทดแทน พ.ศ. 2537,"[30/6/2537] พระราชบัญญัติเงินทดแทน พ.ศ. 2537
พระราชบัญญัติเงินทดแทน (ฉบับที่ ๒) พ.ศ. ๒๕๖๑ ภูมิพลอดุลยเดช ป.ร. ให้ไว้ ณ วันที่ ๑๕ มิถุนายน พ.ศ. ๒๕๓๗ เป็นปีที่ ๔๙ ในรัชกาลปัจจุบัน พระบาทสมเด็จพระปรมินทรมหาภูมิพลอดุลยเดช มีพระบรมราชโองการโปรดเกล้าฯ ให้ประกาศ",กฎหมายทั่วไป,พระราชบัญญัติ
kris_ง0005-1B-0008,พระราชบัญญัติเงินเดือนและเงินประจำตำแหน่ง พ.ศ. 2538,"[1/1/2538] พระราชบัญญัติเงินเดือนและเงินประจำตำแหน่ง พ.ศ. 2538
พระราชกฤษฎีกาแก้ไขบทบัญญัติให้สอดคล้องกับการโอนอำนาจหน้าที่ของส่วนราชการให้เป็นไปตามพระราชบัญญัติปรับปรุงกระทรวง ทบวง กรม พ.ศ. ๒๕๔๕ พ.ศ. ๒๕๔๕ พระราชบัญญัติเงินเดือนและเงินประจำตำแหน่ง (ฉบับที่ ๒) พ.ศ. ๒๕๔๓ พระร",กฎหมายทั่วไป,พระราชบัญญัติ
kris_ง0006-1B-0002,พระราชบัญญัติเงินเดือน เงินประจำตำแหน่ง และประโยชน์ตอบแทนอื่นของประธานศาลรัฐธรรมนูญ ตุลาการศาลรัฐธรรมนูญ ประธานกรรมการและกรรมการการเลือกตั้ง ผู้ตรวจการแผ่นดินของรัฐสภา ประธานกรรมการและกรรมการป้องกันและปราบปรามการทุจริตแห่งชาติ และประธานกรรมการและกรรมการตรวจเงินแผ่นดิน พ.ศ. 2541 (ยกเลิก),"[28/12/2541] พระราชบัญญัติเงินเดือน เงินประจำตำแหน่ง และประโยชน์ตอบแทนอื่นของประธานศาลรัฐธรรมนูญ ตุลาการศาลรัฐธรรมนูญ ประธานกรรมการและกรรมการการเลือกตั้ง ผู้ตรวจการแผ่นดินของรัฐสภา ประธานกรรมการและกรรมการป้องกันและปราบปรามการทุจริตแห่งชาติ และประธานกรรมการและกรรมการตรวจเงินแผ่นดิน พ.ศ. 2541 (ยกเลิก)
พระราชบัญญัติ เงินเดือน เงินประจำตำแหน่ง และประโยชน์ตอบแทนอื่น ของประธานศาลรัฐธรรมนูญ ตุลาการศาลรัฐธรรมนูญ ประธานกรรมการ และกรรมการการเลือกตั้ง ประธานผู้ตรวจการแผ่นดินและผู้ตรวจการแผ่นดิน ประธานกรรมการและกรรมกา",กฎหมายทั่วไป,พระราชบัญญัติ
kris_ง0007-1B-0001,พระราชบัญญัติเงินเดือนและเงินประจำตำแหน่งข้าราชการอัยการ พ.ศ. 2544 (ยกเลิก),"[4/12/2544] พระราชบัญญัติเงินเดือนและเงินประจำตำแหน่งข้าราชการอัยการ พ.ศ. 2544 (ยกเลิก)
พระราชบัญญัติ เงินเดือนและเงินประจำตำแหน่งข้าราชการอัยการ พ.ศ. ๒๕๔๔ (ยกเลิก) พระราชบัญญัติเงินเดือนและเงินประจำตำแหน่งข้าราชการอัยการ (ฉบับที่ ๒) พ.ศ. ๒๕๕๐ ภูมิพลอดุลยเดช ป.ร. ให้ไว้ ณ วันที่ ๒ ธันวาคม พ.ศ. ๒๕๔",กฎหมายทั่วไป,พระราชบัญญัติ
kris_ง0009-1B-0003,พระราชบัญญัติเงินเดือน เงินวิทยฐานะ และเงินประจำตำแหน่งข้าราชการครูและบุคลากรทางการศึกษา พ.ศ. 2547,"[23/12/2547] พระราชบัญญัติเงินเดือน เงินวิทยฐานะ และเงินประจำตำแหน่งข้าราชการครูและบุคลากรทางการศึกษา พ.ศ. 2547
พระราชบัญญัติเงินเดือน เงินวิทยฐานะ และเงินประจำตำแหน่งข้าราชการครูและบุคลากรทางการศึกษา (ฉบับที่ ๓) พ.ศ. ๒๕๕๘ ภูมิพลอดุลยเดช ป.ร. ให้ไว้ ณ วันที่ ๒๑ ธันวาคม พ.ศ. ๒๕๔๗ เป็นปีที่ ๕๙ ในรัชกาลปัจจุบัน พระบาทสมเด็จ",กฎหมายทั่วไป,พระราชบัญญัติ
kris_ง0010-1B-0001,พระราชบัญญัติงาช้าง พ.ศ. 2558,"[21/1/2558] พระราชบัญญัติงาช้าง พ.ศ. 2558
พระราชบัญญัติว่าด้วยการปรับเป็นพินัย พ.ศ. ๒๕๖๕ ภูมิพลอดุลยเดช ป.ร. ให้ไว้ ณ วันที่ ๑๖ มกราคม พ.ศ. ๒๕๕๘ เป็นปีที่ ๗๐ ในรัชกาลปัจจุบัน พระบาทสมเด็จพระปรมินทรมหาภูมิพลอดุลยเดช มีพระบรมราชโองการโปรดเกล้าฯ ให้ประกาศ",กฎหมายทั่วไป,พระราชบัญญัติ
kris_ง0012-1B-0001,พระราชบัญญัติเงินเดือน เงินประจำตำแหน่งและประโยชน์ตอบแทนอื่นของประธานศาลรัฐธรรมนูญและตุลาการศาลรัฐธรรมนูญ พ.ศ. 2561,"[28/12/2561] พระราชบัญญัติเงินเดือน เงินประจำตำแหน่งและประโยชน์ตอบแทนอื่นของประธานศาลรัฐธรรมนูญและตุลาการศาลรัฐธรรมนูญ พ.ศ. 2561
พระราชบัญญัติ เงินเดือน เงินประจำตำแหน่ง และประโยชน์ตอบแทนอื่นของประธานศาลรัฐธรรมนูญ และตุลาการศาลรัฐธรรมนูญ พ.ศ. ๒๕๖๑ สมเด็จพระเจ้าอยู่หัวมหาวชิราลงกรณ บดินทรเทพยวรางกูร ให้ไว้ ณ วันที่ ๒๕ ธันวาคม พ.ศ. ๒๕๖๑ เป",กฎหมายทั่วไป,พระราชบัญญัติ
kris_ง0011-1B-0001,พระราชบัญญัติเงินเดือน เงินประจำตำแหน่ง และประโยชน์ตอบแทนอื่นของประธานกรรมการและกรรมการในองค์กรอิสระตามรัฐธรรมนูญ พ.ศ. 2561,"[28/12/2561] พระราชบัญญัติเงินเดือน เงินประจำตำแหน่ง และประโยชน์ตอบแทนอื่นของประธานกรรมการและกรรมการในองค์กรอิสระตามรัฐธรรมนูญ พ.ศ. 2561
พระราชบัญญัติ เงินเดือน เงินประจำตำแหน่ง และประโยชน์ตอบแทนอื่นของประธานกรรมการ และกรรมการในองค์กรอิสระตามรัฐธรรมนูญ พ.ศ. ๒๕๖๑ สมเด็จพระเจ้าอยู่หัวมหาวชิราลงกรณ บดินทรเทพยวรางกูร ให้ไว้ ณ วันที่ ๒๕ ธันวาคม พ.ศ.",กฎหมายทั่วไป,พระราชบัญญัติ
kris_งป001-1B-0010,พระราชบัญญัติงบประมาณรายจ่ายประจำปีงบประมาณ พ.ศ. 2565,"[20/9/2564] พระราชบัญญัติงบประมาณรายจ่ายประจำปีงบประมาณ พ.ศ. 2565
พระราชบัญญัติ งบประมาณรายจ่ายประจำปีงบประมาณ พ.ศ. ๒๕๖๕ พระบาทสมเด็จพระปรเมนทรรามาธิบดีศรีสินทรมหาวชิราลงกรณ พระวชิรเกล้าเจ้าอยู่หัว ให้ไว้ ณ วันที่ ๑๕ กันยายน พ.ศ. ๒๕๖๔ เป็นปีที่ ๖ ในรัชกาลปัจจุบัน พระบาทสมเด็จ",กฎหมายทั่วไป,พระราชบัญญัติ
kris_งป002-1B-0001,พระราชบัญญัติงบประมาณรายจ่ายประจำปีงบประมาณ พ.ศ. 2566,"[19/9/2565] พระราชบัญญัติงบประมาณรายจ่ายประจำปีงบประมาณ พ.ศ. 2566
พระราชบัญญัติ งบประมาณรายจ่ายประจำปีงบประมาณ พ.ศ. ๒๕๖๖ พระบาทสมเด็จพระปรเมนทรรามาธิบดีศรีสินทรมหาวชิราลงกรณ พระวชิรเกล้าเจ้าอยู่หัว ให้ไว้ ณ วันที่ ๑๔ กันยายน พ.ศ. ๒๕๖๕ เป็นปีที่ ๗ ในรัชกาลปัจจุบัน พระบาทสมเด็จ",กฎหมายทั่วไป,พระราชบัญญัติ
kris_งป003-1B-0001,พระราชบัญญัติงบประมาณรายจ่ายประจำปีงบประมาณ พ.ศ. 2567,"[26/4/2567] พระราชบัญญัติงบประมาณรายจ่ายประจำปีงบประมาณ พ.ศ. 2567
พระราชบัญญัติ งบประมาณรายจ่ายประจำปีงบประมาณ พ.ศ. ๒๕๖๗ พระบาทสมเด็จพระปรเมนทรรามาธิบดีศรีสินทรมหาวชิราลงกรณ พระวชิรเกล้าเจ้าอยู่หัว ให้ไว้ ณ วันที่ ๒๕ เมษายน พ.ศ. ๒๕๖๗ เป็นปีที่ ๙ ในรัชกาลปัจจุบัน พระบาทสมเด็จพ",กฎหมายทั่วไป,พระราชบัญญัติ
kris_งป004-1B-0001,พระราชบัญญัติงบประมาณรายจ่ายเพิ่มเติมประจำปีงบประมาณ พ.ศ. 2567 พ.ศ. 2567,"[22/8/2567] พระราชบัญญัติงบประมาณรายจ่ายเพิ่มเติมประจำปีงบประมาณ พ.ศ. 2567 พ.ศ. 2567
พระราชบัญญัติ งบประมาณรายจ่ายเพิ่มเติมประจำปีงบประมาณ พ.ศ. ๒๕๖๗ พ.ศ. ๒๕๖๗ พระบาทสมเด็จพระปรเมนทรรามาธิบดีศรีสินทรมหาวชิราลงกรณ พระวชิรเกล้าเจ้าอยู่หัว ให้ไว้ ณ วันที่ ๒๑ สิงหาคม พ.ศ. ๒๕๖๗ เป็นปีที่ ๙ ในรัชกาลปั",กฎหมายทั่วไป,พระราชบัญญัติ
kris_งป005-1B-0001,พระราชบัญญัติงบประมาณรายจ่ายประจำปีงบประมาณ พ.ศ. 2568,"[30/9/2567] พระราชบัญญัติงบประมาณรายจ่ายประจำปีงบประมาณ พ.ศ. 2568
พระราชบัญญัติ งบประมาณรายจ่ายประจำปีงบประมาณ พ.ศ. ๒๕๖๘ พระบาทสมเด็จพระปรเมนทรรามาธิบดีศรีสินทรมหาวชิราลงกรณ พระวชิรเกล้าเจ้าอยู่หัว ให้ไว้ ณ วันที่ ๒๙ กันยายน พ.ศ. ๒๕๖๗ เป็นปีที่ ๙ ในรัชกาลปัจจุบัน พระบาทสมเด็จ",กฎหมายทั่วไป,พระราชบัญญัติ
kris_ง0014-1B-0001,พระราชบัญญัติเงินเดือนและเงินประจำตำแหน่งของข้าราชการพลเรือนกลาโหม พ.ศ. 2568,"[9/9/2568] พระราชบัญญัติเงินเดือนและเงินประจำตำแหน่งของข้าราชการพลเรือนกลาโหม พ.ศ. 2568
พระราชบัญญัติ เงินเดือนและเงินประจำตำแหน่งของข้าราชการพลเรือนกลาโหม พ.ศ. ๒๕๖๘ พระบาทสมเด็จพระปรเมนทรรามาธิบดีศรีสินทรมหาวชิราลงกรณ พระวชิรเกล้าเจ้าอยู่หัว ให้ไว้ ณ วันที่ ๖ กันยายน พ.ศ. ๒๕๖๘ เป็นปีที่ ๑๐ ในรัชก",กฎหมายทั่วไป,พระราชบัญญัติ
kris_งป006-1B-0001,พระราชบัญญัติงบประมาณรายจ่ายประจำปีงบประมาณ พ.ศ. 2569,"[18/9/2568] พระราชบัญญัติงบประมาณรายจ่ายประจำปีงบประมาณ พ.ศ. 2569
พระราชบัญญัติ งบประมาณรายจ่ายประจำปีงบประมาณ พ.ศ. ๒๕๖๙ พระบาทสมเด็จพระปรเมนทรรามาธิบดีศรีสินทรมหาวชิราลงกรณ พระวชิรเกล้าเจ้าอยู่หัว ให้ไว้ ณ วันที่ ๑๘ กันยายน พ.ศ. ๒๕๖๘ เป็นปีที่ ๑๐ ในรัชกาลปัจจุบัน พระบาทสมเด็",กฎหมายทั่วไป,พระราชบัญญัติ
kris_ยล162-1B-0001,พระราชบัญญัติจัดการสุขาภิบาลตามหัวเมือง ร.ศ. 127 (ยกเลิก),"[1/1/2451] พระราชบัญญัติจัดการสุขาภิบาลตามหัวเมือง ร.ศ. 127 (ยกเลิก)
พระราชบัญญัติ จัดการสุขาภิบาลตามหัวเมือง รัตนโกสินทร ศก ๑๒๗ (ยกเลิก) โปรดดูรายละเอียดของกฎหมายที่เว็บไซต์ราชกิจจานุเบกษา https://ratchakitcha.soc.go.th/",กฎหมายทั่วไป,พระราชบัญญัติ
kris_จ0016-1B-0002,พระราชบัญญัติจัดวางการรถไฟและทางหลวง พระพุทธศักราช 2464,"[27/8/2464] พระราชบัญญัติจัดวางการรถไฟและทางหลวง พระพุทธศักราช 2464
พระราชบัญญัติว่าด้วยการเวนคืนอสังหาริมทรัพย์ พุทธศักราช ๒๔๗๗ มีพระบรมราชโองการ ในพระบาทสมเด็จพระรามาธิบดีศรีสินทรมหาวชิราวุธ พระมงกุฎเกล้าเจ้าอยู่หัว ดำรัสเหนือเกล้าฯ ให้ประกาศให้ทราบทั่วกันว่า ด้วยมีเหตุสมควรท",กฎหมายทั่วไป,พระราชบัญญัติ
kris_ยล123-1B-0001,พระราชบัญญัติจำกัดแร่ดีบุก พุทธศักราช 2474 (ยกเลิก),"[21/8/2474] พระราชบัญญัติจำกัดแร่ดีบุก พุทธศักราช 2474 (ยกเลิก)
พระราชบัญญัติ จำกัดแร่ดีบุก พุทธศักราช ๒๔๗๔ และที่แก้ไขเพิ่มเติม (ยกเลิก) โปรดดูรายละเอียดของกฎหมายที่เว็บไซต์ราชกิจจานุเบกษา https://ratchakitcha.soc.go.th/",กฎหมายทั่วไป,พระราชบัญญัติ
kris_ยล159-1B-0001,พระราชบัญญัติจัดตั้งศาลพิเศษ พุทธศักราช 2476 (ยกเลิก),"[30/10/2476] พระราชบัญญัติจัดตั้งศาลพิเศษ พุทธศักราช 2476 (ยกเลิก)
พระราชบัญญัติ จัดตั้งศาลพิเศษ พุทธศักราช ๒๔๗๖ และที่แก้ไขเพิ่มเติม (ยกเลิก) โปรดดูรายละเอียดของกฎหมายที่เว็บไซต์ราชกิจจานุเบกษา https://ratchakitcha.soc.go.th/",กฎหมายทั่วไป,พระราชบัญญัติ
kris_ยล158-1B-0001,พระราชบัญญัติจุฬาลงกรณ์มหาวิทยาลัย พุทธศักราช 2477 (ยกเลิก),"[21/4/2477] พระราชบัญญัติจุฬาลงกรณ์มหาวิทยาลัย พุทธศักราช 2477 (ยกเลิก)
พระราชบัญญัติ จุฬาลงกรณ์มหาวิทยาลัย พุทธศักราช ๒๔๗๗ (ยกเลิก) โปรดดูรายละเอียดของกฎหมายที่เว็บไซต์ราชกิจจานุเบกษา https://ratchakitcha.soc.go.th/",กฎหมายทั่วไป,พระราชบัญญัติ
kris_ยล145-1B-0001,พระราชบัญญัติจัดระเบียบเทศบาล พุทธศักราช 2476 (ยกเลิก),"[24/4/2477] พระราชบัญญัติจัดระเบียบเทศบาล พุทธศักราช 2476 (ยกเลิก)
พระราชบัญญัติ จัดระเบียบเทศบาล พุทธศักราช ๒๔๗๖ และที่แก้ไขเพิ่มเติม (ยกเลิก) โปรดดูรายละเอียดของกฎหมายที่เว็บไซต์ราชกิจจานุเบกษา https://ratchakitcha.soc.go.th/",กฎหมายทั่วไป,พระราชบัญญัติ
kris_ยล122-1B-0005,พระราชบัญญัติจราจรทางบก พุทธศักราช 2477 (ยกเลิก),"[21/10/2477] พระราชบัญญัติจราจรทางบก พุทธศักราช 2477 (ยกเลิก)
พระราชบัญญัติ จราจรทางบก พุทธศักราช ๒๔๗๗ และที่แก้ไขเพิ่มเติม (ยกเลิก) โปรดดูรายละเอียดของกฎหมายที่เว็บไซต์ราชกิจจานุเบกษา https://ratchakitcha.soc.go.th/",กฎหมายทั่วไป,พระราชบัญญัติ
kris_จจ001-1B-0002,พระราชบัญญัติจัดตั้งศาลจังหวัดที่อำเภอสุโขทัยธานี จังหวัดสวรรคโลก พุทธศักราช 2477,"[14/4/2478] พระราชบัญญัติจัดตั้งศาลจังหวัดที่อำเภอสุโขทัยธานี จังหวัดสวรรคโลก พุทธศักราช 2477
พระราชบัญญัติ จัดตั้งศาลจังหวัดที่อำเภอสุโขทัยธานี จังหวัดสวรรคโลก พุทธศักราช ๒๔๗๗ ในพระปรมาภิไธยสมเด็จพระเจ้าอยู่หัวอานันทมหิดล คณะผู้สำเร็จราชการแทนพระองค์ (ตามประกาศประธานสภาผู้แทนราษฎร ลงวันที่ ๗ มีนาคม พุท",กฎหมายทั่วไป,พระราชบัญญัติ
kris_จ0036-1B-0001,พระราชบัญญัติจัดตั้งศาลแขวงสำหรับจังหวัดพระนครและจังหวัดธนบุรี พุทธศักราช 2478,"[29/9/2478] พระราชบัญญัติจัดตั้งศาลแขวงสำหรับจังหวัดพระนครและจังหวัดธนบุรี พุทธศักราช 2478
พระราชบัญญัติ จัดตั้งศาลแขวงสำหรับจังหวัดพระนครและจังหวัดธนบุรี พุทธศักราช ๒๔๗๘ ในพระปรมาภิไธยสมเด็จพระเจ้าอยู่หัวอานันทมหิดล คณะผู้สำเร็จราชการแทนพระองค์ (ตามประกาศประธานสภาผู้แทนราษฎร ลงวันที่ ๒๐ สิงหาคม พุทธ",กฎหมายทั่วไป,พระราชบัญญัติ
kris_จ0001-1B-0002,พระราชบัญญัติจดทะเบียนครอบครัว พุทธศักราช 2478,"[1/10/2478] พระราชบัญญัติจดทะเบียนครอบครัว พุทธศักราช 2478
พระราชบัญญัติ จดทะเบียนครอบครัว พุทธศักราช ๒๔๗๘ พระราชบัญญัติจดทะเบียนครอบครัว (ฉบับที่ ๒) พุทธศักราช ๒๔๘๒ พระราชบัญญัติจดทะเบียนครอบครัว (ฉบับที่ ๓) พ.ศ. ๒๕๓๓ ในพระปรมาภิไธยสมเด็จพระเจ้าอยู่หัวอานันทมหิดล คณะผ",กฎหมายทั่วไป,พระราชบัญญัติ
kris_จ0037-1B-0001,พระราชบัญญัติจัดตั้งศาลแขวงสำหรับหัวเมือง พุทธศักราช 2478,"[17/11/2478] พระราชบัญญัติจัดตั้งศาลแขวงสำหรับหัวเมือง พุทธศักราช 2478
พระราชบัญญัติ จัดตั้งศาลแขวงสำหรับหัวเมือง พุทธศักราช ๒๔๗๘ ในพระปรมาภิไธยสมเด็จพระเจ้าอยู่หัวอานันทมหิดล คณะผู้สำเร็จราชการแทนพระองค์ (ตามประกาศประธานสภาผู้แทนราษฎร ลงวันที่ ๒๐ สิงหาคม พุทธศักราช ๒๔๗๘) น.อ. อาท",กฎหมายทั่วไป,พระราชบัญญัติ
kris_จ0004-1B-0001,พระราชบัญญัติจัดการฝึกและอบรมเด็กบางจําพวก พุทธศักราช 2479 (ยกเลิก),"[26/4/2480] พระราชบัญญัติจัดการฝึกและอบรมเด็กบางจําพวก พุทธศักราช 2479 (ยกเลิก)
*พระราชกฤษฎีกาแก้ไขบทบัญญัติให้สอดคล้องกับการโอนอำนาจหน้าที่ของส่วนราชการให้เป็นไปตามพระราชบัญญัติปรับปรุงกระทรวง ทบวง กรม พ.ศ. ๒๕๔๕ พ.ศ. ๒๕๔๕ ในพระปรมาภิไธยสมเด็จพระเจ้าอยู่หัวอานันทมหิดล คณะผู้สำเร็จราชการแทน",กฎหมายทั่วไป,พระราชบัญญัติ
kris_จ0044-1B-0001,พระราชบัญญัติจัดระเบียบทรัพย์สินฝ่ายพระมหากษัตริย์ พุทธศักราช 2479 (ยกเลิก),"[19/7/2480] พระราชบัญญัติจัดระเบียบทรัพย์สินฝ่ายพระมหากษัตริย์ พุทธศักราช 2479 (ยกเลิก)
พระราชบัญญัติ จัดระเบียบทรัพย์สินฝ่ายพระมหากษัตริย์ พุทธศักราช ๒๔๗๙ (ยกเลิก) ______________ พระราชบัญญัติจัดระเบียบทรัพย์สินฝ่ายพระมหากษัตริย์ (ฉบับที่ ๒) พุทธศักราช ๒๔๘๔ พระราชบัญญัติจัดระเบียบทรัพย์สินฝ่ายพระ",กฎหมายทั่วไป,พระราชบัญญัติ
kris_จจ002-1B-0001,พระราชบัญญัติจัดตั้งศาลจังหวัดที่อำเภอยะโสธร จังหวัดอุบลราชธานี พุทธศักราช 2480,"[6/9/2480] พระราชบัญญัติจัดตั้งศาลจังหวัดที่อำเภอยะโสธร จังหวัดอุบลราชธานี พุทธศักราช 2480
พระราชบัญญัติ จัดตั้งศาลจังหวัดที่อำเภอยะโสธร จังหวัดอุบลราชธานี พุทธศักราช ๒๔๘๐ ในพระปรมาภิไธยสมเด็จพระเจ้าอยู่หัวอานันทมหิดล คณะผู้สำเร็จราชการแทนพระองค์ (ตามประกาศประธานสภาผู้แทนราษฎร ลงวันที่ ๔ สิงหาคม พุทธ",กฎหมายทั่วไป,พระราชบัญญัติ
kris_ยล160-1B-0001,พระราชบัญญัติจัดตั้งศาลพิเศษ พุทธศักราช 2481 (ยกเลิก),"[2/2/2481] พระราชบัญญัติจัดตั้งศาลพิเศษ พุทธศักราช 2481 (ยกเลิก)
พระราชบัญญัติ จัดตั้งศาลพิเศษ พุทธศักราช ๒๔๘๑ (ยกเลิก) โปรดดูรายละเอียดของกฎหมายที่เว็บไซต์ราชกิจจานุเบกษา https://ratchakitcha.soc.go.th/",กฎหมายทั่วไป,พระราชบัญญัติ
kris_จจ003-1B-0001,พระราชบัญญัติจัดตั้งศาลจังหวัดที่อำเภอภูเขียว จังหวัดชัยภูมิ พุทธศักราช 2482,"[16/10/2482] พระราชบัญญัติจัดตั้งศาลจังหวัดที่อำเภอภูเขียว จังหวัดชัยภูมิ พุทธศักราช 2482
พระราชบัญญัติ จัดตั้งศาลจังหวัดที่อำเภอภูเขียว จังหวัดชัยภูมิ พุทธศักราช ๒๔๘๒ พระราชบัญญัติจัดตั้งศาลจังหวัดที่อำเภอภูเขียว จังหวัดชัยภูมิ (ฉบับที่ ๒) พ.ศ. ๒๕๐๓ ในพระปรมาภิไธยสมเด็จพระเจ้าอยู่หัวอานันทมหิดล คณะ",กฎหมายทั่วไป,พระราชบัญญัติ
kris_จจ004-1B-0001,พระราชบัญญัติจัดตั้งศาลจังหวัดลานช้าง ศาลจังหวัดนครจัมปาศักดิ์ ศาลจังหวัดพิบูลสงคราม และศาลจังหวัดพระตะบอง พุทธศักราช 2484,"[12/8/2484] พระราชบัญญัติจัดตั้งศาลจังหวัดลานช้าง ศาลจังหวัดนครจัมปาศักดิ์ ศาลจังหวัดพิบูลสงคราม และศาลจังหวัดพระตะบอง พุทธศักราช 2484
พระราชบัญญัติ จัดตั้งศาลจังหวัดลานช้าง ศาลจังหวัดนครจัมปาศักดิ์ ศาลจังหวัดพิบูลสงคราม และศาลจังหวัดพระตะบอง พุทธศักราช ๒๔๘๔ ในพระปรมาภิไธยสมเด็จพระเจ้าอยู่หัวอานันทมหิดล คณะผู้สำเร็จราชการแทนพระองค์ (ตามประกาศป",กฎหมายทั่วไป,พระราชบัญญัติ
kris_จ0023-1B-0001,พระราชบัญญัติจำกัดสิทธิคนไทยผู้กระทำการอันเป็นภัยแก่ชาติ พุทธศักราช 2484 (ยกเลิก),"[11/9/2484] พระราชบัญญัติจำกัดสิทธิคนไทยผู้กระทำการอันเป็นภัยแก่ชาติ พุทธศักราช 2484 (ยกเลิก)
พระราชบัญญัติ จำกัดสิทธิคนไทยผู้กระทำการอันเป็นภัยแก่ชาติ พุทธศักราช ๒๔๘๔ (ยกเลิก) ในพระปรมาภิไธยสมเด็จพระเจ้าอยู่หัวอานันทมหิดล คณะผู้สำเร็จราชการแทนพระองค์ (ตามประกาศประธานสภาผู้แทนราษฎร ลงวันที่ ๔ สิงหาคม พุ",กฎหมายทั่วไป,พระราชบัญญัติ
kris_ยล151-1B-0001,พระราชบัญญัติจัดที่ดินเพื่อการครองชีพ พุทธศักราช 2485 (ยกเลิก),"[24/3/2485] พระราชบัญญัติจัดที่ดินเพื่อการครองชีพ พุทธศักราช 2485 (ยกเลิก)
พระราชบัญญัติจัดที่ดินเพื่อการครองชีพ พุทธศักราช ๒๔๘๕ และที่แก้ไขเพิ่มเติม (ยกเลิก) โปรดดูรายละเอียดของกฎหมายที่เว็บไซต์ราชกิจจานุเบกษา https://ratchakitcha.soc.go.th/",กฎหมายทั่วไป,พระราชบัญญัติ
kris_ยล125-1B-0001,พระราชบัญญัติจุฬาลงกรณ์มหาวิทยาลัย พุทธศักราช 2486 (ยกเลิก),"[2/2/2486] พระราชบัญญัติจุฬาลงกรณ์มหาวิทยาลัย พุทธศักราช 2486 (ยกเลิก)
พระราชบัญญัติ จุฬาลงกรณ์มหาวิทยาลัย พุทธศักราช ๒๔๘๖ และที่แก้ไขเพิ่มเติม (ยกเลิก) โปรดดูรายละเอียดของกฎหมายที่เว็บไซต์ราชกิจจานุเบกษา https://ratchakitcha.soc.go.th/",กฎหมายทั่วไป,พระราชบัญญัติ
kris_จ0025-1B-0001,พระราชบัญญัติจัดสรรทุนสำรองเงินตราเพื่อบูรณะประเทศ พ.ศ. 2489 (ยกเลิก),"[19/9/2489] พระราชบัญญัติจัดสรรทุนสำรองเงินตราเพื่อบูรณะประเทศ พ.ศ. 2489 (ยกเลิก)
พระราชบัญญัติ จัดสรรทุนสำรองเงินตราเพื่อบูรณะประเทศ พ.ศ. ๒๔๘๙ (ยกเลิก) ในพระปรมาภิไธยสมเด็จพระเจ้าอยู่หัวภูมิพลอดุลยเดช คณะผู้สำเร็จราชการแทนพระองค์ รังสิต กรมขุนชัยนาทนเรนทร พระยามานวราชเสวี ให้ไว้ ณ วันที่ ๑๙",กฎหมายทั่วไป,พระราชบัญญัติ
kris_จจ005-1B-0001,พระราชบัญญัติจัดตั้งศาลจังหวัดที่อำเภอไชยา จังหวัดสุราษฎร์ธานี พ.ศ. 2490,"[14/1/2490] พระราชบัญญัติจัดตั้งศาลจังหวัดที่อำเภอไชยา จังหวัดสุราษฎร์ธานี พ.ศ. 2490
พระราชบัญญัติ จัดตั้งศาลจังหวัดที่อำเภอไชยา จังหวัดสุราษฎร์ธานี พ.ศ. ๒๔๙๐ ในพระปรมาภิไธยสมเด็จพระเจ้าอยู่หัวภูมิพลอดุลยเดช คณะผู้สำเร็จราชการแทนพระองค์ รังสิต กรมขุนชัยนาทนเรนทร พระยามานวราชเสวี ให้ไว้ ณ วันที่",กฎหมายทั่วไป,พระราชบัญญัติ
kris_ยล229-1B-0001,พระราชบัญญัติจัดระเบียบป้องกันราชอาณาจักร พ.ศ. 2491 (ยกเลิก),"[3/2/2491] พระราชบัญญัติจัดระเบียบป้องกันราชอาณาจักร พ.ศ. 2491 (ยกเลิก)
พระราชบัญญัติ จัดระเบียบป้องกันราชอาณาจักร พ.ศ. ๒๔๙๑ และที่แก้ไขเพิ่มเติม (ยกเลิก) โปรดดูรายละเอียดของกฎหมาย ที่เว็บไซต์ราชกิจจานุเบกษา https://ratchakitcha.soc.go.th/",กฎหมายทั่วไป,พระราชบัญญัติ
kris_จ0011-1B-0002,พระราชบัญญัติจัดระเบียบกิจการแพปลา พ.ศ. 2496,"[20/1/2496] พระราชบัญญัติจัดระเบียบกิจการแพปลา พ.ศ. 2496
พระราชบัญญัติว่าด้วยการปรับเป็นพินัย พ.ศ. ๒๕๖๕ ภูมิพลอดุลยเดช ป.ร. ให้ไว้ ณ วันที่ ๙ มกราคม พ.ศ. ๒๔๙๖ เป็นปีที่ ๘ ในรัชกาลปัจจุบัน พระบาทสมเด็จพระปรมินทรมหาภูมิพลอดุลยเดช มีพระบรมราชโองการโปรดเกล้าฯ ให้ประกาศว่",กฎหมายทั่วไป,พระราชบัญญัติ
kris_ยล224-1B-0002,พระราชบัญญัติจัดอาชีวศึกษาสงเคราะห์แก่บุคคลบางจำพวก พ.ศ. 2497 (ยกเลิก),"[9/3/2497] พระราชบัญญัติจัดอาชีวศึกษาสงเคราะห์แก่บุคคลบางจำพวก พ.ศ. 2497 (ยกเลิก)
พระราชบัญญัติ จัดอาชีวศึกษาสงเคราะห์แก่บุคคลบางจำพวก พ.ศ. ๒๔๙๗ (ยกเลิก) โปรดดูรายละเอียดของกฎหมาย ที่เว็บไซต์ราชกิจจานุเบกษา https://ratchakitcha.soc.go.th/",กฎหมายทั่วไป,พระราชบัญญัติ
kris_จ0026-1C-0001,พระราชกำหนดจัดสรรทุนสำรองเงินตราเกินจำนวนธนบัตรออกใช้ พ.ศ. 2498,"[26/7/2498] พระราชกำหนดจัดสรรทุนสำรองเงินตราเกินจำนวนธนบัตรออกใช้ พ.ศ. 2498
พระราชกำหนด จัดสรรทุนสำรองเงินตราเกินจำนวนธนบัตรออกใช้ พ.ศ. ๒๔๙๘ ภูมิพลอดุลยเดชป.ร. ให้ไว้ ณวันที่ ๑๓ กรกฎาคม พ.ศ. ๒๔๙๘ เป็นปีที่ ๑๐ ในรัชกาลปัจจุบัน พระบาทสมเด็จพระปรมินทรมหาภูมิพลอดุลยเดชมีพระบรมราชโองการโปรด",กฎหมายทั่วไป,พระราชกำหนด
kris_จ0005-1B-0001,พระราชบัญญัติจัดตั้งศาลแขวงและวิธีพิจารณาความอาญาในศาลแขวง พ.ศ. 2499,"[2/10/2499] พระราชบัญญัติจัดตั้งศาลแขวงและวิธีพิจารณาความอาญาในศาลแขวง พ.ศ. 2499
พระราชบัญญัติ จัดตั้งศาลแขวงและวิธีพิจารณาความอาญาในศาลแขวง พ.ศ. ๒๔๙๙ พระราชบัญญัติจัดตั้งศาลแขวงและวิธีพิจารณาความอาญาในศาลแขวง (ฉบับที่ ๒) พ.ศ. ๒๕๐๓ พระราชบัญญัติจัดตั้งศาลแขวงและวิธีพิจารณาความอาญาในศาลแขวง",กฎหมายทั่วไป,พระราชบัญญัติ
kris_ยล240-1B-0001,พระราชบัญญัติจัดระเบียบราชการสำนักนายกรัฐมนตรี พ.ศ. 2502 (ยกเลิก),"[14/2/2502] พระราชบัญญัติจัดระเบียบราชการสำนักนายกรัฐมนตรี พ.ศ. 2502 (ยกเลิก)
พระราชบัญญัติจัดระเบียบราชการสำนักนายกรัฐมนตรี พ.ศ. ๒๕๐๒และที่แก้ไขเพิ่มเติม (ยกเลิก) โปรดดูรายละเอียดของกฎหมายที่เว็บไซต์ราชกิจจานุเบกษา https://ratchakitcha.soc.go.th/",กฎหมายทั่วไป,พระราชบัญญัติ
kris_ยล036-1B-0002,พระราชบัญญัติจัดระเบียบราชการกระทรวงกลาโหม พ.ศ. 2503 (ยกเลิก),"[15/3/2503] พระราชบัญญัติจัดระเบียบราชการกระทรวงกลาโหม พ.ศ. 2503 (ยกเลิก)
ประกาศของคณะปฏิวัติ ฉบับที่ ๑๕๗ ลงวันที่ ๔ มิถุนายน พุทธศักราช ๒๕๑๕ พระราชบัญญัติจัดระเบียบราชการกระทรวงกลาโหม (ฉบับที่ ๒) พ.ศ. ๒๕๐๗ พระราชบัญญัติจัดระเบียบราชการกระทรวงกลาโหม (ฉบับที่ ๓) พ.ศ. ๒๕๑๙ พระราชบัญญัต",กฎหมายทั่วไป,พระราชบัญญัติ
kris_จ0010-1B-0001,พระราชบัญญัติจัดระเบียบการจอดยานยนตร์ในเขตเทศบาลและสุขาภิบาล พ.ศ. 2503 (ยกเลิก),"[13/4/2503] พระราชบัญญัติจัดระเบียบการจอดยานยนตร์ในเขตเทศบาลและสุขาภิบาล พ.ศ. 2503 (ยกเลิก)
พระราชบัญญัติจัดระเบียบการจอดยานยนตร์ในเขตเทศบาลและสุขาภิบาล (ฉบับที่ ๒) พ.ศ. ๒๕๓๕ ภูมิพลอดุลยเดช ป.ร. ให้ไว้ ณ วันที่ ๑๒ เมษายน พ.ศ. ๒๕๐๓ เป็นปีที่ ๑๕ ในรัชกาลปัจจุบัน โดยที่คณะปฏิวัติพิจารณาเห็นว่า ในปัจจุบัน",กฎหมายทั่วไป,พระราชบัญญัติ
kris_ยล126-1B-0001,พระราชบัญญัติจัดหางานและคุ้มครองคนหางาน พ.ศ. 2511 (ยกเลิก),"[30/4/2511] พระราชบัญญัติจัดหางานและคุ้มครองคนหางาน พ.ศ. 2511 (ยกเลิก)
พระราชบัญญัติ จัดหางานและคุ้มครองคนหางาน พ.ศ. ๒๕๑๑ (ยกเลิก) โปรดดูรายละเอียดของกฎหมายที่เว็บไซต์ราชกิจจานุเบกษา https://ratchakitcha.soc.go.th/",กฎหมายทั่วไป,พระราชบัญญัติ
kris_จ0008-1B-0001,พระราชบัญญัติจัดที่ดินเพื่อการครองชีพ พ.ศ. 2511,"[19/6/2511] พระราชบัญญัติจัดที่ดินเพื่อการครองชีพ พ.ศ. 2511
*พระราชกฤษฎีกาแก้ไขบทบัญญัติให้สอดคล้องกับการโอนอำนาจหน้าที่ของส่วนราชการให้เป็นไปตามพระราชบัญญัติปรับปรุงกระทรวง ทบวง กรม พ.ศ. ๒๕๔๕ พ.ศ. ๒๕๔๕  *พระราชบัญญัติจัดที่ดินเพื่อการครองชีพ (ฉบับที่ ๒) พ.ศ. ๒๕๕๐ ภูมิพ",กฎหมายทั่วไป,พระราชบัญญัติ
kris_จ0002-1B-0001,พระราชบัญญัติจดทะเบียนเครื่องจักร พ.ศ. 2514,"[27/4/2514] พระราชบัญญัติจดทะเบียนเครื่องจักร พ.ศ. 2514
พระราชบัญญัติว่าด้วยการปรับเป็นพินัย พ.ศ. ๒๕๖๕ พระราชบัญญัติจดทะเบียนเครื่องจักร (ฉบับที่ ๒) พ.ศ. ๒๕๓๐ พระราชบัญญัติจดทะเบียนเครื่องจักร (ฉบับที่ ๓) พ.ศ. ๒๕๕๘ ภูมิพลอดุลยเดช ป.ร. ให้ไว้ ณ วันที่ ๑๔ เมษายน พ.ศ.",กฎหมายทั่วไป,พระราชบัญญัติ
kris_ยล010-1B-0001,พระราชบัญญัติจัดรูปที่ดินเพื่อเกษตรกรรม พ.ศ. 2517 (ยกเลิก),"[18/9/2517] พระราชบัญญัติจัดรูปที่ดินเพื่อเกษตรกรรม พ.ศ. 2517 (ยกเลิก)
*พระราชกฤษฎีกาแก้ไขบทบัญญัติให้สอดคล้องกับการโอนอำนาจหน้าที่ของส่วนราชการให้เป็นไปตามพระราชบัญญัติปรับปรุงกระทรวง ทบวง กรม พ.ศ. ๒๕๔๕ พ.ศ. ๒๕๔๕ พระราชบัญญัติจัดรูปที่ดินเพื่อเกษตรกรรม (ฉบับที่ ๒) พ.ศ. ๒๕๓๔ ภูมิพ",กฎหมายทั่วไป,พระราชบัญญัติ
kris_จ0013-1B-0001,พระราชบัญญัติจัดระเบียบปฏิบัติราชการฝ่ายรัฐสภา พ.ศ. 2518 (ยกเลิก),"[6/2/2518] พระราชบัญญัติจัดระเบียบปฏิบัติราชการฝ่ายรัฐสภา พ.ศ. 2518 (ยกเลิก)
พระราชบัญญัติ จัดระเบียบปฏิบัติราชการฝ่ายรัฐสภา พ.ศ. ๒๕๑๘ (ยกเลิก) พระราชบัญญัติจัดระเบียบปฏิบัติราชการฝ่ายรัฐสภา (ฉบับที่ ๒) พ.ศ. ๒๕๓๕ ภูมิพลอดุลยเดช ป.ร. ให้ไว้ ณ วันที่ ๒๐ มกราคม พ.ศ. ๒๕๑๘ เป็นปีที่ ๓๐ ในรัช",กฎหมายทั่วไป,พระราชบัญญัติ
kris_จ0033-1B-0001,พระราชบัญญัติจัดตั้งศาลแพ่งธนบุรีและศาลอาญาธนบุรี พ.ศ. 2520,"[9/3/2520] พระราชบัญญัติจัดตั้งศาลแพ่งธนบุรีและศาลอาญาธนบุรี พ.ศ. 2520
พระราชบัญญัติ จัดตั้งศาลแพ่งธนบุรีและศาลอาญาธนบุรี พ.ศ. ๒๕๒๐ ภูมิพลอดุลยเดช ป.ร. ให้ไว้ ณ วันที่ ๑ มีนาคม พ.ศ. ๒๕๒๐ เป็นปีที่ ๓๒ ในรัชกาลปัจจุบัน พระบาทสมเด็จพระปรมินทรมหาภูมิพลอดุลยเดช มีพระบรมราชโองการโปรดเกล",กฎหมายทั่วไป,พระราชบัญญัติ
kris_จจ007-1B-0001,พระราชบัญญัติจัดตั้งศาลจังหวัดที่อำเภอทุ่งสง จังหวัดนครศรีธรรมราช พ.ศ. 2520,"[11/3/2520] พระราชบัญญัติจัดตั้งศาลจังหวัดที่อำเภอทุ่งสง จังหวัดนครศรีธรรมราช พ.ศ. 2520
พระราชบัญญัติ จัดตั้งศาลจังหวัดที่อำเภอทุ่งสง จังหวัดนครศรีธรรมราช พ.ศ. ๒๕๒๐ ภูมิพลอดุลยเดช ป.ร. ให้ไว้ ณ วันที่ ๕ มีนาคม พ.ศ. ๒๕๒๐ เป็นปีที่ ๓๒ ในรัชกาลปัจจุบัน พระบาทสมเด็จพระปรมินทรมหาภูมิพลอดุลยเดช มีพระบรม",กฎหมายทั่วไป,พระราชบัญญัติ
kris_จจ006-1B-0002,พระราชบัญญัติจัดตั้งศาลจังหวัดที่อำเภอมุกดาหาร จังหวัดนครพนม พ.ศ. 2520,"[11/3/2520] พระราชบัญญัติจัดตั้งศาลจังหวัดที่อำเภอมุกดาหาร จังหวัดนครพนม พ.ศ. 2520
พระราชบัญญัติ จัดตั้งศาลจังหวัดที่อำเภอมุกดาหาร จังหวัดนครพนม พ.ศ. ๒๕๒๐ ภูมิพลอดุลยเดช ป.ร. ให้ไว้ ณ วันที่ ๕ มีนาคม พ.ศ. ๒๕๒๐ เป็นปีที่ ๓๒ ในรัชกาลปัจจุบัน พระบาทสมเด็จพระปรมินทรมหาภูมิพลอดุลยเดช มีพระบรมราชโอ",กฎหมายทั่วไป,พระราชบัญญัติ
kris_จจ008-1B-0001,พระราชบัญญัติจัดตั้งศาลจังหวัดพะเยา พ.ศ. 2520,"[28/7/2520] พระราชบัญญัติจัดตั้งศาลจังหวัดพะเยา พ.ศ. 2520
พระราชบัญญัติ จัดตั้งศาลจังหวัดพะเยา พ.ศ. ๒๕๒๐ ภูมิพลอดุลยเดช ป.ร. ให้ไว้ ณ วันที่ ๒๓ กรกฎาคม พ.ศ. ๒๕๒๐ เป็นปีที่ ๓๒ ในรัชกาลปัจจุบัน พระบาทสมเด็จพระปรมินทรมหาภูมิพลอดุลยเดช มีพระบรมราชโองการโปรดเกล้าฯ ให้ประกา",กฎหมายทั่วไป,พระราชบัญญัติ
kris_ยล084-1B-0001,พระราชบัญญัติจุฬาลงกรณ์มหาวิทยาลัย พ.ศ. 2522 (ยกเลิก),"[20/4/2522] พระราชบัญญัติจุฬาลงกรณ์มหาวิทยาลัย พ.ศ. 2522 (ยกเลิก)
พระราชบัญญัติ จุฬาลงกรณ์มหาวิทยาลัย พ.ศ. ๒๕๒๒ (ยกเลิก) ภูมิพลอดุลยเดช ป.ร. ให้ไว้ ณ วันที่ ๑๖ เมษายน พ.ศ. ๒๕๒๒ เป็นปีที่ ๓๔ ในรัชกาลปัจจุบัน พระบาทสมเด็จพระปรมินทรมหาภูมิพลอดุลยเดช มีพระบรมราชโองการโปรดเกล้าฯ ใ",กฎหมายทั่วไป,พระราชบัญญัติ
kris_จ0017-1B-0001,พระราชบัญญัติจัดระเบียบบริหารหมู่บ้านอาสาพัฒนาและป้องกันตนเอง พ.ศ. 2522,"[10/5/2522] พระราชบัญญัติจัดระเบียบบริหารหมู่บ้านอาสาพัฒนาและป้องกันตนเอง พ.ศ. 2522
พระราชบัญญัติ จัดระเบียบบริหารหมู่บ้านอาสาพัฒนาและป้องกันตนเอง พ.ศ. ๒๕๒๒ ภูมิพลอดุลยเดช ป.ร. ให้ไว้ ณ วันที่ ๓๐ เมษายน พ.ศ. ๒๕๒๒ เป็นปีที่ ๓๔ ในรัชกาลปัจจุบัน พระบาทสมเด็จพระปรมินทรมหาภูมิพลอดุลยเดช มีพระบรมราช",กฎหมายทั่วไป,พระราชบัญญัติ
kris_จ0018-1B-0001,พระราชบัญญัติจัดตั้งศาลแรงงานและวิธีพิจารณาคดีแรงงาน พ.ศ. 2522,"[11/5/2522] พระราชบัญญัติจัดตั้งศาลแรงงานและวิธีพิจารณาคดีแรงงาน พ.ศ. 2522
พระราชบัญญัติ จัดตั้งศาลแรงงานและวิธีพิจารณาคดีแรงงาน พ.ศ. ๒๕๒๒ พระราชบัญญัติจัดตั้งศาลแรงงานและวิธีพิจารณาคดีแรงงาน (ฉบับที่ ๒) พ.ศ. ๒๕๕๐  พระราชบัญญัติจัดตั้งศาลแรงงานและวิธีพิจารณาคดีแรงงาน (ฉบับที่ ๓) พ.ศ.",กฎหมายทั่วไป,พระราชบัญญัติ
kris_จจ010-1B-0001,พระราชบัญญัติจัดตั้งศาลจังหวัดที่อำเภอสีคิ้ว จังหวัดนครราชสีมา พ.ศ. 2525,"[1/9/2525] พระราชบัญญัติจัดตั้งศาลจังหวัดที่อำเภอสีคิ้ว จังหวัดนครราชสีมา พ.ศ. 2525
พระราชบัญญัติ จัดตั้งศาลจังหวัดที่อำเภอสีคิ้ว จังหวัดนครราชสีมา พ.ศ. ๒๕๒๕ ภูมิพลอดุลยเดช ป.ร. ให้ไว้ ณ วันที่ ๑๙ สิงหาคม พ.ศ. ๒๕๒๕ เป็นปีที่ ๓๗ ในรัชกาลปัจจุบัน พระบาทสมเด็จพระปรมินทรมหาภูมิพลอดุลยเดช มีพระบรมร",กฎหมายทั่วไป,พระราชบัญญัติ
kris_จจ009-1B-0001,พระราชบัญญัติจัดตั้งศาลจังหวัดที่อำเภอฝาง จังหวัดเชียงใหม่ พ.ศ. 2525,"[1/9/2525] พระราชบัญญัติจัดตั้งศาลจังหวัดที่อำเภอฝาง จังหวัดเชียงใหม่ พ.ศ. 2525
พระราชบัญญัติ จัดตั้งศาลจังหวัดที่อำเภอฝาง จังหวัดเชียงใหม่ พ.ศ. ๒๕๒๕ ภูมิพลอดุลยเดช ป.ร. ให้ไว้ ณ วันที่ ๑๙ สิงหาคม พ.ศ. ๒๕๒๕ เป็นปีที่ ๓๗ ในรัชกาลปัจจุบัน พระบาทสมเด็จพระปรมินทรมหาภูมิพลอดุลยเดช มีพระบรมราชโอ",กฎหมายทั่วไป,พระราชบัญญัติ
kris_จจ011-1B-0001,พระราชบัญญัติจัดตั้งศาลจังหวัดที่อำเภออำนาจเจริญ จังหวัดอุบลราชธานี พ.ศ. 2525,"[1/9/2525] พระราชบัญญัติจัดตั้งศาลจังหวัดที่อำเภออำนาจเจริญ จังหวัดอุบลราชธานี พ.ศ. 2525
พระราชบัญญัติ จัดตั้งศาลจังหวัดที่อำเภออำนาจเจริญ จังหวัดอุบลราชธานี พ.ศ. ๒๕๒๕ ภูมิพลอดุลยเดช ป.ร. ให้ไว้ ณ วันที่ ๑๙ สิงหาคม พ.ศ. ๒๕๒๕ เป็นปีที่ ๓๗ ในรัชกาลปัจจุบัน พระบาทสมเด็จพระปรมินทรมหาภูมิพลอดุลยเดช มีพร",กฎหมายทั่วไป,พระราชบัญญัติ
kris_จ0009-1B-0001,พระราชบัญญัติจัดสรรเงินภาษีสุรา พ.ศ. 2527 (ยกเลิก),"[20/9/2527] พระราชบัญญัติจัดสรรเงินภาษีสุรา พ.ศ. 2527 (ยกเลิก)
พระราชบัญญัติ จัดสรรเงินภาษีสุรา พ.ศ. ๒๕๒๗ (ยกเลิก) ภูมิพลอดุลยเดช ป.ร. ให้ไว้ ณ วันที่ ๑๐ กันยายน พ.ศ. ๒๕๒๗ เป็นปีที่ ๓๙ ในรัชกาลปัจจุบัน พระบาทสมเด็จพระปรมินทรมหาภูมิพลอดุลยเดช มีพระบรมราชโองการโปรดเกล้าฯ ให้",กฎหมายทั่วไป,พระราชบัญญัติ
kris_จ0021-1B-0001,พระราชบัญญัติจัดสรรเงินภาษีสรรพสามิต พ.ศ. 2527 (ยกเลิก),"[20/9/2527] พระราชบัญญัติจัดสรรเงินภาษีสรรพสามิต พ.ศ. 2527 (ยกเลิก)
พระราชบัญญัติ จัดสรรเงินภาษีสรรพสามิต พ.ศ. ๒๕๒๗ (ยกเลิก) ภูมิพลอดุลยเดช ป.ร. ให้ไว้ ณ วันที่ ๑๐ กันยายน พ.ศ. ๒๕๒๗ เป็นปีที่ ๓๙ ในรัชกาลปัจจุบัน พระบาทสมเด็จพระปรมินทรมหาภูมิพลอดุลยเดช มีพระบรมราชโองการโปรดเกล้า",กฎหมายทั่วไป,พระราชบัญญัติ
kris_จ0019-1B-0001,พระราชบัญญัติจัดหางานและคุ้มครองคนหางาน พ.ศ. 2528,"[1/9/2528] พระราชบัญญัติจัดหางานและคุ้มครองคนหางาน พ.ศ. 2528
พระราชบัญญัติว่าด้วยการปรับเป็นพินัย พ.ศ. ๒๕๖๕ พระราชบัญญัติจัดหางานและคุ้มครองคนหางาน (ฉบับที่ ๒) พ.ศ. ๒๕๓๗ พระราชบัญญัติจัดหางานและคุ้มครองคนหางาน (ฉบับที่ ๓) พ.ศ. ๒๕๔๔ ภูมิพลอดุลยเดช ป.ร. ให้ไว้ ณ วันที่ ๑๗",กฎหมายทั่วไป,พระราชบัญญัติ
kris_จ0007-1B-0001,พระราชบัญญัติจัดตั้งศาลภาษีอากรและวิธีพิจารณาคดีภาษีอากร พ.ศ. 2528,"[5/9/2528] พระราชบัญญัติจัดตั้งศาลภาษีอากรและวิธีพิจารณาคดีภาษีอากร พ.ศ. 2528
พระราชบัญญัติ จัดตั้งศาลภาษีอากรและวิธีพิจารณาคดีภาษีอากร พ.ศ. ๒๕๒๘ พระราชบัญญัติจัดตั้งศาลภาษีอากรและวิธีพิจารณาคดีภาษีอากร (ฉบับที่ ๒) พ.ศ. ๒๕๕๘ พระราชบัญญัติจัดตั้งศาลภาษีอากรและวิธีพิจารณาคดีภาษีอากร (ฉบับท",กฎหมายทั่วไป,พระราชบัญญัติ
kris_จ0031-1B-0001,พระราชบัญญัติจัดตั้งศาลอุทธรณ์ภาค พ.ศ. 2532,"[11/8/2532] พระราชบัญญัติจัดตั้งศาลอุทธรณ์ภาค พ.ศ. 2532
พระราชบัญญัติ จัดตั้งศาลอุทธรณ์ภาค พ.ศ. ๒๕๓๒ ภูมิพลอดุลยเดช ป.ร. ให้ไว้ ณ วันที่ ๕ สิงหาคม พ.ศ. ๒๕๓๒ เป็นปีที่ ๔๔ ในรัชกาลปัจจุบัน พระบาทสมเด็จพระปรมินทรมหาภูมิพลอดุลยเดช มีพระบรมราชโองการโปรดเกล้าฯ ให้ประกาศว่",กฎหมายทั่วไป,พระราชบัญญัติ
kris_จ0030-1B-0001,พระราชบัญญัติจัดตั้งศาลแพ่งกรุงเทพใต้และศาลอาญากรุงเทพใต้ พ.ศ. 2532,"[11/8/2532] พระราชบัญญัติจัดตั้งศาลแพ่งกรุงเทพใต้และศาลอาญากรุงเทพใต้ พ.ศ. 2532
พระราชบัญญัติ จัดตั้งศาลแพ่งกรุงเทพใต้และศาลอาญากรุงเทพใต้ พ.ศ. ๒๕๓๒ ภูมิพลอดุลยเดช ป.ร. ให้ไว้ ณ วันที่ ๔ สิงหาคม พ.ศ. ๒๕๓๒ เป็นปีที่ ๔๔ ในรัชกาลปัจจุบัน พระบาทสมเด็จพระปรมินทรมหาภูมิพลอดุลยเดช มีพระบรมราชโองก",กฎหมายทั่วไป,พระราชบัญญัติ
kris_จ0003-1B-0001,พระราชบัญญัติจราจรทางบก พ.ศ. 2522,"[28/2/2534] พระราชบัญญัติจราจรทางบก พ.ศ. 2522
พระราชบัญญัติว่าด้วยการปรับเป็นพินัย พ.ศ. ๒๕๖๕ ภูมิพลอดุลยเดช ป.ร. ให้ไว้ ณ วันที่ ๑๘ มกราคม พ.ศ. ๒๕๒๒ เป็นปีที่ ๓๔ ในรัชกาลปัจจุบัน โดยปัจจุบันมีผู้ขับขี่รถหรือเจ้าของรถที่ฝ่าฝืนหรือไม่ปฏิบัติตามกฎหมายว่าด้วยก",กฎหมายทั่วไป,พระราชบัญญัติ
kris_จจ012-1B-0001,พระราชบัญญัติจัดตั้งศาลจังหวัดที่อำเภอบึงกาฬ จังหวัดหนองคาย พ.ศ. 2534,"[14/5/2534] พระราชบัญญัติจัดตั้งศาลจังหวัดที่อำเภอบึงกาฬ จังหวัดหนองคาย พ.ศ. 2534
พระราชบัญญัติ จัดตั้งศาลจังหวัดที่อำเภอบึงกาฬ จังหวัดหนองคาย พ.ศ. ๒๕๓๔ ภูมิพลอดุลยเดช ป.ร. ให้ไว้ ณ วันที่ ๑๐ พฤษภาคม พ.ศ. ๒๕๓๔ เป็นปีที่ ๔๖ ในรัชกาลปัจจุบัน พระบาทสมเด็จพระปรมินทรมหาภูมิพลอดุลยเดช มีพระบรมราชโ",กฎหมายทั่วไป,พระราชบัญญัติ
kris_จ0022-1B-0001,พระราชบัญญัติจัดสรรรายได้ประเภทภาษีมูลค่าเพิ่มและภาษีธุรกิจเฉพาะให้แก่ราชการส่วนท้องถิ่น พ.ศ. 2534,"[21/11/2534] พระราชบัญญัติจัดสรรรายได้ประเภทภาษีมูลค่าเพิ่มและภาษีธุรกิจเฉพาะให้แก่ราชการส่วนท้องถิ่น พ.ศ. 2534
พระราชบัญญัติ จัดสรรรายได้ประเภทภาษีมูลค่าเพิ่ม และภาษีธุรกิจเฉพาะให้แก่ราชการส่วนท้องถิ่น พ.ศ. ๒๕๓๔ ภูมิพลอดุลยเดช ป.ร. ให้ไว้ ณ วันที่ ๒๐ พฤศจิกายน พ.ศ. ๒๕๓๔ เป็นปีที่ ๔๖ ในรัชกาลปัจจุบัน พระบาทสมเด็จพระปรมิน",กฎหมายทั่วไป,พระราชบัญญัติ
kris_จ0006-1B-0001,พระราชบัญญัติจัดตั้งศาลเยาวชนและครอบครัวและวิธีพิจารณาคดีเยาวชนและครอบครัว พ.ศ. 2534 (ยกเลิก),"[22/11/2534] พระราชบัญญัติจัดตั้งศาลเยาวชนและครอบครัวและวิธีพิจารณาคดีเยาวชนและครอบครัว พ.ศ. 2534 (ยกเลิก)
พระราชบัญญัติจัดตั้งศาลเยาวชนและครอบครัวและวิธีพิจารณาคดีเยาวชนและครอบครัว (ฉบับที่ ๓) พ.ศ. ๒๕๔๘ ภูมิพลอดุลยเดช ป.ร. ให้ไว้ ณ วันที่ ๒๖ ตุลาคม พ.ศ. ๒๕๓๔ เป็นปีที่ ๔๖ ในรัชกาลปัจจุบัน พระบาทสมเด็จพระปรมินทรมหาภู",กฎหมายทั่วไป,พระราชบัญญัติ
kris_จจ013-1B-0002,พระราชบัญญัติจัดตั้งศาลจังหวัดที่อำเภอพล จังหวัดขอนแก่น พ.ศ. 2535,"[9/4/2535] พระราชบัญญัติจัดตั้งศาลจังหวัดที่อำเภอพล จังหวัดขอนแก่น พ.ศ. 2535
พระราชบัญญัติ จัดตั้งศาลจังหวัดที่อำเภอพล จังหวัดขอนแก่น พ.ศ. ๒๕๓๕ ภูมิพลอดุลยเดช ป.ร. ให้ไว้ ณ วันที่ ๒ เมษายน พ.ศ. ๒๕๓๕ เป็นปีที่ ๔๗ ในรัชกาลปัจจุบัน พระบาทสมเด็จพระปรมินทรมหาภูมิพลอดุลยเดช มีพระบรมราชโองการโ",กฎหมายทั่วไป,พระราชบัญญัติ
kris_จจ014-1B-0001,พระราชบัญญัติจัดตั้งศาลจังหวัดที่อำเภอบัวใหญ่ จังหวัดนครราชสีมา พ.ศ. 2537,"[21/6/2537] พระราชบัญญัติจัดตั้งศาลจังหวัดที่อำเภอบัวใหญ่ จังหวัดนครราชสีมา พ.ศ. 2537
พระราชบัญญัติ จัดตั้งศาลจังหวัดที่อำเภอบัวใหญ่ จังหวัดนครราชสีมา พ.ศ. ๒๕๓๗ ภูมิพลอดุลยเดช ป.ร. ให้ไว้ ณ วันที่ ๑๕ มิถุนายน พ.ศ. ๒๕๓๗ เป็นปีที่ ๔๙ ในรัชกาลปัจจุบัน พระบาทสมเด็จพระปรมินทรมหาภูมิพลอดุลยเดช มีพระบร",กฎหมายทั่วไป,พระราชบัญญัติ
kris_จจ015-1B-0001,พระราชบัญญัติจัดตั้งศาลจังหวัดที่อำเภอสว่างแดนดิน จังหวัดสกลนคร พ.ศ. 2537,"[21/6/2537] พระราชบัญญัติจัดตั้งศาลจังหวัดที่อำเภอสว่างแดนดิน จังหวัดสกลนคร พ.ศ. 2537
พระราชบัญญัติ จัดตั้งศาลจังหวัดที่อำเภอสว่างแดนดิน จังหวัดสกลนคร พ.ศ. ๒๕๓๗ ภูมิพลอดุลยเดช ป.ร. ให้ไว้ ณ วันที่ ๑๕ มิถุนายน พ.ศ. ๒๕๓๗ เป็นปีที่ ๔๙ ในรัชกาลปัจจุบัน พระบาทสมเด็จพระปรมินทรมหาภูมิพลอดุลยเดช มีพระบร",กฎหมายทั่วไป,พระราชบัญญัติ
kris_จจ017-1B-0001,พระราชบัญญัติจัดตั้งศาลจังหวัดที่เมืองพัทยา จังหวัดชลบุรี พ.ศ. 2537,"[21/6/2537] พระราชบัญญัติจัดตั้งศาลจังหวัดที่เมืองพัทยา จังหวัดชลบุรี พ.ศ. 2537
พระราชบัญญัติ จัดตั้งศาลจังหวัดที่เมืองพัทยา จังหวัดชลบุรี พ.ศ. ๒๕๓๗ ภูมิพลอดุลยเดช ป.ร. ให้ไว้ ณ วันที่ ๑๕ มิถุนายน พ.ศ. ๒๕๓๗ เป็นปีที่ ๔๙ ในรัชกาลปัจจุบัน พระบาทสมเด็จพระปรมินทรมหาภูมิพลอดุลยเดช มีพระบรมราชโอ",กฎหมายทั่วไป,พระราชบัญญัติ
kris_จจ016-1B-0001,พระราชบัญญัติจัดตั้งศาลจังหวัดที่อำเภอนางรอง จังหวัดบุรีรัมย์ พ.ศ. 2537,"[21/6/2537] พระราชบัญญัติจัดตั้งศาลจังหวัดที่อำเภอนางรอง จังหวัดบุรีรัมย์ พ.ศ. 2537
พระราชบัญญัติ จัดตั้งศาลจังหวัดที่อำเภอนางรอง จังหวัดบุรีรัมย์ พ.ศ. ๒๕๓๗ ภูมิพลอดุลยเดช ป.ร. ให้ไว้ ณ วันที่ ๑๕ มิถุนายน พ.ศ. ๒๕๓๗ เป็นปีที่ ๔๙ ในรัชกาลปัจจุบัน พระบาทสมเด็จพระปรมินทรมหาภูมิพลอดุลยเดช มีพระบรมร",กฎหมายทั่วไป,พระราชบัญญัติ
kris_จย001-1B-0002,พระราชบัญญัติจัดตั้งศาลเยาวชนและครอบครัวจังหวัดราชบุรี พ.ศ. 2537,"[21/6/2537] พระราชบัญญัติจัดตั้งศาลเยาวชนและครอบครัวจังหวัดราชบุรี พ.ศ. 2537
พระราชบัญญัติ จัดตั้งศาลเยาวชนและครอบครัวจังหวัดราชบุรี พ.ศ. ๒๕๓๗ ภูมิพลอดุลยเดช ป.ร. ให้ไว้ ณ วันที่ ๑๕ มิถุนายน พ.ศ. ๒๕๓๗ เป็นปีที่ ๔๙ ในรัชกาลปัจจุบัน พระบาทสมเด็จพระปรมินทรมหาภูมิพลอดุลยเดช มีพระบรมราชโองกา",กฎหมายทั่วไป,พระราชบัญญัติ
kris_จจ021-1B-0001,พระราชบัญญัติจัดตั้งศาลจังหวัดหนองบัวลำภู พ.ศ. 2537,"[26/12/2537] พระราชบัญญัติจัดตั้งศาลจังหวัดหนองบัวลำภู พ.ศ. 2537
พระราชบัญญัติ จัดตั้งศาลจังหวัดหนองบัวลำภู พ.ศ. ๒๕๓๗ ภูมิพลอดุลยเดช ป.ร. ให้ไว้ ณ วันที่ ๗ ธันวาคม พ.ศ. ๒๕๓๗ เป็นปีที่ ๔๙ ในรัชกาลปัจจุบัน พระบาทสมเด็จพระปรมินทรมหาภูมิพลอดุลยเดช มีพระบรมราชโองการโปรดเกล้าฯ ให้",กฎหมายทั่วไป,พระราชบัญญัติ
kris_จจ022-1B-0001,พระราชบัญญัติจัดตั้งศาลจังหวัดสระแก้ว พ.ศ. 2537,"[26/12/2537] พระราชบัญญัติจัดตั้งศาลจังหวัดสระแก้ว พ.ศ. 2537
พระราชบัญญัติ จัดตั้งศาลจังหวัดสระแก้ว พ.ศ. ๒๕๓๗ ภูมิพลอดุลยเดช ป.ร. ให้ไว้ ณ วันที่ ๗ ธันวาคม พ.ศ. ๒๕๓๗ เป็นปีที่ ๔๙ ในรัชกาลปัจจุบัน พระบาทสมเด็จพระปรมินทรมหาภูมิพลอดุลยเดช มีพระบรมราชโองการโปรดเกล้าฯ ให้ประก",กฎหมายทั่วไป,พระราชบัญญัติ
kris_จจ020-1B-0001,พระราชบัญญัติจัดตั้งศาลจังหวัดที่อำเภอรัตนบุรี จังหวัดสุรินทร์ พ.ศ. 2537,"[26/12/2537] พระราชบัญญัติจัดตั้งศาลจังหวัดที่อำเภอรัตนบุรี จังหวัดสุรินทร์ พ.ศ. 2537
พระราชบัญญัติ จัดตั้งศาลจังหวัดที่อำเภอรัตนบุรี จังหวัดสุรินทร์ พ.ศ. ๒๕๓๗ ภูมิพลอดุลยเดช ป.ร. ให้ไว้ ณ วันที่ ๗ ธันวาคม พ.ศ. ๒๕๓๗ เป็นปีที่ ๔๙ ในรัชกาลปัจจุบัน พระบาทสมเด็จพระปรมินทรมหาภูมิพลอดุลยเดช มีพระบรมรา",กฎหมายทั่วไป,พระราชบัญญัติ
kris_จจ018-1B-0001,พระราชบัญญัติจัดตั้งศาลจังหวัดที่อำเภอชัยบาดาล จังหวัดลพบุรี พ.ศ. 2537,"[26/12/2537] พระราชบัญญัติจัดตั้งศาลจังหวัดที่อำเภอชัยบาดาล จังหวัดลพบุรี พ.ศ. 2537
พระราชบัญญัติ จัดตั้งศาลจังหวัดที่อำเภอชัยบาดาล จังหวัดลพบุรี พ.ศ. ๒๕๓๗ ภูมิพลอดุลยเดช ป.ร. ให้ไว้ ณ วันที่ ๗ ธันวาคม พ.ศ. ๒๕๓๗ เป็นปีที่ ๔๙ ในรัชกาลปัจจุบัน พระบาทสมเด็จพระปรมินทรมหาภูมิพลอดุลยเดช มีพระบรมราชโ",กฎหมายทั่วไป,พระราชบัญญัติ
kris_จจ019-1B-0001,พระราชบัญญัติจัดตั้งศาลจังหวัดที่อำเภอเทิง จังหวัดเชียงราย พ.ศ. 2537,"[26/12/2537] พระราชบัญญัติจัดตั้งศาลจังหวัดที่อำเภอเทิง จังหวัดเชียงราย พ.ศ. 2537
พระราชบัญญัติ จัดตั้งศาลจังหวัดที่อำเภอเทิง จังหวัดเชียงราย พ.ศ. ๒๕๓๗ ภูมิพลอดุลยเดช ป.ร. ให้ไว้ ณ วันที่ ๗ ธันวาคม พ.ศ. ๒๕๓๗ เป็นปีที่ ๔๙ ในรัชกาลปัจจุบัน พระบาทสมเด็จพระปรมินทรมหาภูมิพลอดุลยเดช มีพระบรมราชโอง",กฎหมายทั่วไป,พระราชบัญญัติ
kris_จจ025-1B-0001,พระราชบัญญัติจัดตั้งศาลจังหวัดที่อำเภอเดชอุดม จังหวัดอุบลราชธานี พ.ศ. 2538,"[25/10/2538] พระราชบัญญัติจัดตั้งศาลจังหวัดที่อำเภอเดชอุดม จังหวัดอุบลราชธานี พ.ศ. 2538
พระราชบัญญัติ จัดตั้งศาลจังหวัดที่อำเภอเดชอุดม จังหวัดอุบลราชธานี พ.ศ. ๒๕๓๘ ภูมิพลอดุลยเดช ป.ร. ให้ไว้ ณ วันที่ ๑๒ ตุลาคม พ.ศ. ๒๕๓๘ เป็นปีที่ ๕๐ ในรัชกาลปัจจุบัน พระบาทสมเด็จพระปรมินทรมหาภูมิพลอดุลยเดช มีพระบรม",กฎหมายทั่วไป,พระราชบัญญัติ
kris_จจ023-1B-0001,พระราชบัญญัติจัดตั้งศาลจังหวัดที่อำเภอนาทวี จังหวัดสงขลา พ.ศ. ๒๕๓๘,"[25/10/2538] พระราชบัญญัติจัดตั้งศาลจังหวัดที่อำเภอนาทวี จังหวัดสงขลา พ.ศ. ๒๕๓๘
พระราชบัญญัติ จัดตั้งศาลจังหวัดที่อำเภอนาทวี จังหวัดสงขลา พ.ศ. ๒๕๓๘ ภูมิพลอดุลยเดช ป.ร. ให้ไว้ ณ วันที่ ๑๒ ตุลาคม พ.ศ. ๒๕๓๘ เป็นปีที่ ๕๐ ในรัชกาลปัจจุบัน พระบาทสมเด็จพระปรมินทรมหาภูมิพลอดุลยเดช มีพระบรมราชโองกา",กฎหมายทั่วไป,พระราชบัญญัติ
kris_จจ024-1B-0001,พระราชบัญญัติจัดตั้งศาลจังหวัดที่อำเภอกันทรลักษ์ จังหวัดศรีสะเกษ พ.ศ. 2538,"[25/10/2538] พระราชบัญญัติจัดตั้งศาลจังหวัดที่อำเภอกันทรลักษ์ จังหวัดศรีสะเกษ พ.ศ. 2538
พระราชบัญญัติ จัดตั้งศาลจังหวัดที่อำเภอกันทรลักษ์ จังหวัดศรีสะเกษ พ.ศ. ๒๕๓๘ ภูมิพลอดุลยเดช ป.ร. ให้ไว้ ณ วันที่ ๑๒ ตุลาคม พ.ศ. ๒๕๓๘ เป็นปีที่ ๕๐ ในรัชกาลปัจจุบัน พระบาทสมเด็จพระปรมินทรมหาภูมิพลอดุลยเดช มีพระบรม",กฎหมายทั่วไป,พระราชบัญญัติ
kris_จย002-1B-0001,พระราชบัญญัติจัดตั้งศาลเยาวชนและครอบครัวจังหวัดลพบุรี พ.ศ. 2538,"[8/11/2538] พระราชบัญญัติจัดตั้งศาลเยาวชนและครอบครัวจังหวัดลพบุรี พ.ศ. 2538
พระราชบัญญัติ จัดตั้งศาลเยาวชนและครอบครัวจังหวัดลพบุรี พ.ศ. ๒๕๓๘ ภูมิพลอดุลยเดช ป.ร. ให้ไว้ ณ วันที่ ๒๔ ตุลาคม พ.ศ. ๒๕๓๘ เป็นปีที่ ๕๐ ในรัชกาลปัจจุบัน พระบาทสมเด็จพระปรมินทรมหาภูมิพลอดุลยเดช มีพระบรมราชโองการโป",กฎหมายทั่วไป,พระราชบัญญัติ
kris_จจ026-1B-0001,พระราชบัญญัติจัดตั้งศาลจังหวัดที่อำเภอเกาะสมุย จังหวัดสุราษฎร์ธานี พ.ศ. 2539,"[4/10/2539] พระราชบัญญัติจัดตั้งศาลจังหวัดที่อำเภอเกาะสมุย จังหวัดสุราษฎร์ธานี พ.ศ. 2539
พระราชบัญญัติ จัดตั้งศาลจังหวัดที่อำเภอเกาะสมุย จังหวัดสุราษฎร์ธานี พ.ศ. ๒๕๓๙ ภูมิพลอดุลยเดช ป.ร. ให้ไว้ ณ วันที่ ๒๓ กันยายน พ.ศ. ๒๕๓๙ เป็นปีที่ ๕๑ ในรัชกาลปัจจุบัน พระบาทสมเด็จพระปรมินทรมหาภูมิพลอดุลยเดช มีพระ",กฎหมายทั่วไป,พระราชบัญญัติ
kris_จ0024-1B-0001,พระราชบัญญัติจัดตั้งศาลทรัพย์สินทางปัญญาและการค้าระหว่างประเทศ และวิธีพิจารณาคดีทรัพย์สินทางปัญญาและการค้าระหว่างประเทศ พ.ศ. 2539,"[25/10/2539] พระราชบัญญัติจัดตั้งศาลทรัพย์สินทางปัญญาและการค้าระหว่างประเทศ และวิธีพิจารณาคดีทรัพย์สินทางปัญญาและการค้าระหว่างประเทศ พ.ศ. 2539
พระราชบัญญัติ จัดตั้งศาลทรัพย์สินทางปัญญาและการค้าระหว่างประเทศ และวิธีพิจารณาคดีทรัพย์สินทางปัญญาและการค้าระหว่างประเทศ พ.ศ. ๒๕๓๙ พระราชบัญญัติจัดตั้งศาลทรัพย์สินทางปัญญาและการค้าระหว่างประเทศและวิธีพิจารณาคดี",กฎหมายทั่วไป,พระราชบัญญัติ
kris_จ0027-1B-0001,พระราชบัญญัติจัดตั้งศาลล้มละลายและวิธีพิจารณาคดีล้มละลาย พ.ศ. 2542,"[8/4/2542] พระราชบัญญัติจัดตั้งศาลล้มละลายและวิธีพิจารณาคดีล้มละลาย พ.ศ. 2542
พระราชบัญญัติ จัดตั้งศาลล้มละลายและวิธีพิจารณาคดีล้มละลาย พ.ศ. ๒๕๔๒ พระราชบัญญัติจัดตั้งศาลล้มละลายและวิธีพิจารณาคดีล้มละลาย (ฉบับที่ ๒) พ.ศ. ๒๕๔๗ พระราชบัญญัติจัดตั้งศาลล้มละลายและวิธีพิจารณาคดีล้มละลาย (ฉบับท",กฎหมายทั่วไป,พระราชบัญญัติ
kris_จ0028-1B-0001,พระราชบัญญัติจัดตั้งศาลปกครองและวิธีพิจารณาคดีปกครอง พ.ศ. 2542,"[10/10/2542] พระราชบัญญัติจัดตั้งศาลปกครองและวิธีพิจารณาคดีปกครอง พ.ศ. 2542
พระราชบัญญัติจัดตั้งศาลปกครองและวิธีพิจารณาคดีปกครอง (ฉบับที่ ๑๔) พ.ศ. ๒๕๖๔ ภูมิพลอดุลยเดช ป.ร. ให้ไว้ ณ วันที่ ๕ ตุลาคม พ.ศ. ๒๕๔๒ เป็นปีที่ ๕๔ ในรัชกาลปัจจุบัน พระบาทสมเด็จพระปรมินทรมหาภูมิพลอดุลยเดช มีพระบรมร",กฎหมายทั่วไป,พระราชบัญญัติ
kris_จจ027-1B-0001,พระราชบัญญัติจัดตั้งศาลจังหวัดที่อำเภอทองผาภูมิ จังหวัดกาญจนบุรี พ.ศ. 2547,"[20/12/2547] พระราชบัญญัติจัดตั้งศาลจังหวัดที่อำเภอทองผาภูมิ จังหวัดกาญจนบุรี พ.ศ. 2547
พระราชบัญญัติ จัดตั้งศาลจังหวัดที่อำเภอทองผาภูมิ จังหวัดกาญจนบุรี พ.ศ. ๒๕๔๗ ภูมิพลอดุลยเดช ป.ร. ให้ไว้ ณ วันที่ ๓๐ พฤศจิกายน พ.ศ. ๒๕๔๗ เป็นปีที่ ๕๙ ในรัชกาลปัจจุบัน พระบาทสมเด็จพระปรมินทรมหาภูมิพลอดุลยเดช มีพระ",กฎหมายทั่วไป,พระราชบัญญัติ
kris_จ0029-1B-0001,พระราชบัญญัติจัดรูปที่ดินเพื่อพัฒนาพื้นที่ พ.ศ. 2547,"[27/12/2547] พระราชบัญญัติจัดรูปที่ดินเพื่อพัฒนาพื้นที่ พ.ศ. 2547
พระราชบัญญัติ จัดรูปที่ดินเพื่อพัฒนาพื้นที่ พ.ศ. ๒๕๔๗ ภูมิพลอดุลยเดช ป.ร. ให้ไว้ ณ วันที่ ๑๑ ธันวาคม พ.ศ. ๒๕๔๗ เป็นปีที่ ๕๙ ในรัชกาลปัจจุบัน พระบาทสมเด็จพระปรมินทรมหาภูมิพลอดุลยเดช มีพระบรมราชโองการโปรดเกล้าฯ ใ",กฎหมายทั่วไป,พระราชบัญญัติ
kris_จจ028-1B-0001,พระราชบัญญัติจัดตั้งศาลจังหวัดที่อำเภอชุมแพ จังหวัดขอนแก่น พ.ศ. 2550,"[6/6/2550] พระราชบัญญัติจัดตั้งศาลจังหวัดที่อำเภอชุมแพ จังหวัดขอนแก่น พ.ศ. 2550
พระราชบัญญัติ จัดตั้งศาลจังหวัดที่อำเภอชุมแพ จังหวัดขอนแก่น พ.ศ. ๒๕๕๐ ภูมิพลอดุลยเดช ป.ร. ให้ไว้ ณ วันที่ ๒๗ พฤษภาคม พ.ศ. ๒๕๕๐ เป็นปีที่ ๖๒ ในรัชกาลปัจจุบัน พระบาทสมเด็จพระปรมินทรมหาภูมิพลอดุลยเดช มีพระบรมราชโอ",กฎหมายทั่วไป,พระราชบัญญัติ
kris_จจ029-1B-0001,พระราชบัญญัติจัดตั้งศาลจังหวัดที่อำเภอเชียงคำ จังหวัดพะเยา พ.ศ. 2550,"[6/6/2550] พระราชบัญญัติจัดตั้งศาลจังหวัดที่อำเภอเชียงคำ จังหวัดพะเยา พ.ศ. 2550
พระราชบัญญัติ จัดตั้งศาลจังหวัดที่อำเภอเชียงคำ จังหวัดพะเยา พ.ศ. ๒๕๕๐ ภูมิพลอดุลยเดช ป.ร. ให้ไว้ ณ วันที่ ๒๗ พฤษภาคม พ.ศ. ๒๕๕๐ เป็นปีที่ ๖๒ ในรัชกาลปัจจุบัน พระบาทสมเด็จพระปรมินทรมหาภูมิพลอดุลยเดช มีพระบรมราชโอ",กฎหมายทั่วไป,พระราชบัญญัติ
kris_จจ030-1B-0002,พระราชบัญญัติจัดตั้งศาลจังหวัดที่อำเภอวิเชียรบุรี จังหวัดเพชรบูรณ์ พ.ศ. 2550,"[6/6/2550] พระราชบัญญัติจัดตั้งศาลจังหวัดที่อำเภอวิเชียรบุรี จังหวัดเพชรบูรณ์ พ.ศ. 2550
พระราชบัญญัติ จัดตั้งศาลจังหวัดที่อำเภอวิเชียรบุรี จังหวัดเพชรบูรณ์ พ.ศ. ๒๕๕๐ ภูมิพลอดุลยเดช ป.ร. ให้ไว้ ณ วันที่ ๒๗ พฤษภาคม พ.ศ. ๒๕๕๐ เป็นปีที่ ๖๒ ในรัชกาลปัจจุบัน พระบาทสมเด็จพระปรมินทรมหาภูมิพลอดุลยเดช มีพระ",กฎหมายทั่วไป,พระราชบัญญัติ
kris_จจ031-1B-0001,พระราชบัญญัติจัดตั้งศาลจังหวัดที่อำเภอเวียงสระ จังหวัดสุราษฎร์ธานี พ.ศ. 2550,"[6/6/2550] พระราชบัญญัติจัดตั้งศาลจังหวัดที่อำเภอเวียงสระ จังหวัดสุราษฎร์ธานี พ.ศ. 2550
พระราชบัญญัติ จัดตั้งศาลจังหวัดที่อำเภอเวียงสระ จังหวัดสุราษฎร์ธานี พ.ศ. ๒๕๕๐ ภูมิพลอดุลยเดช ป.ร. ให้ไว้ ณ วันที่ ๒๗ พฤษภาคม พ.ศ. ๒๕๕๐ เป็นปีที่ ๖๒ ในรัชกาลปัจจุบัน พระบาทสมเด็จพระปรมินทรมหาภูมิพลอดุลยเดช มีพระ",กฎหมายทั่วไป,พระราชบัญญัติ
kris_จจ032-1B-0001,พระราชบัญญัติจัดตั้งศาลจังหวัดที่อำเภอพิมาย จังหวัดนครราชสีมา พ.ศ. 2550,"[3/8/2550] พระราชบัญญัติจัดตั้งศาลจังหวัดที่อำเภอพิมาย จังหวัดนครราชสีมา พ.ศ. 2550
พระราชบัญญัติ จัดตั้งศาลจังหวัดที่อำเภอพิมาย จังหวัดนครราชสีมา พ.ศ. ๒๕๕๐ ภูมิพลอดุลยเดช ป.ร. ให้ไว้ ณ วันที่ ๒๕ กรกฎาคม พ.ศ. ๒๕๕๐ เป็นปีที่ ๖๒ ในรัชกาลปัจจุบัน พระบาทสมเด็จพระปรมินทรมหาภูมิพลอดุลยเดช มีพระบรมรา",กฎหมายทั่วไป,พระราชบัญญัติ
kris_จจ033-1B-0001,พระราชบัญญัติจัดตั้งศาลจังหวัดที่อำเภอหัวหิน จังหวัดประจวบคีรีขันธ์ พ.ศ. 2550,"[12/9/2550] พระราชบัญญัติจัดตั้งศาลจังหวัดที่อำเภอหัวหิน จังหวัดประจวบคีรีขันธ์ พ.ศ. 2550
พระราชบัญญัติ จัดตั้งศาลจังหวัดที่อำเภอหัวหิน จังหวัดประจวบคีรีขันธ์ พ.ศ. ๒๕๕๐ ภูมิพลอดุลยเดช ป.ร. ให้ไว้ ณ วันที่ ๓๐ สิงหาคม พ.ศ. ๒๕๕๐ เป็นปีที่ ๖๒ ในรัชกาลปัจจุบัน พระบาทสมเด็จพระปรมินทรมหาภูมิพลอดุลยเดช มีพร",กฎหมายทั่วไป,พระราชบัญญัติ
kris_จ0032-1B-0001,พระราชบัญญัติจดแจ้งการพิมพ์ พ.ศ. 2550,"[18/12/2550] พระราชบัญญัติจดแจ้งการพิมพ์ พ.ศ. 2550
พระราชบัญญัติ จดแจ้งการพิมพ์ พ.ศ. ๒๕๕๐ ภูมิพลอดุลยเดช ป.ร. ให้ไว้ ณ วันที่ ๒๔ พฤศจิกายน พ.ศ. ๒๕๕๐ เป็นปีที่ ๖๒ ในรัชกาลปัจจุบัน พระบาทสมเด็จพระปรมินทรมหาภูมิพลอดุลยเดช มีพระบรมราชโองการโปรดเกล้าฯ ให้ประกาศว่า โ",กฎหมายทั่วไป,พระราชบัญญัติ
kris_จ0014-1B-0001,พระราชบัญญัติจัดระเบียบราชการกระทรวงกลาโหม พ.ศ. 2551,"[1/2/2551] พระราชบัญญัติจัดระเบียบราชการกระทรวงกลาโหม พ.ศ. 2551
พระราชบัญญัติระเบียบบริหารราชการในพระองค์ พ.ศ. ๒๕๖๐ ภูมิพลอดุลยเดช ป.ร. ให้ไว้ ณ วันที่ ๓๑ มกราคม พ.ศ. ๒๕๕๑ เป็นปีที่ ๖๓ ในรัชกาลปัจจุบัน พระบาทสมเด็จพระปรมินทรมหาภูมิพลอดุลยเดช มีพระบรมราชโองการโปรดเกล้าฯ ให้ป",กฎหมายทั่วไป,พระราชบัญญัติ
kris_จ0020-1B-0001,พระราชบัญญัติจุฬาลงกรณ์มหาวิทยาลัย พ.ศ. 2551,"[6/2/2551] พระราชบัญญัติจุฬาลงกรณ์มหาวิทยาลัย พ.ศ. 2551
พระราชบัญญัติปรับปรุงกระทรวง ทบวง กรม (ฉบับที่ ๑๙) พ.ศ. ๒๕๖๒ ภูมิพลอดุลยเดช ป.ร. ให้ไว้ ณ วันที่ ๓๑ มกราคม พ.ศ. ๒๕๕๑ เป็นปีที่ ๖๓ ในรัชกาลปัจจุบัน พระบาทสมเด็จพระปรมินทรมหาภูมิพลอดุลยเดช มีพระบรมราชโองการโปรดเก",กฎหมายทั่วไป,พระราชบัญญัติ
kris_จจ034-1B-0001,พระราชบัญญัติจัดตั้งศาลจังหวัดที่อำเภอฮอด จังหวัดเชียงใหม่ พ.ศ. 2552,"[18/12/2552] พระราชบัญญัติจัดตั้งศาลจังหวัดที่อำเภอฮอด จังหวัดเชียงใหม่ พ.ศ. 2552
พระราชบัญญัติ จัดตั้งศาลจังหวัดที่อำเภอฮอด จังหวัดเชียงใหม่ พ.ศ. ๒๕๕๒ ภูมิพลอดุลยเดช ป.ร. ให้ไว้ ณ วันที่ ๒๖ พฤศจิกายน พ.ศ. ๒๕๕๒ เป็นปีที่ ๖๔ ในรัชกาลปัจจุบัน พระบาทสมเด็จพระปรมินทรมหาภูมิพลอดุลยเดช มีพระบรมราช",กฎหมายทั่วไป,พระราชบัญญัติ
kris_จจ035-1B-0001,พระราชบัญญัติจัดตั้งศาลจังหวัดที่อำเภอพระประแดง จังหวัดสมุทรปราการ พ.ศ. 2553,"[21/1/2553] พระราชบัญญัติจัดตั้งศาลจังหวัดที่อำเภอพระประแดง จังหวัดสมุทรปราการ พ.ศ. 2553
พระราชบัญญัติ จัดตั้งศาลจังหวัดที่อำเภอพระประแดง จังหวัดสมุทรปราการ พ.ศ. ๒๕๕๓ ภูมิพลอดุลยเดช ป.ร. ให้ไว้ ณ วันที่ ๑๔ มกราคม พ.ศ. ๒๕๕๓ เป็นปีที่ ๖๕ ในรัชกาลปัจจุบัน พระบาทสมเด็จพระปรมินทรมหาภูมิพลอดุลยเดช มีพระบ",กฎหมายทั่วไป,พระราชบัญญัติ
kris_จป002-1B-0001,พระราชบัญญัติจัดตั้งศาลปกครองเพชรบุรี พ.ศ. 2555,"[12/4/2555] พระราชบัญญัติจัดตั้งศาลปกครองเพชรบุรี พ.ศ. 2555
พระราชบัญญัติ จัดตั้งศาลปกครองเพชรบุรี พ.ศ. ๒๕๕๕ ภูมิพลอดุลยเดช ป.ร. ให้ไว้ ณ วันที่ ๓๐ มีนาคม พ.ศ. ๒๕๕๕ เป็นปีที่ ๖๗ ในรัชกาลปัจจุบัน พระบาทสมเด็จพระปรมินทรมหาภูมิพลอดุลยเดช มีพระบรมราชโองการโปรดเกล้าฯ ให้ประก",กฎหมายทั่วไป,พระราชบัญญัติ
kris_จป001-1B-0001,พระราชบัญญัติจัดตั้งศาลปกครองภูเก็ต พ.ศ. 2555,"[12/4/2555] พระราชบัญญัติจัดตั้งศาลปกครองภูเก็ต พ.ศ. 2555
พระราชบัญญัติ จัดตั้งศาลปกครองภูเก็ต พ.ศ. ๒๕๕๕ ภูมิพลอดุลยเดช ป.ร. ให้ไว้ ณ วันที่ ๓๐ มีนาคม พ.ศ. ๒๕๕๕ เป็นปีที่ ๖๗ ในรัชกาลปัจจุบัน พระบาทสมเด็จพระปรมินทรมหาภูมิพลอดุลยเดช มีพระบรมราชโองการโปรดเกล้าฯ ให้ประกาศ",กฎหมายทั่วไป,พระราชบัญญัติ
kris_จป003-1B-0001,พระราชบัญญัติจัดตั้งศาลปกครองนครสวรรค์ พ.ศ. 2555,"[12/4/2555] พระราชบัญญัติจัดตั้งศาลปกครองนครสวรรค์ พ.ศ. 2555
พระราชบัญญัติ จัดตั้งศาลปกครองนครสวรรค์ พ.ศ. ๒๕๕๕ ภูมิพลอดุลยเดช ป.ร. ให้ไว้ ณ วันที่ ๓๐ มีนาคม พ.ศ. ๒๕๕๕ เป็นปีที่ ๖๗ ในรัชกาลปัจจุบัน พระบาทสมเด็จพระปรมินทรมหาภูมิพลอดุลยเดช มีพระบรมราชโองการโปรดเกล้าฯ ให้ประ",กฎหมายทั่วไป,พระราชบัญญัติ
kris_จ0035-1B-0001,พระราชบัญญัติจดหมายเหตุแห่งชาติ พ.ศ. 2556,"[13/3/2556] พระราชบัญญัติจดหมายเหตุแห่งชาติ พ.ศ. 2556
พระราชบัญญัติว่าด้วยการปรับเป็นพินัย พ.ศ. ๒๕๖๕ ภูมิพลอดุลยเดช ป.ร. ให้ไว้ ณ วันที่ ๒๘ กุมภาพันธ์ พ.ศ. ๒๕๕๖ เป็นปีที่ ๖๘ ในรัชกาลปัจจุบัน พระบาทสมเด็จพระปรมินทรมหาภูมิพลอดุลยเดช มีพระบรมราชโองการโปรดเกล้าฯ ให้ปร",กฎหมายทั่วไป,พระราชบัญญัติ
kris_จ0015-1B-0001,พระราชบัญญัติจัดรูปที่ดินเพื่อเกษตรกรรม พ.ศ. 2558,"[2/3/2558] พระราชบัญญัติจัดรูปที่ดินเพื่อเกษตรกรรม พ.ศ. 2558
พระราชบัญญัติว่าด้วยการปรับเป็นพินัย พ.ศ. ๒๕๖๕ ภูมิพลอดุลยเดช ป.ร. ให้ไว้ ณ วันที่ ๒๕ กุมภาพันธ์ พ.ศ. ๒๕๕๘ เป็นปีที่ ๗๐ ในรัชกาลปัจจุบัน พระบาทสมเด็จพระปรมินทรมหาภูมิพลอดุลยเดช มีพระบรมราชโองการโปรดเกล้าฯ ให้ปร",กฎหมายทั่วไป,พระราชบัญญัติ
kris_จ0038-1B-0001,พระราชบัญญัติจัดตั้งศาลอุทธรณ์คดีชำนัญพิเศษ พ.ศ. 2558,"[14/12/2558] พระราชบัญญัติจัดตั้งศาลอุทธรณ์คดีชำนัญพิเศษ พ.ศ. 2558
พระราชบัญญัติ จัดตั้งศาลอุทธรณ์คดีชำนัญพิเศษ พ.ศ. ๒๕๕๘ ภูมิพลอดุลยเดช ป.ร. ให้ไว้ ณ วันที่ ๔ ธันวาคม พ.ศ. ๒๕๕๘ เป็นปีที่ ๗๐ ในรัชกาลปัจจุบัน พระบาทสมเด็จพระปรมินทรมหาภูมิพลอดุลยเดช มีพระบรมราชโองการโปรดเกล้าฯ ใ",กฎหมายทั่วไป,พระราชบัญญัติ
kris_จ0039-1B-0001,พระราชบัญญัติจัดตั้งศาลอาญาคดีทุจริตและประพฤติมิชอบ พ.ศ. 2559,"[16/8/2559] พระราชบัญญัติจัดตั้งศาลอาญาคดีทุจริตและประพฤติมิชอบ พ.ศ. 2559
พระราชบัญญัติ จัดตั้งศาลอาญาคดีทุจริตและประพฤติมิชอบ พ.ศ. ๒๕๕๙ ภูมิพลอดุลยเดช ป.ร. ให้ไว้ ณ วันที่ ๑๐ สิงหาคม พ.ศ. ๒๕๕๙ เป็นปีที่ ๗๑ ในรัชกาลปัจจุบัน พระบาทสมเด็จพระปรมินทรมหาภูมิพลอดุลยเดช มีพระบรมราชโองการโปร",กฎหมายทั่วไป,พระราชบัญญัติ
kris_จ0012-1B-0001,พระราชบัญญัติจัดระเบียบทรัพย์สินฝ่ายพระมหากษัตริย์ พ.ศ. 2560 (ยกเลิก),"[16/7/2560] พระราชบัญญัติจัดระเบียบทรัพย์สินฝ่ายพระมหากษัตริย์ พ.ศ. 2560 (ยกเลิก)
พระราชบัญญัติ จัดระเบียบทรัพย์สินฝ่ายพระมหากษัตริย์ พ.ศ. ๒๕๖๐ (ยกเลิก) สมเด็จพระเจ้าอยู่หัวมหาวชิราลงกรณ บดินทรเทพยวรางกูร ให้ไว้ ณ วันที่ ๑๔ กรกฎาคม พ.ศ. ๒๕๖๐ เป็นปีที่ ๒ ในรัชกาลปัจจุบัน สมเด็จพระเจ้าอยู่หัวม",กฎหมายทั่วไป,พระราชบัญญัติ
kris_จ0040-1B-0001,พระราชบัญญัติจัดระเบียบทรัพย์สินพระมหากษัตริย์ พ.ศ. 2561,"[3/11/2561] พระราชบัญญัติจัดระเบียบทรัพย์สินพระมหากษัตริย์ พ.ศ. 2561
พระราชบัญญัติ จัดระเบียบทรัพย์สินพระมหากษัตริย์ พ.ศ. ๒๕๖๑ พระราชบัญญัติจัดระเบียบทรัพย์สินพระมหากษัตริย์(ฉบับที่ ๒) พ.ศ. ๒๕๖๘ สมเด็จพระเจ้าอยู่หัวมหาวชิราลงกรณ บดินทรเทพยวรางกูร ให้ไว้ ณ วันที่ ๒ พฤศจิกายน พ.ศ.",กฎหมายทั่วไป,พระราชบัญญัติ
kris_จ0041-1B-0001,พระราชบัญญัติจัดตั้งศาลแพ่งตลิ่งชัน ศาลแพ่งพระโขนง ศาลแพ่งมีนบุรี ศาลอาญาตลิ่งชัน ศาลอาญาพระโขนง และศาลอาญามีนบุรี พ.ศ. 2562,"[20/3/2562] พระราชบัญญัติจัดตั้งศาลแพ่งตลิ่งชัน ศาลแพ่งพระโขนง ศาลแพ่งมีนบุรี ศาลอาญาตลิ่งชัน ศาลอาญาพระโขนง และศาลอาญามีนบุรี พ.ศ. 2562
พระราชบัญญัติ จัดตั้งศาลแพ่งตลิ่งชัน ศาลแพ่งพระโขนง ศาลแพ่งมีนบุรี ศาลอาญาตลิ่งชัน ศาลอาญาพระโขนง และศาลอาญามีนบุรี พ.ศ. ๒๕๖๒ สมเด็จพระเจ้าอยู่หัวมหาวชิราลงกรณ บดินทรเทพยวรางกูร ให้ไว้ ณ วันที่ ๑๗ มีนาคม พ.ศ. ๒",กฎหมายทั่วไป,พระราชบัญญัติ
kris_จ0042-1B-0001,พระราชบัญญัติเจ้าพนักงานตำรวจศาล พ.ศ. 2562,"[16/4/2562] พระราชบัญญัติเจ้าพนักงานตำรวจศาล พ.ศ. 2562
พระราชบัญญัติ เจ้าพนักงานตำรวจศาล พ.ศ. ๒๕๖๒ สมเด็จพระเจ้าอยู่หัวมหาวชิราลงกรณ บดินทรเทพยวรางกูร ให้ไว้ ณ วันที่ ๑๕ เมษายน พ.ศ. ๒๕๖๒ เป็นปีที่ ๔ ในรัชกาลปัจจุบัน สมเด็จพระเจ้าอยู่หัวมหาวชิราลงกรณ บดินทรเทพยวรางก",กฎหมายทั่วไป,พระราชบัญญัติ
kris_จ0043-1B-0001,พระราชบัญญัติจัดระเบียบการจอดรถในเขตองค์กรปกครองส่วนท้องถิ่น พ.ศ. 2562,"[22/5/2562] พระราชบัญญัติจัดระเบียบการจอดรถในเขตองค์กรปกครองส่วนท้องถิ่น พ.ศ. 2562
พระราชบัญญัติ จัดระเบียบการจอดรถในเขตองค์กรปกครองส่วนท้องถิ่น พ.ศ. ๒๕๖๒ พระบาทสมเด็จพระปรเมนทรรามาธิบดีศรีสินทรมหาวชิราลงกรณ พระวชิรเกล้าเจ้าอยู่หัว ให้ไว้ ณ วันที่ ๑๙ พฤษภาคม พ.ศ. ๒๕๖๒ เป็นปีที่ ๔ ในรัชกาลปัจจ",กฎหมายทั่วไป,พระราชบัญญัติ
kris_จ0016-1B-0002,พระราชบัญญัติจัดวางการรถไฟและทางหลวง พระพุทธศักราช 2464,"[27/8/2464] พระราชบัญญัติจัดวางการรถไฟและทางหลวง พระพุทธศักราช 2464
พระราชบัญญัติว่าด้วยการเวนคืนอสังหาริมทรัพย์ พุทธศักราช ๒๔๗๗ มีพระบรมราชโองการ ในพระบาทสมเด็จพระรามาธิบดีศรีสินทรมหาวชิราวุธ พระมงกุฎเกล้าเจ้าอยู่หัว ดำรัสเหนือเกล้าฯ ให้ประกาศให้ทราบทั่วกันว่า ด้วยมีเหตุสมควรท",กฎหมายทั่วไป,พระราชบัญญัติ
kris_ช0002-1B-0001,พระราชบัญญัติใช้ตราแผ่นดิน รัตนโกสินทรศก 108,"[28/4/2432] พระราชบัญญัติใช้ตราแผ่นดิน รัตนโกสินทรศก 108
พระราชบัญญัติ ใช้ตราแผ่นดิน ร.ศ. ๑๐๘ มีพระบรมราชโองการโปรดเกล้าฯ ดำรัสสั่งว่า ด้วยทรงพระราชดำริว่า พระราชลัญจกรสำหรับแผ่นดินมีอยู่หลายชนิด แต่ที่คงใช้อยู่นั้น คือพระราชลัญจกรไอยราพตและพระครุฑพ่าห์ และมีพระราชลั",กฎหมายทั่วไป,พระราชบัญญัติ
kris_ช0006-1C-0001,พระราชกำหนดชั้นยศเสนอความชอบสำหรับพระราชทานเครื่องราชอิศริยาภรณ์ ช้างเผือกแลมงกุฎสยาม (พระพุทธศักราช 2459),"[7/5/2459] พระราชกำหนดชั้นยศเสนอความชอบสำหรับพระราชทานเครื่องราชอิศริยาภรณ์ ช้างเผือกแลมงกุฎสยาม (พระพุทธศักราช 2459)
พระราชกำหนดชั้นยศ เสนอความชอบสำหรับพระราชทานเครื่องราชอิสริยาภรณ์ ช้างเผือกและมงกุฎสยาม พ.ศ. ๒๔๕๙ มีพระบรมราชโองการ ในพระบาทสมเด็จพระปรเมนทรมหาวชิราวุธ พระมงกุฎเกล้าเจ้าอยู่หัว ดำรัสเหนือเกล้าฯ ให้ประกาศทราบทั่",กฎหมายทั่วไป,พระราชกำหนด
kris_ยล178-1B-0001,พระราชบัญญัติช่วยอาชีพและวิชาชีพ พุทธศักราช 2484 (ยกเลิก),"[11/9/2484] พระราชบัญญัติช่วยอาชีพและวิชาชีพ พุทธศักราช 2484 (ยกเลิก)
พระราชบัญญัติ ช่วยอาชีพและวิชาชีพ พุทธศักราช ๒๔๘๔ และที่แก้ไขเพิ่มเติม (ยกเลิก) โปรดดูรายละเอียดของกฎหมายที่เว็บไซต์ราชกิจจานุเบกษา https://ratchakitcha.soc.go.th/",กฎหมายทั่วไป,พระราชบัญญัติ
kris_ช0001-1B-0001,พระราชบัญญัติชื่อบุคคล พ.ศ. 2505,"[23/11/2505] พระราชบัญญัติชื่อบุคคล พ.ศ. 2505
คำวินิจฉัยศาลรัฐธรรมนูญที่ ๒๑/๒๕๔๖ เรื่อง ผู้ตรวจการแผ่นดินของรัฐสภาขอให้ศาลรัฐธรรมนูญพิจารณาวินิจฉัยตามรัฐธรรมนูญมาตรา ๑๙๘ กรณีพระราชบัญญัติชื่อบุคคล พ.ศ. ๒๕๐๕ มาตรา ๑๒ มีปัญหาเกี่ยวกับความชอบด้วยรัฐธรรมนูญ พร",กฎหมายทั่วไป,พระราชบัญญัติ
kris_ช0005-1B-0001,พระราชบัญญัติช่างรังวัดเอกชน พ.ศ. 2535,"[4/3/2535] พระราชบัญญัติช่างรังวัดเอกชน พ.ศ. 2535
พระราชบัญญัติ ช่างรังวัดเอกชน พ.ศ. ๒๕๓๕ ภูมิพลอดุลยเดช ป.ร. ให้ไว้ ณ วันที่ ๒๕ กุมภาพันธ์ พ.ศ. ๒๕๓๕ เป็นปีที่ ๔๗ ในรัชกาลปัจจุบัน พระบาทสมเด็จพระปรมินทรมหาภูมิพลอดุลยเดช มีพระบรมราชโองการโปรดเกล้าฯ ให้ประกาศว่า",กฎหมายทั่วไป,พระราชบัญญัติ
kris_ช0004-1B-0001,พระราชบัญญัติเชื้อโรคและพิษจากสัตว์ พ.ศ. 2558,"[26/8/2558] พระราชบัญญัติเชื้อโรคและพิษจากสัตว์ พ.ศ. 2558
พระราชบัญญัติว่าด้วยการปรับเป็นพินัย พ.ศ. ๒๕๖๕ ภูมิพลอดุลยเดช ป.ร. ให้ไว้ ณ วันที่ ๒๐ สิงหาคม พ.ศ. ๒๕๕๘ เป็นปีที่ ๗๐ ในรัชกาลปัจจุบัน พระบาทสมเด็จพระปรมินทรมหาภูมิพลอดุลยเดช มีพระบรมราชโองการโปรดเกล้าฯ ให้ประกา",กฎหมายทั่วไป,พระราชบัญญัติ
kris_ช0003-1B-0001,พระราชบัญญัติชดเชยค่าภาษีอากรสินค้าส่งออกที่ผลิตในราชอาณาจักร พ.ศ. 2524,"[11/2/2560] พระราชบัญญัติชดเชยค่าภาษีอากรสินค้าส่งออกที่ผลิตในราชอาณาจักร พ.ศ. 2524
พระราชบัญญัติแก้ไขเพิ่มเติมบทบัญญัติแห่งกฎหมายที่เกี่ยวกับความรับผิดในทางอาญาของผู้แทนนิติบุคคล พ.ศ. ๒๕๖๐ ภูมิพลอดุลยเดช ป.ร. ให้ไว้ ณ วันที่ ๙ สิงหาคม พ.ศ. ๒๕๒๔ เป็นปีที่ ๓๖ ในรัชกาลปัจจุบัน พระบาทสมเด็จพระปรม",กฎหมายทั่วไป,พระราชบัญญัติ
kris_ด0001-1B-0001,พระราชบัญญัติดอกเบี้ยเงินให้กู้ยืมของสถาบันการเงิน พ.ศ. 2523,"[10/1/2523] พระราชบัญญัติดอกเบี้ยเงินให้กู้ยืมของสถาบันการเงิน พ.ศ. 2523
พระราชบัญญัติ ดอกเบี้ยเงินให้กู้ยืมของสถาบันการเงิน พ.ศ. ๒๕๒๓ พระราชบัญญัติดอกเบี้ยเงินให้กู้ยืมของสถาบันการเงิน (ฉบับที่ ๒) พ.ศ. ๒๕๒๔ พระราชบัญญัติดอกเบี้ยเงินให้กู้ยืมของสถาบันการเงิน (ฉบับที่ ๓) พ.ศ. ๒๕๓๕ ภู",กฎหมายทั่วไป,พระราชบัญญัติ
kris_ต0002-1B-0001,พระราชบัญญัติตามช้าง รัตนโกสินทรศก 127 (ยกเลิก),"[17/1/2451] พระราชบัญญัติตามช้าง รัตนโกสินทรศก 127 (ยกเลิก)
พระราชบัญญัติ ตามช้าง รัตนโกสินทรศก ๑๒๗ (ยกเลิก) มีพระบรมราชโองการในพระบาทสมเด็จพระปรมินทรมหาจุฬาลงกรณ์ พระจุลจอมเกล้าเจ้าอยู่หัว ดำรัสเหนือเกล้าฯ ว่า พระราชบัญญัติสัตว์พาหนะและกฎข้อบังคับต่าง ๆ อันได้ตั้งไว้เพ",กฎหมายทั่วไป,พระราชบัญญัติ
kris_ต0001-1B-0003,พระราชบัญญัติตั๋วเงินคลัง พุทธศักราช 2487 (ยกเลิก),"[10/9/2487] พระราชบัญญัติตั๋วเงินคลัง พุทธศักราช 2487 (ยกเลิก)
พระราชบัญญัติ ตั๋วเงินคลัง พุทธศักราช ๒๔๘๗ (ยกเลิก) ในพระปรมาภิไธยสมเด็จพระเจ้าอยู่หัวอานันทมหิดล ผู้สำเร็จราชการแทนพระองค์ (ตามประกาศประธานสภาผู้แทนราษฎร ลงวันที่ ๑ สิงหาคม พุทธศักราช ๒๔๘๗) ปรีดี พนมยงค์ ตราไว",กฎหมายทั่วไป,พระราชบัญญัติ
kris_ตจ001-1B-0001,พระราชบัญญัติจัดตั้งจังหวัดสมุทรปราการ จังหวัดนนทบุรี จังหวัดสมุทรสาครและจังหวัดนครนายก พุทธศักราช 2489,"[9/5/2489] พระราชบัญญัติจัดตั้งจังหวัดสมุทรปราการ จังหวัดนนทบุรี จังหวัดสมุทรสาครและจังหวัดนครนายก พุทธศักราช 2489
พระราชบัญญัติ จัดตั้งจังหวัดสมุทรปราการ จังหวัดนนทบุรี จังหวัดสมุทรสาครและจังหวัดนครนายก พุทธศักราช ๒๔๘๙ อานันทมหิดล ตราไว้ ณ วันที่ ๘ พฤษภาคม พุทธศักราช ๒๔๘๙ เป็นปีที่ ๑๓ ในรัชกาลปัจจุบัน สมเด็จพระเจ้าอยู่หัวอ",กฎหมายทั่วไป,พระราชบัญญัติ
kris_ตจ002-1B-0001,พระราชบัญญัติจัดตั้งจังหวัดกาฬสินธุ์ พ.ศ. 2490,"[12/8/2490] พระราชบัญญัติจัดตั้งจังหวัดกาฬสินธุ์ พ.ศ. 2490
พระราชบัญญัติ จัดตั้งจังหวัดกาฬสินธุ์ พ.ศ. ๒๔๙๐ ในพระปรมาภิไธยสมเด็จพระเจ้าอยู่หัวภูมิพลอดุลยเดช คณะผู้สำเร็จราชการแทนพระองค์ รังสิต กรมขุนชัยนาทนเรนทร พระยามานวราชเสวี ให้ไว้ ณ วันที่ ๗ สิงหาคม พ.ศ. ๒๔๙๐ เป็นป",กฎหมายทั่วไป,พระราชบัญญัติ
kris_ยล127-1B-0001,พระราชบัญญัติตลาดหลักทรัพย์แห่งประเทศไทย พ.ศ. 2517 (ยกเลิก),"[20/5/2517] พระราชบัญญัติตลาดหลักทรัพย์แห่งประเทศไทย พ.ศ. 2517 (ยกเลิก)
พระราชบัญญัติ ตลาดหลักทรัพย์แห่งประเทศไทย พ.ศ. ๒๕๑๗ และที่แก้ไขเพิ่มเติม (ยกเลิก) โปรดดูรายละเอียดของกฎหมายที่เว็บไซต์ราชกิจจานุเบกษา https://ratchakitcha.soc.go.th/",กฎหมายทั่วไป,พระราชบัญญัติ
kris_ตจ003-1B-0001,พระราชบัญญัติตั้งจังหวัดพะเยา พ.ศ. 2520,"[28/7/2520] พระราชบัญญัติตั้งจังหวัดพะเยา พ.ศ. 2520
พระราชบัญญัติ ตั้งจังหวัดพะเยา พ.ศ. ๒๕๒๐ ภูมิพลอดุลยเดช ป.ร. ให้ไว้ ณ วันที่ ๒๓ กรกฎาคม พ.ศ. ๒๕๒๐ เป็นปีที่ ๓๒ ในรัชกาลปัจจุบัน พระบาทสมเด็จพระปรมินทรมหาภูมิพลอดุลยเดช มีพระบรมราชโองการโปรดเกล้าฯ ให้ประกาศว่า โ",กฎหมายทั่วไป,พระราชบัญญัติ
kris_ตจ004-1B-0001,พระราชบัญญัติตั้งจังหวัดมุกดาหาร พ.ศ. 2525,"[27/8/2525] พระราชบัญญัติตั้งจังหวัดมุกดาหาร พ.ศ. 2525
พระราชบัญญัติ ตั้งจังหวัดมุกดาหาร พ.ศ. ๒๕๒๕ ภูมิพลอดุลยเดช ป.ร. ให้ไว้ ณ วันที่ ๑๙ สิงหาคม พ.ศ. ๒๕๒๕ เป็นปีที่ ๓๗ ในรัชกาลปัจจุบัน พระบาทสมเด็จพระปรมินทรมหาภูมิพลอดุลยเดช มีพระบรมราชโองการโปรดเกล้าฯ ให้ประกาศว่",กฎหมายทั่วไป,พระราชบัญญัติ
kris_ตจ006-1B-0001,พระราชบัญญัติตั้งจังหวัดหนองบัวลำภู พ.ศ. 2536,"[2/9/2536] พระราชบัญญัติตั้งจังหวัดหนองบัวลำภู พ.ศ. 2536
พระราชบัญญัติ ตั้งจังหวัดหนองบัวลำภู พ.ศ. ๒๕๓๖ ภูมิพลอดุลยเดช ป.ร. ให้ไว้ ณ วันที่ ๒๗ สิงหาคม พ.ศ. ๒๕๓๖ เป็นปีที่ ๔๘ ในรัชกาลปัจจุบัน พระบาทสมเด็จพระปรมินทรมหาภูมิพลอดุลยเดช มีพระบรมราชโองการโปรดเกล้าฯ ให้ประกา",กฎหมายทั่วไป,พระราชบัญญัติ
kris_ตจ007-1B-0001,พระราชบัญญัติตั้งจังหวัดสระแก้ว พ.ศ. 2536,"[2/9/2536] พระราชบัญญัติตั้งจังหวัดสระแก้ว พ.ศ. 2536
พระราชบัญญัติ ตั้งจังหวัดสระแก้ว พ.ศ. ๒๕๓๖ ภูมิพลอดุลยเดช ป.ร. ให้ไว้ ณ วันที่ ๒๗ สิงหาคม พ.ศ. ๒๕๓๖ เป็นปีที่ ๔๘ ในรัชกาลปัจจุบัน พระบาทสมเด็จพระปรมินทรมหาภูมิพลอดุลยเดช มีพระบรมราชโองการโปรดเกล้าฯ ให้ประกาศว่า",กฎหมายทั่วไป,พระราชบัญญัติ
kris_ตจ005-1B-0001,พระราชบัญญัติตั้งจังหวัดอำนาจเจริญ พ.ศ. 2536,"[2/9/2536] พระราชบัญญัติตั้งจังหวัดอำนาจเจริญ พ.ศ. 2536
พระราชบัญญัติ ตั้งจังหวัดอำนาจเจริญ พ.ศ. ๒๕๓๖ ภูมิพลอดุลยเดช ป.ร. ให้ไว้ ณ วันที่ ๒๗ สิงหาคม พ.ศ. ๒๕๓๖ เป็นปีที่ ๔๘ ในรัชกาลปัจจุบัน พระบาทสมเด็จพระปรมินทรมหาภูมิพลอดุลยเดช มีพระบรมราชโองการโปรดเกล้าฯ ให้ประกาศ",กฎหมายทั่วไป,พระราชบัญญัติ
kris_ต0003-1B-0001,พระราชบัญญัติตำรวจแห่งชาติ พ.ศ. 2547 (ยกเลิก),"[14/2/2547] พระราชบัญญัติตำรวจแห่งชาติ พ.ศ. 2547 (ยกเลิก)
คำสั่งหัวหน้าคณะรักษาความสงบแห่งชาติที่ ๗/๒๕๖๐ เรื่อง การปรับปรุงระบบการพิจารณาแต่งตั้งข้าราชการตำรวจ พระราชบัญญัติตำรวจแห่งชาติ (ฉบับที่ ๒) พ.ศ. ๒๕๕๔ พระราชบัญญัติตำรวจแห่งชาติ (ฉบับที่ ๓) พ.ศ. ๒๕๕๘ พระราชบัญญ",กฎหมายทั่วไป,พระราชบัญญัติ
kris_ตจ008-1B-0001,พระราชบัญญัติตั้งจังหวัดบึงกาฬ พ.ศ. 2554,"[22/3/2554] พระราชบัญญัติตั้งจังหวัดบึงกาฬ พ.ศ. 2554
พระราชบัญญัติ ตั้งจังหวัดบึงกาฬ พ.ศ. ๒๕๕๔ ภูมิพลอดุลยเดช ป.ร. ให้ไว้ ณ วันที่ ๑๑ มีนาคม พ.ศ. ๒๕๕๔ เป็นปีที่ ๖๖ ในรัชกาลปัจจุบัน พระบาทสมเด็จพระปรมินทรมหาภูมิพลอดุลยเดช มีพระบรมราชโองการโปรดเกล้าฯ ให้ประกาศว่า โ",กฎหมายทั่วไป,พระราชบัญญัติ
kris_ต0004-1B-0002,พระราชบัญญัติตำรวจแห่งชาติ พ.ศ. 2565,"[16/10/2565] พระราชบัญญัติตำรวจแห่งชาติ พ.ศ. 2565
พระราชบัญญัติ ตำรวจแห่งชาติ พ.ศ. ๒๕๖๕ พระบาทสมเด็จพระปรเมนทรรามาธิบดีศรีสินทรมหาวชิราลงกรณ พระวชิรเกล้าเจ้าอยู่หัว ให้ไว้ ณ วันที่ ๑๑ ตุลาคม พ.ศ. ๒๕๖๕ เป็นปีที่ ๗ ในรัชกาลปัจจุบัน พระบาทสมเด็จพระปรเมนทรรามาธิบด",กฎหมายทั่วไป,พระราชบัญญัติ
kris_ถ0001-1C-0001,พระราชกำหนดถอนคืนเหรียญกษาปณ์ชนิดทองขาว ราคาห้าบาท ลักษณะเก้าเหลี่ยม พ.ศ. 2521,"[19/10/2521] พระราชกำหนดถอนคืนเหรียญกษาปณ์ชนิดทองขาว ราคาห้าบาท ลักษณะเก้าเหลี่ยม พ.ศ. 2521
ประกาศสำนักนายกรัฐมนตรี เรื่อง การอนุมัติพระราชกำหนดถอนคืนเหรียญกษาปณ์ชนิดทองขาว ราคาห้าบาท ลักษณะเก้าเหลี่ยม พ.ศ. ๒๕๒๑ ภูมิพลอดุลยเดช ป.ร. ให้ไว้ ณ วันที่ ๑๙ ตุลาคม พ.ศ. ๒๕๒๑ เป็นปีที่ ๓๓ ในรัชกาลปัจจุบัน พระบ",กฎหมายทั่วไป,พระราชกำหนด
kris_ท0007-1B-0001,พระราชบัญญัติทางหลวงที่ได้รับสัมปทาน พุทธศักราช 2473 (ยกเลิก),"[20/7/2473] พระราชบัญญัติทางหลวงที่ได้รับสัมปทาน พุทธศักราช 2473 (ยกเลิก)
พระราชบัญญัติ ทางหลวงที่ได้รับสัมปทาน พุทธศักราช ๒๔๗๓ (ยกเลิก) พระบาทสมเด็จพระปรมินทรมหาประชาธิปก พระปกเกล้าเจ้าอยู่หัว มีพระบรมราชโองการดำรัสเหนือเกล้าฯ สั่งว่า โดยที่ทรงพระราชดำริเห็นสมควรอนุญาตให้เอกชนสร้างแ",กฎหมายทั่วไป,พระราชบัญญัติ
kris_ท0004-1B-0001,พระราชบัญญัติโทรเลขและโทรศัพท์ พุทธศักราช 2477 (ยกเลิก),"[28/10/2477] พระราชบัญญัติโทรเลขและโทรศัพท์ พุทธศักราช 2477 (ยกเลิก)
พระราชบัญญัติโทรเลขและโทรศัพท์ (ฉบับที่ ๒) พ.ศ. ๒๕๑๗ นริศรานุวัดติวงศ์ ผู้สำเร็จราชการแทนพระองค์ (ตามพระราชกฤษฎีกาลงวันที่ ๑๑ มกราคม พ.ศ. ๒๔๗๖) พระบาทสมเด็จพระปรมินทรมหาประชาธิปก พระปกเกล้าเจ้าอยู่หัว มีพระบรมร",กฎหมายทั่วไป,พระราชบัญญัติ
kris_ยล201-1B-0001,พระราชบัญญัติทะเบียนพาณิชย์ พุทธศักราช 2479 (ยกเลิก),"[29/11/2479] พระราชบัญญัติทะเบียนพาณิชย์ พุทธศักราช 2479 (ยกเลิก)
พระราชบัญญัติ ทะเบียนพาณิชย์ พุทธศักราช ๒๔๗๙ และที่แก้ไขเพิ่มเติม (ยกเลิก) โปรดดูรายละเอียดของกฎหมายที่เว็บไซต์ราชกิจจานุเบกษา https://ratchakitcha.soc.go.th/",กฎหมายทั่วไป,พระราชบัญญัติ
kris_ยล164-1B-0001,พระราชบัญญัติเทศบาล พุทธศักราช 2481 (ยกเลิก),"[1/4/2481] พระราชบัญญัติเทศบาล พุทธศักราช 2481 (ยกเลิก)
พระราชบัญญัติ เทศบาล พุทธศักราช ๒๔๘๑ (ยกเลิก) โปรดดูรายละเอียดของกฎหมายที่เว็บไซต์ราชกิจจานุเบกษา https://ratchakitcha.soc.go.th/",กฎหมายทั่วไป,พระราชบัญญัติ
kris_ยล047-1B-0003,พระราชบัญญัติทางหลวง พุทธศักราช 2482 (ยกเลิก),"[13/11/2482] พระราชบัญญัติทางหลวง พุทธศักราช 2482 (ยกเลิก)
พระราชบัญญัติทางหลวง พุทธศักราช ๒๔๘๒ (ยกเลิก) พระราชบัญญัติทางหลวง (ฉบับที่ ๒) พ.ศ. ๒๔๙๗ ในพระปรมาภิไธยสมเด็จพระเจ้าอยู่หัวอานันทมหิดล คณะผู้สำเร็จราชการแทนพระองค์ (ตามประกาศประธานสภาผู้แทนราษฎร ลงวันที่ ๔ สิงห",กฎหมายทั่วไป,พระราชบัญญัติ
kris_ยล107-1B-0001,พระราชบัญญัติเทสบาล พุทธสักราช 2486 (ยกเลิก),"[25/2/2486] พระราชบัญญัติเทสบาล พุทธสักราช 2486 (ยกเลิก)
พระราชบัญญัติเทสบาลพุทธสักราช ๒๔๘๖ (ยกเลิก) โปรดดูรายละเอียดของกฎหมายที่เว็บไซต์ราชกิจจานุเบกษา https://ratchakitcha.soc.go.th/",กฎหมายทั่วไป,พระราชบัญญัติ
kris_ยล165-1B-0002,พระราชบัญญัติที่ดินในส่วนที่เกี่ยวกับคนต่างด้าว พุทธศักราช 2486 (ยกเลิก),"[7/9/2486] พระราชบัญญัติที่ดินในส่วนที่เกี่ยวกับคนต่างด้าว พุทธศักราช 2486 (ยกเลิก)
พระราชบัญญัติ ที่ดินในส่วนที่เกี่ยวกับคนต่างด้าว พุทธศักราช ๒๔๘๖ และที่แก้ไขเพิ่มเติม (ยกเลิก) โปรดดูรายละเอียดของกฎหมายที่เว็บไซต์ราชกิจจานุเบกษา https://ratchakitcha.soc.go.th/",กฎหมายทั่วไป,พระราชบัญญัติ
kris_ท0005-1B-0002,พระราชบัญญัติเทศบาล พ.ศ. 2496,"[17/2/2496] พระราชบัญญัติเทศบาล พ.ศ. 2496
พระราชบัญญัติว่าด้วยการปรับเป็นพินัย พ.ศ. ๒๕๖๕ พระราชบัญญัติเทศบาล (ฉบับที่ ๒) พ.ศ. ๒๔๙๘ พระราชบัญญัติเทศบาล (ฉบับที่ ๓) พ.ศ. ๒๔๙๙ พระราชบัญญัติเทศบาล (ฉบับที่ ๔) พ.ศ. ๒๕๐๕ พระราชบัญญัติเทศบาล (ฉบับที่ ๕) พ.ศ.",กฎหมายทั่วไป,พระราชบัญญัติ
kris_ท0002-1B-0001,พระราชบัญญัติทะเบียนพาณิชย์ พ.ศ. 2499,"[7/2/2499] พระราชบัญญัติทะเบียนพาณิชย์ พ.ศ. 2499
พระราชบัญญัติว่าด้วยการปรับเป็นพินัย พ.ศ. ๒๕๖๕ พระราชบัญญัติทะเบียนพาณิชย์ (ฉบับที่ ๒) พ.ศ. ๒๕๔๙ ภูมิพลอดุลยเดช ป.ร. ให้ไว้ ณ วันที่ ๒๕ มกราคม พ.ศ. ๒๔๙๙ เป็นปีที่ ๑๑ ในรัชกาลปัจจุบัน พระบาทสมเด็จพระปรมินทรมหาภู",กฎหมายทั่วไป,พระราชบัญญัติ
kris_ท0014-1B-0001,พระราชบัญญัติที่ราชพัสดุ พ.ศ. 2518 (ยกเลิก),"[5/3/2518] พระราชบัญญัติที่ราชพัสดุ พ.ศ. 2518 (ยกเลิก)
พระราชกฤษฎีกาแก้ไขบทบัญญัติให้สอดคล้องกับการโอนอำนาจหน้าที่ของส่วนราชการให้เป็นไปตามพระราชบัญญัติปรับปรุงกระทรวง ทบวง กรม พ.ศ. ๒๕๔๕ พ.ศ. ๒๕๔๕ ภูมิพลอดุลยเดช ป.ร. ให้ไว้ ณ วันที่ ๑๔ กุมภาพันธ์ พ.ศ. ๒๕๑๘ เป็นปีที",กฎหมายทั่วไป,พระราชบัญญัติ
kris_ท0001-1B-0001,พระราชบัญญัติทนายความ พ.ศ. 2528,"[19/9/2528] พระราชบัญญัติทนายความ พ.ศ. 2528
พระราชบัญญัติ ทนายความ พ.ศ. ๒๕๒๘ ภูมิพลอดุลยเดช ป.ร. ให้ไว้ ณ วันที่ ๑๐ กันยายน พ.ศ. ๒๕๒๘ เป็นปีที่ ๔๐ ในรัชกาลปัจจุบัน พระบาทสมเด็จพระปรมินทรมหาภูมิพลอดุลยเดช มีพระบรมราชโองการโปรดเกล้าฯ ให้ประกาศว่า โดยที่เป็",กฎหมายทั่วไป,พระราชบัญญัติ
kris_ท0006-1B-0001,พระราชบัญญัติทางหลวง พ.ศ. 2535,"[18/4/2535] พระราชบัญญัติทางหลวง พ.ศ. 2535
พระราชบัญญัติว่าด้วยการปรับเป็นพินัย พ.ศ. ๒๕๖๕ พระราชบัญญัติทางหลวง (ฉบับที่ ๒) พ.ศ. ๒๕๔๙ ภูมิพลอดุลยเดช ป.ร. ให้ไว้ ณ วันที่ ๒ เมษายน พ.ศ. ๒๕๓๕ เป็นปีที่ ๔๗ ในรัชกาลปัจจุบัน พระบาทสมเด็จพระปรมินทรมหาภูมิพลอดุล",กฎหมายทั่วไป,พระราชบัญญัติ
kris_ท0008-1B-0001,พระราชบัญญัติทางหลวงสัมปทาน พ.ศ. 2542,"[21/4/2542] พระราชบัญญัติทางหลวงสัมปทาน พ.ศ. 2542
พระราชบัญญัติว่าด้วยการปรับเป็นพินัย พ.ศ. ๒๕๖๕ ภูมิพลอดุลยเดช ป.ร. ให้ไว้ ณ วันที่ ๗ เมษายน พ.ศ. ๒๕๔๒ เป็นปีที่ ๕๔ ในรัชกาลปัจจุบัน พระบาทสมเด็จพระปรมินทรมหาภูมิพลอดุลยเดช มีพระบรมราชโองการโปรดเกล้าฯ ให้ประกาศว",กฎหมายทั่วไป,พระราชบัญญัติ
kris_ท0009-1B-0001,พระราชบัญญัติทุนรัฐวิสาหกิจ พ.ศ. 2542,"[16/12/2542] พระราชบัญญัติทุนรัฐวิสาหกิจ พ.ศ. 2542
*พระราชกฤษฎีกาแก้ไขบทบัญญัติให้สอดคล้องกับการโอนอำนาจหน้าที่ของส่วนราชการให้เป็นไปตามพระราชบัญญัติปรับปรุงกระทรวง ทบวง กรม พ.ศ. ๒๕๔๕ พ.ศ. ๒๕๔๕ ภูมิพลอดุลยเดช ป.ร. ให้ไว้ ณ วันที่ ๔ ธันวาคม พ.ศ. ๒๕๔๒ เป็นปีที่ ๕",กฎหมายทั่วไป,พระราชบัญญัติ
kris_ท0010-1B-0001,พระราชบัญญัติทรัสต์เพื่อธุรกรรมในตลาดทุน พ.ศ. 2550,"[14/1/2551] พระราชบัญญัติทรัสต์เพื่อธุรกรรมในตลาดทุน พ.ศ. 2550
พระราชบัญญัติแก้ไขเพิ่มเติมบทบัญญัติแห่งกฎหมายที่เกี่ยวกับความรับผิดในทางอาญาของผู้แทนนิติบุคคล พ.ศ. ๒๕๖๐ ภูมิพลอดุลยเดช ป.ร. ให้ไว้ ณ วันที่ ๓๐ ธันวาคม พ.ศ. ๒๕๕๐ เป็นปีที่ ๖๒ ในรัชกาลปัจจุบัน พระบาทสมเด็จพระปร",กฎหมายทั่วไป,พระราชบัญญัติ
kris_ท0011-1B-0001,พระราชบัญญัติทรัพยากรน้ำ พ.ศ. 2561,"[28/12/2561] พระราชบัญญัติทรัพยากรน้ำ พ.ศ. 2561
พระราชบัญญัติ ทรัพยากรน้ำ พ.ศ. ๒๕๖๑ สมเด็จพระเจ้าอยู่หัวมหาวชิราลงกรณ บดินทรเทพยวรางกูร ให้ไว้ ณ วันที่ ๒๕ ธันวาคม พ.ศ. ๒๕๖๑ เป็นปีที่ ๓ ในรัชกาลปัจจุบัน สมเด็จพระเจ้าอยู่หัวมหาวชิราลงกรณ บดินทรเทพยวรางกูร มีพร",กฎหมายทั่วไป,พระราชบัญญัติ
kris_ท0003-1B-0001,พระราชบัญญัติที่ราชพัสดุ พ.ศ. 2562,"[9/3/2562] พระราชบัญญัติที่ราชพัสดุ พ.ศ. 2562
พระราชบัญญัติ ที่ราชพัสดุ พ.ศ. ๒๕๖๒ สมเด็จพระเจ้าอยู่หัวมหาวชิราลงกรณ บดินทรเทพยวรางกูร ให้ไว้ ณ วันที่ ๖ มีนาคม พ.ศ. ๒๕๖๒ เป็นปีที่ ๔ ในรัชกาลปัจจุบัน สมเด็จพระเจ้าอยู่หัวมหาวชิราลงกรณ บดินทรเทพยวรางกูร มีพระร",กฎหมายทั่วไป,พระราชบัญญัติ
kris_ท0013-1B-0001,พระราชบัญญัติทรัพย์อิงสิทธิ พ.ศ. 2562,"[30/4/2562] พระราชบัญญัติทรัพย์อิงสิทธิ พ.ศ. 2562
พระราชบัญญัติ ทรัพย์อิงสิทธิ พ.ศ. ๒๕๖๒ สมเด็จพระเจ้าอยู่หัวมหาวชิราลงกรณ บดินทรเทพยวรางกูร ให้ไว้ ณ วันที่ ๒๖ เมษายน พ.ศ. ๒๕๖๒ เป็นปีที่ ๔ ในรัชกาลปัจจุบัน สมเด็จพระเจ้าอยู่หัวมหาวชิราลงกรณ บดินทรเทพยวรางกูร มี",กฎหมายทั่วไป,พระราชบัญญัติ
kris_ท0012-1B-0001,พระราชบัญญัติเทคโนโลยีป้องกันประเทศ พ.ศ. 2562,"[30/4/2562] พระราชบัญญัติเทคโนโลยีป้องกันประเทศ พ.ศ. 2562
พระราชบัญญัติ เทคโนโลยีป้องกันประเทศ พ.ศ. ๒๕๖๒ สมเด็จพระเจ้าอยู่หัวมหาวชิราลงกรณ บดินทรเทพยวรางกูร ให้ไว้ ณ วันที่ ๒๖ เมษายน พ.ศ. ๒๕๖๒ เป็นปีที่ ๔ ในรัชกาลปัจจุบัน สมเด็จพระเจ้าอยู่หัวมหาวชิราลงกรณ บดินทรเทพยวร",กฎหมายทั่วไป,พระราชบัญญัติ
kris_ยล187-1B-0001,พระราชบัญญัติธรรมนูญการปกครองแผ่นดินไทยชั่วคราว พุทธศักราช 2475 (ยกเลิก),"[27/6/2475] พระราชบัญญัติธรรมนูญการปกครองแผ่นดินไทยชั่วคราว พุทธศักราช 2475 (ยกเลิก)
พระราชบัญญัติ ธรรมนูญการปกครองแผ่นดินไทยชั่วคราว พุทธศักราช ๒๔๗๕ (ยกเลิก) โปรดดูรายละเอียดของกฎหมายที่เว็บไซต์ราชกิจจานุเบกษา https://ratchakitcha.soc.go.th/",กฎหมายทั่วไป,พระราชบัญญัติ
kris_ยล227-1B-0001,พระราชบัญญัติธรรมนูญศาลทหาร พุทธศักราช 2477 (ยกเลิก),"[11/11/2477] พระราชบัญญัติธรรมนูญศาลทหาร พุทธศักราช 2477 (ยกเลิก)
พระราชบัญญัติ ธรรมนูญศาลทหาร พุทธศักราช ๒๔๗๗ และที่แก้ไขเพิ่มเติม (ยกเลิก) โปรดดูรายละเอียดของกฎหมาย ที่เว็บไซต์ราชกิจจานุเบกษา https://ratchakitcha.soc.go.th/",กฎหมายทั่วไป,พระราชบัญญัติ
kris_ธ0003-1B-0001,พระราชบัญญัติธนาคารแห่งประเทศไทย พุทธศักราช 2485,"[5/5/2485] พระราชบัญญัติธนาคารแห่งประเทศไทย พุทธศักราช 2485
พระราชบัญญัติว่าด้วยการปรับเป็นพินัย พ.ศ. ๒๕๖๕ พระราชบัญญัติธนาคารแห่งประเทศไทย (ฉบับที่ ๒) พุทธศักราช ๒๔๘๗ พระราชบัญญัติธนาคารแห่งประเทศไทย (ฉบับที่ ๓) พ.ศ. ๒๕๐๕ พระราชบัญญัติธนาคารแห่งประเทศไทย (ฉบับที่ ๔) พ.",กฎหมายทั่วไป,พระราชบัญญัติ
kris_ธ0005-1B-0001,พระราชบัญญัติธนาคารออมสิน พ.ศ. 2489,"[31/12/2489] พระราชบัญญัติธนาคารออมสิน พ.ศ. 2489
พระราชบัญญัติ ธนาคารออมสิน พ.ศ. ๒๔๘๙ พระราชบัญญัติธนาคารออมสิน (ฉบับที่ ๒) พ.ศ. ๒๕๔๒ พระราชบัญญัติธนาคารออมสิน (ฉบับที่ ๓) พ.ศ. ๒๕๔๖ พระราชบัญญัติธนาคารออมสิน (ฉบับที่ ๔) พ.ศ. ๒๕๖๐ ในพระปรมาภิไธยสมเด็จพระเจ้าอย",กฎหมายทั่วไป,พระราชบัญญัติ
kris_ธ0006-1B-0001,พระราชบัญญัติธนาคารอาคารสงเคราะห์ พ.ศ. 2496,"[20/1/2496] พระราชบัญญัติธนาคารอาคารสงเคราะห์ พ.ศ. 2496
ประกาศของคณะปฏิวัติ ฉบับที่ ๓๑๗ ลงวันที่ ๑๓ ธันวาคม พุทธศักราช ๒๕๑๕ พระราชบัญญัติธนาคารอาคารสงเคราะห์ (ฉบับที่ ๒) พ.ศ. ๒๕๓๕ พระราชบัญญัติธนาคารอาคารสงเคราะห์ (ฉบับที่ ๓) พ.ศ. ๒๕๔๙ พระราชบัญญัติธนาคารอาคารสงเครา",กฎหมายทั่วไป,พระราชบัญญัติ
kris_ธ0007-1B-0001,พระราชบัญญัติธรรมนูญศาลทหาร พ.ศ. 2498,"[18/10/2498] พระราชบัญญัติธรรมนูญศาลทหาร พ.ศ. 2498
พระราชบัญญัติยกเลิกประกาศของคณะปฏิวัติ คำสั่งของคณะปฏิรูปการปกครองแผ่นดิน และกฎหมายที่เกี่ยวข้อง ที่ให้ศาลพลเรือนเป็นศาลทหารในเวลาไม่ปกติ และที่ให้ศาลทหารพิจารณาคดีซึ่งเกี่ยวกับความผิดอันเป็นคอมมิวนิสต์ พ.ศ. ๒๕",กฎหมายทั่วไป,พระราชบัญญัติ
kris_ธ0002-1B-0001,พระราชบัญญัติธนาคารเพื่อการเกษตรและสหกรณ์การเกษตร พ.ศ. 2509,"[20/7/2509] พระราชบัญญัติธนาคารเพื่อการเกษตรและสหกรณ์การเกษตร พ.ศ. 2509
พระราชบัญญัติ ธนาคารเพื่อการเกษตรและสหกรณ์การเกษตร พ.ศ. ๒๕๐๙ พระราชบัญญัติธนาคารเพื่อการเกษตรและสหกรณ์การเกษตร (ฉบับที่ ๒) พ.ศ. ๒๕๑๙ พระราชบัญญัติธนาคารเพื่อการเกษตรและสหกรณ์การเกษตร (ฉบับที่ ๓) พ.ศ. ๒๕๒๕ พระรา",กฎหมายทั่วไป,พระราชบัญญัติ
kris_ธ0001-1B-0001,พระราชบัญญัติธง พ.ศ. 2522,"[30/4/2522] พระราชบัญญัติธง พ.ศ. 2522
พระราชบัญญัติ ธง พ.ศ. ๒๕๒๒ ภูมิพลอดุลยเดช ป.ร. ให้ไว้ ณ วันที่ ๒๒ เมษายน พ.ศ. ๒๕๒๒ เป็นปีที่ ๓๔ ในรัชกาลปัจจุบัน พระบาทสมเด็จพระปรมินทรมหาภูมิพลอดุลยเดช มีพระบรมราชโองการโปรดเกล้าฯ ให้ประกาศว่า โดยที่เป็นการสมค",กฎหมายทั่วไป,พระราชบัญญัติ
kris_ยล006-1B-0001,พระราชบัญญัติธุรกิจนำเที่ยวและมัคคุเทศก์ พ.ศ. 2535 (ยกเลิก),"[19/3/2535] พระราชบัญญัติธุรกิจนำเที่ยวและมัคคุเทศก์ พ.ศ. 2535 (ยกเลิก)
*พระราชกฤษฎีกาแก้ไขบทบัญญัติให้สอดคล้องกับการโอนอำนาจหน้าที่ของส่วนราชการให้เป็นไปตามพระราชบัญญัติปรับปรุงกระทรวง ทบวง กรม พ.ศ. ๒๕๔๕ พ.ศ. ๒๕๔๕ พระราชบัญญัติธุรกิจนำเที่ยวและมัคคุเทศก์ (ฉบับที่ ๒) พ.ศ. ๒๕๔๕ ภูมิ",กฎหมายทั่วไป,พระราชบัญญัติ
kris_ธ0009-1B-0001,พระราชบัญญัติธนาคารเพื่อการส่งออกและนำเข้าแห่งประเทศไทย พ.ศ. 2536,"[6/9/2536] พระราชบัญญัติธนาคารเพื่อการส่งออกและนำเข้าแห่งประเทศไทย พ.ศ. 2536
พระราชบัญญัติธนาคารเพื่อการส่งออกและนำเข้าแห่งประเทศไทย (ฉบับที่ ๓) พ.ศ. ๒๕๖๑ ภูมิพลอดุลยเดช ป.ร. ให้ไว้ ณ วันที่ ๒๗ สิงหาคม พ.ศ. ๒๕๓๖ เป็นปีที่ ๔๘ ในรัชกาลปัจจุบัน พระบาทสมเด็จพระปรมินทรมหาภูมิพลอดุลยเดช มีพระ",กฎหมายทั่วไป,พระราชบัญญัติ
kris_ธ0010-1B-0001,พระราชบัญญัติธนาคารอิสลามแห่งประเทศไทย พ.ศ. 2545,"[21/10/2545] พระราชบัญญัติธนาคารอิสลามแห่งประเทศไทย พ.ศ. 2545
พระราชบัญญัติ ธนาคารอิสลามแห่งประเทศไทย พ.ศ. ๒๕๔๕ พระราชบัญญัติธนาคารอิสลามแห่งประเทศไทย (ฉบับที่ ๒) พ.ศ. ๒๕๖๑ ภูมิพลอดุลยเดช ป.ร. ให้ไว้ ณ วันที่ ๑๕ ตุลาคม พ.ศ. ๒๕๔๕ เป็นปีที่ ๕๗ ในรัชกาลปัจจุบัน พระบาทสมเด็จพ",กฎหมายทั่วไป,พระราชบัญญัติ
kris_ธ0011-1B-0001,พระราชบัญญัติธนาคารพัฒนาวิสาหกิจขนาดกลางและขนาดย่อมแห่งประเทศไทย พ.ศ. 2545,"[19/12/2545] พระราชบัญญัติธนาคารพัฒนาวิสาหกิจขนาดกลางและขนาดย่อมแห่งประเทศไทย พ.ศ. 2545
พระราชบัญญัติ ธนาคารพัฒนาวิสาหกิจขนาดกลางและขนาดย่อมแห่งประเทศไทย พ.ศ. ๒๕๔๕ ภูมิพลอดุลยเดช ป.ร. ให้ไว้ ณ วันที่ ๑ พฤศจิกายน พ.ศ. ๒๕๔๕ เป็นปีที่ ๕๗ ในรัชกาลปัจจุบัน พระบาทสมเด็จพระปรมินทรมหาภูมิพลอดุลยเดช มีพระบ",กฎหมายทั่วไป,พระราชบัญญัติ
kris_ธ0012-1B-0001,พระราชบัญญัติธุรกิจสถาบันการเงิน พ.ศ. 2551,"[5/2/2551] พระราชบัญญัติธุรกิจสถาบันการเงิน พ.ศ. 2551
พระราชบัญญัติแก้ไขเพิ่มเติมบทบัญญัติแห่งกฎหมายที่เกี่ยวกับความรับผิดในทางอาญาของผู้แทนนิติบุคคล พ.ศ. ๒๕๖๐ พระราชบัญญัติธุรกิจสถาบันการเงิน (ฉบับที่ ๒) พ.ศ. ๒๕๕๘ พระราชบัญญัติธุรกิจสถาบันการเงิน (ฉบับที่ ๓) พ.ศ.",กฎหมายทั่วไป,พระราชบัญญัติ
kris_ธ0008-1B-0001,พระราชบัญญัติธุรกิจนำเที่ยวและมัคคุเทศก์ พ.ศ. 2551,"[6/2/2551] พระราชบัญญัติธุรกิจนำเที่ยวและมัคคุเทศก์ พ.ศ. 2551
พระราชบัญญัติว่าด้วยการปรับเป็นพินัย พ.ศ. ๒๕๖๕ พระราชบัญญัติธุรกิจนำเที่ยวและมัคคุเทศก์ (ฉบับที่ ๒) พ.ศ. ๒๕๕๙ ภูมิพลอดุลยเดช ป.ร. ให้ไว้ ณ วันที่ ๓๐ มกราคม พ.ศ. ๒๕๕๑ เป็นปีที่ ๖๓ ในรัชกาลปัจจุบัน พระบาทสมเด็จพร",กฎหมายทั่วไป,พระราชบัญญัติ
kris_ธ0013-1B-0001,พระราชบัญญัติธุรกิจรักษาความปลอดภัย พ.ศ. 2558,"[5/11/2558] พระราชบัญญัติธุรกิจรักษาความปลอดภัย พ.ศ. 2558
พระราชบัญญัติว่าด้วยการปรับเป็นพินัย พ.ศ. ๒๕๖๕ ภูมิพลอดุลยเดช ป.ร. ให้ไว้ ณ วันที่ ๓๑ ตุลาคม พ.ศ. ๒๕๕๘ เป็นปีที่ ๗๐ ในรัชกาลปัจจุบัน พระบาทสมเด็จพระปรมินทรมหาภูมิพลอดุลยเดช มีพระบรมราชโองการโปรดเกล้าฯ ให้ประกาศ",กฎหมายทั่วไป,พระราชบัญญัติ
kris_นท001-1C-0001,พระราชกำหนดนิรโทษกรรมในคราวเปลี่ยนแปลงการปกครองแผ่นดิน พุทธศักราช 2475,"[26/6/2475] พระราชกำหนดนิรโทษกรรมในคราวเปลี่ยนแปลงการปกครองแผ่นดิน พุทธศักราช 2475
พระราชกำหนดนิรโทษกรรม ในคราวเปลี่ยนแปลงการปกครองแผ่นดิน พุทธศักราช ๒๔๗๕ พระบาทสมเด็จพระปรมินทรมหาประชาธิปก พระปกเกล้าเจ้าอยู่หัว มีพระบรมราชโองการโปรดเกล้าฯ ให้ประกาศจงทราบทั่วกันว่า การที่คณะราษฎรคณะหนึ่งซึ่งม",กฎหมายทั่วไป,พระราชกำหนด
kris_นท002-1B-0001,พระราชบัญญัตินิรโทษกรรมในการจัดการให้คณะรัฐมนตรีลาออกเพื่อให้มีการเปิดสภาผู้แทนราษฎรตามรัฐธรรมนูญ พุทธศักราช 2476,"[25/6/2476] พระราชบัญญัตินิรโทษกรรมในการจัดการให้คณะรัฐมนตรีลาออกเพื่อให้มีการเปิดสภาผู้แทนราษฎรตามรัฐธรรมนูญ พุทธศักราช 2476
พระราชบัญญัตินิรโทษกรรม ในการจัดการให้คณะรัฐมนตรีลาออกเพื่อให้มีการ เปิดสภาผู้แทนราษฎรตามรัฐธรรมนูญ พุทธศักราช ๒๔๗๖ ประชาธิปก ป.ร. พระบาทสมเด็จพระปรมินทรมหาประชาธิปก พระปกเกล้าเจ้าอยู่หัว มีพระบรมราชโองการดำรัส",กฎหมายทั่วไป,พระราชบัญญัติ
kris_ยล195-1B-0001,พระราชบัญญัติน้ำมันเชื้อเพลิง พุทธศักราช 2481 (ยกเลิก),"[17/4/2482] พระราชบัญญัติน้ำมันเชื้อเพลิง พุทธศักราช 2481 (ยกเลิก)
พระราชบัญญัติ น้ำมันเชื้อเพลิง พุทธศักราช ๒๔๘๑ และที่แก้ไขเพิ่มเติม (ยกเลิก) โปรดดูรายละเอียดของกฎหมายที่เว็บไซต์ราชกิจจานุเบกษา https://ratchakitcha.soc.go.th/",กฎหมายทั่วไป,พระราชบัญญัติ
kris_นท003-1C-0001,พระราชกำหนดนิรโทษกรรมแก่ผู้กระทำความผิดฐานกบฏและจลาจล พุทธศักราช 2488,"[9/5/2488] พระราชกำหนดนิรโทษกรรมแก่ผู้กระทำความผิดฐานกบฏและจลาจล พุทธศักราช 2488
พระราชบัญญัติอนุมัติพระราชกำหนดนิรโทษกรรมแก่ผู้กระทำความผิดฐานกบฏและจลาจล พุทธศักราช ๒๔๘๘ พุทธศักราช ๒๔๘๘ ในพระปรมาภิไธยสมเด็จพระเจ้าอยู่หัวอานันทมหิดล ผู้สำเร็จราชการแทนพระองค์ (ตามประกาศประธานสภาผู้แทนราษฎร ล",กฎหมายทั่วไป,พระราชกำหนด
kris_นท005-1B-0001,พระราชบัญญัตินิรโทษกรรมแก่ผู้กระทำการต่อต้านการดำเนินการสงครามของญี่ปุ่น พุทธศักราช 2489,"[30/4/2489] พระราชบัญญัตินิรโทษกรรมแก่ผู้กระทำการต่อต้านการดำเนินการสงครามของญี่ปุ่น พุทธศักราช 2489
พระราชบัญญัติ นิรโทษกรรมแก่ผู้กระทำการต่อต้านการดำเนินการ สงครามของญี่ปุ่น พุทธศักราช ๒๔๘๙ อานันทมหิดล ตราไว้ ณ วันที่ ๒๖ เมษายน พุทธศักราช ๒๔๘๙ เป็นปีที่ ๑๓ ในรัชกาลปัจจุบัน สมเด็จพระเจ้าอยู่อานันทมหิดล มีพระบ",กฎหมายทั่วไป,พระราชบัญญัติ
kris_นท006-1B-0001,พระราชบัญญัตินิรโทษกรรมแก่ผู้กระทำรัฐประหาร พ.ศ. 2490,"[23/12/2490] พระราชบัญญัตินิรโทษกรรมแก่ผู้กระทำรัฐประหาร พ.ศ. 2490
พระราชบัญญัติ นิรโทษกรรมแก่ผู้กระทำรัฐประหาร พ.ศ. ๒๔๙๐ ในพระปรมาภิไธยสมเด็จพระเจ้าอยู่หัวภูมิพลอดุลยเดช คณะอภิรัฐมนตรี ในหน้าที่คณะผู้สำเร็จราชการแทนพระองค์ รังสิต กรมขุนชัยนาทนเรนทร อลงกฏ ธานีนิวัต มานวราชเสวี",กฎหมายทั่วไป,พระราชบัญญัติ
kris_นท007-1B-0001,พระราชบัญญัตินิรโทษกรรมแก่ผู้ที่ได้นำรัฐธรรมนูญแห่งราชอาณาจักรไทย พุทธศักราช 2475 กลับมาใช้ พ.ศ. 2494,"[31/12/2494] พระราชบัญญัตินิรโทษกรรมแก่ผู้ที่ได้นำรัฐธรรมนูญแห่งราชอาณาจักรไทย พุทธศักราช 2475 กลับมาใช้ พ.ศ. 2494
พระราชบัญญัติ นิรโทษกรรมแก่ผู้ที่ได้นำรัฐธรรมนูญ แห่งราชอาณาจักรไทย พุทธศักราช ๒๔๗๕ กลับมาใช้ พ.ศ. ๒๔๙๔ ภูมิพลอดุลยเดช ป.ร. ให้ไว้ ณ วันที่ ๓๑ ธันวาคม พ.ศ. ๒๔๙๔ เป็นปีที่ ๖ ในรัชกาลปัจจุบัน พระบาทสมเด็จพระปรมิน",กฎหมายทั่วไป,พระราชบัญญัติ
kris_น0007-1B-0001,พระราชบัญญัตินายตำรวจราชสำนัก พ.ศ. 2495,"[7/10/2495] พระราชบัญญัตินายตำรวจราชสำนัก พ.ศ. 2495
พระราชบัญญัติ นายตำรวจราชสำนัก พ.ศ. ๒๔๙๕ ภูมิพลอดุลยเดช ป.ร. ให้ไว้ ณ วันที่ ๒๕ กันยายน พ.ศ. ๒๔๙๕ เป็นปีที่ ๗ ในรัชกาลปัจจุบัน พระบาทสมเด็จพระปรมินทรมหาภูมิพลอดุลยเดช มีพระบรมราชโองการโปรดเกล้าฯ ให้ประกาศว่า โด",กฎหมายทั่วไป,พระราชบัญญัติ
kris_นท008-1B-0001,พระราชบัญญัตินิรโทษกรรมในโอกาสครบ 25 พุทธศตวรรษ พ.ศ. 2499,"[29/1/2500] พระราชบัญญัตินิรโทษกรรมในโอกาสครบ 25 พุทธศตวรรษ พ.ศ. 2499
พระราชบัญญัตินิรโทษกรรมในโอกาสครบ ๒๕ พุทธศตวรรษ (ฉบับที่ ๒) พ.ศ. ๒๕๐๒ ภูมิพลอดุลยเดช ป.ร. ให้ไว้ ณ วันที่ ๑๗ มกราคม พ.ศ. ๒๕๐๐ เป็นปีที่ ๑๒ ในรัชกาลปัจจุบัน พระบาทสมเด็จพระปรมินทรมหาภูมิพลอดุลยเดช มีพระบรมราชโอง",กฎหมายทั่วไป,พระราชบัญญัติ
kris_นท009-1B-0001,พระราชบัญญัตินิรโทษกรรมแก่ผู้กระทำการยึดอำนาจการบริหารราชการแผ่นดินเมื่อวันที่ 16 กันยายน พ.ศ. 2500 พ.ศ. 2500,"[26/9/2500] พระราชบัญญัตินิรโทษกรรมแก่ผู้กระทำการยึดอำนาจการบริหารราชการแผ่นดินเมื่อวันที่ 16 กันยายน พ.ศ. 2500 พ.ศ. 2500
พระราชบัญญัติ นิรโทษกรรมแก่ผู้กระทำการยึดอำนาจการบริหาร ราชการแผ่นดินเมื่อวันที่ ๑๖ กันยายน พ.ศ. ๒๕๐๐ พ.ศ. ๒๕๐๐ ภูมิพลอดุลยเดช ป.ร. ให้ไว้ ณ วันที่ ๒๕ กันยายน พ.ศ. ๒๕๐๐ เป็นปีที่ ๑๒ ในรัชกาลปัจจุบัน พระบาทสมเด็",กฎหมายทั่วไป,พระราชบัญญัติ
kris_นท010-1B-0001,พระราชบัญญัตินิรโทษกรรมแก่ผู้กระทำการปฏิวัติ เมื่อวันที่ 20 ตุลาคม พ.ศ. 2501 พ.ศ. 2502,"[3/4/2502] พระราชบัญญัตินิรโทษกรรมแก่ผู้กระทำการปฏิวัติ เมื่อวันที่ 20 ตุลาคม พ.ศ. 2501 พ.ศ. 2502
พระราชบัญญัติ นิรโทษกรรมแก่ผู้กระทำการปฏิวัติ เมื่อวันที่ ๒๐ ตุลาคม พ.ศ. ๒๕๐๑ พ.ศ. ๒๕๐๒ ภูมิพลอดุลยเดช ป.ร. ให้ไว้ ณ วันที่ ๓๑ มีนาคม พ.ศ. ๒๕๐๒ เป็นปีที่ ๑๔ ในรัชกาลปัจจุบัน พระบาทสมเด็จพระปรมินทรมหาภูมิพลอดุลย",กฎหมายทั่วไป,พระราชบัญญัติ
kris_น0003-1B-0001,พระราชบัญญัติเนติบัณฑิตยสภา พ.ศ. 2507,"[6/2/2507] พระราชบัญญัติเนติบัณฑิตยสภา พ.ศ. 2507
พระราชบัญญัติ เนติบัณฑิตยสภา พ.ศ. ๒๕๐๗ ภูมิพลอดุลยเดช ป.ร. ให้ไว้ ณ วันที่ ๓ กุมภาพันธ์ พ.ศ. ๒๕๐๗ เป็นปีที่ ๑๙ ในรัชกาลปัจจุบัน พระบาทสมเด็จพระปรมินทรมหาภูมิพลอดุลยเดช มีพระบรมราชโองการโปรดเกล้าฯ ให้ประกาศว่า โ",กฎหมายทั่วไป,พระราชบัญญัติ
kris_ยล089-1B-0001,พระราชบัญญัติน้ำมันเชื้อเพลิง พ.ศ. 2509 (ยกเลิก),"[1/12/2509] พระราชบัญญัติน้ำมันเชื้อเพลิง พ.ศ. 2509 (ยกเลิก)
พระราชบัญญัติน้ำมันเชื้อเพลิง พ.ศ. ๒๕๐๙ (ยกเลิก) โปรดดูรายละเอียดของกฎหมายที่เว็บไซต์ราชกิจจานุเบกษา https://ratchakitcha.soc.go.th/",กฎหมายทั่วไป,พระราชบัญญัติ
kris_นท011-1B-0001,พระราชบัญญัตินิรโทษกรรมแก่ผู้กระทำการปฏิวัติ เมื่อวันที่ 17 พฤศจิกายน พ.ศ. 2514 พ.ศ. 2515,"[26/12/2515] พระราชบัญญัตินิรโทษกรรมแก่ผู้กระทำการปฏิวัติ เมื่อวันที่ 17 พฤศจิกายน พ.ศ. 2514 พ.ศ. 2515
พระราชบัญญัติ นิรโทษกรรมแก่ผู้กระทำการปฏิวัติ เมื่อวันที่ ๑๗ พฤศจิกายน พ.ศ. ๒๕๑๔ พ.ศ. ๒๕๑๕ ภูมิพลอดุลยเดช ป.ร. ให้ไว้ ณ วันที่ ๒๕ ธันวาคม พ.ศ. ๒๕๑๕ เป็นปีที่ ๒๗ ในรัชกาลปัจจุบัน พระบาทสมเด็จพระปรมินทรมหาภูมิพลอ",กฎหมายทั่วไป,พระราชบัญญัติ
kris_นท012-1B-0001,พระราชบัญญัตินิรโทษกรรมแก่นักเรียน นิสิต นักศึกษาและประชาชน ซึ่งกระทำความผิดเกี่ยวเนื่องกับการเดินขบวนเมื่อวันที่ 13 ตุลาคม พ.ศ. 2516 พ.ศ. 2516,"[16/11/2516] พระราชบัญญัตินิรโทษกรรมแก่นักเรียน นิสิต นักศึกษาและประชาชน ซึ่งกระทำความผิดเกี่ยวเนื่องกับการเดินขบวนเมื่อวันที่ 13 ตุลาคม พ.ศ. 2516 พ.ศ. 2516
พระราชบัญญัติ นิรโทษกรรมแก่นักเรียน นิสิต นักศึกษาและประชาชน ซึ่งกระทำความผิดเกี่ยวเนื่องกับการเดินขบวน เมื่อวันที่ ๑๓ ตุลาคม พ.ศ. ๒๕๑๖ พ.ศ. ๒๕๑๖ ภูมิพลอดุลยเดช ป.ร. ให้ไว้ ณ วันที่ ๑๖ พฤศจิกายน พ.ศ. ๒๕๑๖ เป็นป",กฎหมายทั่วไป,พระราชบัญญัติ
kris_นท014-1B-0001,พระราชบัญญัตินิรโทษกรรมแก่ผู้กระทำการยึดอำนาจการปกครองประเทศ เมื่อวันที่ 6 ตุลาคม พ.ศ. 2519 พ.ศ. 2519,"[24/12/2519] พระราชบัญญัตินิรโทษกรรมแก่ผู้กระทำการยึดอำนาจการปกครองประเทศ เมื่อวันที่ 6 ตุลาคม พ.ศ. 2519 พ.ศ. 2519
พระราชบัญญัติ นิรโทษกรรมแก่ผู้กระทำการยึดอำนาจการปกครองประเทศ เมื่อวันที่ ๖ ตุลาคม พ.ศ. ๒๕๑๙ พ.ศ. ๒๕๑๙ ภูมิพลอดุลยเดช ป.ร. ให้ไว้ ณ วันที่ ๒๔ ธันวาคม พ.ศ. ๒๕๑๙ เป็นปีที่ ๓๑ ในรัชกาลปัจจุบัน พระบาทสมเด็จพระปรมิน",กฎหมายทั่วไป,พระราชบัญญัติ
kris_น0005-1B-0001,พระราชบัญญัติน้ำบาดาล พ.ศ. 2520,"[28/7/2520] พระราชบัญญัติน้ำบาดาล พ.ศ. 2520
พระราชบัญญัติน้ำบาดาล (ฉบับที่ ๓) พ.ศ. ๒๕๔๖   ภูมิพลอดุลยเดช ป.ร. ให้ไว้ ณ วันที่ ๒๓ กรกฎาคม พ.ศ. ๒๕๒๐ เป็นปีที่ ๓๒ ในรัชกาลปัจจุบัน พระบาทสมเด็จพระปรมินทรมหาภูมิพลอดุลยเดช มีพระบรมราชโองการโปรดเกล้าฯ ให้ประกาศ",กฎหมายทั่วไป,พระราชบัญญัติ
kris_นท015-1B-0001,พระราชบัญญัตินิรโทษกรรมแก่ผู้กระทำการยึดอำนาจการปกครองแผ่นดิน เมื่อวันที่ 20 ตุลาคม พ.ศ. 2520 พ.ศ. 2520,"[3/12/2520] พระราชบัญญัตินิรโทษกรรมแก่ผู้กระทำการยึดอำนาจการปกครองแผ่นดิน เมื่อวันที่ 20 ตุลาคม พ.ศ. 2520 พ.ศ. 2520
พระราชบัญญัติ นิรโทษกรรมแก่ผู้กระทำการยึดอำนาจการปกครองแผ่นดิน เมื่อวันที่ ๒๐ ตุลาคม พ.ศ. ๒๕๒๐ พ.ศ. ๒๕๒๐ ภูมิพลอดุลยเดช ป.ร. ให้ไว้ ณ วันที่ ๒ ธันวาคม พ.ศ. ๒๕๒๐ เป็นปีที่ ๓๒ ในรัชกาลปัจจุบัน พระบาทสมเด็จพระปรมิ",กฎหมายทั่วไป,พระราชบัญญัติ
kris_นท016-1B-0001,พระราชบัญญัตินิรโทษกรรมแก่ผู้กระทำการอันเป็นความผิดต่อความมั่นคงของรัฐภายในราชอาณาจักร ระหว่างวันที่ 25 และวันที่ 26 มีนาคม พ.ศ. 2520 พ.ศ. 2520,"[3/12/2520] พระราชบัญญัตินิรโทษกรรมแก่ผู้กระทำการอันเป็นความผิดต่อความมั่นคงของรัฐภายในราชอาณาจักร ระหว่างวันที่ 25 และวันที่ 26 มีนาคม พ.ศ. 2520 พ.ศ. 2520
พระราชบัญญัติ นิรโทษกรรมแก่ผู้กระทำการอันเป็นความผิด ต่อความมั่นคงของรัฐภายในราชอาณาจักร ระหว่าง วันที่ ๒๕ และวันที่ ๒๖ มีนาคม พ.ศ. ๒๕๒๐ พ.ศ. ๒๕๒๐ ภูมิพลอดุลยเดช ป.ร. ให้ไว้ ณ วันที่ ๒ ธันวาคม พ.ศ. ๒๕๒๐ เป็นปีท",กฎหมายทั่วไป,พระราชบัญญัติ
kris_น0004-1B-0001,พระราชบัญญัติน้ำมันเชื้อเพลิง พ.ศ. 2521 (ยกเลิก),"[11/5/2521] พระราชบัญญัติน้ำมันเชื้อเพลิง พ.ศ. 2521 (ยกเลิก)
พระราชบัญญัติ น้ำมันเชื้อเพลิง พ.ศ. ๒๕๒๑ (ยกเลิก) พระราชบัญญัติน้ำมันเชื้อเพลิง (ฉบับที่ ๒) พ.ศ. ๒๕๒๒ ภูมิพลอดุลยเดช ป.ร. ให้ไว้ ณ วันที่ ๒๕ เมษายน พ.ศ. ๒๕๒๑ เป็นปีที่ ๓๓ ในรัชกาลปัจจุบัน พระบาทสมเด็จพระปรมินทร",กฎหมายทั่วไป,พระราชบัญญัติ
kris_นท017-1B-0002,พระราชบัญญัตินิรโทษกรรมแก่ผู้ซึ่งกระทำความผิดเนื่องในการชุมนุมในมหาวิทยาลัยธรรมศาสตร์ระหว่างวันที่ 4 ถึงวันที่ 6 ตุลาคม 2519 พ.ศ. 2521,"[16/9/2521] พระราชบัญญัตินิรโทษกรรมแก่ผู้ซึ่งกระทำความผิดเนื่องในการชุมนุมในมหาวิทยาลัยธรรมศาสตร์ระหว่างวันที่ 4 ถึงวันที่ 6 ตุลาคม 2519 พ.ศ. 2521
พระราชบัญญัติ นิรโทษกรรมแก่ผู้ซึ่งกระทำความผิดเนื่องในการชุมนุม ในมหาวิทยาลัยธรรมศาสตร์ ระหว่างวันที่ ๔ ถึงวันที่ ๖ ตุลาคม ๒๕๑๙ พ.ศ. ๒๕๒๑ ภูมิพลอดุลยเดช ป.ร. ให้ไว้ ณ วันที่ ๑๕ กันยายน พ.ศ. ๒๕๒๑ เป็นปีที่ ๓๓ ใน",กฎหมายทั่วไป,พระราชบัญญัติ
kris_นท018-1C-0001,พระราชกำหนดนิรโทษกรรมแก่ผู้ก่อความไม่สงบเพื่อยึดอำนาจการปกครองแผ่นดิน ระหว่างวันที่ 31 มีนาคม ถึงวันที่ 3 เมษายน พ.ศ. 2524 พ.ศ. 2524,"[5/5/2524] พระราชกำหนดนิรโทษกรรมแก่ผู้ก่อความไม่สงบเพื่อยึดอำนาจการปกครองแผ่นดิน ระหว่างวันที่ 31 มีนาคม ถึงวันที่ 3 เมษายน พ.ศ. 2524 พ.ศ. 2524
พระราชบัญญัติแก้ไขเพิ่มเติมพระราชกำหนดนิรโทษกรรมแก่ผู้ก่อความไม่สงบเพื่อยึดอำนาจการปกครองแผ่นดิน ระหว่างวันที่ ๓๑ มีนาคม ถึงวันที่ ๓ เมษายน พ.ศ. ๒๕๒๔ พ.ศ. ๒๕๒๔ พ.ศ. ๒๕๒๔ ภูมิพลอดุลยเดช ป.ร. ให้ไว้ ณ วันที่ ๕ พฤ",กฎหมายทั่วไป,พระราชกำหนด
kris_นท019-1B-0001,พระราชบัญญัตินิรโทษกรรมแก่ผู้ก่อความไม่สงบเพื่อยึดอำนาจการปกครองแผ่นดิน ระหว่างวันที่ 8 และวันที่ 9 กันยายน พ.ศ. 2528 พ.ศ. 2531,"[27/9/2531] พระราชบัญญัตินิรโทษกรรมแก่ผู้ก่อความไม่สงบเพื่อยึดอำนาจการปกครองแผ่นดิน ระหว่างวันที่ 8 และวันที่ 9 กันยายน พ.ศ. 2528 พ.ศ. 2531
พระราชบัญญัติ นิรโทษกรรมแก่ผู้ก่อความไม่สงบเพื่อยึดอำนาจการปกครองแผ่นดิน ระหว่างวันที่ ๘ และวันที่ ๙ กันยายน พ.ศ. ๒๕๒๘ พ.ศ. ๒๕๓๑ ภูมิพลอดุลยเดช ป.ร. ให้ไว้ ณ วันที่ ๒๕ กันยายน พ.ศ. ๒๕๓๑ เป็นปีที่ ๔๓ ในรัชกาลปัจ",กฎหมายทั่วไป,พระราชบัญญัติ
kris_นท020-1B-0001,พระราชบัญญัตินิรโทษกรรมแก่ผู้กระทำการอันเป็นความผิดต่อความมั่นคงของรัฐภายในราชอาณาจักร ตามประมวลกฎหมายอาญาและความผิดตามกฎหมายว่าด้วยการป้องกันการกระทำอันเป็นคอมมิวนิสต์ พ.ศ. 2532,"[30/8/2532] พระราชบัญญัตินิรโทษกรรมแก่ผู้กระทำการอันเป็นความผิดต่อความมั่นคงของรัฐภายในราชอาณาจักร ตามประมวลกฎหมายอาญาและความผิดตามกฎหมายว่าด้วยการป้องกันการกระทำอันเป็นคอมมิวนิสต์ พ.ศ. 2532
พระราชบัญญัติ นิรโทษกรรมแก่ผู้กระทำการอันเป็นความผิดต่อความมั่นคงของรัฐ ภายในราชอาณาจักร ตามประมวลกฎหมายอาญาและความผิด ตามกฎหมายว่าด้วยการป้องกันการกระทำอันเป็นคอมมิวนิสต์ พ.ศ. ๒๕๓๒ ภูมิพลอดุลยเดช ป.ร. ให้ไว้ ณ",กฎหมายทั่วไป,พระราชบัญญัติ
kris_นท021-1B-0001,พระราชบัญญัตินิรโทษกรรมแก่ผู้กระทำการยึดและควบคุมอำนาจการปกครองแผ่นดิน เมื่อวันที่ 23 กุมภาพันธ์ พ.ศ. 2534 พ.ศ. 2534,"[3/5/2534] พระราชบัญญัตินิรโทษกรรมแก่ผู้กระทำการยึดและควบคุมอำนาจการปกครองแผ่นดิน เมื่อวันที่ 23 กุมภาพันธ์ พ.ศ. 2534 พ.ศ. 2534
พระราชบัญญัติ นิรโทษกรรมแก่ผู้กระทำการยึดและควบคุมอำนาจการปกครองแผ่นดิน เมื่อวันที่ ๒๓ กุมภาพันธ์ พ.ศ. ๒๕๓๔ พ.ศ. ๒๕๓๔ ภูมิพลอดุลยเดช ป.ร. ให้ไว้ ณ วันที่ ๒ พฤษภาคม พ.ศ. ๒๕๓๔ เป็นปีที่ ๔๖ ในรัชกาลปัจจุบัน พระบาท",กฎหมายทั่วไป,พระราชบัญญัติ
kris_นท022-1C-0001,พระราชกำหนดนิรโทษกรรมแก่ผู้กระทำความผิดเนื่องในการชุมนุมกันระหว่างวันที่ 17 พฤษภาคม พ.ศ. 2535 ถึงวันที่ 21 พฤษภาคม พ.ศ. 2535 พ.ศ. 2535,"[23/5/2535] พระราชกำหนดนิรโทษกรรมแก่ผู้กระทำความผิดเนื่องในการชุมนุมกันระหว่างวันที่ 17 พฤษภาคม พ.ศ. 2535 ถึงวันที่ 21 พฤษภาคม พ.ศ. 2535 พ.ศ. 2535
พระราชกำหนด นิรโทษกรรมแก่ผู้กระทำความผิดเนื่องในการชุมนุมกัน ระหว่างวันที่ ๑๗ พฤษภาคม พ.ศ. ๒๕๓๕ ถึงวันที่ ๒๑ พฤษภาคม พ.ศ. ๒๕๓๕ พ.ศ. ๒๕๓๕ ภูมิพลอดุลยเดช ป.ร. ให้ไว้ ณ วันที่ ๒๓ พฤษภาคม พ.ศ. ๒๕๓๕ เป็นปีที่ ๔๗ ในร",กฎหมายทั่วไป,พระราชกำหนด
kris_น0002-1C-0001,พระราชกำหนดนิติบุคคลเฉพาะกิจเพื่อการแปลงสินทรัพย์เป็นหลักทรัพย์ พ.ศ. 2540,"[28/6/2540] พระราชกำหนดนิติบุคคลเฉพาะกิจเพื่อการแปลงสินทรัพย์เป็นหลักทรัพย์ พ.ศ. 2540
พระราชบัญญัติว่าด้วยการปรับเป็นพินัย พ.ศ. ๒๕๖๕ ภูมิพลอดุลยเดช ป.ร. ให้ไว้ ณ วันที่ ๒๗ มิถุนายน พ.ศ. ๒๕๔๐ เป็นปีที่ ๕๒ ในรัชกาลปัจจุบัน พระบาทสมเด็จพระปรมินทรมหาภูมิพลอดุลยเดช มีพระบรมราชโองการโปรดเกล้าฯ ให้ประก",กฎหมายทั่วไป,พระราชกำหนด
kris_น0008-1B-0001,พระราชบัญญัตินโยบายการท่องเที่ยวแห่งชาติ พ.ศ. 2551,"[5/2/2551] พระราชบัญญัตินโยบายการท่องเที่ยวแห่งชาติ พ.ศ. 2551
พระราชบัญญัติ นโยบายการท่องเที่ยวแห่งชาติ พ.ศ. ๒๕๕๑ พระราชบัญญัตินโยบายการท่องเที่ยวแห่งชาติ (ฉบับที่ ๒) พ.ศ. ๒๕๖๒ ภูมิพลอดุลยเดช ป.ร. ให้ไว้ ณ วันที่ ๓๑ มกราคม พ.ศ. ๒๕๕๑ เป็นปีที่ ๖๓ ในรัชกาลปัจจุบัน พระบาทสมเ",กฎหมายทั่วไป,พระราชบัญญัติ
kris_น0009-1B-0001,พระราชบัญญัตินโยบายการกีฬาแห่งชาติ พ.ศ. 2561,"[27/3/2561] พระราชบัญญัตินโยบายการกีฬาแห่งชาติ พ.ศ. 2561
พระราชบัญญัติ นโยบายการกีฬาแห่งชาติ พ.ศ. ๒๕๖๑ สมเด็จพระเจ้าอยู่หัวมหาวชิราลงกรณ บดินทรเทพยวรางกูร ให้ไว้ ณ วันที่ ๒๔ มีนาคม พ.ศ. ๒๕๖๑ เป็นปีที่ ๓ ในรัชกาลปัจจุบัน สมเด็จพระเจ้าอยู่หัวมหาวชิราลงกรณ บดินทรเทพยวรา",กฎหมายทั่วไป,พระราชบัญญัติ
kris_ยล138-1B-0002,พระราชบัญญัติเบี้ยบำนาญ รัตนโกสินทร ศก 120 (ยกเลิก),"[15/12/2444] พระราชบัญญัติเบี้ยบำนาญ รัตนโกสินทร ศก 120 (ยกเลิก)
พระราชบัญญัติ เบี้ยบำนาญ รัตนโกสินทร ศก ๑๒๐ และที่แก้ไขเพิ่มเติม (ยกเลิก) โปรดดูรายละเอียดของกฎหมายที่เว็บไซต์ราชกิจจานุเบกษา https://ratchakitcha.soc.go.th/",กฎหมายทั่วไป,พระราชบัญญัติ
kris_ยล132-1B-0001,พระราชบัญญัติบำเหน็จบำนาญข้าราชการพลเรือน พุทธศักราช 2471 (ยกเลิก),"[23/2/2471] พระราชบัญญัติบำเหน็จบำนาญข้าราชการพลเรือน พุทธศักราช 2471 (ยกเลิก)
พระราชบัญญัติ บำเหน็จบำนาญข้าราชการพลเรือน พุทธศักราช ๒๔๗๑ และที่แก้ไขเพิ่มเติม (ยกเลิก) โปรดดูรายละเอียดของกฎหมายที่เว็บไซต์ราชกิจจานุเบกษา https://ratchakitcha.soc.go.th/",กฎหมายทั่วไป,พระราชบัญญัติ
kris_ยล134-1B-0001,พระราชบัญญัติบำเหน็จบำนาญทหาร พุทธศักราช 2471 (ยกเลิก),"[25/3/2471] พระราชบัญญัติบำเหน็จบำนาญทหาร พุทธศักราช 2471 (ยกเลิก)
พระราชบัญญัติ บำเหน็จบำนาญทหาร พุทธศักราช ๒๔๗๑ และที่แก้ไขเพิ่มเติม (ยกเลิก) โปรดดูรายละเอียดของกฎหมายที่เว็บไซต์ราชกิจจานุเบกษา https://ratchakitcha.soc.go.th/",กฎหมายทั่วไป,พระราชบัญญัติ
kris_ยล133-1B-0001,พระราชบัญญัติบำเหน็จบำนาญข้าราชการฝ่ายพลเรือน พุทธศักราช 2478 (ยกเลิก),"[17/11/2478] พระราชบัญญัติบำเหน็จบำนาญข้าราชการฝ่ายพลเรือน พุทธศักราช 2478 (ยกเลิก)
พระราชบัญญัติ บำเหน็จบำนาญข้าราชการฝ่ายพลเรือน พุทธศักราช ๒๔๗๘ และที่แก้ไขเพิ่มเติม (ยกเลิก) โปรดดูรายละเอียดของกฎหมายที่เว็บไซต์ราชกิจจานุเบกษา https://ratchakitcha.soc.go.th/",กฎหมายทั่วไป,พระราชบัญญัติ
kris_ยล136-1B-0001,พระราชบัญญัติบำเหน็จบำนาญทหาร พุทธศักราช 2478 (ยกเลิก),"[17/11/2478] พระราชบัญญัติบำเหน็จบำนาญทหาร พุทธศักราช 2478 (ยกเลิก)
พระราชบัญญัติ บำเหน็จบำนาญทหาร พุทธศักราช ๒๔๗๘ และที่แก้ไขเพิ่มเติม (ยกเลิก) โปรดดูรายละเอียดของกฎหมายที่เว็บไซต์ราชกิจจานุเบกษา https://ratchakitcha.soc.go.th/",กฎหมายทั่วไป,พระราชบัญญัติ
kris_ยล077-1B-0001,พระราชบัญญัติบำเหน็จบำนาญข้าราชการฝ่ายพลเรือน พุทธศักราช 2482 (ยกเลิก),"[30/10/2482] พระราชบัญญัติบำเหน็จบำนาญข้าราชการฝ่ายพลเรือน พุทธศักราช 2482 (ยกเลิก)
พระราชบัญญัติ บำเหน็จบำนาญข้าราชการฝ่ายพลเรือน พุทธศักราช ๒๔๘๒ (ยกเลิก) โปรดดูรายละเอียดของกฎหมายที่เว็บไซต์ราชกิจจานุเบกษา https://ratchakitcha.soc.go.th/",กฎหมายทั่วไป,พระราชบัญญัติ
kris_ยล137-1B-0002,พระราชบัญญัติบำเหน็จบำนาญทหาร พุทธศักราช 2482 (ยกเลิก),"[30/10/2482] พระราชบัญญัติบำเหน็จบำนาญทหาร พุทธศักราช 2482 (ยกเลิก)
พระราชบัญญัติ บำเหน็จบำนาญทหาร พุทธศักราช ๒๔๘๒ และที่แก้ไขเพิ่มเติม (ยกเลิก) โปรดดูรายละเอียดของกฎหมายที่เว็บไซต์ราชกิจจานุเบกษา https://ratchakitcha.soc.go.th/",กฎหมายทั่วไป,พระราชบัญญัติ
kris_บ0006-1B-0001,พระราชบัญญัติบำรุงพืช พุทธศักราช 2483 (ยกเลิก),"[3/12/2484] พระราชบัญญัติบำรุงพืช พุทธศักราช 2483 (ยกเลิก)
พระราชบัญญัติ บำรุงพืช พุทธศักราช ๒๔๘๓ (ยกเลิก) ในพระปรมาภิไธยสมเด็จพระเจ้าอยู่หัวอานันทมหิดล คณะผู้สำเร็จราชการแทนพระองค์ (ตามประกาศประธานสภาผู้แทนราษฎร ลงวันที่ ๔ สิงหาคม พุทธศักราช ๒๔๘๐) อาทิตย์ทิพอาภา พล.อ.",กฎหมายทั่วไป,พระราชบัญญัติ
kris_บ0003-1B-0001,พระราชบัญญัติบัตรประจำตัวข้าราชการ พนักงานเทศบาล พนักงานสุขาภิบาล และพนักงานองค์การของรัฐ พ.ศ. 2498 (ยกเลิก),"[8/2/2498] พระราชบัญญัติบัตรประจำตัวข้าราชการ พนักงานเทศบาล พนักงานสุขาภิบาล และพนักงานองค์การของรัฐ พ.ศ. 2498 (ยกเลิก)
พระราชบัญญัติ บัตรประจำตัวข้าราชการ พนักงานเทศบาล พนักงานสุขาภิบาล และพนักงานองค์การของรัฐ พ.ศ. ๒๔๙๘ (ยกเลิก) พระราชบัญญัติบัตรประจำตัวข้าราชการ พนักงานเทศบาล พนักงานสุขาภิบาล และพนักงานองค์การของรัฐ (ฉบับที่ ๒",กฎหมายทั่วไป,พระราชบัญญัติ
kris_บ0002-1B-0001,พระราชบัญญัติบังคับการให้เป็นไปตามอนุสัญญาเจนีวาเกี่ยวกับการปฏิบัติต่อเชลยศึก ลงวันที่ 12 สิงหาคม พ.ศ. 2492 พ.ศ. 2498,"[18/10/2498] พระราชบัญญัติบังคับการให้เป็นไปตามอนุสัญญาเจนีวาเกี่ยวกับการปฏิบัติต่อเชลยศึก ลงวันที่ 12 สิงหาคม พ.ศ. 2492 พ.ศ. 2498
พระราชบัญญัติ บังคับการให้เป็นไปตามอนุสัญญาเจนีวาเกี่ยวกับการ ปฏิบัติต่อเชลยศึก ลงวันที่ ๑๒ สิงหาคม พ.ศ. ๒๔๙๒ พ.ศ. ๒๔๙๘ ภูมิพลอดุลยเดช ป.ร. ให้ไว้ ณ วันที่ ๖ ตุลาคม พ.ศ. ๒๔๙๘ เป็นปีที่ ๑๐ ในรัชกาลปัจจุบัน พระบา",กฎหมายทั่วไป,พระราชบัญญัติ
kris_บ0001-1B-0001,พระราชบัญญัติบรรษัทเงินทุนอุตสาหกรรมแห่งประเทศไทย พ.ศ. 2502 (ยกเลิก),"[28/10/2502] พระราชบัญญัติบรรษัทเงินทุนอุตสาหกรรมแห่งประเทศไทย พ.ศ. 2502 (ยกเลิก)
พระราชกำหนดแก้ไขเพิ่มเติมพระราชบัญญัติบรรษัทเงินทุนอุตสาหกรรมแห่งประเทศไทย พ.ศ. ๒๕๐๒ พ.ศ. ๒๕๔๗ พระราชบัญญัติบรรษัทเงินทุนอุตสาหกรรมแห่งประเทศไทย (ฉบับที่ ๒) พ.ศ. ๒๕๐๕ พระราชบัญญัติบรรษัทเงินทุนอุตสาหกรรมแห่งประ",กฎหมายทั่วไป,พระราชบัญญัติ
kris_บ0010-1B-0001,พระราชบัญญัติโบราณสถาน โบราณวัตถุ ศิลปวัตถุ และพิพิธภัณฑสถานแห่งชาติ พ.ศ. 2504,"[29/8/2504] พระราชบัญญัติโบราณสถาน โบราณวัตถุ ศิลปวัตถุ และพิพิธภัณฑสถานแห่งชาติ พ.ศ. 2504
พระราชกฤษฎีกาแก้ไขบทบัญญัติให้สอดคล้องกับการโอนอำนาจหน้าที่ของส่วนราชการให้เป็นไปตามพระราชบัญญัติปรับปรุงกระทรวง ทบวง กรม พ.ศ. ๒๕๔๕ พ.ศ. ๒๕๔๕ พระราชบัญญัติโบราณสถาน โบราณวัตถุ ศิลปวัตถุ และพิพิธภัณฑสถานแห่งชาติ",กฎหมายทั่วไป,พระราชบัญญัติ
kris_บ0005-1B-0001,พระราชบัญญัติบำรุงพันธุ์สัตว์ พ.ศ. 2509,"[1/8/2509] พระราชบัญญัติบำรุงพันธุ์สัตว์ พ.ศ. 2509
พระราชบัญญัติว่าด้วยการปรับเป็นพินัย พ.ศ. ๒๕๖๕ ในพระปรมาภิไธย พระบาทสมเด็จพระเจ้าอยู่หัวภูมิพลอดุลยเดช สังวาลย์ ผู้สำเร็จราชการแทนพระองค์ ให้ไว้ ณ วันที่ ๑๙ กรกฎาคม พ.ศ. ๒๕๐๙ เป็นปีที่ ๒๑ ในรัชกาลปัจจุบัน โดยที",กฎหมายทั่วไป,พระราชบัญญัติ
kris_บ0008-1B-0001,พระราชบัญญัติบำเหน็จบำนาญข้าราชการกรุงเทพมหานคร พ.ศ. 2516,"[13/7/2516] พระราชบัญญัติบำเหน็จบำนาญข้าราชการกรุงเทพมหานคร พ.ศ. 2516
พระราชบัญญัติ บำเหน็จบำนาญข้าราชการกรุงเทพมหานคร พ.ศ. ๒๕๑๖ พระราชบัญญัติบำเหน็จบำนาญข้าราชการกรุงเทพมหานคร (ฉบับที่ ๒) พ.ศ. ๒๕๕๙ ภูมิพลอดุลยเดช ป.ร. ให้ไว้ ณ วันที่ ๙ กรกฎาคม พ.ศ. ๒๕๑๖ เป็นปีที่ ๒๘ ในรัชกาลปัจจ",กฎหมายทั่วไป,พระราชบัญญัติ
kris_บ0004-1B-0002,พระราชบัญญัติบัตรประจำตัวประชาชน พ.ศ. 2526,"[20/4/2526] พระราชบัญญัติบัตรประจำตัวประชาชน พ.ศ. 2526
พระราชบัญญัติว่าด้วยการปรับเป็นพินัย พ.ศ. ๒๕๖๕ ภูมิพลอดุลยเดช ป.ร. ให้ไว้ ณ วันที่ ๒๙ มีนาคม พ.ศ. ๒๕๒๖ เป็นปีที่ ๓๘ ในรัชกาลปัจจุบัน พระบาทสมเด็จพระปรมินทรมหาภูมิพลอดุลยเดช มีพระบรมราชโองการโปรดเกล้าฯ ให้ประกาศ",กฎหมายทั่วไป,พระราชบัญญัติ
kris_บ0012-1B-0001,พระราชบัญญัติบรรษัทประกันสินเชื่ออุตสาหกรรมขนาดย่อม พ.ศ. 2534,"[29/12/2534] พระราชบัญญัติบรรษัทประกันสินเชื่ออุตสาหกรรมขนาดย่อม พ.ศ. 2534
พระราชบัญญัติ บรรษัทประกันสินเชื่ออุตสาหกรรมขนาดย่อม พ.ศ. ๒๕๓๔ พระราชบัญญัติบรรษัทประกันสินเชื่ออุตสาหกรรมขนาดย่อม (ฉบับที่ ๒) พ.ศ. ๒๕๖๐ ภูมิพลอดุลยเดช ป.ร. ให้ไว้ ณ วันที่ ๒๙ ธันวาคม พ.ศ. ๒๕๓๔ เป็นปีที่ ๔๖ ในร",กฎหมายทั่วไป,พระราชบัญญัติ
kris_บ0013-1B-0001,พระราชบัญญัติบรรษัทเงินทุนอุตสาหกรรมขนาดย่อม พ.ศ. 2534 (ยกเลิก),"[29/12/2534] พระราชบัญญัติบรรษัทเงินทุนอุตสาหกรรมขนาดย่อม พ.ศ. 2534 (ยกเลิก)
พระราชบัญญัติ บรรษัทเงินทุนอุตสาหกรรมขนาดย่อม พ.ศ. ๒๕๓๔ (ยกเลิก) ภูมิพลอดุลยเดช ป.ร. ให้ไว้ ณ วันที่ ๒๙ ธันวาคม พ.ศ. ๒๕๓๔ เป็นปีที่ ๔๖ ในรัชกาลปัจจุบัน พระบาทสมเด็จพระปรมินทรมหาภูมิพลอดุลยเดช มีพระบรมราชโองการโ",กฎหมายทั่วไป,พระราชบัญญัติ
kris_บ0011-1B-0001,พระราชบัญญัติบริษัทมหาชนจำกัด พ.ศ. 2535,"[8/4/2535] พระราชบัญญัติบริษัทมหาชนจำกัด พ.ศ. 2535
พระราชบัญญัติว่าด้วยการปรับเป็นพินัย พ.ศ. ๒๕๖๕ พระราชบัญญัติบริษัทมหาชนจำกัด (ฉบับที่ ๒) พ.ศ. ๒๕๔๔ พระราชบัญญัติบริษัทมหาชนจำกัด (ฉบับที่ ๓) พ.ศ. ๒๕๕๑ พระราชบัญญัติบริษัทมหาชนจำกัด (ฉบับที่ ๔) พ.ศ. ๒๕๖๕   ภูมิพ",กฎหมายทั่วไป,พระราชบัญญัติ
kris_บ0014-1C-0002,พระราชกำหนดบรรษัทตลาดรองสินเชื่อที่อยู่อาศัย พ.ศ. 2540 (ยกเลิก),"[28/6/2540] พระราชกำหนดบรรษัทตลาดรองสินเชื่อที่อยู่อาศัย พ.ศ. 2540 (ยกเลิก)
พระราชบัญญัติแก้ไขเพิ่มเติมพระราชกำหนดบรรษัทตลาดรองสินเชื่อที่อยู่อาศัยพ.ศ. ๒๕๔๐ พ.ศ. ๒๕๖๐ ภูมิพลอดุลยเดช ป.ร. ให้ไว้ ณ วันที่ ๒๗ มิถุนายน พ.ศ. ๒๕๔๐ เป็นปีที่ ๕๒ ในรัชกาลปัจจุบัน พระบาทสมเด็จพระปรมินทรมหาภูมิพล",กฎหมายทั่วไป,พระราชกำหนด
kris_บ0015-1C-0002,พระราชกำหนดบรรษัทบริหารสินทรัพย์สถาบันการเงิน พ.ศ. 2540 (ยกเลิก),"[24/10/2540] พระราชกำหนดบรรษัทบริหารสินทรัพย์สถาบันการเงิน พ.ศ. 2540 (ยกเลิก)
ประกาศสำนักนายกรัฐมนตรี เรื่อง การอนุมัติพระราชกำหนดบรรษัทบริหารสินทรัพย์สถาบันการเงิน (ฉบับที่ ๒) พ.ศ. ๒๕๔๑ ภูมิพลอดุลยเดช ป.ร. ให้ไว้ ณ วันที่ ๒๒ ตุลาคม พ.ศ. ๒๕๔๐ เป็นปีที่ ๕๒ ในรัชกาลปัจจุบัน พระบาทสมเด็จพระ",กฎหมายทั่วไป,พระราชกำหนด
kris_บ0016-1C-0001,พระราชกำหนดบริษัทบริหารสินทรัพย์ พ.ศ. 2541,"[23/8/2541] พระราชกำหนดบริษัทบริหารสินทรัพย์ พ.ศ. 2541
พระราชบัญญัติแก้ไขเพิ่มเติมพระราชกำหนดบริษัทบริหารสินทรัพย์ พ.ศ. ๒๕๔๑ (ฉบับที่ ๒) พ.ศ. ๒๕๖๒ ภูมิพลอดุลยเดช ป.ร. ให้ไว้ ณ วันที่ ๒๒ สิงหาคม พ.ศ. ๒๕๔๑ เป็นปีที่ ๕๓ ในรัชกาลปัจจุบัน พระบาทสมเด็จพระปรมินทรมหาภูมิพล",กฎหมายทั่วไป,พระราชกำหนด
kris_บ0017-1B-0001,พระราชบัญญัติบัตรประจำตัวเจ้าหน้าที่ของรัฐ พ.ศ. 2542,"[4/5/2542] พระราชบัญญัติบัตรประจำตัวเจ้าหน้าที่ของรัฐ พ.ศ. 2542
พระราชบัญญัติ บัตรประจำตัวเจ้าหน้าที่ของรัฐ พ.ศ. ๒๕๔๒ ภูมิพลอดุลยเดช ป.ร. ให้ไว้ ณ วันที่ ๒๓ เมษายน พ.ศ. ๒๕๔๒ เป็นปีที่ ๕๔ ในรัชกาลปัจจุบัน พระบาทสมเด็จพระปรมินทรมหาภูมิพลอดุลยเดช มีพระบรมราชโองการโปรดเกล้าฯ ให",กฎหมายทั่วไป,พระราชบัญญัติ
kris_บ0018-1C-0001,พระราชกำหนดบรรษัทบริหารสินทรัพย์ไทย พ.ศ. 2544 (ยกเลิก),"[8/6/2544] พระราชกำหนดบรรษัทบริหารสินทรัพย์ไทย พ.ศ. 2544 (ยกเลิก)
พระราชบัญญัติแก้ไขเพิ่มเติมพระราชกำหนดบรรษัทบริหารสินทรัพย์ไทย พ.ศ. ๒๕๔๔ พ.ศ. ๒๕๔๔ ภูมิพลอดุลยเดช ป.ร. ให้ไว้ ณ วันที่ ๗ มิถุนายน พ.ศ. ๒๕๔๔ เป็นปีที่ ๕๖ ในรัชกาลปัจจุบัน พระบาทสมเด็จพระปรมินทรมหาภูมิพลอดุลยเดช",กฎหมายทั่วไป,พระราชกำหนด
kris_ป0001-1B-0001,ประกาศห้ามมิให้ตกข้าวแก่ชาวนา (ยกเลิก),"[22/5/2420] ประกาศห้ามมิให้ตกข้าวแก่ชาวนา (ยกเลิก)
ประกาศห้ามมิให้ตกข้าวแก่ชาวนา ด้วยพระยาราชวรานุกูลที่กระเษตราธิบดี รับพระบรมราชโองการใส่เกล้าฯ ทรงพระกรุณาโปรดเกล้าฯ สั่งว่ากรุงเทพฯ ทุกวันนี้ ข้าวเป็นสินค้าใหญ่ลูกค้า ณ กรุงเทพ และลูกค้ามาจากเมืองต่างประเทศ ที",กฎหมายทั่วไป,ประกาศ
kris_ยล236-1B-0002,พระราชบัญญัติป้องกันสัญจรโรค รัตนโกสินทร์ ศก 127 (ยกเลิก),"[23/3/2450] พระราชบัญญัติป้องกันสัญจรโรค รัตนโกสินทร์ ศก 127 (ยกเลิก)
พระราชบัญญัติ ป้องกันสัญจรโรค รัตนโกสินทร์ศก ๑๒๗ (ยกเลิก) โปรดดูรายละเอียดของกฎหมาย ที่เว็บไซต์ราชกิจจานุเบกษา https://ratchakitcha.soc.go.th/",กฎหมายทั่วไป,พระราชบัญญัติ
kris_ป0007-1D-0008,ประมวลกฎหมายอาญาทหาร,"[18/2/2454] ประมวลกฎหมายอาญาทหาร
พระราชบัญญัติอนุมัติพระราชกำหนดแก้ไขเพิ่มเติมประมวลกฎหมายอาญาทหาร พุทธศักราช ๒๔๘๖ พุทธศักราช ๒๔๘๖ พระราชบัญญัติแก้ไขเพิ่มเติมประมวลกฎหมายอาญาทหาร (ฉบับที่ ๗) พุทธศักราช ๒๔๘๗ พระราชบัญญัติแก้ไขเพิ่มเติมประมวลกฎห",กฎหมายทั่วไป,ประมวลกฎหมาย
kris_ยล202-1B-0001,พระราชบัญญัติแปลงชาติ รัตนโกสินทร ศก 130 (ยกเลิก),"[11/6/2454] พระราชบัญญัติแปลงชาติ รัตนโกสินทร ศก 130 (ยกเลิก)
พระราชบัญญัติ แปลงชาติ รัตนโกสินทร ศก ๑๓๐ (ยกเลิก) โปรดดูรายละเอียดของกฎหมายที่เว็บไซต์ราชกิจจานุเบกษา https://ratchakitcha.soc.go.th/",กฎหมายทั่วไป,พระราชบัญญัติ
kris_ป0019-1B-0001,พระราชบัญญัติป้องกันภยันตรายอันเกิดแต่การเล่นมหรสพ พระพุทธศักราช 2464 (ยกเลิก),"[16/5/2464] พระราชบัญญัติป้องกันภยันตรายอันเกิดแต่การเล่นมหรสพ พระพุทธศักราช 2464 (ยกเลิก)
พระราชบัญญัติ ป้องกันภยันตรายอันเกิดแต่การเล่นมหรสพ พระพุทธศักราช ๒๔๖๔ (ยกเลิก) มีพระบรมราชโองการ ในพระบาทสมเด็จพระรามาธิบดีศรีสินทรมหาวชิราวุธ พระมงกุฎเกล้าเจ้าอยู่หัว ดำรัสเหนือเกล้าฯ สั่งว่า เวลานี้จำนวนโรงม",กฎหมายทั่วไป,พระราชบัญญัติ
kris_ป0003-1D-0002,ประมวลกฎหมายแพ่งและพาณิชย์,"[11/11/2468] ประมวลกฎหมายแพ่งและพาณิชย์
พระราชบัญญัติแก้ไขเพิ่มเติมประมวลกฎหมายแพ่งและพาณิชย์ (ฉบับที่ ๒๕) พ.ศ. ๒๕๖๘ มีพระบรมราชโองการ ในพระบาทสมเด็จพระรามาธิบดีศรีสินทรมหาวชิราวุธ พระมงกุฎเกล้าเจ้าอยู่หัว ให้ประกาศจงทราบทั่วกันว่า จำเดิมแต่ได้ออกประ",กฎหมายทั่วไป,ประมวลกฎหมาย
kris_ป0014-1B-0001,พระราชบัญญัติปรามการทำให้แพร่หลายและการค้าวัตถุอันลามก พุทธศักราช 2471 (ยกเลิก),"[29/7/2471] พระราชบัญญัติปรามการทำให้แพร่หลายและการค้าวัตถุอันลามก พุทธศักราช 2471 (ยกเลิก)
พระราชบัญญัติ ปรามการทำให้แพร่หลายและการค้าวัตถุอันลามก พุทธศักราช ๒๔๗๑ (ยกเลิก) มีพระบรมราชโองการ ในพระบาทสมเด็จพระปรมินทรมหาประชาธิปก พระปกเกล้าเจ้าอยู่หัว ดำรัสเหนือเกล้าฯ ให้ประกาศจงทราบทั่วกันว่า โดยที่ทรง",กฎหมายทั่วไป,พระราชบัญญัติ
kris_ยล166-1B-0001,พระราชบัญญัติปรับปรุงกระทรวง ทบวง กรม พุทธศักราช 2476 (ยกเลิก),"[9/12/2476] พระราชบัญญัติปรับปรุงกระทรวง ทบวง กรม พุทธศักราช 2476 (ยกเลิก)
พระราชบัญญัติ ปรับปรุงกระทรวง ทบวง กรม พุทธศักราช ๒๔๗๖ และที่แก้ไขเพิ่มเติม (ยกเลิก) โปรดดูรายละเอียดของกฎหมายที่เว็บไซต์ราชกิจจานุเบกษา https://ratchakitcha.soc.go.th/",กฎหมายทั่วไป,พระราชบัญญัติ
kris_ป0031-1B-0001,พระราชบัญญัติไปรษณีย์ พุทธศักราช 2477,"[10/2/2477] พระราชบัญญัติไปรษณีย์ พุทธศักราช 2477
พระราชบัญญัติไปรษณีย์ (ฉบับที่ ๒) พุทธศักราช ๒๔๘๓   นริศรานุวัดติวงศ์ ผู้สำเร็จราชการแทนพระองค์ (ตามพระราชกฤษฎีกาลงวันที่ ๑๑ มกราคม พ.ศ.๒๔๗๖) พระบาทสมเด็จพระปรมินทรมหาประชาธิปก พระปกเกล้าเจ้าอยู่หัว มีพระบรมราช",กฎหมายทั่วไป,พระราชบัญญัติ
kris_ป0004-1D-0001,ประมวลกฎหมายวิธีพิจารณาความแพ่ง,"[20/6/2478] ประมวลกฎหมายวิธีพิจารณาความแพ่ง
พระราชบัญญัติแก้ไขเพิ่มเติมประมวลกฎหมายวิธีพิจารณาความแพ่ง (ฉบับที่ ๓๓) พ.ศ. ๒๕๖๘ ในพระปรมาภิไธยสมเด็จพระเจ้าอยู่หัวอานันทมหิดล คณะผู้สำเร็จราชการแทนพระองค์ (ตามประกาศประธานสภาผู้แทนราษฎร ลงวันที่ ๗ มีนาคม พุทธ",กฎหมายทั่วไป,ประมวลกฎหมาย
kris_ป0068-1B-0003,พระราชบัญญัติประถมศึกษา พุทธศักราช 2478 (ยกเลิก),"[24/11/2478] พระราชบัญญัติประถมศึกษา พุทธศักราช 2478 (ยกเลิก)
พระราชบัญญัติ ประถมศึกษา พุทธศักราช ๒๔๗๘ (ยกเลิก) พระราชบัญญัติประถมศึกษา (ฉบับที่ ๒) พุทธศักราช ๒๔๘๓ พระราชบัญญัติประถมศึกษา (ฉบับที่ ๓) พ.ศ. ๒๕๐๕ พระราชบัญญัติประถมศึกษา (ฉบับที่ ๔) พ.ศ. ๒๕๐๙ พระราชบัญญัติประ",กฎหมายทั่วไป,พระราชบัญญัติ
kris_ป0008-1D-0001,ประมวลรัษฎากร,"[1/4/2482] ประมวลรัษฎากร
พระราชบัญญัติแก้ไขเพิ่มเติมประมวลรัษฎากร (ฉบับที่ ๕๔) พ.ศ. ๒๕๖๔พ.ศ. ๒๕๑๗ ในพระปรมาภิไธยสมเด็จพระเจ้าอยู่หัวอานันทมหิดล คณะผู้สำเร็จราชการแทนพระองค์ (ตามประกาศประธานสภาผู้แทนราษฎร ลงวันที่ ๔ สิงหาคม พุทธศักราช ๒",กฎหมายทั่วไป,อื่นๆ
kris_ป0029-1B-0001,พระราชบัญญัติปีประดิทิน พุทธศักราช 2483,"[17/9/2483] พระราชบัญญัติปีประดิทิน พุทธศักราช 2483
พระราชบัญญัติ ปีประดิทิน พุทธศักราช ๒๔๘๓ ในพระปรมาภิไธยสมเด็จพระเจ้าอยู่หัวอานันทมหิดล คณะผู้สำเร็จราชการแทนพระองค์ (ตามประกาศประธานสภาผู้แทนราษฎร ลงวันที่ ๔ สิงหาคม พุทธศักราช ๒๔๘๐) อาทิตย์ทิพอาภา พล.อ. พิชเยน",กฎหมายทั่วไป,พระราชบัญญัติ
kris_ป0025-1B-0003,พระราชบัญญัติปันส่วนน้ำมันเชื้อเพลิง พุทธศักราช 2483 (ยกเลิก),"[4/10/2483] พระราชบัญญัติปันส่วนน้ำมันเชื้อเพลิง พุทธศักราช 2483 (ยกเลิก)
*พระราชกฤษฎีกาแก้ไขบทบัญญัติให้สอดคล้องกับการโอนอำนาจหน้าที่ของส่วนราชการให้เป็นไปตามพระราชบัญญัติปรับปรุงกระทรวง ทบวง กรม พ.ศ. ๒๕๔๕ พ.ศ. ๒๕๔๕ ในพระปรมาภิไธยสมเด็จพระเจ้าอยู่หัวอานันทมหิดล คณะผู้สำเร็จราชการแทน",กฎหมายทั่วไป,พระราชบัญญัติ
kris_ยล167-1B-0001,พระราชบัญญัติปรับปรุงกระทรวง ทบวง กรม พุทธศักราช 2484 (ยกเลิก),"[19/8/2484] พระราชบัญญัติปรับปรุงกระทรวง ทบวง กรม พุทธศักราช 2484 (ยกเลิก)
พระราชบัญญัติ ปรับปรุงกระทรวง ทบวง กรม พุทธศักราช ๒๔๘๔ และที่แก้ไขเพิ่มเติม (ยกเลิก) โปรดดูรายละเอียดของกฎหมายที่เว็บไซต์ราชกิจจานุเบกษา https://ratchakitcha.soc.go.th/",กฎหมายทั่วไป,พระราชบัญญัติ
kris_ป0026-1B-0002,พระราชบัญญัติป่าไม้ พุทธศักราช 2484,"[15/10/2484] พระราชบัญญัติป่าไม้ พุทธศักราช 2484
พระราชบัญญัติว่าด้วยการปรับเป็นพินัย พ.ศ. ๒๕๖๕ พระราชบัญญัติป่าไม้ (ฉบับที่ ๒) พ.ศ. ๒๔๙๑ พระราชบัญญัติป่าไม้ (ฉบับที่ ๓) พ.ศ. ๒๔๙๔ พระราชบัญญัติป่าไม้ (ฉบับที่ ๔) พ.ศ. ๒๕๐๓ พระราชบัญญัติป่าไม้ (ฉบับที่ ๕) พ.ศ.",กฎหมายทั่วไป,พระราชบัญญัติ
kris_ยล069-1B-0001,พระราชบัญญัติป้องกันการค้ากำไรเกินควร พ.ศ. 2490 (ยกเลิก),"[23/8/2490] พระราชบัญญัติป้องกันการค้ากำไรเกินควร พ.ศ. 2490 (ยกเลิก)
พระราชบัญญัติป้องกันการค้ากำไรเกินควรพ.ศ. ๒๔๙๐ และที่แก้ไขเพิ่มเติม (ยกเลิก) โปรดดูรายละเอียดของกฎหมายที่เว็บไซต์ราชกิจจานุเบกษาhttps://ratchakitcha.soc.go.th/",กฎหมายทั่วไป,พระราชบัญญัติ
kris_ป0024-1B-0006,พระราชบัญญัติป้องกันและระงับอัคคีภัย พ.ศ. 2495 (ยกเลิก),"[2/9/2495] พระราชบัญญัติป้องกันและระงับอัคคีภัย พ.ศ. 2495 (ยกเลิก)
พระราชบัญญัติป้องกันและระงับอัคคีภัย (ฉบับที่ ๒) พ.ศ. ๒๔๙๙ ภูมิพลอดุลยเดช ป.ร. ให้ไว้ ณ วันที่ ๒๕ สิงหาคม พ.ศ. ๒๔๙๕ เป็นปีที่ ๗ ในรัชกาลปัจจุบัน พระบาทสมเด็จพระปรมินทรมหาภูมิพลอดุลยเดช มีพระบรมราชโองการโปรดเกล้",กฎหมายทั่วไป,พระราชบัญญัติ
kris_ป0016-1B-0001,พระราชบัญญัติป้องกันการกระทำอันเป็นคอมมิวนิสต์ พ.ศ. 2495 (ยกเลิก),"[13/11/2495] พระราชบัญญัติป้องกันการกระทำอันเป็นคอมมิวนิสต์ พ.ศ. 2495 (ยกเลิก)
พระราชบัญญัติป้องกันการกระทำอันเป็นคอมมิวนิสต์ (ฉบับที่ ๓) พ.ศ. ๒๕๒๒ ภูมิพลอดุลยเดช ป.ร. ให้ไว้ ณ วันที่ ๑๓ พฤศจิกายน พ.ศ. ๒๔๙๕ เป็นปีที่ ๗ ในรัชกาลปัจจุบัน โดยที่คณะปฏิรูปการปกครองแผ่นดินเห็นว่า ภาวะของบ้านเมื",กฎหมายทั่วไป,พระราชบัญญัติ
kris_ยล179-1B-0001,พระราชบัญญัติปรับปรุงกระทรวง ทบวง กรม พุทธศักราช 2496 (ยกเลิก),"[31/12/2496] พระราชบัญญัติปรับปรุงกระทรวง ทบวง กรม พุทธศักราช 2496 (ยกเลิก)
พระราชบัญญัติ ปรับปรุงกระทรวง ทบวง กรม พุทธศักราช ๒๔๙๖ และที่แก้ไขเพิ่มเติม (ยกเลิก) โปรดดูรายละเอียดของกฎหมายที่เว็บไซต์ราชกิจจานุเบกษา https://ratchakitcha.soc.go.th/",กฎหมายทั่วไป,พระราชบัญญัติ
kris_ยล068-1B-0001,พระราชบัญญัติปรับปรุงกระทรวง ทบวง กรม พ.ศ. 2496 (ยกเลิก),"[31/12/2496] พระราชบัญญัติปรับปรุงกระทรวง ทบวง กรม พ.ศ. 2496 (ยกเลิก)
พระราชบัญญัติ ปรับปรุงกระทรวง ทบวง กรม พ.ศ. ๒๔๙๖  พระราชบัญญัติปรับปรุงกระทรวง ทบวง กรม (ฉบับที่ ๒) พ.ศ. ๒๔๙๗  พระราชบัญญัติปรับปรุงกระทรวง ทบวง กรม (ฉบับที่ ๓) พ.ศ. ๒๔๙๗ พระราชบัญญัติปรับปรุงกระทรวง ทบวง กรม (",กฎหมายทั่วไป,พระราชบัญญัติ
kris_ป0002-1D-0001,ประมวลกฎหมายที่ดิน,"[30/11/2497] ประมวลกฎหมายที่ดิน
พระราชบัญญัติแก้ไขเพิ่มเติมประมวลกฎหมายที่ดิน (ฉบับที่ ๑๕) พ.ศ. ๒๕๖๒ ภูมิพลอดุลยเดช ป.ร. ให้ไว้ ณ วันที่ ๓๐ พฤศจิกายน พ.ศ. ๒๔๙๗ เป็นปีที่ ๙ ในรัชกาลปัจจุบัน โดยที่ปรากฏว่าได้มีประชาชนผู้มีจิตศรัทธาได้บริจาคที่ด",กฎหมายทั่วไป,ประมวลกฎหมาย
kris_ป0006-1D-0003,ประมวลกฎหมายอาญา,"[15/11/2499] ประมวลกฎหมายอาญา
พระราชบัญญัติแก้ไขเพิ่มเติมประมวลกฎหมายอาญา (ฉบับที่ ๓๐) พ.ศ. ๒๕๖๘ ภูมิพลอดุลยเดช ป.ร. ให้ไว้ ณ วันที่ ๑๓ พฤศจิกายน พ.ศ. ๒๔๙๙ เป็นปีที่ ๑๑ ในรัชกาลปัจจุบัน โดยที่คณะปฏิรูปการปกครองแผ่นดิน พิจารณาเห็นว่า อัตราโท",กฎหมายทั่วไป,ประมวลกฎหมาย
kris_ปว059-1I-0001,ประกาศของคณะปฏิวัติ ฉบับที่ 19 ลงวันที่ 31 ตุลาคม พ.ศ. 2501,"[31/10/2501] ประกาศของคณะปฏิวัติ ฉบับที่ 19 ลงวันที่ 31 ตุลาคม พ.ศ. 2501
ประกาศของคณะปฏิวัติ ฉบับที่ ๑๙ (ยกเลิก) โปรดดูรายละเอียดของกฎหมายที่เว็บไซต์ราชกิจจานุเบกษา https://ratchakitcha.soc.go.th/",กฎหมายทั่วไป,ประกาศ
kris_ปว051-1I-0001,ประกาศของคณะปฏิวัติ ฉบับที่ 31 ลงวันที่ 29 พฤศจิกายน พ.ศ. 2501 (ยกเลิก),"[29/11/2501] ประกาศของคณะปฏิวัติ ฉบับที่ 31 ลงวันที่ 29 พฤศจิกายน พ.ศ. 2501 (ยกเลิก)
ประกาศของคณะปฏิวัติ ฉบับที่ ๓๑ (ยกเลิก) โดยที่คณะปฏิวัติเห็นเป็นการจำเป็นที่จะส่งเสริมให้มีการลงทุนในกิจการอุตสาหกรรมในประเทศ อันจะเป็นผลให้ประเทศไทยสามารถผลิตผลิตภัณฑ์ได้เอง เพื่อความประสงค์นี้เป็นการสมควรที่จ",กฎหมายทั่วไป,ประกาศ
kris_ปว017-1I-0001,ประกาศของคณะปฏิวัติ ฉบับที่ 44 (ให้อำนาจพนักงานเจ้าหน้าที่ขจัดความไม่เรียบร้อยในสิ่งปลูกสร้างที่กีดขวางทางสัญจรสาธารณะ),"[11/1/2502] ประกาศของคณะปฏิวัติ ฉบับที่ 44 (ให้อำนาจพนักงานเจ้าหน้าที่ขจัดความไม่เรียบร้อยในสิ่งปลูกสร้างที่กีดขวางทางสัญจรสาธารณะ)
ประกาศของคณะปฏิวัติ ฉบับที่ ๔๔ โดยที่ปรากฏว่าได้มีบุคคลที่เห็นประโยชน์ตนโดยเฉพาะได้เข้าไปปลูกปักที่อยู่อาศัยหรือที่ตั้งทำการค้าในที่ซึ่งเป็นทางสัญจรของประชาชนหรือที่ประชาชนใช้ประโยชน์ร่วมกันอันเป็นสาธารณสมบัติข",กฎหมายทั่วไป,ประกาศ
kris_ปว021-1I-0005,ประกาศของคณะปฏิวัติ ฉบับที่ 50 (ควบคุมสถานที่บริการประชาชน),"[15/1/2502] ประกาศของคณะปฏิวัติ ฉบับที่ 50 (ควบคุมสถานที่บริการประชาชน)
ประกาศของคณะปฏิวัติ ฉบับที่ ๕๐ โดยที่ได้พิจารณาเห็นว่า ในปัจจุบันนี้มีสถานบริการประชาชนหลายแห่ง เช่น สถานบริการอาบน้ำ โรงแรม บังกาโล สถานเต้นรำ สโมสร และโรงมหรสพหลายแห่ง มีวิธีดำเนินงานอันไม่สุจริต กระทำการฝ่าฝ",กฎหมายทั่วไป,ประกาศ
kris_ยล035-1B-0001,พระราชบัญญัติปรามการค้าประเวณี พ.ศ. 2503 (ยกเลิก),"[1/11/2503] พระราชบัญญัติปรามการค้าประเวณี พ.ศ. 2503 (ยกเลิก)
พระราชบัญญัติ ปรามการค้าประเวณี พ.ศ. ๒๕๐๓ (ยกเลิก) ในพระปรมาภิไธย พระบาทสมเด็จพระปรมินทรมหาภูมิพลอดุลยเดช สังวาลย์ ผู้สำเร็จราชการแทนพระองค์ ให้ไว้ ณ วันที่ ๒๔ ตุลาคม พ.ศ. ๒๕๐๓ เป็นปีที่ ๑๕ ในรัชกาลปัจจุบัน โดย",กฎหมายทั่วไป,พระราชบัญญัติ
kris_ยล081-1B-0001,พระราชบัญญัติปรับปรุงกระทรวง ทบวง กรม พ.ศ. 2506 (ยกเลิก),"[22/5/2506] พระราชบัญญัติปรับปรุงกระทรวง ทบวง กรม พ.ศ. 2506 (ยกเลิก)
พระราชบัญญัติ ปรับปรุงกระทรวง ทบวง กรม พ.ศ. ๒๕๐๖  พระราชบัญญัติปรับปรุงกระทรวง ทบวง กรม (ฉบับที่ ๒) พ.ศ. ๒๕๐๖  พระราชบัญญัติปรับปรุงกระทรวง ทบวง กรม (ฉบับที่ ๓) พ.ศ. ๒๕๐๘  พระราชบัญญัติปรับปรุงกระทรวง ทบวง กรม",กฎหมายทั่วไป,พระราชบัญญัติ
kris_ป0027-1B-0001,พระราชบัญญัติป่าสงวนแห่งชาติ พ.ศ. 2507,"[28/4/2507] พระราชบัญญัติป่าสงวนแห่งชาติ พ.ศ. 2507
พระราชบัญญัติว่าด้วยการปรับเป็นพินัย พ.ศ. ๒๕๖๕ ภูมิพลอดุลยเดช ป.ร. ให้ไว้ ณ วันที่ ๑๖ เมษายน พ.ศ. ๒๕๐๗ เป็นปีที่ ๑๙ ในรัชกาลปัจจุบัน พระบาทสมเด็จพระปรมินทรมหาภูมิพลอดุลยเดช มีพระบรมราชโองการโปรดเกล้าฯ ให้ประกาศ",กฎหมายทั่วไป,พระราชบัญญัติ
kris_ป0018-1B-0001,พระราชบัญญัติป้องกันการทุ่มตลาด พ.ศ. 2507 (ยกเลิก),"[15/9/2507] พระราชบัญญัติป้องกันการทุ่มตลาด พ.ศ. 2507 (ยกเลิก)
พระราชบัญญัติ ป้องกันการทุ่มตลาด พ.ศ. ๒๕๐๗ (ยกเลิก) ภูมิพลอดุลยเดช ป.ร. ให้ไว้ ณ วันที่ ๗ กันยายน พ.ศ. ๒๕๐๗ เป็นปีที่ ๑๙ ในรัชกาลปัจจุบัน พระบาทสมเด็จพระปรมินทรมหาภูมิพลอดุลยเดช มีพระบรมราชโองการโปรดเกล้าฯ ให้ป",กฎหมายทั่วไป,พระราชบัญญัติ
kris_ยล046-1B-0002,พระราชบัญญัติประกันชีวิต พ.ศ. 2510 (ยกเลิก),"[14/4/2510] พระราชบัญญัติประกันชีวิต พ.ศ. 2510 (ยกเลิก)
พระราชบัญญัติ ประกันชีวิต พ.ศ. ๒๕๑๐ (ยกเลิก) ภูมิพลอดุลยเดช ป.ร. ให้ไว้ ณ วันที่ ๗ เมษายน พ.ศ. ๒๕๑๐ เป็นปีที่ ๒๒ ในรัชกาลปัจจุบัน พระบาทสมเด็จพระปรมินทรมหาภูมิพลอดุลยเดช มีพระบรมราชโองการโปรดเกล้าฯ ให้ประกาศว่า",กฎหมายทั่วไป,พระราชบัญญัติ
kris_ยล074-1B-0001,พระราชบัญญัติประกันวินาศภัย พ.ศ. 2510 (ยกเลิก),"[14/4/2510] พระราชบัญญัติประกันวินาศภัย พ.ศ. 2510 (ยกเลิก)
พระราชบัญญัติ ประกันวินาศภัย พ.ศ. ๒๕๑๐ (ยกเลิก) โปรดดูรายละเอียดของกฎหมายที่เว็บไซต์ราชกิจจานุเบกษา https://ratchakitcha.soc.go.th/",กฎหมายทั่วไป,พระราชบัญญัติ
kris_ป0015-1B-0001,พระราชบัญญัติป้องกันการกระทำบางอย่างในการขนส่งสินค้าขาออกทางเรือ พ.ศ. 2511 (ยกเลิก),"[18/6/2511] พระราชบัญญัติป้องกันการกระทำบางอย่างในการขนส่งสินค้าขาออกทางเรือ พ.ศ. 2511 (ยกเลิก)
พระราชบัญญัติ ป้องกันการกระทำบางอย่าง ในการขนส่งสินค้าขาออกทางเรือ พ.ศ. ๒๕๑๑ (ยกเลิก) ภูมิพลอดุลยเดช ป.ร. ให้ไว้ ณ วันที่ ๗ มิถุนายน พ.ศ. ๒๕๑๑ เป็นปีที่ ๒๓ ในรัชกาลปัจจุบัน พระบาทสมเด็จพระปรมินทรมหาภูมิพลอดุลยเ",กฎหมายทั่วไป,พระราชบัญญัติ
kris_ป0028-1B-0001,พระราชบัญญัติปิโตรเลียม พ.ศ. 2514,"[23/4/2514] พระราชบัญญัติปิโตรเลียม พ.ศ. 2514
*พระราชกฤษฎีกาแก้ไขบทบัญญัติให้สอดคล้องกับการโอนอำนาจหน้าที่ของส่วนราชการให้เป็นไปตามพระราชบัญญัติปรับปรุงกระทรวง ทบวง กรม พ.ศ. ๒๕๔๕ พ.ศ. ๒๕๔๕ พระราชบัญญัติปิโตรเลียม (ฉบับที่ ๒) พ.ศ. ๒๕๑๖ พระราชบัญญัติปิโตรเลี",กฎหมายทั่วไป,พระราชบัญญัติ
kris_ปว054-1I-0001,ประกาศของคณะปฏิวัติ ฉบับที่ 16 ลงวันที่ 9 ธันวาคม พ.ศ. 2514,"[9/12/2514] ประกาศของคณะปฏิวัติ ฉบับที่ 16 ลงวันที่ 9 ธันวาคม พ.ศ. 2514
ประกาศของคณะปฏิวัติ ฉบับที่ ๑๖ โดยที่ปรากฏว่าได้มีผู้นำรถยนต์ รถจักรยานยนต์ และเรือกลที่มีควันหรือระดับเสียงอันเป็นอันตรายต่อสุขภาพ อนามัย หรือก่อความเดือดร้อนรำคาญแก่ประชาชนมาใช้ในทางหรือแม่น้ำลำคลอง อันเป็นกา",กฎหมายทั่วไป,ประกาศ
kris_ปว040-1I-0001,ประกาศของคณะปฏิวัติ ฉบับที่ 28 ลงวันที่ 29 ธันวาคม พ.ศ. 2514 (ยกเลิก),"[29/12/2514] ประกาศของคณะปฏิวัติ ฉบับที่ 28 ลงวันที่ 29 ธันวาคม พ.ศ. 2514 (ยกเลิก)
ประกาศของคณะปฏิวัติ ฉบับที่ ๒๘ (ยกเลิก) โปรดดูรายละเอียดของกฎหมายที่เว็บไซต์ราชกิจจานุเบกษา https://ratchakitcha.soc.go.th/",กฎหมายทั่วไป,ประกาศ
kris_ปว003-1I-0001,ประกาศของคณะปฏิวัติ ฉบับที่ 37 (คุ้มครองการดำเนินงานขององค์การรัฐมนตรีศึกษาแห่งเอเชียตะวันออกเฉียงใต้),"[13/1/2515] ประกาศของคณะปฏิวัติ ฉบับที่ 37 (คุ้มครองการดำเนินงานขององค์การรัฐมนตรีศึกษาแห่งเอเชียตะวันออกเฉียงใต้)
ประกาศของคณะปฏิวัติ ฉบับที่ ๓๗ โดยที่คณะปฏิวัติพิจารณาเห็นว่า ประเทศไทยได้เข้าเป็นภาคีองค์การรัฐมนตรีศึกษาแห่งเอเชียตะวันออกเฉียงใต้และได้ทำความตกลงกับองค์การดังกล่าวตามความตกลงระหว่างรัฐบาลแห่งประเทศไทยกับองค์",กฎหมายทั่วไป,ประกาศ
kris_ปว032-1I-0001,ประกาศของคณะปฏิวัติ ฉบับที่ 42 ลงวันที่ 16 มกราคม พ.ศ. 2515 (ยกเลิก),"[17/1/2515] ประกาศของคณะปฏิวัติ ฉบับที่ 42 ลงวันที่ 16 มกราคม พ.ศ. 2515 (ยกเลิก)
ประกาศของคณะปฏิวัติ ฉบับที่ ๔๒ (ยกเลิก) โปรดดูรายละเอียดของกฎหมายที่เว็บไซต์ราชกิจจานุเบกษา https://ratchakitcha.soc.go.th/",กฎหมายทั่วไป,ประกาศ
kris_ปว058-1I-0001,ประกาศของคณะปฏิวัติ ฉบับที่ 51 ลงวันที่ 18 มกราคม พ.ศ. 2515,"[19/1/2515] ประกาศของคณะปฏิวัติ ฉบับที่ 51 ลงวันที่ 18 มกราคม พ.ศ. 2515
ประกาศของคณะปฏิวัติ ฉบับที่ ๕๑ โดยที่คณะปฏิวัติพิจารณาแล้วเห็นว่า มีความจำเป็นและเร่งด่วนที่จะต้องดำเนินการสร้างทางหลวงแผ่นดิน สายนครสวรรค์ - เชียงราย และทางหลวงแผ่นดิน สายโชคชัย - สังขะ ซึ่งกรมทางหลวงได้สำรวจท",กฎหมายทั่วไป,ประกาศ
kris_ปว053-1B-0001,ประกาศของคณะปฏิวัติ ฉบับที่ 53 ลงวันที่ 24 มกราคม 2515,"[24/1/2515] ประกาศของคณะปฏิวัติ ฉบับที่ 53 ลงวันที่ 24 มกราคม 2515
ประกาศของคณะปฏิวัติฉบับที่ ๕๓ โปรดดูรายละเอียดของกฎหมายที่เว็บไซต์ราชกิจจานุเบกษา https://ratchakitcha.soc.go.th/",กฎหมายทั่วไป,ประกาศ
kris_ปว006-1I-0005,ประกาศของคณะปฏิวัติ ฉบับที่ 58 (ควบคุมกิจการค้าขายอันกระทบถึงความปลอดภัยหรือผาสุกแห่งสาธารณชน),"[27/1/2515] ประกาศของคณะปฏิวัติ ฉบับที่ 58 (ควบคุมกิจการค้าขายอันกระทบถึงความปลอดภัยหรือผาสุกแห่งสาธารณชน)
*พระราชกฤษฎีกาแก้ไขบทบัญญัติให้สอดคล้องกับการโอนอำนาจหน้าที่ของส่วนราชการให้เป็นไปตามพระราชบัญญัติปรับปรุงกระทรวง ทบวง กรม พ.ศ. ๒๕๔๕ พ.ศ. ๒๕๔๕ โดยที่คณะปฏิวัติพิจารณาเห็นว่า การควบคุมกิจการค้าขายอันกระทบถึงความ",กฎหมายทั่วไป,ประกาศ
kris_ปว041-1I-0001,ประกาศของคณะปฏิวัติ ฉบับที่ 103 ลงวันที่ 16 มีนาคม พ.ศ. 2515 (ยกเลิก),"[16/3/2515] ประกาศของคณะปฏิวัติ ฉบับที่ 103 ลงวันที่ 16 มีนาคม พ.ศ. 2515 (ยกเลิก)
ประกาศของคณะปฏิวัติ ฉบับที่ ๑๐๓ และที่แก้ไขเพิ่มเติม (ยกเลิก) โปรดดูรายละเอียดของกฎหมายที่เว็บไซต์ราชกิจจานุเบกษา https://ratchakitcha.soc.go.th/",กฎหมายทั่วไป,ประกาศ
kris_ปว031-1I-0001,ประกาศของคณะปฏิวัติ ฉบับที่ 111 (ยกเลิก),"[6/4/2515] ประกาศของคณะปฏิวัติ ฉบับที่ 111 (ยกเลิก)
ประกาศของคณะปฏิวัติ ฉบับที่ ๑๑๑ (ยกเลิก) โปรดดูรายละเอียดของกฎหมายที่เว็บไซต์ราชกิจจานุเบกษา https://ratchakitcha.soc.go.th/",กฎหมายทั่วไป,ประกาศ
kris_ปว049-1I-0001,ประกาศของคณะปฏิวัติ ฉบับที่ 141 ลงวันที่ 1 พฤษภาคม พุทธศักราช 2515 (ยกเลิก),"[2/5/2515] ประกาศของคณะปฏิวัติ ฉบับที่ 141 ลงวันที่ 1 พฤษภาคม พุทธศักราช 2515 (ยกเลิก)
ประกาศของคณะปฏิวัติ ฉบับที่ ๑๔๑ (ยกเลิก) โปรดดูรายละเอียดของกฎหมายที่เว็บไซต์ราชกิจจานุเบกษา https://ratchakitcha.soc.go.th/",กฎหมายทั่วไป,ประกาศ
kris_ปว039-1I-0001,ประกาศของคณะปฏิวัติ ฉบับที่ 157 ลงวันที่ 4 มิถุนายน พ.ศ. 2515 (ยกเลิก),"[6/6/2515] ประกาศของคณะปฏิวัติ ฉบับที่ 157 ลงวันที่ 4 มิถุนายน พ.ศ. 2515 (ยกเลิก)
ประกาศของคณะปฏิวัติ ฉบับที่ ๑๕๗ (ยกเลิก) โปรดดูรายละเอียดของกฎหมายที่เว็บไซต์ราชกิจจานุเบกษา https://ratchakitcha.soc.go.th/",กฎหมายทั่วไป,ประกาศ
kris_ปว011-1I-0001,ประกาศของคณะปฏิวัติ ฉบับที่ 189 (โบราณวัตถุบ้านเชียง),"[27/7/2515] ประกาศของคณะปฏิวัติ ฉบับที่ 189 (โบราณวัตถุบ้านเชียง)
ประกาศของคณะปฏิวัติ ฉบับที่ ๑๘๙ โดยที่คณะปฏิวัติพิจารณาเห็นว่า ในขณะนี้ประชาชนได้นิยมเข้าไปขุดค้นโบราณวัตถุและศิลปวัตถุตามบริเวณต่าง ๆ ในท้องที่จังหวัดอุดรธานี จังหวัดสกลนคร และกำลังลุกลามไปยังจังหวัดอื่นและเนื",กฎหมายทั่วไป,ประกาศ
kris_ปว026-1I-0001,ประกาศของคณะปฏิวัติ ฉบับที่ 218 ลงวันที่ 29 กันยายน พ.ศ. 2515 (ยกเลิก),"[29/9/2515] ประกาศของคณะปฏิวัติ ฉบับที่ 218 ลงวันที่ 29 กันยายน พ.ศ. 2515 (ยกเลิก)
ประกาศคณะรักษาความสงบเรียบร้อยแห่งชาติ ฉบับที่ ๔๘ เรื่อง แก้ไขเพิ่มเติมประกาศของคณะปฏิวัติ ฉบับที่ ๒๑๘ ลงวันที่ ๒๙ กันยายน พ.ศ. ๒๕๑๕ ลงวันที่ ๒๘ กุมภาพันธ์ พ.ศ. ๒๕๓๔ โดยที่ได้มีการปรับปรุงระบบการบริหารงานยุติธร",กฎหมายทั่วไป,ประกาศ
kris_ปว027-1I-0001,ประกาศของคณะปฏิวัติ ฉบับที่ 216 ลงวันที่ 29 กันยายน พ.ศ. 2515 (ยกเลิก),"[29/9/2515] ประกาศของคณะปฏิวัติ ฉบับที่ 216 ลงวันที่ 29 กันยายน พ.ศ. 2515 (ยกเลิก)
ประกาศคณะรักษาความสงบเรียบร้อยแห่งชาติ ฉบับที่ ๔๗ เรื่อง การแก้ไขเพิ่มเติมประกาศคณะปฏิวัติ ฉบับที่ ๒๑๖ ลงวันที่ ๒๙ กันยายน พ.ศ. ๒๕๑๕ ลงวันที่ ๒๘ กุมภาพันธ์ พ.ศ. ๒๕๓๔ โดยที่เป็นการสมควรปรับปรุงระบบการบริหารงานยุ",กฎหมายทั่วไป,ประกาศ
kris_ปว044-1I-0001,ประกาศของคณะปฏิวัติ ฉบับที่ 217 ลงวันที่ 29 กันยายน พ.ศ. 2515,"[29/9/2515] ประกาศของคณะปฏิวัติ ฉบับที่ 217 ลงวันที่ 29 กันยายน พ.ศ. 2515
ประกาศของคณะปฏิวัติ ฉบับที่ ๒๑๗ และที่แก้ไขเพิ่มเติม โปรดดูรายละเอียดของกฎหมายที่เว็บไซต์ราชกิจจานุเบกษา https://ratchakitcha.soc.go.th/",กฎหมายทั่วไป,ประกาศ
kris_ปว047-1I-0001,ประกาศของคณะปฏิวัติ ฉบับที่ 227 ลงวันที่ 18 ตุลาคม พ.ศ. 2515 (ยกเลิก),"[20/10/2515] ประกาศของคณะปฏิวัติ ฉบับที่ 227 ลงวันที่ 18 ตุลาคม พ.ศ. 2515 (ยกเลิก)
ประกาศของคณะปฏิวัติ ฉบับที่ ๒๒๗ (ยกเลิก) โปรดดูรายละเอียดของกฎหมายที่เว็บไซต์ราชกิจจานุเบกษา https://ratchakitcha.soc.go.th/",กฎหมายทั่วไป,ประกาศ
kris_ปว050-1I-0002,ประกาศของคณะปฏิวัติ ฉบับที่ 229 ลงวันที่ 20 ตุลาคม พ.ศ. 2515,"[20/10/2515] ประกาศของคณะปฏิวัติ ฉบับที่ 229 ลงวันที่ 20 ตุลาคม พ.ศ. 2515
ประกาศของคณะปฏิวัติ ฉบับที่ ๒๒๙ โปรดดูรายละเอียดของกฎหมายที่เว็บไซต์ราชกิจจานุเบกษา https://ratchakitcha.soc.go.th/",กฎหมายทั่วไป,ประกาศ
kris_ปว056-1I-0002,ประกาศของคณะปฏิวัติ ฉบับที่ 232 ลงวันที่ 31 ตุลาคม พ.ศ. 2515 (ยกเลิก),"[6/11/2515] ประกาศของคณะปฏิวัติ ฉบับที่ 232 ลงวันที่ 31 ตุลาคม พ.ศ. 2515 (ยกเลิก)
ประกาศของคณะปฏิวัติ ฉบับที่ ๒๓๒ (ยกเลิก) โปรดดูรายละเอียดของกฎหมายที่เว็บไซต์ราชกิจจานุเบกษา https://ratchakitcha.soc.go.th/",กฎหมายทั่วไป,ประกาศ
kris_ปว052-1I-0002,ประกาศของคณะปฏิวัติ ฉบับที่ 247 ลงวันที่ 9 พฤศจิกายน พ.ศ. 2515 (ยกเลิก),"[13/11/2515] ประกาศของคณะปฏิวัติ ฉบับที่ 247 ลงวันที่ 9 พฤศจิกายน พ.ศ. 2515 (ยกเลิก)
ประกาศของคณะปฏิวัติ ฉบับที่ 247 (ยกเลิก) โปรดดูรายละเอียดของกฎหมายที่เว็บไซต์ราชกิจจานุเบกษา https://ratchakitcha.soc.go.th/",กฎหมายทั่วไป,ประกาศ
kris_ปว024-1I-0002,ประกาศของคณะปฏิวัติ ฉบับที่ 253 (ควบคุมการจำหน่ายและดื่มสุรา ณ สถานที่ขายสุรา) (ยกเลิก),"[20/11/2515] ประกาศของคณะปฏิวัติ ฉบับที่ 253 (ควบคุมการจำหน่ายและดื่มสุรา ณ สถานที่ขายสุรา) (ยกเลิก)
ประกาศของคณะปฏิวัติ ฉบับที่ ๒๕๓ (ยกเลิก) โดยที่คณะปฏิวัติพิจารณาเห็นว่า กำหนดเวลาการจำหน่ายสุราและดื่มสุรา ณ สถานที่ขายสุราและกำหนดโทษผู้ฝ่าฝืนตามความในพระราชกฤษฎีกาควบคุมโภคภัณฑ์ยังไม่เหมาะสม สมควรมีบทบัญญัติใ",กฎหมายทั่วไป,ประกาศ
kris_ปว029-1I-0002,ประกาศของคณะปฏิวัติ ฉบับที่ 281 ลงวันที่ 24 พฤศจิกายน พ.ศ. 2515 (ยกเลิก),"[25/11/2515] ประกาศของคณะปฏิวัติ ฉบับที่ 281 ลงวันที่ 24 พฤศจิกายน พ.ศ. 2515 (ยกเลิก)
พระราชบัญญัติแก้ไขเพิ่มเติมประกาศของคณะปฏิวัติ ฉบับที่ ๒๘๑ ลงวันที่ ๒๔ พฤศจิกายน พ.ศ. ๒๕๑๕ (ฉบับที่ ๒) พ.ศ. ๒๕๓๕ โดยที่คณะปฏิวัติพิจารณาเห็นว่า ในปัจจุบันนี้ได้มีคนต่างด้าวประกอบธุรกิจอยู่ในราชอาณาจักรเป็นจำนวน",กฎหมายทั่วไป,ประกาศ
kris_ปว028-1I-0001,ประกาศของคณะปฏิวัติ ฉบับที่ 294 ลงวันที่ 27 พฤศจิกายน พุทธศักราช 2515 (ยกเลิก),"[29/11/2515] ประกาศของคณะปฏิวัติ ฉบับที่ 294 ลงวันที่ 27 พฤศจิกายน พุทธศักราช 2515 (ยกเลิก)
*พระราชกฤษฎีกาแก้ไขบทบัญญัติให้สอดคล้องกับการโอนอำนาจหน้าที่ของส่วนราชการให้เป็นไปตามพระราชบัญญัติปรับปรุงกระทรวง ทบวง กรม พ.ศ. ๒๕๔๕ พ.ศ. ๒๕๔๕ โดยที่คณะปฏิวัติได้พิจารณาเห็นว่า ในปัจจุบันมีเด็กกำพร้าอนาถาที่ขาด",กฎหมายทั่วไป,ประกาศ
kris_ปว043-1I-0002,ประกาศของคณะปฏิวัติ ฉบับที่ 286 ลงวันที่ 24 พฤศจิกายน พ.ศ. 2515 (ยกเลิก),"[29/11/2515] ประกาศของคณะปฏิวัติ ฉบับที่ 286 ลงวันที่ 24 พฤศจิกายน พ.ศ. 2515 (ยกเลิก)
ประกาศของคณะปฏิวัติ ฉบับที่ ๒๘๖ (ยกเลิก) โปรดดูรายละเอียดของกฎหมายที่เว็บไซต์ราชกิจจานุเบกษา https://ratchakitcha.soc.go.th/",กฎหมายทั่วไป,ประกาศ
kris_ปว033-1I-0001,ประกาศของคณะปฏิวัติ ฉบับที่ 290 ลงวันที่ 27 พฤศจิกายน พ.ศ. 2515 (ยกเลิก),"[29/11/2515] ประกาศของคณะปฏิวัติ ฉบับที่ 290 ลงวันที่ 27 พฤศจิกายน พ.ศ. 2515 (ยกเลิก)
ประกาศของคณะปฏิวัติ ฉบับที่ ๒๙๐ และที่แก้ไขเพิ่มเติม (ยกเลิก) โปรดดูรายละเอียดของกฎหมายที่เว็บไซต์ราชกิจจานุเบกษา https://ratchakitcha.soc.go.th/",กฎหมายทั่วไป,ประกาศ
kris_ปว042-1I-0002,ประกาศของคณะปฏิวัติ ฉบับที่ 287 ลงวันที่ 24 พฤศจิกายน พ.ศ. 2515 (ยกเลิก),"[29/11/2515] ประกาศของคณะปฏิวัติ ฉบับที่ 287 ลงวันที่ 24 พฤศจิกายน พ.ศ. 2515 (ยกเลิก)
ประกาศของคณะปฏิวัติ ฉบับที่ ๒๘๗ (ยกเลิก) โปรดดูรายละเอียดของกฎหมายที่เว็บไซต์ราชกิจจานุเบกษา https://ratchakitcha.soc.go.th/",กฎหมายทั่วไป,ประกาศ
kris_ปว025-1I-0002,ประกาศของคณะปฏิวัติ ฉบับที่ 295 ลงวันที่ 28 พฤศจิกายน พ.ศ. 2515 (ยกเลิก),"[1/12/2515] ประกาศของคณะปฏิวัติ ฉบับที่ 295 ลงวันที่ 28 พฤศจิกายน พ.ศ. 2515 (ยกเลิก)
พระราชบัญญัติแก้ไขเพิ่มเติมประกาศของคณะปฏิวัติ ฉบับที่ ๒๙๕ ลงวันที่ ๒๘ พฤศจิกายน พ.ศ. ๒๕๑๕ (ฉบับที่ ๒) พ.ศ. ๒๕๓๐ โดยที่คณะปฏิวัติพิจารณาเห็นว่า กฎหมายว่าด้วยทางหลวงที่ใช้บังคับอยู่ในปัจจุบันได้ประกาศใช้มาเป็นเว",กฎหมายทั่วไป,ประกาศ
kris_ปว030-1I-0002,ประกาศของคณะปฏิวัติ ฉบับที่ 316 ลงวันที่ 13 ธันวาคม 2515 (ยกเลิก),"[13/12/2515] ประกาศของคณะปฏิวัติ ฉบับที่ 316 ลงวันที่ 13 ธันวาคม 2515 (ยกเลิก)
พระราชบัญญัติแก้ไขเพิ่มเติมประกาศของคณะปฏิวัติ ฉบับที่ ๓๑๖ ลงวันที่ ๑๓ ธันวาดม ๒๕๑๕ (ฉบับที่ ๒) พ.ศ. ๒๕๒๒ โดยที่คณะปฏิวัติได้พิจารณาเห็นว่า ในปัจจุบันประชาชนผู้มีรายได้น้อยและรายได้ปานกลางจำนวนมากยังขาดแคลนที่อ",กฎหมายทั่วไป,ประกาศ
kris_ปว038-1I-0002,ประกาศของคณะปฏิวัติ ฉบับที่ 326 ลงวันที่ 13 ธันวาคม พ.ศ. 2515 (ยกเลิก),"[13/12/2515] ประกาศของคณะปฏิวัติ ฉบับที่ 326 ลงวันที่ 13 ธันวาคม พ.ศ. 2515 (ยกเลิก)
ประกาศของคณะปฏิวัติ ฉบับที่ ๓๒๖ (ยกเลิก) โปรดดูรายละเอียดของกฎหมายที่เว็บไซต์ราชกิจจานุเบกษา https://ratchakitcha.soc.go.th/",กฎหมายทั่วไป,ประกาศ
kris_ปว034-1I-0001,ประกาศของคณะปฏิวัติ ฉบับที่ 310 ลงวันที่ 13 ธันวาคม พ.ศ. 2515 (ยกเลิก),"[13/12/2515] ประกาศของคณะปฏิวัติ ฉบับที่ 310 ลงวันที่ 13 ธันวาคม พ.ศ. 2515 (ยกเลิก)
ประกาศของคณะปฏิวัติ ฉบับที่ ๓๑๐ (ยกเลิก) โปรดดูรายละเอียดของกฎหมายที่เว็บไซต์ราชกิจจานุเบกษา https://ratchakitcha.soc.go.th/",กฎหมายทั่วไป,ประกาศ
kris_ปว036-1I-0001,ประกาศของคณะปฏิวัติ ฉบับที่ 319 ลงวันที่ 13 ธันวาคม พ.ศ. 2515 (ยกเลิก),"[13/12/2515] ประกาศของคณะปฏิวัติ ฉบับที่ 319 ลงวันที่ 13 ธันวาคม พ.ศ. 2515 (ยกเลิก)
ประกาศของคณะปฏิวัติ ฉบับที่ ๓๑๙ (ยกเลิก) โปรดดูรายละเอียดของกฎหมายที่เว็บไซต์ราชกิจจานุเบกษา https://ratchakitcha.soc.go.th/",กฎหมายทั่วไป,ประกาศ
kris_ปว045-1I-0002,ประกาศของคณะปฏิวัติ ฉบับที่ 335 ลงวันที่ 13 ธันวาคม พ.ศ. 2515 (ยกเลิก),"[13/12/2515] ประกาศของคณะปฏิวัติ ฉบับที่ 335 ลงวันที่ 13 ธันวาคม พ.ศ. 2515 (ยกเลิก)
ประกาศของคณะปฏิวัติ ฉบับที่ ๓๓๕ (ยกเลิก) โปรดดูรายละเอียดของกฎหมายที่เว็บไซต์ราชกิจจานุเบกษา https://ratchakitcha.soc.go.th/",กฎหมายทั่วไป,ประกาศ
kris_ปว046-1I-0001,ประกาศของคณะปฏิวัติ ฉบับที่ 337 ลงวันที่ 13 ธันวาคม พ.ศ. 2515 (ยกเลิก),"[13/12/2515] ประกาศของคณะปฏิวัติ ฉบับที่ 337 ลงวันที่ 13 ธันวาคม พ.ศ. 2515 (ยกเลิก)
ประกาศของคณะปฏิวัติ ฉบับที่ ๓๓๗ (ยกเลิก) โปรดดูรายละเอียดของกฎหมายที่เว็บไซต์ราชกิจจานุเบกษา https://ratchakitcha.soc.go.th/",กฎหมายทั่วไป,ประกาศ
kris_ปว048-1I-0003,ประกาศของคณะปฏิวัติ ฉบับที่ 321 ลงวันที่ 13 ธันวาคม พ.ศ. 2515,"[13/12/2515] ประกาศของคณะปฏิวัติ ฉบับที่ 321 ลงวันที่ 13 ธันวาคม พ.ศ. 2515
ประกาศของคณะปฏิวัติ ฉบับที่ ๓๒๑ โดยที่พระราชบัญญัติยา พ.ศ. ๒๕๑๐ ได้บัญญัติให้ปลัดกระทรวงสาธารณสุขเป็นผู้อนุญาตการผลิตยา การนำหรือสั่งยาเข้ามาในราชอาณาจักร และการขายยา ในนครหลวงกรุงเทพธนบุรี บัดนี้เห็นสมควรโอนให",กฎหมายทั่วไป,ประกาศ
kris_ปว057-1I-0002,ประกาศของคณะปฏิวัติ ฉบับที่ 322 ลงวันที่ 13 ธันวาคม พ.ศ. 2515 (ยกเลิก),"[13/12/2515] ประกาศของคณะปฏิวัติ ฉบับที่ 322 ลงวันที่ 13 ธันวาคม พ.ศ. 2515 (ยกเลิก)
ประกาศของคณะปฏิวัติ ฉบับที่ ๓๒๒ (ยกเลิก) โปรดดูรายละเอียดของกฎหมายที่เว็บไซต์ราชกิจจานุเบกษา https://ratchakitcha.soc.go.th/",กฎหมายทั่วไป,ประกาศ
kris_ปว055-1I-0007,ประกาศของคณะปฏิวัติ ฉบับที่ 339 ลงวันที่ 13 ธันวาคม พ.ศ. 2515 (ยกเลิก),"[13/12/2515] ประกาศของคณะปฏิวัติ ฉบับที่ 339 ลงวันที่ 13 ธันวาคม พ.ศ. 2515 (ยกเลิก)
ประกาศของคณะปฏิวัติ ฉบับที่ ๓๓๙ (ยกเลิก) โดยที่คณะปฏิวัติพิจารณาเห็นว่า การส่งเสริมและพัฒนาอุตสาหกรรมในขณะนี้มีปัญหาสำคัญเกี่ยวกับสถานที่ที่จะใช้เป็นที่ตั้งโรงงาน นอกจากนี้การที่ให้เอกชนตั้งโรงงานอุตสาหกรรมในที",กฎหมายทั่วไป,ประกาศ
kris_ปว015-1I-0003,ประกาศของคณะปฏิวัติ ฉบับที่ 305 (เหรียญสนองเสรีชน),"[13/12/2515] ประกาศของคณะปฏิวัติ ฉบับที่ 305 (เหรียญสนองเสรีชน)
ประกาศของคณะปฏิวัติ ฉบับที่ ๓๐๕ โดยที่คณะปฏิวัติพิจารณาเห็นว่า สมควรมีเหรียญที่ระลึกเชิดชูเกียรติเป็นการตอบแทนคุณความดีและเป็นเกียรติแก่วงศ์ตระกูลเพื่อมอบให้แก่ผู้สนับสนุนช่วยเหลือในการปฏิบัติการป้องกันหรือปราบ",กฎหมายทั่วไป,ประกาศ
kris_ป0022-1B-0001,พระราชบัญญัติป้องกันและปราบปรามการทุจริตและประพฤติมิชอบในวงราชการ พ.ศ. 2518 (ยกเลิก),"[3/3/2518] พระราชบัญญัติป้องกันและปราบปรามการทุจริตและประพฤติมิชอบในวงราชการ พ.ศ. 2518 (ยกเลิก)
พระราชบัญญัติ ป้องกันและปราบปรามการทุจริต และประพฤติมิชอบในวงราชการ พ.ศ. ๒๕๑๘ (ยกเลิก) พระราชบัญญัติป้องกันและปราบปรามการทุจริตและประพฤติมิชอบในวงราชการ (ฉบับที่ ๒) พ.ศ. ๒๕๓๐ ภูมิพลอดุลยเดช ป.ร. ให้ไว้ ณ วันที่",กฎหมายทั่วไป,พระราชบัญญัติ
kris_ป0023-1B-0001,พระราชบัญญัติป้องกันและปราบปรามยาเสพติด พ.ศ. 2519 (ยกเลิก),"[17/11/2519] พระราชบัญญัติป้องกันและปราบปรามยาเสพติด พ.ศ. 2519 (ยกเลิก)
*พระราชกฤษฎีกาแก้ไขบทบัญญัติให้สอดคล้องกับการโอนอำนาจหน้าที่ของส่วนราชการให้เป็นไปตามพระราชบัญญัติปรับปรุงกระทรวง ทบวง กรม พ.ศ. ๒๕๔๕ พ.ศ. ๒๕๔๕ พระราชบัญญัติป้องกันและปราบปรามยาเสพติด (ฉบับที่ ๒) พ.ศ. ๒๕๓๔ พระรา",กฎหมายทั่วไป,พระราชบัญญัติ
kris_ปว035-1I-0001,ประกาศของคณะปฏิวัติ ฉบับที่ 22 ลงวันที่ 8 พฤศจิกายน พ.ศ. 2520 (ยกเลิก),"[8/11/2520] ประกาศของคณะปฏิวัติ ฉบับที่ 22 ลงวันที่ 8 พฤศจิกายน พ.ศ. 2520 (ยกเลิก)
ประกาศของคณะปฏิวัติ ฉบับที่ ๒๒ (ยกเลิก) โปรดดูรายละเอียดของกฎหมายที่เว็บไซต์ราชกิจจานุเบกษา https://ratchakitcha.soc.go.th/",กฎหมายทั่วไป,ประกาศ
kris_ปว037-1I-0001,ประกาศของคณะปฏิวัติ ฉบับที่ 21 ลงวันที่ 8 พฤศจิกายน พ.ศ. 2520 (ยกเลิก),"[8/11/2520] ประกาศของคณะปฏิวัติ ฉบับที่ 21 ลงวันที่ 8 พฤศจิกายน พ.ศ. 2520 (ยกเลิก)
ประกาศของคณะปฏิวัติ ฉบับที่ ๒๑ (ยกเลิก) โปรดดูรายละเอียดของกฎหมายที่เว็บไซต์ราชกิจจานุเบกษา https://ratchakitcha.soc.go.th/",กฎหมายทั่วไป,ประกาศ
kris_ป0017-1B-0001,พระราชบัญญัติป้องกันภัยฝ่ายพลเรือน พ.ศ. 2522 (ยกเลิก),"[22/3/2522] พระราชบัญญัติป้องกันภัยฝ่ายพลเรือน พ.ศ. 2522 (ยกเลิก)
พระราชกฤษฎีกาแก้ไขบทบัญญัติให้สอดคล้องกับการโอนอำนาจหน้าที่ของส่วนราชการให้เป็นไปตามพระราชบัญญัติปรับปรุงกระทรวง ทบวง กรม พ.ศ. ๒๕๔๕ พ.ศ. ๒๕๔๕ ภูมิพลอดุลยเดช ป.ร. ให้ไว้ ณ วันที่ ๑๕ มีนาคม พ.ศ. ๒๕๒๒ เป็นปีที่ ๓๔",กฎหมายทั่วไป,พระราชบัญญัติ
kris_ป0020-1B-0001,พระราชบัญญัติป้องกันเรือโดนกัน พ.ศ. 2522,"[21/4/2522] พระราชบัญญัติป้องกันเรือโดนกัน พ.ศ. 2522
พระราชบัญญัติ ป้องกันเรือโดนกัน พ.ศ. ๒๕๒๒ ภูมิพลอดุลยเดช ป.ร. ให้ไว้ ณ วันที่ ๑๖ เมษายน พ.ศ. ๒๕๒๒ เป็นปีที่ ๓๔ ในรัชกาลปัจจุบัน พระบาทสมเด็จพระปรมินทรมหาภูมิพลอดุลยเดช มีพระบรมราชโองการโปรดเกล้าฯ ให้ประกาศว่า โ",กฎหมายทั่วไป,พระราชบัญญัติ
kris_ป0012-1B-0003,พระราชบัญญัติประถมศึกษา พ.ศ. 2523 (ยกเลิก),"[13/10/2523] พระราชบัญญัติประถมศึกษา พ.ศ. 2523 (ยกเลิก)
พระราชบัญญัติ ประถมศึกษา พ.ศ. ๒๕๒๓ (ยกเลิก) ภูมิพลอดุลยเดช ป.ร. ให้ไว้ ณ วันที่ ๙ ตุลาคม พ.ศ. ๒๕๒๓ เป็นปีที่ ๓๕ ในรัชกาลปัจจุบัน พระบาทสมเด็จพระปรมินทรมหาภูมิพลอดุลยเดช มีพระบรมราชโองการโปรดเกล้าฯ ให้ประกาศว่า",กฎหมายทั่วไป,พระราชบัญญัติ
kris_ป0032-1C-0001,พระราชกำหนดป้องกันการใช้สารระเหย พ.ศ. 2533 (ยกเลิก),"[19/1/2533] พระราชกำหนดป้องกันการใช้สารระเหย พ.ศ. 2533 (ยกเลิก)
พระราชบัญญัติแก้ไขเพิ่มเติมพระราชกำหนดป้องกันการใช้สารระเหย พ.ศ. ๒๕๓๓ (ฉบับที่ ๓) พ.ศ. ๒๕๕๐ ภูมิพลอดุลยเดช ป.ร. ให้ไว้ ณ วันที่ ๑๗ มกราคม พ.ศ. ๒๕๓๓ เป็นปีที่ ๔๕ ในรัชกาลปัจจุบัน พระบาทสมเด็จพระปรมินทรมหาภูมิพลอ",กฎหมายทั่วไป,พระราชกำหนด
kris_ป0011-1B-0001,พระราชบัญญัติประกันสังคม พ.ศ. 2533,"[1/9/2533] พระราชบัญญัติประกันสังคม พ.ศ. 2533
พระราชบัญญัติว่าด้วยการปรับเป็นพินัย พ.ศ. ๒๕๖๕ พระราชบัญญัติประกันสังคม (ฉบับที่ ๒) พ.ศ. ๒๕๓๗ พระราชบัญญัติประกันสังคม (ฉบับที่ ๓) พ.ศ. ๒๕๔๒ พระราชบัญญัติประกันสังคม (ฉบับที่ ๔) พ.ศ. ๒๕๕๘ ภูมิพลอดุลยเดช ป.ร. ให",กฎหมายทั่วไป,พระราชบัญญัติ
kris_ปข001-1B-0001,พระราชบัญญัติเปลี่ยนแปลงเขตอำนาจศาลจังหวัดมีนบุรี พ.ศ. 2534,"[14/5/2534] พระราชบัญญัติเปลี่ยนแปลงเขตอำนาจศาลจังหวัดมีนบุรี พ.ศ. 2534
พระราชบัญญัติ เปลี่ยนแปลงเขตอำนาจศาลจังหวัดมีนบุรี พ.ศ. ๒๕๓๔ ภูมิพลอดุลยเดช ป.ร. ให้ไว้ ณ วันที่ ๑๐ พฤษภาคม พ.ศ. ๒๕๓๔ เป็นปีที่ ๔๖ ในรัชกาลปัจจุบัน พระบาทสมเด็จพระปรมินทรมหาภูมิพลอดุลยเดช มีพระบรมราชโองการโปรดเ",กฎหมายทั่วไป,พระราชบัญญัติ
kris_ยล044-1B-0001,พระราชบัญญัติปรับปรุงกระทรวง ทบวง กรม พ.ศ. 2534 (ยกเลิก),"[4/9/2534] พระราชบัญญัติปรับปรุงกระทรวง ทบวง กรม พ.ศ. 2534 (ยกเลิก)
พระราชบัญญัติ ปรับปรุงกระทรวง ทบวง กรม พ.ศ. ๒๕๓๔ (ยกเลิก) พระราชบัญญัติปรับปรุงกระทรวง ทบวง กรม (ฉบับที่ ๒) พ.ศ. ๒๕๓๔ พระราชบัญญัติปรับปรุงกระทรวง ทบวง กรม (ฉบับที่ ๓) พ.ศ. ๒๕๓๕ พระราชบัญญัติปรับปรุงกระทรวง ทบว",กฎหมายทั่วไป,พระราชบัญญัติ
kris_ป0021-1B-0001,พระราชบัญญัติป้องกันและปราบปรามการกระทำอันเป็นโจรสลัด พ.ศ. 2534,"[29/12/2534] พระราชบัญญัติป้องกันและปราบปรามการกระทำอันเป็นโจรสลัด พ.ศ. 2534
พระราชบัญญัติ ป้องกันและปราบปรามการกระทำอันเป็นโจรสลัด พ.ศ. ๒๕๓๔ ภูมิพลอดุลยเดช ป.ร. ให้ไว้ ณ วันที่ ๒๙ ธันวาคม พ.ศ. ๒๕๓๔ เป็นปีที่ ๔๖ ในรัชกาลปัจจุบัน พระบาทสมเด็จพระปรมินทรมหาภูมิพลอดุลยเดช มีพระบรมราชโองการโ",กฎหมายทั่วไป,พระราชบัญญัติ
kris_ป0009-1B-0001,พระราชบัญญัติประกันชีวิต พ.ศ. 2535,"[10/4/2535] พระราชบัญญัติประกันชีวิต พ.ศ. 2535
พระราชบัญญัติว่าด้วยการปรับเป็นพินัย พ.ศ. ๒๕๖๕ พระราชบัญญัติประกันชีวิต (ฉบับที่ ๒) พ.ศ. ๒๕๕๑ พระราชบัญญัติประกันชีวิต (ฉบับที่ ๓) พ.ศ. ๒๕๕๘ พระราชบัญญัติประกันชีวิต (ฉบับที่ ๔) พ.ศ. ๒๕๖๒ ภูมิพลอดุลยเดช ป.ร. ให",กฎหมายทั่วไป,พระราชบัญญัติ
kris_ป0010-1B-0001,พระราชบัญญัติประกันวินาศภัย พ.ศ. 2535,"[10/4/2535] พระราชบัญญัติประกันวินาศภัย พ.ศ. 2535
พระราชบัญญัติว่าด้วยการปรับเป็นพินัย พ.ศ. ๒๕๖๕ พระราชบัญญัติประกันวินาศภัย (ฉบับที่ ๒) พ.ศ. ๒๕๕๑ พระราชบัญญัติประกันวินาศภัย (ฉบับที่ ๓) พ.ศ. ๒๕๕๘ พระราชบัญญัติประกันวินาศภัย (ฉบับที่ ๔) พ.ศ. ๒๕๖๒ ภูมิพลอดุลยเด",กฎหมายทั่วไป,พระราชบัญญัติ
kris_ปข002-1B-0001,พระราชบัญญัติเปลี่ยนแปลงเขตอำนาจศาลจังหวัดกบินทร์บุรี ศาลจังหวัดอุบลราชธานี และศาลจังหวัดอำนาจเจริญ พ.ศ. 2537,"[26/12/2537] พระราชบัญญัติเปลี่ยนแปลงเขตอำนาจศาลจังหวัดกบินทร์บุรี ศาลจังหวัดอุบลราชธานี และศาลจังหวัดอำนาจเจริญ พ.ศ. 2537
พระราชบัญญัติ เปลี่ยนแปลงเขตอำนาจศาลจังหวัดกบินทร์บุรี ศาลจังหวัดอุบลราชธานี และศาลจังหวัดอำนาจเจริญ พ.ศ. ๒๕๓๗ ภูมิพลอดุลยเดช ป.ร. ให้ไว้ ณ วันที่ ๗ ธันวาคม พ.ศ. ๒๕๓๗ เป็นปีที่ ๔๙ ในรัชกาลปัจจุบัน พระบาทสมเด็จพ",กฎหมายทั่วไป,พระราชบัญญัติ
kris_ป0013-1B-0001,พระราชบัญญัติป้องกันและปราบปรามการค้าประเวณี พ.ศ. 2539,"[22/10/2539] พระราชบัญญัติป้องกันและปราบปรามการค้าประเวณี พ.ศ. 2539
พระราชบัญญัติว่าด้วยการปรับเป็นพินัย พ.ศ. ๒๕๖๕ ภูมิพลอดุลยเดช ป.ร. ให้ไว้ ณ วันที่ ๑๔ ตุลาคม พ.ศ. ๒๕๓๙ เป็นปีที่ ๕๑ ในรัชกาลปัจจุบัน พระบาทสมเด็จพระปรมินทรมหาภูมิพลอดุลยเดช มีพระบรมราชโองการโปรดเกล้าฯ ให้ประกาศ",กฎหมายทั่วไป,พระราชบัญญัติ
kris_ปข003-1B-0001,พระราชบัญญัติเปลี่ยนแปลงเขตอำนาจศาลจังหวัดทุ่งสง พ.ศ. 2540,"[9/11/2540] พระราชบัญญัติเปลี่ยนแปลงเขตอำนาจศาลจังหวัดทุ่งสง พ.ศ. 2540
พระราชบัญญัติ เปลี่ยนแปลงเขตอำนาจศาลจังหวัดทุ่งสง พ.ศ. ๒๕๔๐ ภูมิพลอดุลยเดช ป.ร. ให้ไว้ ณ วันที่ ๑๒ ตุลาคม พ.ศ. ๒๕๔๐ เป็นปีที่ ๕๒ ในรัชกาลปัจจุบัน พระบาทสมเด็จพระปรมินทรมหาภูมิพลอดุลยเดช มีพระบรมราชโองการโปรดเกล",กฎหมายทั่วไป,พระราชบัญญัติ
kris_ยล024-1B-0001,พระราชบัญญัติประกอบรัฐธรรมนูญว่าด้วยการเลือกตั้งสมาชิกสภาผู้แทนราษฎรและสมาชิกวุฒิสภา พ.ศ. 2541 (ยกเลิก),"[9/6/2541] พระราชบัญญัติประกอบรัฐธรรมนูญว่าด้วยการเลือกตั้งสมาชิกสภาผู้แทนราษฎรและสมาชิกวุฒิสภา พ.ศ. 2541 (ยกเลิก)
พระราชบัญญัติ ประกอบรัฐธรรมนูญว่าด้วยการเลือกตั้งสมาชิก สภาผู้แทนราษฎรและสมาชิกวุฒิสภา พ.ศ. ๒๕๔๑ (ยกเลิก) พระราชบัญญัติประกอบรัฐธรรมนูญว่าด้วยการเลือกตั้งสมาชิกสภาผู้แทนราษฎรและสมาชิกวุฒิสภา (ฉบับที่ ๒) พ.ศ. ๒๕",กฎหมายทั่วไป,พระราชบัญญัติ
kris_ป0067-1A-0001,พระราชบัญญัติประกอบรัฐธรรมนูญว่าด้วยคณะกรรมการการเลือกตั้ง พ.ศ. 2541 (ยกเลิก),"[9/6/2541] พระราชบัญญัติประกอบรัฐธรรมนูญว่าด้วยคณะกรรมการการเลือกตั้ง พ.ศ. 2541 (ยกเลิก)
พระราชบัญญัติ ประกอบรัฐธรรมนูญว่าด้วยคณะกรรมการการเลือกตั้ง พ.ศ. ๒๕๔๑ (ยกเลิก) ภูมิพลอดุลยเดช ป.ร. ให้ไว้ ณ วันที่ ๖ มิถุนายน พ.ศ. ๒๕๔๑ เป็นปีที่ ๕๓ ในรัชกาลปัจจุบัน พระบาทสมเด็จพระปรมินทรมหาภูมิพลอดุลยเดช มีพร",กฎหมายทั่วไป,พระราชบัญญัติ
kris_ป0038-1B-0001,พระราชบัญญัติเปลี่ยนแปลงฐานะของสุขาภิบาลเป็นเทศบาล พ.ศ. 2542,"[24/2/2542] พระราชบัญญัติเปลี่ยนแปลงฐานะของสุขาภิบาลเป็นเทศบาล พ.ศ. 2542
พระราชบัญญัติ เปลี่ยนแปลงฐานะของสุขาภิบาลเป็นเทศบาล พ.ศ. ๒๕๔๒ ภูมิพลอดุลยเดช ป.ร. ให้ไว้ ณ วันที่ ๑๓ กุมภาพันธ์ พ.ศ. ๒๕๔๒ เป็นปีที่ ๕๔ ในรัชกาลปัจจุบัน พระบาทสมเด็จพระปรมินทรมหาภูมิพลอดุลยเดช มีพระบรมราชโองการโ",กฎหมายทั่วไป,พระราชบัญญัติ
kris_ป0039-1B-0002,พระราชบัญญัติป้องกันและระงับอัคคีภัย พ.ศ. 2542 (ยกเลิก),"[19/4/2542] พระราชบัญญัติป้องกันและระงับอัคคีภัย พ.ศ. 2542 (ยกเลิก)
พระราชบัญญัติ ป้องกันและระงับอัคคีภัย พ.ศ. ๒๕๔๒ (ยกเลิก) ภูมิพลอดุลยเดช ป.ร. ให้ไว้ ณ วันที่ ๗ เมษายน พ.ศ. ๒๕๔๒ เป็นปีที่ ๕๔ ในรัชกาลปัจจุบัน พระบาทสมเด็จพระปรมินทรมหาภูมิพลอดุลยเดช มีพระบรมราชโองการโปรดเกล้าฯ",กฎหมายทั่วไป,พระราชบัญญัติ
kris_ป0040-1B-0001,พระราชบัญญัติป้องกันและปราบปรามการฟอกเงิน พ.ศ. 2542,"[21/4/2542] พระราชบัญญัติป้องกันและปราบปรามการฟอกเงิน พ.ศ. 2542
ประกาศสำนักนายกรัฐมนตรี เรื่อง การอนุมัติพระราชกำหนดแก้ไขเพิ่มเติมประมวลกฎหมายอาญา พ.ศ. ๒๕๔๖ และพระราชกำหนดแก้ไขเพิ่มเติมพระราชบัญญัติป้องกันและปราบปรามการฟอกเงิน พ.ศ. ๒๕๔๒ พระราชบัญญัติป้องกันและปราบปรามการฟอก",กฎหมายทั่วไป,พระราชบัญญัติ
kris_ป0041-1A-0004,พระราชบัญญัติประกอบรัฐธรรมนูญว่าด้วยผู้ตรวจการแผ่นดินของรัฐสภา พ.ศ. 2542 (ยกเลิก),"[14/9/2542] พระราชบัญญัติประกอบรัฐธรรมนูญว่าด้วยผู้ตรวจการแผ่นดินของรัฐสภา พ.ศ. 2542 (ยกเลิก)
พระราชบัญญัติ ประกอบรัฐธรรมนูญว่าด้วยผู้ตรวจการแผ่นดินของรัฐสภา พ.ศ. ๒๕๔๒ (ยกเลิก) ภูมิพลอดุลยเดช ป.ร. ให้ไว้ ณ วันที่ ๔ กันยายน พ.ศ. ๒๕๔๒ เป็นปีที่ ๕๔ ในรัชกาลปัจจุบัน พระบาทสมเด็จพระปรมินทรมหาภูมิพลอดุลยเดช ม",กฎหมายทั่วไป,พระราชบัญญัติ
kris_ป0063-1A-0001,พระราชบัญญัติประกอบรัฐธรรมนูญว่าด้วยการตรวจเงินแผ่นดิน พ.ศ. 2542 (ยกเลิก),"[18/11/2542] พระราชบัญญัติประกอบรัฐธรรมนูญว่าด้วยการตรวจเงินแผ่นดิน พ.ศ. 2542 (ยกเลิก)
ประกาศคณะรักษาความสงบแห่งชาติ ฉบับที่ ๔๘/๒๕๕๗ เรื่อง การสรรหาบุคคลเพื่อดำรงตำแหน่งแทนตำแหน่งที่ว่าง ภูมิพลอดุลยเดช ป.ร. ให้ไว้ ณ วันที่ ๑๑ พฤศจิกายน พ.ศ. ๒๕๔๒ เป็นปีที่ ๕๔ ในรัชกาลปัจจุบัน พระบาทสมเด็จพระปรมินท",กฎหมายทั่วไป,พระราชบัญญัติ
kris_ปข004-1B-0001,พระราชบัญญัติเปลี่ยนแปลงเขตอำนาจศาลจังหวัดชัยภูมิและศาลจังหวัดภูเขียว พ.ศ. 2542,"[30/12/2542] พระราชบัญญัติเปลี่ยนแปลงเขตอำนาจศาลจังหวัดชัยภูมิและศาลจังหวัดภูเขียว พ.ศ. 2542
พระราชบัญญัติ เปลี่ยนแปลงเขตอำนาจศาลจังหวัดชัยภูมิและศาลจังหวัดภูเขียว พ.ศ. ๒๕๔๒ ภูมิพลอดุลยเดช ป.ร. ให้ไว้ ณ วันที่ ๒๙ ธันวาคม พ.ศ. ๒๕๔๒ เป็นปีที่ ๕๔ ในรัชกาลปัจจุบัน พระบาทสมเด็จพระปรมินทรมหาภูมิพลอดุลยเดช มี",กฎหมายทั่วไป,พระราชบัญญัติ
kris_ปข005-1B-0001,พระราชบัญญัติเปลี่ยนแปลงเขตอำนาจศาลจังหวัดปากพนัง พ.ศ. 2544,"[24/7/2544] พระราชบัญญัติเปลี่ยนแปลงเขตอำนาจศาลจังหวัดปากพนัง พ.ศ. 2544
พระราชบัญญัติ เปลี่ยนแปลงเขตอำนาจศาลจังหวัดปากพนัง พ.ศ. ๒๕๔๔ ภูมิพลอดุลยเดช ป.ร. ให้ไว้ ณ วันที่ ๑๒ กรกฎาคม พ.ศ. ๒๕๔๔ เป็นปีที่ ๕๖ ในรัชกาลปัจจุบัน พระบาทสมเด็จพระปรมินทรมหาภูมิพลอดุลยเดช มีพระบรมราชโองการโปรดเ",กฎหมายทั่วไป,พระราชบัญญัติ
kris_ป0033-1B-0001,พระราชบัญญัติปรับปรุงกระทรวง ทบวง กรม พ.ศ. 2545,"[2/10/2545] พระราชบัญญัติปรับปรุงกระทรวง ทบวง กรม พ.ศ. 2545
พระราชบัญญัติสภาพัฒนาการเศรษฐกิจและสังคมแห่งชาติ พ.ศ. ๒๕๖๑ พระราชกฤษฎีกาเปลี่ยนชื่อกรมส่งเสริมคุณภาพสิ่งแวดล้อม เป็นกรมการเปลี่ยนแปลงสภาพภูมิอากาศและสิ่งแวดล้อม พ.ศ. ๒๕๖๖ พระราชบัญญัติปรับปรุงกระทรวง ทบวง กรม (",กฎหมายทั่วไป,พระราชบัญญัติ
kris_ปข006-1B-0001,พระราชบัญญัติเปลี่ยนแปลงเขตอำนาจศาลแพ่งกรุงเทพใต้ ศาลอาญากรุงเทพใต้ ศาลแพ่งธนบุรี และศาลอาญาธนบุรี พ.ศ. 2549,"[20/1/2549] พระราชบัญญัติเปลี่ยนแปลงเขตอำนาจศาลแพ่งกรุงเทพใต้ ศาลอาญากรุงเทพใต้ ศาลแพ่งธนบุรี และศาลอาญาธนบุรี พ.ศ. 2549
พระราชบัญญัติ เปลี่ยนแปลงเขตอำนาจศาลแพ่งกรุงเทพใต้ ศาลอาญากรุงเทพใต้ ศาลแพ่งธนบุรี และศาลอาญาธนบุรี พ.ศ. ๒๕๔๙ ภูมิพลอดุลยเดช ป.ร. ให้ไว้ ณ วันที่ ๙ มกราคม พ.ศ. ๒๕๔๙ เป็นปีที่ ๖๑ ในรัชกาลปัจจุบัน พระบาทสมเด็จพระ",กฎหมายทั่วไป,พระราชบัญญัติ
kris_ป0046-1B-0001,พระราชบัญญัติป้องกันและบรรเทาสาธารณภัย พ.ศ. 2550,"[7/9/2550] พระราชบัญญัติป้องกันและบรรเทาสาธารณภัย พ.ศ. 2550
พระราชบัญญัติ ป้องกันและบรรเทาสาธารณภัย พ.ศ. ๒๕๕๐ ภูมิพลอดุลยเดช ป.ร. ให้ไว้ ณ วันที่ ๒๘ สิงหาคม พ.ศ. ๒๕๕๐ เป็นปีที่ ๖๒ ในรัชกาลปัจจุบัน พระบาทสมเด็จพระปรมินทรมหาภูมิพลอดุลยเดช มีพระบรมราชโองการโปรดเกล้าฯ ให้ปร",กฎหมายทั่วไป,พระราชบัญญัติ
kris_ป0066-1A-0001,พระราชบัญญัติประกอบรัฐธรรมนูญว่าด้วยพรรคการเมือง พ.ศ. 2550 (ยกเลิก),"[7/10/2550] พระราชบัญญัติประกอบรัฐธรรมนูญว่าด้วยพรรคการเมือง พ.ศ. 2550 (ยกเลิก)
ประกาศคณะรักษาความสงบแห่งชาติฉบับที่ ๕๗/๒๕๕๗ เรื่อง ให้พระราชบัญญัติประกอบรัฐธรรมนูญบางฉบับมีผลบังคับใช้ต่อไป พระราชบัญญัติประกอบรัฐธรรมนูญว่าด้วยพรรคการเมือง (ฉบับที่ ๒) พ.ศ. ๒๕๕๔ ภูมิพลอดุลยเดช ป.ร. ให้ไว้ ณ",กฎหมายทั่วไป,พระราชบัญญัติ
kris_ป0030-1B-0001,พระราชบัญญัติปุ๋ย พ.ศ. 2518,"[11/1/2551] พระราชบัญญัติปุ๋ย พ.ศ. 2518
พระราชบัญญัติว่าด้วยการปรับเป็นพินัย พ.ศ. ๒๕๖๕ ภูมิพลอดุลยเดช ป.ร. ให้ไว้ ณ วันที่ ๔ มกราคม พ.ศ. ๒๕๑๘ เป็นปีที่ ๓๐ ในรัชกาลปัจจุบัน พระบาทสมเด็จพระปรมินทรมหาภูมิพลอดุลยเดช มีพระบรมราชโองการโปรดเกล้าฯ ให้ประกาศว",กฎหมายทั่วไป,พระราชบัญญัติ
kris_ป0047-1B-0001,พระราชบัญญัติป้องกันและปราบปรามการค้ามนุษย์ พ.ศ. 2551,"[6/2/2551] พระราชบัญญัติป้องกันและปราบปรามการค้ามนุษย์ พ.ศ. 2551
พระราชกำหนดแก้ไขเพิ่มเติมพระราชบัญญัติป้องกันและปราบปรามการค้ามนุษย์ พ.ศ. ๒๕๕๑ พ.ศ. ๒๕๖๒ พระราชบัญญัติป้องกันและปราบปรามการค้ามนุษย์ (ฉบับที่ ๒) พ.ศ. ๒๕๕๘ พระราชบัญญัติป้องกันและปราบปรามการค้ามนุษย์ (ฉบับที่ ๓)",กฎหมายทั่วไป,พระราชบัญญัติ
kris_ป0064-1A-0001,พระราชบัญญัติประกอบรัฐธรรมนูญว่าด้วยผู้ตรวจการแผ่นดิน พ.ศ. 2552 (ยกเลิก),"[4/8/2552] พระราชบัญญัติประกอบรัฐธรรมนูญว่าด้วยผู้ตรวจการแผ่นดิน พ.ศ. 2552 (ยกเลิก)
ประกาศคณะรักษาความสงบแห่งชาติ ฉบับที่ ๒๔/๒๕๕๗ เรื่อง ให้พระราชบัญญัติประกอบรัฐธรรมนูญมีผลบังคับใช้ต่อไป ภูมิพลอดุลยเดช ป.ร. ให้ไว้ ณ วันที่ ๑๐ กรกฎาคม พ.ศ. ๒๕๕๒ เป็นปีที่ ๖๔ ในรัชกาลปัจจุบัน พระบาทสมเด็จพระปรมิ",กฎหมายทั่วไป,พระราชบัญญัติ
kris_ป0037-1A-0001,พระราชบัญญัติประกอบรัฐธรรมนูญว่าด้วยการออกเสียงประชามติ พ.ศ. 2552 (ยกเลิก),"[28/12/2552] พระราชบัญญัติประกอบรัฐธรรมนูญว่าด้วยการออกเสียงประชามติ พ.ศ. 2552 (ยกเลิก)
พระราชบัญญัติประกอบรัฐธรรมนูญ ว่าด้วยการออกเสียงประชามติ พ.ศ. ๒๕๕๒ (ยกเลิก) ภูมิพลอดุลยเดช ป.ร. ให้ไว้ ณ วันที่ ๑๘ ธันวาคม พ.ศ. ๒๕๕๒ เป็นปีที่ ๖๔ ในรัชกาลปัจจุบัน พระบาทสมเด็จพระปรมินทรมหาภูมิพลอดุลยเดช มีพระบร",กฎหมายทั่วไป,พระราชบัญญัติ
kris_ป0050-1C-0001,พระราชกำหนดปรับปรุงการบริหารหนี้เงินกู้ที่กระทรวงการคลังกู้เพื่อช่วยเหลือกองทุนเพื่อการฟื้นฟูและพัฒนาระบบสถาบันการเงิน พ.ศ. 2555,"[26/1/2555] พระราชกำหนดปรับปรุงการบริหารหนี้เงินกู้ที่กระทรวงการคลังกู้เพื่อช่วยเหลือกองทุนเพื่อการฟื้นฟูและพัฒนาระบบสถาบันการเงิน พ.ศ. 2555
พระราชกำหนด ปรับปรุงการบริหารหนี้เงินกู้ที่กระทรวงการคลังกู้ เพื่อช่วยเหลือกองทุนเพื่อการฟื้นฟูและพัฒนาระบบสถาบันการเงิน พ.ศ. ๒๕๕๕ ภูมิพลอดุลยเดช ป.ร. ให้ไว้ ณ วันที่ ๒๖ มกราคม พ.ศ. ๒๕๕๕ เป็นปีที่ ๖๗ ในรัชกาลปั",กฎหมายทั่วไป,พระราชกำหนด
kris_ป0045-1B-0001,พระราชบัญญัติป้องกันและปราบปรามการสนับสนุนทางการเงินแก่การก่อการร้าย พ.ศ. 2556,"[1/2/2556] พระราชบัญญัติป้องกันและปราบปรามการสนับสนุนทางการเงินแก่การก่อการร้าย พ.ศ. 2556
พระราชบัญญัติป้องกันและปราบปรามการสนับสนุนทางการเงินแก่การก่อการร้าย (ฉบับที่ ๒) พ.ศ. ๒๕๕๘ ภูมิพลอดุลยเดช ป.ร. ให้ไว้ ณ วันที่ ๑ กุมภาพันธ์ พ.ศ. ๒๕๕๖ เป็นปีที่ ๖๘ ในรัชกาลปัจจุบัน พระบาทสมเด็จพระปรมินทรมหาภูมิพ",กฎหมายทั่วไป,พระราชบัญญัติ
kris_ป0051-1B-0001,พระราชบัญญัติเปลี่ยนชื่อมหาวิทยาลัยกรุงเทพมหานครเป็นมหาวิทยาลัยนวมินทราธิราช พ.ศ. 2556,"[20/6/2556] พระราชบัญญัติเปลี่ยนชื่อมหาวิทยาลัยกรุงเทพมหานครเป็นมหาวิทยาลัยนวมินทราธิราช พ.ศ. 2556
พระราชบัญญัติ เปลี่ยนชื่อมหาวิทยาลัยกรุงเทพมหานคร เป็นมหาวิทยาลัยนวมินทราธิราช พ.ศ. ๒๕๕๖ ภูมิพลอดุลยเดช ป.ร. ให้ไว้ ณ วันที่ ๑๔ มิถุนายน พ.ศ. ๒๕๕๖ เป็นปีที่ ๖๘ ในรัชกาลปัจจุบัน พระบาทสมเด็จพระปรมินทรมหาภูมิพลอด",กฎหมายทั่วไป,พระราชบัญญัติ
kris_ป0052-1B-0001,พระราชบัญญัติป้องกันและปราบปรามการมีส่วนร่วมในองค์กรอาชญากรรมข้ามชาติ พ.ศ. 2556,"[26/6/2556] พระราชบัญญัติป้องกันและปราบปรามการมีส่วนร่วมในองค์กรอาชญากรรมข้ามชาติ พ.ศ. 2556
พระราชบัญญัติ ป้องกันและปราบปรามการมีส่วนร่วมในองค์กรอาชญากรรมข้ามชาติ พ.ศ. ๒๕๕๖ ภูมิพลอดุลยเดช ป.ร. ให้ไว้ ณ วันที่ ๑๘ มิถุนายน พ.ศ. ๒๕๕๖ เป็นปีที่ ๖๘ ในรัชกาลปัจจุบัน พระบาทสมเด็จพระปรมินทรมหาภูมิพลอดุลยเดช ม",กฎหมายทั่วไป,พระราชบัญญัติ
kris_คส035-1L-0001,ประกาศคณะรักษาความสงบแห่งชาติ ฉบับที่ 43/2557 เรื่อง ความผิดที่อยู่ในอำนาจพิจารณาพิพากษาคดีของศาลทหาร (ยกเลิก),"[30/5/2557] ประกาศคณะรักษาความสงบแห่งชาติ ฉบับที่ 43/2557 เรื่อง ความผิดที่อยู่ในอำนาจพิจารณาพิพากษาคดีของศาลทหาร (ยกเลิก)
ประกาศคณะรักษาความสงบแห่งชาติ ฉบับที่ ๔๓/๒๕๕๗ เรื่อง ความผิดที่อยู่ในอำนาจพิจารณาพิพากษาคดีของศาลทหาร (ยกเลิก) ตามที่คณะรักษาความสงบแห่งชาติได้ออกประกาศคณะรักษาความสงบแห่งชาติ ฉบับที่ ๓๗/๒๕๕๗ เรื่อง ความผิดที่อ",กฎหมายทั่วไป,ประกาศ
kris_คส050-1L-0001,ประกาศคณะรักษาความสงบแห่งชาติ ฉบับที่ 57/2557 เรื่อง ให้พระราชบัญญัติประกอบรัฐธรรมนูญบางฉบับมีผลบังคับใช้ต่อไป (ยกเลิก),"[12/6/2557] ประกาศคณะรักษาความสงบแห่งชาติ ฉบับที่ 57/2557 เรื่อง ให้พระราชบัญญัติประกอบรัฐธรรมนูญบางฉบับมีผลบังคับใช้ต่อไป (ยกเลิก)
พระราชบัญญัติประกอบรัฐธรรมนูญว่าด้วยการได้มาซึ่งสมาชิกวุฒิสภา พ.ศ. ๒๕๖๑ ตามที่ได้มีประกาศคณะรักษาความสงบแห่งชาติ ฉบับที่ ๑๑/๒๕๕๗ ลงวันที่ ๒๒ พฤษภาคม พุทธศักราช ๒๕๕๗ เรื่อง การสิ้นสุดของรัฐธรรมนูญแห่งราชอาณาจักร",กฎหมายทั่วไป,ประกาศ
kris_ป0053-1B-0001,พระราชบัญญัติป้องกันการทารุณกรรมและการจัดสวัสดิภาพสัตว์ พ.ศ. 2557,"[26/12/2557] พระราชบัญญัติป้องกันการทารุณกรรมและการจัดสวัสดิภาพสัตว์ พ.ศ. 2557
พระราชบัญญัติว่าด้วยการปรับเป็นพินัย พ.ศ. ๒๕๖๕ ภูมิพลอดุลยเดช ป.ร. ให้ไว้ ณ วันที่ ๒๖ ธันวาคม พ.ศ. ๒๕๕๗ เป็นปีที่ ๖๙ ในรัชกาลปัจจุบัน พระบาทสมเด็จพระปรมินทรมหาภูมิพลอดุลยเดช มีพระบรมราชโองการโปรดเกล้าฯ ให้ประกา",กฎหมายทั่วไป,พระราชบัญญัติ
kris_ป0054-1B-0001,พระราชบัญญัติป้องกันและปราบปรามการสนับสนุนทางการเงินแก่การก่อการร้ายและการแพร่ขยายอาวุธที่มีอานุภาพทำลายล้างสูง พ.ศ. 2559,"[30/12/2559] พระราชบัญญัติป้องกันและปราบปรามการสนับสนุนทางการเงินแก่การก่อการร้ายและการแพร่ขยายอาวุธที่มีอานุภาพทำลายล้างสูง พ.ศ. 2559
พระราชบัญญัติ ป้องกันและปราบปรามการสนับสนุนทางการเงินแก่การก่อการร้าย และการแพร่ขยายอาวุธที่มีอานุภาพทำลายล้างสูง พ.ศ. ๒๕๕๙ พระราชบัญญัติป้องกันและปราบปรามการสนับสนุนทางการเงินแก่การก่อการร้ายและการแพร่ขยายอาวุ",กฎหมายทั่วไป,พระราชบัญญัติ
kris_ป0035-1A-0001,พระราชบัญญัติประกอบรัฐธรรมนูญว่าด้วยคณะกรรมการการเลือกตั้ง พ.ศ. 2560,"[13/9/2560] พระราชบัญญัติประกอบรัฐธรรมนูญว่าด้วยคณะกรรมการการเลือกตั้ง พ.ศ. 2560
พระราชบัญญัติประกอบรัฐธรรมนูญ ว่าด้วยคณะกรรมการการเลือกตั้ง พ.ศ. ๒๕๖๐ สมเด็จพระเจ้าอยู่หัวมหาวชิราลงกรณ บดินทรเทพยวรางกูร ให้ไว้ ณ วันที่ ๘ กันยายน พ.ศ. ๒๕๖๐ เป็นปีที่ ๒ ในรัชกาลปัจจุบัน สมเด็จพระเจ้าอยู่หัวมหา",กฎหมายทั่วไป,พระราชบัญญัติ
kris_ป0042-1A-0001,พระราชบัญญัติประกอบรัฐธรรมนูญว่าด้วยวิธีพิจารณาคดีอาญาของผู้ดำรงตำแหน่งทางการเมือง พ.ศ. 2560,"[28/9/2560] พระราชบัญญัติประกอบรัฐธรรมนูญว่าด้วยวิธีพิจารณาคดีอาญาของผู้ดำรงตำแหน่งทางการเมือง พ.ศ. 2560
พระราชบัญญัติประกอบรัฐธรรมนูญ ว่าด้วยวิธีพิจารณาคดีอาญาของผู้ดำรงตำแหน่งทางการเมือง พ.ศ. ๒๕๖๐ สมเด็จพระเจ้าอยู่หัวมหาวชิราลงกรณ บดินทรเทพยวรางกูร ให้ไว้ ณ วันที่ ๒๒ กันยายน พ.ศ. ๒๕๖๐ เป็นปีที่ ๒ ในรัชกาลปัจจุบั",กฎหมายทั่วไป,พระราชบัญญัติ
kris_ป0034-1A-0002,พระราชบัญญัติประกอบรัฐธรรมนูญว่าด้วยพรรคการเมือง พ.ศ. 2560,"[7/10/2560] พระราชบัญญัติประกอบรัฐธรรมนูญว่าด้วยพรรคการเมือง พ.ศ. 2560
คำสั่งหัวหน้าคณะรักษาความสงบแห่งชาติ ที่ ๒๒/๒๕๖๑ เรื่อง การให้ประชาชนและพรรคการเมืองดำเนินกิจกรรมทางการเมือง พระราชบัญญัติประกอบรัฐธรรมนูญว่าด้วยพรรคการเมือง (ฉบับที่ ๒) พ.ศ. ๒๕๖๖ สมเด็จพระเจ้าอยู่หัวมหาวชิราลง",กฎหมายทั่วไป,พระราชบัญญัติ
kris_ป0055-1A-0001,พระราชบัญญัติประกอบรัฐธรรมนูญว่าด้วยคณะกรรมการสิทธิมนุษยชนแห่งชาติ พ.ศ. 2560,"[12/12/2560] พระราชบัญญัติประกอบรัฐธรรมนูญว่าด้วยคณะกรรมการสิทธิมนุษยชนแห่งชาติ พ.ศ. 2560
พระราชบัญญัติประกอบรัฐธรรมนูญ ว่าด้วยคณะกรรมการสิทธิมนุษยชนแห่งชาติ พ.ศ. ๒๕๖๐ สมเด็จพระเจ้าอยู่หัวมหาวชิราลงกรณ บดินทรเทพยวรางกูร ให้ไว้ ณ วันที่ ๑๐ ธันวาคม พ.ศ. ๒๕๖๐ เป็นปีที่ ๒ ในรัชกาลปัจจุบัน สมเด็จพระเจ้าอ",กฎหมายทั่วไป,พระราชบัญญัติ
kris_ป0048-1A-0001,พระราชบัญญัติประกอบรัฐธรรมนูญว่าด้วยผู้ตรวจการแผ่นดิน พ.ศ. 2560,"[27/12/2560] พระราชบัญญัติประกอบรัฐธรรมนูญว่าด้วยผู้ตรวจการแผ่นดิน พ.ศ. 2560
พระราชบัญญัติประกอบรัฐธรรมนูญ ว่าด้วยผู้ตรวจการแผ่นดิน พ.ศ. ๒๕๖๐ สมเด็จพระเจ้าอยู่หัวมหาวชิราลงกรณ บดินทรเทพยวรางกูร ให้ไว้ ณ วันที่ ๒๔ ธันวาคม พ.ศ. ๒๕๖๐ เป็นปีที่ ๒ ในรัชกาลปัจจุบัน สมเด็จพระเจ้าอยู่หัวมหาวชิร",กฎหมายทั่วไป,พระราชบัญญัติ
kris_ป0044-1A-0001,พระราชบัญญัติประกอบรัฐธรรมนูญว่าด้วยการตรวจเงินแผ่นดิน พ.ศ. 2561,"[21/2/2561] พระราชบัญญัติประกอบรัฐธรรมนูญว่าด้วยการตรวจเงินแผ่นดิน พ.ศ. 2561
พระราชบัญญัติประกอบรัฐธรรมนูญ ว่าด้วยการตรวจเงินแผ่นดิน พ.ศ. ๒๕๖๑ สมเด็จพระเจ้าอยู่หัวมหาวชิราลงกรณ บดินทรเทพยวรางกูร ให้ไว้ ณ วันที่ ๑๘ กุมภาพันธ์ พ.ศ. ๒๕๖๑ เป็นปีที่ ๓ ในรัชกาลปัจจุบัน สมเด็จพระเจ้าอยู่หัวมหา",กฎหมายทั่วไป,พระราชบัญญัติ
kris_ป0056-1A-0004,พระราชบัญญัติประกอบรัฐธรรมนูญว่าด้วยวิธีพิจารณาของศาลรัฐธรรมนูญ พ.ศ. 2561,"[2/3/2561] พระราชบัญญัติประกอบรัฐธรรมนูญว่าด้วยวิธีพิจารณาของศาลรัฐธรรมนูญ พ.ศ. 2561
พระราชบัญญัติประกอบรัฐธรรมนูญ ว่าด้วยวิธีพิจารณาของศาลรัฐธรรมนูญ พ.ศ. ๒๕๖๑ สมเด็จพระเจ้าอยู่หัวมหาวชิราลงกรณ บดินทรเทพยวรางกูร ให้ไว้ ณ วันที่ ๒๗ กุมภาพันธ์ พ.ศ. ๒๕๖๑ เป็นปีที่ ๓ ในรัชกาลปัจจุบัน สมเด็จพระเจ้าอ",กฎหมายทั่วไป,พระราชบัญญัติ
kris_ป0043-1A-0001,พระราชบัญญัติประกอบรัฐธรรมนูญว่าด้วยการป้องกันและปราบปรามการทุจริต พ.ศ. 2561,"[21/7/2561] พระราชบัญญัติประกอบรัฐธรรมนูญว่าด้วยการป้องกันและปราบปรามการทุจริต พ.ศ. 2561
คำสั่งหัวหน้าคณะรักษาความสงบแห่งชาติ ที่ ๒๑/๒๕๖๑ เรื่อง การแก้ไขเพิ่มเติมกฎหมายประกอบรัฐธรรมนูญว่าด้วยการป้องกันและปราบปรามการทุจริต พระราชบัญญัติประกอบรัฐธรรมนูญว่าด้วยการป้องกันและปราบปรามการทุจริต (ฉบับที่ ๒",กฎหมายทั่วไป,พระราชบัญญัติ
kris_ป0057-1A-0001,พระราชบัญญัติประกอบรัฐธรรมนูญว่าด้วยการได้มาซึ่งสมาชิกวุฒิสภา พ.ศ. 2561,"[12/9/2561] พระราชบัญญัติประกอบรัฐธรรมนูญว่าด้วยการได้มาซึ่งสมาชิกวุฒิสภา พ.ศ. 2561
พระราชบัญญัติประกอบรัฐธรรมนูญ ว่าด้วยการได้มาซึ่งสมาชิกวุฒิสภา พ.ศ. ๒๕๖๑ สมเด็จพระเจ้าอยู่หัวมหาวชิราลงกรณ บดินทรเทพยวรางกูร ให้ไว้ ณ วันที่ ๑๒ กันยายน พ.ศ. ๒๕๖๑ เป็นปีที่ ๓ ในรัชกาลปัจจุบัน  สมเด็จพระเจ้าอยู่ห",กฎหมายทั่วไป,พระราชบัญญัติ
kris_ป0058-1A-0001,พระราชบัญญัติประกอบรัฐธรรมนูญว่าด้วยการเลือกตั้งสมาชิกสภาผู้แทนราษฎร พ.ศ. 2561,"[12/9/2561] พระราชบัญญัติประกอบรัฐธรรมนูญว่าด้วยการเลือกตั้งสมาชิกสภาผู้แทนราษฎร พ.ศ. 2561
พระราชบัญญัติประกอบรัฐธรรมนูญ ว่าด้วยการเลือกตั้งสมาชิกสภาผู้แทนราษฎร พ.ศ. ๒๕๖๑ พระราชบัญญัติประกอบรัฐธรรมนูญว่าด้วยการเลือกตั้งสมาชิกสภาผู้แทนราษฎร (ฉบับที่ ๒) พ.ศ. ๒๕๖๖ สมเด็จพระเจ้าอยู่หัวมหาวชิราลงกรณ บดินท",กฎหมายทั่วไป,พระราชบัญญัติ
kris_ป0059-1B-0001,พระราชบัญญัติป่าชุมชน พ.ศ. 2562,"[29/5/2562] พระราชบัญญัติป่าชุมชน พ.ศ. 2562
พระราชบัญญัติว่าด้วยการปรับเป็นพินัย พ.ศ. ๒๕๖๕ พระบาทสมเด็จพระปรเมนทรรามาธิบดีศรีสินทรมหาวชิราลงกรณ พระวชิรเกล้าเจ้าอยู่หัว ให้ไว้ ณ วันที่ ๒๔ พฤษภาคม พ.ศ. ๒๕๖๒ เป็นปีที่ ๔ ในรัชกาลปัจจุบัน พระบาทสมเด็จพระปรเมน",กฎหมายทั่วไป,พระราชบัญญัติ
kris_ป0060-1D-0001,ประมวลกฎหมายยาเสพติด,"[8/11/2564] ประมวลกฎหมายยาเสพติด
ประมวลกฎหมายยาเสพติด พระบาทสมเด็จพระปรเมนทรรามาธิบดีศรีสินทรมหาวชิราลงกรณ พระวชิรเกล้าเจ้าอยู่หัว ให้ไว้ ณ วันที่ ๗ พฤศจิกายน พ.ศ. ๒๕๖๔ เป็นปีที่ ๖ ในรัชกาลปัจจุบัน พระบาทสมเด็จพระปรเมนทรรามาธิบดีศรีสินทรมหาวช",กฎหมายทั่วไป,ประมวลกฎหมาย
kris_ป0061-1B-0001,พระราชบัญญัติป้องกันและปราบปรามการทรมานและการกระทำให้บุคคลสูญหาย พ.ศ. 2565,"[25/10/2565] พระราชบัญญัติป้องกันและปราบปรามการทรมานและการกระทำให้บุคคลสูญหาย พ.ศ. 2565
พระราชกำหนดแก้ไขเพิ่มเติมพระราชบัญญัติป้องกันและปราบปรามการทรมานและการกระทำให้บุคคลสูญหาย พ.ศ. ๒๕๖๕ พ.ศ. ๒๕๖๖ พระบาทสมเด็จพระปรเมนทรรามาธิบดีศรีสินทรมหาวชิราลงกรณ พระวชิรเกล้าเจ้าอยู่หัว ให้ไว้ ณ วันที่ ๒๔ ตุลา",กฎหมายทั่วไป,พระราชบัญญัติ
kris_ป0026-1B-0002,พระราชบัญญัติป่าไม้ พุทธศักราช 2484,"[15/10/2484] พระราชบัญญัติป่าไม้ พุทธศักราช 2484
พระราชบัญญัติว่าด้วยการปรับเป็นพินัย พ.ศ. ๒๕๖๕ พระราชบัญญัติป่าไม้ (ฉบับที่ ๒) พ.ศ. ๒๔๙๑ พระราชบัญญัติป่าไม้ (ฉบับที่ ๓) พ.ศ. ๒๔๙๔ พระราชบัญญัติป่าไม้ (ฉบับที่ ๔) พ.ศ. ๒๕๐๓ พระราชบัญญัติป่าไม้ (ฉบับที่ ๕) พ.ศ.",กฎหมายทั่วไป,พระราชบัญญัติ
kris_ป0008-1D-0001,ประมวลรัษฎากร,"[1/4/2482] ประมวลรัษฎากร
พระราชบัญญัติแก้ไขเพิ่มเติมประมวลรัษฎากร (ฉบับที่ ๕๔) พ.ศ. ๒๕๖๔พ.ศ. ๒๕๑๗ ในพระปรมาภิไธยสมเด็จพระเจ้าอยู่หัวอานันทมหิดล คณะผู้สำเร็จราชการแทนพระองค์ (ตามประกาศประธานสภาผู้แทนราษฎร ลงวันที่ ๔ สิงหาคม พุทธศักราช ๒",กฎหมายทั่วไป,อื่นๆ
kris_ป0020-1B-0001,พระราชบัญญัติป้องกันเรือโดนกัน พ.ศ. 2522,"[21/4/2522] พระราชบัญญัติป้องกันเรือโดนกัน พ.ศ. 2522
พระราชบัญญัติ ป้องกันเรือโดนกัน พ.ศ. ๒๕๒๒ ภูมิพลอดุลยเดช ป.ร. ให้ไว้ ณ วันที่ ๑๖ เมษายน พ.ศ. ๒๕๒๒ เป็นปีที่ ๓๔ ในรัชกาลปัจจุบัน พระบาทสมเด็จพระปรมินทรมหาภูมิพลอดุลยเดช มีพระบรมราชโองการโปรดเกล้าฯ ให้ประกาศว่า โ",กฎหมายทั่วไป,พระราชบัญญัติ
kris_ป0027-1B-0001,พระราชบัญญัติป่าสงวนแห่งชาติ พ.ศ. 2507,"[28/4/2507] พระราชบัญญัติป่าสงวนแห่งชาติ พ.ศ. 2507
พระราชบัญญัติว่าด้วยการปรับเป็นพินัย พ.ศ. ๒๕๖๕ ภูมิพลอดุลยเดช ป.ร. ให้ไว้ ณ วันที่ ๑๖ เมษายน พ.ศ. ๒๕๐๗ เป็นปีที่ ๑๙ ในรัชกาลปัจจุบัน พระบาทสมเด็จพระปรมินทรมหาภูมิพลอดุลยเดช มีพระบรมราชโองการโปรดเกล้าฯ ให้ประกาศ",กฎหมายทั่วไป,พระราชบัญญัติ
kris_ผ0001-1B-0001,พระราชบัญญัติผู้สอบบัญชี พ.ศ. 2505 (ยกเลิก),"[1/11/2505] พระราชบัญญัติผู้สอบบัญชี พ.ศ. 2505 (ยกเลิก)
พระราชกฤษฎีกาแก้ไขบทบัญญัติให้สอดคล้องกับการโอนอำนาจหน้าที่ของส่วนราชการให้เป็นไปตามพระราชบัญญัติปรับปรุงกระทรวงทบวง กรม พ.ศ. ๒๕๔๕ พ.ศ. ๒๕๔๕ ภูมิพลอดุลยเดช ป.ร. ให้ไว้ ณ วันที่ ๓๐ ตุลาคม พ.ศ. ๒๕๐๕ เป็นปีที่ ๑๗",กฎหมายทั่วไป,พระราชบัญญัติ
kris_ผ0002-1B-0001,พระราชบัญญัติผู้สูงอายุ พ.ศ. 2546,"[31/12/2546] พระราชบัญญัติผู้สูงอายุ พ.ศ. 2546
พระราชบัญญัติ ผู้สูงอายุ พ.ศ. ๒๕๔๖ พระราชบัญญัติผู้สูงอายุ (ฉบับที่ ๒) พ.ศ. ๒๕๕๓ พระราชบัญญัติผู้สูงอายุ (ฉบับที่ ๓) พ.ศ. ๒๕๖๐ ภูมิพลอดุลยเดช ป.ร. ให้ไว้ ณ วันที่ ๒๒ ธันวาคม พ.ศ. ๒๕๔๖ เป็นปีที่ ๕๘ ในรัชกาลปัจจุ",กฎหมายทั่วไป,พระราชบัญญัติ
kris_ผ0003-1B-0001,พระราชบัญญัติแผนและขั้นตอนการดำเนินการปฏิรูปประเทศ พ.ศ. 2560,"[31/7/2560] พระราชบัญญัติแผนและขั้นตอนการดำเนินการปฏิรูปประเทศ พ.ศ. 2560
พระราชบัญญัติ แผนและขั้นตอนการดำเนินการปฏิรูปประเทศ พ.ศ. ๒๕๖๐ สมเด็จพระเจ้าอยู่หัวมหาวชิราลงกรณ บดินทรเทพยวรางกูร ให้ไว้ ณ วันที่ ๒๖ กรกฎาคม พ.ศ. ๒๕๖๐ เป็นปีที่ ๒ ในรัชกาลปัจจุบัน สมเด็จพระเจ้าอยู่หัวมหาวชิราลง",กฎหมายทั่วไป,พระราชบัญญัติ
kris_ผ0004-1B-0006,พระราชบัญญัติผลิตภัณฑ์สมุนไพร พ.ศ. 2562,"[30/4/2562] พระราชบัญญัติผลิตภัณฑ์สมุนไพร พ.ศ. 2562
พระราชบัญญัติปรับปรุงกระทรวง ทบวง กรม (ฉบับที่ ๑๙) พ.ศ. ๒๕๖๒ สมเด็จพระเจ้าอยู่หัวมหาวชิราลงกรณ บดินทรเทพยวรางกูร ให้ไว้ ณ วันที่ ๒๖ เมษายน พ.ศ. ๒๕๖๒ เป็นปีที่ ๔ ในรัชกาลปัจจุบัน สมเด็จพระเจ้าอยู่หัวมหาวชิราลงกร",กฎหมายทั่วไป,พระราชบัญญัติ
kris_ผ0005-1C-0001,พระราชกำหนดผ่อนผันให้กระทรวงการคลังค้ำประกันการชำระหนี้ของสำนักงานกองทุนน้ำมันเชื้อเพลิง พ.ศ. 2565,"[6/10/2565] พระราชกำหนดผ่อนผันให้กระทรวงการคลังค้ำประกันการชำระหนี้ของสำนักงานกองทุนน้ำมันเชื้อเพลิง พ.ศ. 2565
พระราชกำหนด ผ่อนผันให้กระทรวงการคลังค้ำประกันการชำระหนี้ ของสำนักงานกองทุนน้ำมันเชื้อเพลิง พ.ศ. ๒๕๖๕ พระบาทสมเด็จพระปรเมนทรรามาธิบดีศรีสินทรมหาวชิราลงกรณ พระวชิรเกล้าเจ้าอยู่หัว ให้ไว้ ณ วันที่ ๕ ตุลาคม พ.ศ. ๒๕",กฎหมายทั่วไป,พระราชกำหนด
kris_ยล233-1B-0001,พระราชบัญญัติฝิ่น พุทธศักราช 2472 (ยกเลิก),"[27/11/2472] พระราชบัญญัติฝิ่น พุทธศักราช 2472 (ยกเลิก)
พระราชบัญญัติ ฝิ่น พุทธศักราช ๒๔๗๒ และที่แก้ไขเพิ่มเติม (ยกเลิก) โปรดดูรายละเอียดของกฎหมาย ที่เว็บไซต์ราชกิจจานุเบกษา https://ratchakitcha.soc.go.th/",กฎหมายทั่วไป,พระราชบัญญัติ
kris_ยล168-1B-0001,พระราชบัญญัติพิกัดภาษีภายใน รัตนโกสินทร ศก 111 (ยกเลิก),"[29/4/2436] พระราชบัญญัติพิกัดภาษีภายใน รัตนโกสินทร ศก 111 (ยกเลิก)
พระราชบัญญัติ พิกัดภาษีภายใน รัตนโกสินทร ศก ๑๑๑ และที่แก้ไขเพิ่มเติม (ยกเลิก) โปรดดูรายละเอียดของกฎหมายที่เว็บไซต์ราชกิจจานุเบกษา https://ratchakitcha.soc.go.th/",กฎหมายทั่วไป,พระราชบัญญัติ
kris_พ0021-1C-0002,พระราชกำหนดพระราชทานอภัยโทษ พุทธศักราช 2475,"[6/4/2475] พระราชกำหนดพระราชทานอภัยโทษ พุทธศักราช 2475
พระราชกำหนด พระราชทานอภัยโทษ พุทธศักราช ๒๔๗๕ มีพระบรมราชโองการ ในพระบาทสมเด็จพระปรมินทรมหาประชาธิปก พระปกเกล้าเจ้าอยู่หัว ดำรัสเหนือเกล้าฯ สั่งว่า โดยที่ในต้นเดือนเมษายน พุทธศักราช ๒๔๗๕ ทรงพระกรุณาโปรดเกล้าฯ ให",กฎหมายทั่วไป,พระราชกำหนด
kris_ยล241-1B-0001,พระราชบัญญัติพิกัดอัตราค่าภาคหลวงดีบุก พุทธศักราช 2476 (ยกเลิก),"[4/2/2476] พระราชบัญญัติพิกัดอัตราค่าภาคหลวงดีบุก พุทธศักราช 2476 (ยกเลิก)
พระราชบัญญัติ พิกัดอัตราค่าภาคหลวงดีบุก พุทธศักราช ๒๔๗๖ และที่แก้ไขเพิ่มเติม (ยกเลิก) โปรดดูรายละเอียดของกฎหมายที่เว็บไซต์ราชกิจจานุเบกษา https://ratchakitcha.soc.go.th/",กฎหมายทั่วไป,พระราชบัญญัติ
kris_ยล053-1B-0001,พระราชบัญญัติพิกัดอัตราศุลกากร พุทธศักราช 2478 (ยกเลิก),"[21/3/2478] พระราชบัญญัติพิกัดอัตราศุลกากร พุทธศักราช 2478 (ยกเลิก)
พระราชบัญญัติ พิกัดอัตราศุลกากร พุทธศักราช ๒๔๗๘ และที่แก้ไขเพิ่มเติม (ยกเลิก) โปรดดูรายละเอียดของกฎหมายที่เว็บไซต์ราชกิจจานุเบกษา https://ratchakitcha.soc.go.th/",กฎหมายทั่วไป,พระราชบัญญัติ
kris_พ0001-1B-0001,พระธรรมนูญศาลยุติธรรม พุทธศักราช 2477 (ยกเลิก),"[21/6/2478] พระธรรมนูญศาลยุติธรรม พุทธศักราช 2477 (ยกเลิก)
พระราชบัญญัติแก้ไขเพิ่มเติมพระธรรมนูญศาลยุติธรรม (ฉบับที่ ๑๓) พ.ศ. ๒๕๓๔ ในพระปรมาภิไธยสมเด็จพระเจ้าอยู่หัวอานันทมหิดล คณะผู้สำเร็จราชการแทนพระองค์ (ตามประกาศประธานสภาผู้แทนราษฎร ลงวันที่ ๗ มีนาคม พุทธศักราช ๒๔๗",กฎหมายทั่วไป,อื่นๆ
kris_พ0010-1B-0002,พระราชบัญญัติไพ่ พุทธศักราช 2486 (ยกเลิก),"[28/12/2486] พระราชบัญญัติไพ่ พุทธศักราช 2486 (ยกเลิก)
พระราชบัญญัติไพ่ (ฉบับที่ ๓) พ.ศ. ๒๕๓๔ ในพระปรมาภิไธยสมเด็จพระเจ้าอยู่หัวอานันทมหิดล คณะผู้สำเร็จราชการแทนพระองค์ (ตามประกาศประธานสภาผู้แทนราษฎร ลงวันที่ ๔ สิงหาคม พุทธศักราช ๒๔๘๐ และวันที่ ๑๖ ธันวาคม พุทธศักรา",กฎหมายทั่วไป,พระราชบัญญัติ
kris_พ0009-1B-0001,พระราชบัญญัติเพิ่มอำนาจตำรวจในการป้องกันและปราบปรามการกระทำผิดทางน้ำ พ.ศ. 2496,"[6/10/2496] พระราชบัญญัติเพิ่มอำนาจตำรวจในการป้องกันและปราบปรามการกระทำผิดทางน้ำ พ.ศ. 2496
พระราชบัญญัติว่าด้วยการปรับเป็นพินัย พ.ศ. ๒๕๖๕ ภูมิพลอดุลยเดช ป.ร. ให้ไว้ ณ วันที่ ๒๙ กันยายน พ.ศ. ๒๔๙๖ เป็นปีที่ ๘ ในรัชกาลปัจจุบัน พระบาทสมเด็จพระปรมินทรมหาภูมิพลอดุลยเดช มีพระบรมราชโองการโปรดเกล้าฯ ให้ประกาศ",กฎหมายทั่วไป,พระราชบัญญัติ
kris_พ0002-1B-0001,พระราชบัญญัติพนักงานอัยการ พ.ศ. 2498 (ยกเลิก),"[30/8/2498] พระราชบัญญัติพนักงานอัยการ พ.ศ. 2498 (ยกเลิก)
พระราชบัญญัติพนักงานอัยการ (ฉบับที่ ๕) พ.ศ. ๒๕๑๗ ภูมิพลอดุลยเดช ป.ร. ให้ไว้ ณ วันที่ ๑๙ สิงหาคม พ.ศ. ๒๔๙๘ เป็นปีที่ ๑๐ ในรัชกาลปัจจุบัน พระบาทสมเด็จพระปรมินทรมหาภูมิพลอดุลยเดช มีพระบรมราชโองการโปรดเกล้าฯ ให้ประ",กฎหมายทั่วไป,พระราชบัญญัติ
kris_ยล234-1B-0001,พระราชบัญญัติพรรคการเมือง พ.ศ. 2498 (ยกเลิก),"[28/9/2498] พระราชบัญญัติพรรคการเมือง พ.ศ. 2498 (ยกเลิก)
พระราชบัญญัติ พรรคการเมือง พ.ศ. ๒๔๙๘ (ยกเลิก) โปรดดูรายละเอียดของกฎหมาย ที่เว็บไซต์ราชกิจจานุเบกษา https://ratchakitcha.soc.go.th/",กฎหมายทั่วไป,พระราชบัญญัติ
kris_ยล056-1C-0001,พระราชกำหนดพิกัดอัตราศุลกากร พ.ศ. 2503 (ยกเลิก),"[3/3/2503] พระราชกำหนดพิกัดอัตราศุลกากร พ.ศ. 2503 (ยกเลิก)
พระราชกำหนด พิกัดอัตราศุลกากร พ.ศ. ๒๕๐๓ และที่แก้ไขเพิ่มเติม (ยกเลิก) โปรดดูรายละเอียดของกฎหมายที่เว็บไซต์ราชกิจจานุเบกษา https://ratchakitcha.soc.go.th/",กฎหมายทั่วไป,พระราชกำหนด
kris_พ0006-1B-0003,พระราชบัญญัติพิกัดอัตราค่าภาคหลวงแร่ พ.ศ. 2509 (ยกเลิก),"[8/3/2509] พระราชบัญญัติพิกัดอัตราค่าภาคหลวงแร่ พ.ศ. 2509 (ยกเลิก)
พระราชบัญญัติพิกัดอัตราค่าภาคหลวงแร่ (ฉบับที่ ๓) พ.ศ. ๒๕๒๒ ภูมิพลอดุลยเดช ป.ร. ให้ไว้ ณ วันที่ ๒๑ กุมภาพันธ์ พ.ศ. ๒๕๐๙ เป็นปีที่ ๒๑ ในรัชกาลปัจจุบัน พระบาทสมเด็จพระปรมินทรมหาภูมิพลอดุลยเดช มีพระบรมราชโองการโปรด",กฎหมายทั่วไป,พระราชบัญญัติ
kris_พ0005-1B-0001,พระราชบัญญัติพันธุ์พืช พ.ศ. 2518,"[19/2/2518] พระราชบัญญัติพันธุ์พืช พ.ศ. 2518
พระราชบัญญัติว่าด้วยการปรับเป็นพินัย พ.ศ. ๒๕๖๕ พระราชบัญญัติพันธุ์พืช (ฉบับที่ ๒) พ.ศ. ๒๕๓๕ พระราชบัญญัติพันธุ์พืช (ฉบับที่ ๓) พ.ศ. ๒๕๕๐ ภูมิพลอดุลยเดช ป.ร. ให้ไว้ ณ วันที่ ๙ กุมภาพันธ์ พ.ศ. ๒๕๑๘ เป็นปีที่ ๓๐ ใ",กฎหมายทั่วไป,พระราชบัญญัติ
kris_พ0011-1B-0001,พระราชบัญญัติพัฒนาการเศรษฐกิจและสังคมแห่งชาติ พ.ศ. 2521 (ยกเลิก),"[29/8/2521] พระราชบัญญัติพัฒนาการเศรษฐกิจและสังคมแห่งชาติ พ.ศ. 2521 (ยกเลิก)
พระราชบัญญัติ พัฒนาการเศรษฐกิจและสังคมแห่งชาติ พ.ศ. ๒๕๒๑ (ยกเลิก) ภูมิพลอดุลยเดช ป.ร. ให้ไว้ ณ วันที่ ๑๔ สิงหาคม พ.ศ. ๒๕๒๑ เป็นปีที่ ๓๓ ในรัชกาลปัจจุบัน พระบาทสมเด็จพระปรมินทรมหาภูมิพลอดุลยเดช มีพระบรมราชโองการ",กฎหมายทั่วไป,พระราชบัญญัติ
kris_พ0003-1B-0001,พระราชบัญญัติพรรคการเมือง พ.ศ. 2524 (ยกเลิก),"[8/7/2524] พระราชบัญญัติพรรคการเมือง พ.ศ. 2524 (ยกเลิก)
พระราชกำหนดแก้ไขเพิ่มเติมพระราชบัญญัติพรรคการเมือง พ.ศ. ๒๕๒๔ พ.ศ. ๒๕๓๘ พระราชบัญญัติพรรคการเมือง (ฉบับที่ ๒) พ.ศ. ๒๕๓๕ ภูมิพลอดุลยเดช ป.ร. ให้ไว้ ณ วันที่ ๑ กรกฎาคม พ.ศ. ๒๕๒๔ เป็นปีที่ ๓๖ ในรัชกาลปัจจุบัน พระบา",กฎหมายทั่วไป,พระราชบัญญัติ
kris_ยล146-1B-0001,พระราชบัญญัติพัฒนาที่ดิน พ.ศ. 2526 (ยกเลิก),"[6/10/2526] พระราชบัญญัติพัฒนาที่ดิน พ.ศ. 2526 (ยกเลิก)
พระราชบัญญัติ พัฒนาที่ดิน พ.ศ. ๒๕๒๖ (ยกเลิก) ภูมิพลอดุลยเดช ป.ร. ให้ไว้ ณ วันที่ ๑ ตุลาคม พ.ศ. ๒๕๒๖ เป็นปีที่ ๓๘ ในรัชกาลปัจจุบัน พระบาทสมเด็จพระปรมินทรมหาภูมิพลอดุลยเดช มีพระบรมราชโองการโปรดเกล้าฯ ให้ประกาศว่า",กฎหมายทั่วไป,พระราชบัญญัติ
kris_พ0008-1B-0003,พระราชบัญญัติพิกัดอัตราภาษีสรรพสามิต พ.ศ. 2527 (ยกเลิก),"[20/9/2527] พระราชบัญญัติพิกัดอัตราภาษีสรรพสามิต พ.ศ. 2527 (ยกเลิก)
พระราชกำหนดแก้ไขเพิ่มเติมพระราชบัญญัติพิกัดอัตราภาษีสรรพสามิต พ.ศ. ๒๕๒๗ (ฉบับที่ ๕) พ.ศ. ๒๕๕๒ พระราชบัญญัติพิกัดอัตราภาษีสรรพสามิต (ฉบับที่ ๒) พ.ศ. ๒๕๓๔ พระราชบัญญัติพิกัดอัตราภาษีสรรพสามิต (ฉบับที่ ๓) พ.ศ. ๒๕๓",กฎหมายทั่วไป,พระราชบัญญัติ
kris_พ0007-1C-0003,พระราชกำหนดพิกัดอัตราศุลกากร พ.ศ. 2530,"[31/12/2530] พระราชกำหนดพิกัดอัตราศุลกากร พ.ศ. 2530
พระราชบัญญัติแก้ไขเพิ่มเติมพระราชกำหนดพิกัดอัตราศุลกากร พ.ศ. ๒๕๓๐ (ฉบับที่ ๘) พ.ศ. ๒๕๕๗ พระราชกำหนดพิกัดอัตราศุลกากร (ฉบับที่ ๒) พ.ศ. ๒๕๔๑ พระราชกำหนดพิกัดอัตราศุลกากร (ฉบับที่ ๓) พ.ศ. ๒๕๔๗ พระราชกำหนดพิกัดอัตร",กฎหมายทั่วไป,พระราชกำหนด
kris_พ0013-1B-0001,พระราชบัญญัติพนักงานรัฐวิสาหกิจสัมพันธ์ พ.ศ. 2534 (ยกเลิก),"[18/4/2534] พระราชบัญญัติพนักงานรัฐวิสาหกิจสัมพันธ์ พ.ศ. 2534 (ยกเลิก)
พระราชบัญญัติ พนักงานรัฐวิสาหกิจสัมพันธ์ พ.ศ. ๒๕๓๔ (ยกเลิก) ภูมิพลอดุลยเดช ป.ร. ให้ไว้ ณ วันที่ ๑๘ เมษายน พ.ศ. ๒๕๓๔ เป็นปีที่ ๔๖ ในรัชกาลปัจจุบัน พระบาทสมเด็จพระปรมินทรมหาภูมิพลอดุลยเดช มีพระบรมราชโองการโปรดเกล",กฎหมายทั่วไป,พระราชบัญญัติ
kris_พ0014-1B-0001,พระราชบัญญัติพัฒนาวิทยาศาสตร์และเทคโนโลยี พ.ศ. 2534,"[29/12/2534] พระราชบัญญัติพัฒนาวิทยาศาสตร์และเทคโนโลยี พ.ศ. 2534
พระราชบัญญัติปรับปรุงกระทรวง ทบวง กรม (ฉบับที่ ๑๙) พ.ศ. ๒๕๖๒ ภูมิพลอดุลยเดช ป.ร. ให้ไว้ ณ วันที่ ๒๙ ธันวาคม พ.ศ. ๒๕๓๔ เป็นปีที่ ๔๖ ในรัชกาลปัจจุบัน พระบาทสมเด็จพระปรมินทรมหาภูมิพลอดุลยเดช มีพระบรมราชโองการโปรดเ",กฎหมายทั่วไป,พระราชบัญญัติ
kris_พ0015-1B-0001,พระราชบัญญัติพัฒนาระบบมาตรวิทยาแห่งชาติ พ.ศ. 2540,"[12/9/2540] พระราชบัญญัติพัฒนาระบบมาตรวิทยาแห่งชาติ พ.ศ. 2540
พระราชบัญญัติ พัฒนาระบบมาตรวิทยาแห่งชาติ พ.ศ. ๒๕๔๐ ภูมิพลอดุลยเดช ป.ร. ให้ไว้ ณ วันที่ ๒๘ สิงหาคม พ.ศ. ๒๕๔๐ เป็นปีที่ ๕๒ ในรัชกาลปัจจุบัน พระบาทสมเด็จพระปรมินทรมหาภูมิพลอดุลยเดช มีพระบรมราชโองการโปรดเกล้าฯ ให้ป",กฎหมายทั่วไป,พระราชบัญญัติ
kris_พ0016-1B-0001,พระราชบัญญัติให้ใช้พระธรรมนูญศาลยุติธรรม พ.ศ. 2543,"[18/5/2543] พระราชบัญญัติให้ใช้พระธรรมนูญศาลยุติธรรม พ.ศ. 2543
พระราชบัญญัติ ให้ใช้พระธรรมนูญศาลยุติธรรม พ.ศ. ๒๕๔๓ ภูมิพลอดุลยเดช ป.ร. ให้ไว้ ณ วันที่ ๔ พฤษภาคม พ.ศ. ๒๕๔๓ เป็นปีที่ ๕๕ ในรัชกาลปัจจุบัน พระบาทสมเด็จพระปรมินทรมหาภูมิพลอดุลยเดช มีพระบรมราชโองการโปรดเกล้าฯ ให้ป",กฎหมายทั่วไป,พระราชบัญญัติ
kris_พ0017-1B-0001,พระราชบัญญัติพัฒนาการบริหารงานยุติธรรมแห่งชาติ พ.ศ. 2549,"[15/3/2549] พระราชบัญญัติพัฒนาการบริหารงานยุติธรรมแห่งชาติ พ.ศ. 2549
พระราชบัญญัติ พัฒนาการบริหารงานยุติธรรมแห่งชาติ พ.ศ. ๒๕๔๙ ภูมิพลอดุลยเดช ป.ร. ให้ไว้ ณ วันที่ ๓ มีนาคม พ.ศ. ๒๕๔๙ เป็นปีที่ ๖๑ ในรัชกาลปัจจุบัน พระบาทสมเด็จพระปรมินทรมหาภูมิพลอดุลยเดช มีพระบรมราชโองการโปรดเกล้าฯ",กฎหมายทั่วไป,พระราชบัญญัติ
kris_พ0012-1B-0001,พระราชบัญญัติพัฒนาที่ดิน พ.ศ. 2551,"[5/2/2551] พระราชบัญญัติพัฒนาที่ดิน พ.ศ. 2551
พระราชบัญญัติ พัฒนาที่ดิน พ.ศ. ๒๕๕๑ ภูมิพลอดุลยเดช ป.ร. ให้ไว้ ณ วันที่ ๒๗ มกราคม พ.ศ. ๒๕๕๑ เป็นปีที่ ๖๓ ในรัชกาลปัจจุบัน พระบาทสมเด็จพระปรมินทรมหาภูมิพลอดุลยเดช มีพระบรมราชโองการโปรดเกล้าฯ ให้ประกาศว่า โดยที่เ",กฎหมายทั่วไป,พระราชบัญญัติ
kris_พ0018-1B-0001,พระราชบัญญัติพลังงานนิวเคลียร์เพื่อสันติ พ.ศ. 2559,"[5/8/2559] พระราชบัญญัติพลังงานนิวเคลียร์เพื่อสันติ พ.ศ. 2559
พระราชบัญญัติ พลังงานนิวเคลียร์เพื่อสันติ พ.ศ. ๒๕๕๙ ภูมิพลอดุลยเดช ป.ร. ให้ไว้ ณ วันที่ ๑ สิงหาคม พ.ศ. ๒๕๕๙ เป็นปีที่ ๗๑ ในรัชกาลปัจจุบัน พระบาทสมเด็จพระปรมินทรมหาภูมิพลอดุลยเดช มีพระบรมราชโองการโปรดเกล้าฯ ให้ป",กฎหมายทั่วไป,พระราชบัญญัติ
kris_พ0019-1B-0001,พระราชบัญญัติพื้นที่นวัตกรรมการศึกษา พ.ศ. 2562,"[30/4/2562] พระราชบัญญัติพื้นที่นวัตกรรมการศึกษา พ.ศ. 2562
พระราชบัญญัติ พื้นที่นวัตกรรมการศึกษา พ.ศ. ๒๕๖๒ สมเด็จพระเจ้าอยู่หัวมหาวชิราลงกรณ บดินทรเทพยวรางกูร ให้ไว้ ณ วันที่ ๒๖ เมษายน พ.ศ. ๒๕๖๒ เป็นปีที่ ๔ ในรัชกาลปัจจุบัน สมเด็จพระเจ้าอยู่หัวมหาวชิราลงกรณ บดินทรเทพยว",กฎหมายทั่วไป,พระราชบัญญัติ
kris_พ0020-1B-0001,พระราชบัญญัติพืชกระท่อม พ.ศ. 2565,"[26/8/2565] พระราชบัญญัติพืชกระท่อม พ.ศ. 2565
พระราชบัญญัติ พืชกระท่อม พ.ศ. ๒๕๖๕ พระบาทสมเด็จพระปรเมนทรรามาธิบดีศรีสินทรมหาวชิราลงกรณ พระวชิรเกล้าเจ้าอยู่หัว ให้ไว้ ณ วันที่ ๒๓ สิงหาคม พ.ศ. ๒๕๖๕ เป็นปีที่ ๗ ในรัชกาลปัจจุบัน พระบาทสมเด็จพระปรเมนทรรามาธิบดีศ",กฎหมายทั่วไป,พระราชบัญญัติ
kris_ฟ0001-1B-0001,พระราชบัญญัติฟื้นฟูสมรรถภาพผู้ติดยาเสพติด พ.ศ. 2545 (ยกเลิก),"[30/9/2545] พระราชบัญญัติฟื้นฟูสมรรถภาพผู้ติดยาเสพติด พ.ศ. 2545 (ยกเลิก)
พระราชบัญญัติ ฟื้นฟูสมรรถภาพผู้ติดยาเสพติด พ.ศ. ๒๕๔๕ (ยกเลิก) ภูมิพลอดุลยเดช ป.ร. ให้ไว้ ณ วันที่ ๒๗ กันยายน พ.ศ. ๒๕๔๕ เป็นปีที่ ๕๗ ในรัชกาลปัจจุบัน พระบาทสมเด็จพระปรมินทรมหาภูมิพลอดุลยเดช มีพระบรมราชโองการโปรด",กฎหมายทั่วไป,พระราชบัญญัติ
kris_ยล249-1B-0001,กฎหมายภาษีชั้นใน จุลศักราช 1248 (ยกเลิก),"[30/11/2432] กฎหมายภาษีชั้นใน จุลศักราช 1248 (ยกเลิก)
กฎหมายภาษีชั้นใน จุลศักราช ๑๒๔๘ และที่แก้ไขเพิ่มเติม (ยกเลิก) โปรดดูรายละเอียดของกฎหมายที่เว็บไซต์ราชกิจจานุเบกษา https://ratchakitcha.soc.go.th/",กฎหมายทั่วไป,อื่นๆ
kris_ภ0001-1B-0001,พระราชบัญญัติภาพยนตร์ พุทธศักราช 2473 (ยกเลิก),"[21/9/2473] พระราชบัญญัติภาพยนตร์ พุทธศักราช 2473 (ยกเลิก)
*พระราชกฤษฎีกาโอนกรมตำรวจ กระทรวงมหาดไทยไปจัดตั้งเป็นสำนักงานตำรวจแห่งชาติ พ.ศ. ๒๕๔๑   พระราชบัญญัติภาพยนตร์ (ฉะบับที่ ๒) พุทธศักราช ๒๔๗๙ โดยที่ปรากฏว่า ขณะนี้ได้มีการฉายภาพยนตร์ที่บางเรื่องการแสดงเป็นการชักชวน",กฎหมายทั่วไป,พระราชบัญญัติ
kris_ยล169-1B-0001,พระราชบัญญัติภาษีเงินเดือน พุทธศักราช 2475 (ยกเลิก),"[17/4/2475] พระราชบัญญัติภาษีเงินเดือน พุทธศักราช 2475 (ยกเลิก)
พระราชบัญญัติ ภาษีเงินเดือน พุทธศักราช ๒๔๗๕ (ยกเลิก) โปรดดูรายละเอียดของกฎหมายที่เว็บไซต์ราชกิจจานุเบกษา https://ratchakitcha.soc.go.th/",กฎหมายทั่วไป,พระราชบัญญัติ
kris_ยล170-1B-0001,พระราชบัญญัติภาษีเงินได้ พุทธศักราช 2475 (ยกเลิก),"[17/4/2475] พระราชบัญญัติภาษีเงินได้ พุทธศักราช 2475 (ยกเลิก)
พระราชบัญญัติ ภาษีเงินได้ พุทธศักราช ๒๔๗๕ (ยกเลิก) โปรดดูรายละเอียดของกฎหมายที่เว็บไซต์ราชกิจจานุเบกษา https://ratchakitcha.soc.go.th/",กฎหมายทั่วไป,พระราชบัญญัติ
kris_ภ0005-1B-0004,พระราชบัญญัติภาษีโรงเรือนและที่ดิน พุทธศักราช 2475 (ยกเลิก),"[20/4/2475] พระราชบัญญัติภาษีโรงเรือนและที่ดิน พุทธศักราช 2475 (ยกเลิก)
ประกาศกำหนดเขตท้องที่ใช้พระราชบัญญัติภาษีโรงเรือนและที่ดิน พุทธศักราช ๒๔๗๕ พระราชบัญญัติภาษีโรงเรือนและที่ดินแก้ไขเพิ่มเติม พุทธศักราช ๒๔๗๕ พระราชบัญญัติภาษีโรงเรือนและที่ดิน (ฉบับที่ ๓) พุทธศักราช ๒๔๘๕ พระราชบ",กฎหมายทั่วไป,พระราชบัญญัติ
kris_ยล239-1B-0001,พระราชบัญญัติภาษีซีเม็นต์ซึ่งทำในพระราชอาณาเขตต์ พุทธศักราช 2475 (ยกเลิก),"[20/4/2475] พระราชบัญญัติภาษีซีเม็นต์ซึ่งทำในพระราชอาณาเขตต์ พุทธศักราช 2475 (ยกเลิก)
พระราชบัญญัติภาษีซีเม็นต์ซึ่งทำในพระราชอาณาเขตต์พุทธศักราช ๒๔๗๕และที่แก้ไขเพิ่มเติม (ยกเลิก) โปรดดูรายละเอียดของกฎหมายที่เว็บไซต์ราชกิจจานุเบกษา https://ratchakitcha.soc.go.th/",กฎหมายทั่วไป,พระราชบัญญัติ
kris_ยล253-1B-0001,พระราชบัญญัติภาษีเครื่องดื่ม พ.ศ. 2495 (ยกเลิก),"[30/12/2495] พระราชบัญญัติภาษีเครื่องดื่ม พ.ศ. 2495 (ยกเลิก)
พระราชบัญญัติ ภาษีเครื่องดื่ม พ.ศ. ๒๔๙๕ และที่แก้ไขเพิ่มเติม (ยกเลิก) โปรดดูรายละเอียดของกฎหมายที่เว็บไซต์ราชกิจจานุเบกษา https://ratchakitcha.soc.go.th/",กฎหมายทั่วไป,พระราชบัญญัติ
kris_ยล128-1B-0003,พระราชบัญญัติภาษีน้ำมันและผลิตภัณฑ์น้ำมันซึ่งทำในราชอาณาจักร พ.ศ. 2507 (ยกเลิก),"[12/5/2507] พระราชบัญญัติภาษีน้ำมันและผลิตภัณฑ์น้ำมันซึ่งทำในราชอาณาจักร พ.ศ. 2507 (ยกเลิก)
พระราชบัญญัติ ภาษีน้ำมันและผลิตภัณฑ์น้ำมันซึ่งทำในราชอาณาจักร พ.ศ. ๒๕๐๗ และที่แก้ไขเพิ่มเติม (ยกเลิก) โปรดดูรายละเอียดของกฎหมายที่เว็บไซต์ราชกิจจานุเบกษา https://ratchakitcha.soc.go.th/",กฎหมายทั่วไป,พระราชบัญญัติ
kris_ภ0003-1B-0002,พระราชบัญญัติภาษีบำรุงท้องที่ พ.ศ. 2508 (ยกเลิก),"[1/11/2508] พระราชบัญญัติภาษีบำรุงท้องที่ พ.ศ. 2508 (ยกเลิก)
พระราชกำหนดแก้ไขเพิ่มเติมพระราชบัญญัติภาษีบำรุงท้องที่ พ.ศ. ๒๕๐๘ (ฉบับที่ ๒) พ.ศ. ๒๕๒๙ พระราชบัญญัติภาษีบำรุงท้องที่ (ฉบับที่ ๒) พ.ศ. ๒๕๑๖ พระราชบัญญัติภาษีบำรุงท้องที่ (ฉบับที่ ๓) พ.ศ. ๒๕๔๓ ภูมิพลอดุลยเดช ป.ร.",กฎหมายทั่วไป,พระราชบัญญัติ
kris_ภ0004-1B-0001,พระราชบัญญัติภาษีป้าย พ.ศ. 2510,"[23/11/2510] พระราชบัญญัติภาษีป้าย พ.ศ. 2510
พระราชบัญญัติว่าด้วยการปรับเป็นพินัย พ.ศ. ๒๕๖๕ ภูมิพลอดุลยเดช ป.ร. ให้ไว้ ณ วันที่ ๑๕ พฤศจิกายน พ.ศ. ๒๕๑๐ เป็นปีที่ ๒๒ ในรัชกาลปัจจุบัน พระบาทสมเด็จพระปรมินทรมหาภูมิพลอดุลยเดช มีพระบรมราชโองการโปรดเกล้าฯ ให้ประ",กฎหมายทั่วไป,พระราชบัญญัติ
kris_ภ0002-1B-0001,พระราชบัญญัติภาษีเงินได้ปิโตรเลียม พ.ศ. 2514,"[23/4/2514] พระราชบัญญัติภาษีเงินได้ปิโตรเลียม พ.ศ. 2514
*พระราชกฤษฎีกาแก้ไขบทบัญญัติให้สอดคล้องกับการโอนอำนาจหน้าที่ของส่วนราชการให้เป็นไปตามพระราชบัญญัติปรับปรุงกระทรวง ทบวง กรม พ.ศ. ๒๕๔๕ พ.ศ. ๒๕๔๕ พระราชบัญญัติภาษีเงินได้ปิโตรเลียม (ฉบับที่ ๒) พ.ศ. ๒๕๑๖ พระราชบัญญ",กฎหมายทั่วไป,พระราชบัญญัติ
kris_ภ0006-1C-0001,พระราชกำหนดภาษีการเดินทางออกนอกราชอาณาจักร พ.ศ. 2526,"[28/11/2526] พระราชกำหนดภาษีการเดินทางออกนอกราชอาณาจักร พ.ศ. 2526
พระราชกำหนด ภาษีการเดินทางออกนอกราชอาณาจักร พ.ศ. ๒๕๒๖ ภูมิพลอดุลยเดช ป.ร. ให้ไว้ ณ วันที่ ๒๕ พฤศจิกายน พ.ศ. ๒๕๒๖ เป็นปีที่ ๓๘ ในรัชกาลปัจจุบัน พระบาทสมเด็จพระปรมินทรมหาภูมิพลอดุลยเดช มีพระบรมราชโองการโปรดเกล้าฯ",กฎหมายทั่วไป,พระราชกำหนด
kris_ยล021-1B-0001,พระราชบัญญัติภาษีสรรพสามิต พ.ศ. 2527 (ยกเลิก),"[20/9/2527] พระราชบัญญัติภาษีสรรพสามิต พ.ศ. 2527 (ยกเลิก)
ประกาศสำนักนายกรัฐมนตรี เรื่อง การอนุมัติพระราชกำหนดแก้ไขเพิ่มเติมพระราชบัญญัติภาษีสรรพสามิต พ.ศ. ๒๕๒๗ พ.ศ. ๒๕๔๖ พระราชบัญญัติภาษีสรรพสามิต (ฉบับที่ ๒) พ.ศ. ๒๕๓๔ พระราชบัญญัติภาษีสรรพสามิต (ฉบับที่ ๓) พ.ศ. ๒๕๔๓",กฎหมายทั่วไป,พระราชบัญญัติ
kris_ภ0008-1B-0001,พระราชบัญญัติภาพยนตร์และวีดิทัศน์ พ.ศ. 2551,"[4/3/2551] พระราชบัญญัติภาพยนตร์และวีดิทัศน์ พ.ศ. 2551
พระราชบัญญัติว่าด้วยการปรับเป็นพินัย พ.ศ. ๒๕๖๕ ภูมิพลอดุลยเดช ป.ร. ให้ไว้ ณ วันที่ ๒๗ กุมภาพันธ์ พ.ศ. ๒๕๕๑ เป็นปีที่ ๖๓ ในรัชกาลปัจจุบัน พระบาทสมเด็จพระปรมินทรมหาภูมิพลอดุลยเดช มีพระบรมราชโองการโปรดเกล้าฯ ให้ปร",กฎหมายทั่วไป,พระราชบัญญัติ
kris_ภ0009-1B-0001,พระราชบัญญัติภาษีการรับมรดก พ.ศ. 2558,"[5/8/2558] พระราชบัญญัติภาษีการรับมรดก พ.ศ. 2558
พระราชบัญญัติ ภาษีการรับมรดก พ.ศ. ๒๕๕๘ ภูมิพลอดุลยเดช ป.ร. ให้ไว้ ณ วันที่ ๒๙ กรกฎาคม พ.ศ. ๒๕๕๘ เป็นปีที่ ๗๐ ในรัชกาลปัจจุบัน พระบาทสมเด็จพระปรมินทรมหาภูมิพลอดุลยเดช มีพระบรมราชโองการโปรดเกล้าฯ ให้ประกาศว่า โดย",กฎหมายทั่วไป,พระราชบัญญัติ
kris_ภ0007-1B-0001,พระราชบัญญัติภาษีสรรพสามิต พ.ศ. 2560,"[20/3/2560] พระราชบัญญัติภาษีสรรพสามิต พ.ศ. 2560
พระราชบัญญัติ ภาษีสรรพสามิต พ.ศ. ๒๕๖๐ พระราชบัญญัติภาษีสรรพสามิต (ฉบับที่ ๒) พ.ศ. ๒๕๖๘ สมเด็จพระเจ้าอยู่หัวมหาวชิราลงกรณ บดินทรเทพยวรางกูร ให้ไว้ ณ วันที่ ๑๘ มีนาคม พ.ศ. ๒๕๖๐ เป็นปีที่ ๒ ในรัชกาลปัจจุบัน สมเด็จ",กฎหมายทั่วไป,พระราชบัญญัติ
kris_ภ0010-1B-0001,พระราชบัญญัติภาษีที่ดินและสิ่งปลูกสร้าง พ.ศ. 2562,"[12/3/2562] พระราชบัญญัติภาษีที่ดินและสิ่งปลูกสร้าง พ.ศ. 2562
พระราชบัญญัติว่าด้วยการปรับเป็นพินัย พ.ศ. ๒๕๖๕ สมเด็จพระเจ้าอยู่หัวมหาวชิราลงกรณ บดินทรเทพยวรางกูร ให้ไว้ ณ วันที่ ๙ มีนาคม พ.ศ. ๒๕๖๒ เป็นปีที่ ๔ ในรัชกาลปัจจุบัน สมเด็จพระเจ้าอยู่หัวมหาวชิราลงกรณ บดินทรเทพยวรา",กฎหมายทั่วไป,พระราชบัญญัติ
kris_ภ0011-1C-0001,พระราชกำหนดภาษีส่วนเพิ่ม พ.ศ. 2567,"[26/12/2567] พระราชกำหนดภาษีส่วนเพิ่ม พ.ศ. 2567
ประกาศสำนักนายกรัฐมนตรี เรื่อง การอนุมัติพระราชกำหนดภาษีส่วนเพิ่ม พ.ศ. ๒๕๖๗ พระบาทสมเด็จพระปรเมนทรรามาธิบดีศรีสินทรมหาวชิราลงกรณ พระวชิรเกล้าเจ้าอยู่หัว ให้ไว้ ณ วันที่ ๒๕ ธันวาคม พ.ศ. ๒๕๖๗ เป็นปีที่ ๙ ในรัชกาล",กฎหมายทั่วไป,พระราชกำหนด
kris_ม0024-1B-0002,พระราชบัญญัติมาตราชั่งตวงวัด พระพุทธศักราช 2466 (ยกเลิก),"[27/12/2466] พระราชบัญญัติมาตราชั่งตวงวัด พระพุทธศักราช 2466 (ยกเลิก)
ประกาศของคณะปฏิวัติ ฉบับที่ ๑๗๑ ลงวันที่ ๓๐ มิถุนายน พ.ศ. ๒๕๑๕ พระราชบัญญัติมาตราชั่งตวงวัด พ.ศ. ๒๔๖๖ แก้ไขเพิ่มเติม พุทธศักราช ๒๔๗๗ พระราชบัญญัติมาตราชั่ง ตวง วัด (ฉบับที่ ๔) พ.ศ. ๒๕๒๖ พระบาทสมเด็จพระรามาธิบดี",กฎหมายทั่วไป,พระราชบัญญัติ
kris_ยล171-1B-0001,พระราชบัญญัติมอบอำนาจให้รัฐบาลในภาวะคับขัน พุทธศักราช 2484 (ยกเลิก),"[6/12/2484] พระราชบัญญัติมอบอำนาจให้รัฐบาลในภาวะคับขัน พุทธศักราช 2484 (ยกเลิก)
พระราชบัญญัติ มอบอำนาจให้รัฐบาลในภาวะคับขัน พุทธศักราช ๒๔๘๔ และที่แก้ไขเพิ่มเติม (ยกเลิก) โปรดดูรายละเอียดของกฎหมายที่เว็บไซต์ราชกิจจานุเบกษา https://ratchakitcha.soc.go.th/",กฎหมายทั่วไป,พระราชบัญญัติ
kris_ยล212-1B-0001,พระราชบัญญัติมหาวิทยาลัยแพทยศาสตร์ พุทธศักราช 2486 (ยกเลิก),"[2/2/2486] พระราชบัญญัติมหาวิทยาลัยแพทยศาสตร์ พุทธศักราช 2486 (ยกเลิก)
พระราชบัญญัติมหาวิทยาลัยแพทยศาสตร์พุทธศักราช ๒๔๘๖ และที่แก้ไขเพิ่มเติม (ยกเลิก) โปรดดูรายละเอียดของกฎหมายที่เว็บไซต์ราชกิจจานุเบกษา https://ratchakitcha.soc.go.th/",กฎหมายทั่วไป,พระราชบัญญัติ
kris_ยล172-1B-0001,พระราชบัญญัติมหาวิทยาลัยศิลปากร พุทธศักราช 2486 (ยกเลิก),"[12/10/2486] พระราชบัญญัติมหาวิทยาลัยศิลปากร พุทธศักราช 2486 (ยกเลิก)
พระราชบัญญัติ มหาวิทยาลัยศิลปากร พุทธศักราช ๒๔๘๖ และที่แก้ไขเพิ่มเติม (ยกเลิก) โปรดดูรายละเอียดของกฎหมายที่เว็บไซต์ราชกิจจานุเบกษา https://ratchakitcha.soc.go.th/",กฎหมายทั่วไป,พระราชบัญญัติ
kris_ม0011-1B-0001,พระราชบัญญัติมัสยิดอิสลาม พ.ศ. 2490 (ยกเลิก),"[2/9/2490] พระราชบัญญัติมัสยิดอิสลาม พ.ศ. 2490 (ยกเลิก)
พระราชบัญญัติ มัสยิดอิสลาม พ.ศ. ๒๔๙๐ (ยกเลิก) ในพระปรมาภิไธยสมเด็จพระเจ้าอยู่หัวภูมิพลอดุลยเดช คณะผู้สำเร็จราชการแทนพระองค์ รังสิต กรมขุนชัยนาทนเรนทร พระยามานวราชเสวี ให้ไว้ ณ วันที่ ๒๕ สิงหาคม พ.ศ. ๒๔๙๐ เป็นปี",กฎหมายทั่วไป,พระราชบัญญัติ
kris_ยล104-1B-0001,พระราชบัญญัติมหาวิทยาลัยธรรมศาสตร์ พ.ศ. 2495 (ยกเลิก),"[18/3/2495] พระราชบัญญัติมหาวิทยาลัยธรรมศาสตร์ พ.ศ. 2495 (ยกเลิก)
พระราชบัญญัติมหาวิทยาลัยธรรมศาสตร์พ.ศ. ๒๔๙๕และที่แก้ไขเพิ่มเติม (ยกเลิก) โปรดดูรายละเอียดของกฎหมายที่เว็บไซต์ราชกิจจานุเบกษา https://ratchakitcha.soc.go.th/",กฎหมายทั่วไป,พระราชบัญญัติ
kris_ม0023-1B-0001,พระราชบัญญัติมาตรฐานสินค้าขาออก พ.ศ. 2503,"[9/8/2503] พระราชบัญญัติมาตรฐานสินค้าขาออก พ.ศ. 2503
พระราชบัญญัติว่าด้วยการปรับเป็นพินัย พ.ศ. ๒๕๖๕ พระราชบัญญัติมาตรฐานสินค้าขาออก (ฉบับที่ ๒) พ.ศ. ๒๕๒๒ ในพระปรมาภิไธย พระบาทสมเด็จพระปรมินทรมหาภูมิพลอดุลยเดช สังวาลย์ ผู้สำเร็จราชการแทนพระองค์ ให้ไว้ ณ วันที่ ๒ ส",กฎหมายทั่วไป,พระราชบัญญัติ
kris_ม0001-1B-0001,พระราชบัญญัติมหาวิทยาลัยเกษตรศาสตร์ พ.ศ. 2511 (ยกเลิก),"[31/12/2511] พระราชบัญญัติมหาวิทยาลัยเกษตรศาสตร์ พ.ศ. 2511 (ยกเลิก)
ประกาศของคณะปฏิวัติ ฉบับที่ ๑๘๐ ลงวันที่ ๑๔ กรกฎาคม พ.ศ. ๒๕๑๕ ภูมิพลอดุลยเดช ป.ร. ให้ไว้ ณ วันที่ ๓๐ ธันวาคม พ.ศ. ๒๕๑๑ เป็นปีที่ ๒๓ ในรัชกาลปัจจุบัน โดยที่คณะปฏิวัติพิจารณาเห็นว่า ตามที่พระราชบัญญัติมหาวิทยาลัย",กฎหมายทั่วไป,พระราชบัญญัติ
kris_ม0022-1B-0001,พระราชบัญญัติมาตรฐานผลิตภัณฑ์อุตสาหกรรม พ.ศ. 2511,"[31/12/2511] พระราชบัญญัติมาตรฐานผลิตภัณฑ์อุตสาหกรรม พ.ศ. 2511
พระราชบัญญัติ มาตรฐานผลิตภัณฑ์อุตสาหกรรม พ.ศ. ๒๕๑๑ ภูมิพลอดุลยเดช ป.ร. ให้ไว้ ณ วันที่ ๒๗ ธันวาคม พ.ศ. ๒๕๑๑ เป็นปีที่ ๒๓ ในรัชกาลปัจจุบัน พระบาทสมเด็จพระปรมินทรมหาภูมิพลอดุลยเดช มีพระบรมราชโองการโปรดเกล้าฯ ให้ป",กฎหมายทั่วไป,พระราชบัญญัติ
kris_ยล076-1B-0001,พระราชบัญญัติมหาวิทยาลัยเชียงใหม่ พ.ศ. 2512 (ยกเลิก),"[1/3/2512] พระราชบัญญัติมหาวิทยาลัยเชียงใหม่ พ.ศ. 2512 (ยกเลิก)
พระราชบัญญัติ มหาวิทยาลัยเชียงใหม่ พ.ศ. ๒๕๑๒ (ยกเลิก) โปรดดูรายละเอียดของกฎหมายที่เว็บไซต์ราชกิจจานุเบกษา https://ratchakitcha.soc.go.th/",กฎหมายทั่วไป,พระราชบัญญัติ
kris_ยล090-1B-0001,พระราชบัญญัติมหาวิทยาลัยมหิดล พ.ศ. 2512 (ยกเลิก),"[1/3/2512] พระราชบัญญัติมหาวิทยาลัยมหิดล พ.ศ. 2512 (ยกเลิก)
พระราชบัญญัติมหาวิทยาลัยมหิดลพ.ศ. ๒๕๑๒ (ยกเลิก) โปรดดูรายละเอียดของกฎหมายที่เว็บไซต์ราชกิจจานุเบกษา https://ratchakitcha.soc.go.th/",กฎหมายทั่วไป,พระราชบัญญัติ
kris_ม0006-1B-0001,พระราชบัญญัติมหาวิทยาลัยรามคำแหง พ.ศ. 2514 (ยกเลิก),"[2/3/2514] พระราชบัญญัติมหาวิทยาลัยรามคำแหง พ.ศ. 2514 (ยกเลิก)
พระราชบัญญัติมหาวิทยาลัยรามคำแหง (ฉบับที่ ๒) พ.ศ. ๒๕๒๑ ภูมิพลอดุลยเดช ป.ร. ให้ไว้ ณ วันที่ ๒๖ กุมภาพันธ์ พ.ศ. ๒๕๑๔ เป็นปีที่ ๒๖ ในรัชกาลปัจจุบัน พระบาทสมเด็จพระปรมินทรมหาภูมิพลอดุลยเดช มีพระบรมราชโองการโปรดเกล",กฎหมายทั่วไป,พระราชบัญญัติ
kris_ม0007-1B-0001,พระราชบัญญัติมหาวิทยาลัยศรีนครินทรวิโรฒ พ.ศ. 2517 (ยกเลิก),"[28/6/2517] พระราชบัญญัติมหาวิทยาลัยศรีนครินทรวิโรฒ พ.ศ. 2517 (ยกเลิก)
พระราชบัญญัติ มหาวิทยาลัยศรีนครินทรวิโรฒ พ.ศ. ๒๕๑๗ (ยกเลิก) พระบาทสมเด็จพระปรมินทรมหาภูมิพลอดุลยเดช มีพระบรมราชโองการโปรดเกล้าฯ ให้ประกาศว่า โดยที่เป็นการสมควรยกฐานะวิทยาลัยวิชาการศึกษา ขึ้นเป็นมหาวิทยาลัย จึงท",กฎหมายทั่วไป,พระราชบัญญัติ
kris_ม0002-1B-0003,พระราชบัญญัติมหาวิทยาลัยขอนแก่น พ.ศ. 2521 (ยกเลิก),"[21/7/2521] พระราชบัญญัติมหาวิทยาลัยขอนแก่น พ.ศ. 2521 (ยกเลิก)
พระราชบัญญัติ มหาวิทยาลัยขอนแก่น พ.ศ. ๒๕๒๑ (ยกเลิก) ภูมิพลอดุลยเดช ป.ร. ให้ไว้ ณ วันที่ ๑๒ กรกฎาคม พ.ศ. ๒๕๒๑ เป็นปีที่ ๓๓ ในรัชกาลปัจจุบัน พระบาทสมเด็จพระปรมินทรมหาภูมิพลอดุลยเดช มีพระบรมราชโองการโปรดเกล้าฯ ให้",กฎหมายทั่วไป,พระราชบัญญัติ
kris_ม0010-1B-0001,พระราชบัญญัติมหาวิทยาลัยสุโขทัยธรรมาธิราช พ.ศ. 2521,"[21/9/2521] พระราชบัญญัติมหาวิทยาลัยสุโขทัยธรรมาธิราช พ.ศ. 2521
พระราชบัญญัติปรับปรุงกระทรวง ทบวง กรม (ฉบับที่ ๑๙) พ.ศ. ๒๕๖๒ ภูมิพลอดุลยเดช ป.ร. ให้ไว้ ณ วันที่ ๕ กันยายน พ.ศ. ๒๕๒๑ เป็นปีที่ ๓๓ ในรัชกาลปัจจุบัน พระบาทสมเด็จพระปรมินทรมหาภูมิพลอดุลยเดช มีพระบรมราชโองการโปรดเก",กฎหมายทั่วไป,พระราชบัญญัติ
kris_ยล020-1B-0002,พระราชบัญญัติมหาวิทยาลัยสงขลานครินทร์ พ.ศ. 2522 (ยกเลิก),"[15/4/2522] พระราชบัญญัติมหาวิทยาลัยสงขลานครินทร์ พ.ศ. 2522 (ยกเลิก)
พระราชบัญญัติ มหาวิทยาลัยสงขลานครินทร์ พ.ศ. ๒๕๒๒ (ยกเลิก) พระราชบัญญัติมหาวิทยาลัยสงขลานครินทร์ (ฉบับที่ ๒) พ.ศ. ๒๕๔๑ ภูมิพลอดุลยเดช ป.ร. ให้ไว้ ณ วันที่ ๒๒ เมษายน พ.ศ. ๒๕๒๒ เป็นปีที่ ๓๔ ในรัชกาลปัจจุบัน พระบาท",กฎหมายทั่วไป,พระราชบัญญัติ
kris_ยล045-1B-0001,พระราชบัญญัติมหาวิทยาลัยมหิดล พ.ศ. 2530 (ยกเลิก),"[11/11/2530] พระราชบัญญัติมหาวิทยาลัยมหิดล พ.ศ. 2530 (ยกเลิก)
พระราชบัญญัติ มหาวิทยาลัยมหิดล พ.ศ. ๒๕๓๐ (ยกเลิก) พระราชบัญญัติมหาวิทยาลัยมหิดล (ฉบับที่ ๒) พ.ศ. ๒๕๔๑ ภูมิพลอดุลยเดช ป.ร. ให้ไว้ ณ วันที่ ๒๖ ตุลาคม พ.ศ. ๒๕๓๐ เป็นปีที่ ๔๒ ในรัชกาลปัจจุบัน พระบาทสมเด็จพระปรมินทร",กฎหมายทั่วไป,พระราชบัญญัติ
kris_ยล025-1B-0001,พระราชบัญญัติมหาวิทยาลัยเชียงใหม่ พ.ศ. 2530 (ยกเลิก),"[28/12/2530] พระราชบัญญัติมหาวิทยาลัยเชียงใหม่ พ.ศ. 2530 (ยกเลิก)
พระราชบัญญัติ มหาวิทยาลัยเชียงใหม่ พ.ศ. ๒๕๓๐ (ยกเลิก) พระราชบัญญัติมหาวิทยาลัยเชียงใหม่ (ฉบับที่ ๒) พ.ศ. ๒๕๔๑ ภูมิพลอดุลยเดช ป.ร. ให้ไว้ ณ วันที่ ๒๓ ธันวาคม พ.ศ. ๒๕๓๐ เป็นปีที่ ๔๒ ในรัชกาลปัจจุบัน พระบาทสมเด็จพ",กฎหมายทั่วไป,พระราชบัญญัติ
kris_ยล011-1B-0001,พระราชบัญญัติมหาวิทยาลัยศิลปากร พ.ศ. 2530 (ยกเลิก),"[31/12/2530] พระราชบัญญัติมหาวิทยาลัยศิลปากร พ.ศ. 2530 (ยกเลิก)
พระราชบัญญัติ มหาวิทยาลัยศิลปากร พ.ศ. ๒๕๓๐ (ยกเลิก) พระราชบัญญัติมหาวิทยาลัยศิลปากร (ฉบับที่ ๒) พ.ศ. ๒๕๔๑ ภูมิพลอดุลยเดช ป.ร. ให้ไว้ ณ วันที่ ๓๐ ธันวาคม พ.ศ. ๒๕๓๐ เป็นปีที่ ๔๒ ในรัชกาลปัจจุบัน พระบาทสมเด็จพระปร",กฎหมายทั่วไป,พระราชบัญญัติ
kris_ยล049-1B-0001,พระราชบัญญัติมหาวิทยาลัยธรรมศาสตร์ พ.ศ. 2531 (ยกเลิก),"[8/12/2531] พระราชบัญญัติมหาวิทยาลัยธรรมศาสตร์ พ.ศ. 2531 (ยกเลิก)
พระราชบัญญัติ มหาวิทยาลัยธรรมศาสตร์ พ.ศ. ๒๕๓๑ (ยกเลิก) พระราชบัญญัติมหาวิทยาลัยธรรมศาสตร์ (ฉบับที่ ๒) พ.ศ. ๒๕๔๑ ภูมิพลอดุลยเดช ป.ร. ให้ไว้ ณ วันที่ ๒๘ พฤศจิกายน พ.ศ. ๒๕๓๑ เป็นปีที่ ๔๓ ในรัชกาลปัจจุบัน พระบาทสมเ",กฎหมายทั่วไป,พระราชบัญญัติ
kris_ยล001-1B-0004,พระราชบัญญัติมหาวิทยาลัยบูรพา พ.ศ. 2533 (ยกเลิก),"[29/7/2533] พระราชบัญญัติมหาวิทยาลัยบูรพา พ.ศ. 2533 (ยกเลิก)
พระราชบัญญัติ มหาวิทยาลัยบูรพา พ.ศ. ๒๕๓๓ (ยกเลิก) พระราชบัญญัติมหาวิทยาลัยบูรพา (ฉบับที่ ๒) พ.ศ. ๒๕๔๑ ภูมิพลอดุลยเดช ป.ร. ให้ไว้ ณ วันที่ ๒๗ กรกฎาคม พ.ศ. ๒๕๓๓ เป็นปีที่ ๔๕ ในรัชกาลปัจจุบัน พระบาทสมเด็จพระปรมินท",กฎหมายทั่วไป,พระราชบัญญัติ
kris_ม0012-1B-0002,พระราชบัญญัติมหาวิทยาลัยเทคโนโลยีสุรนารี พ.ศ. 2533,"[29/7/2533] พระราชบัญญัติมหาวิทยาลัยเทคโนโลยีสุรนารี พ.ศ. 2533
พระราชบัญญัติปรับปรุงกระทรวง ทบวง กรม (ฉบับที่ ๑๙) พ.ศ. ๒๕๖๒ ภูมิพลอดุลยเดช ป.ร. ให้ไว้ ณ วันที่ ๒๗ กรกฎาคม พ.ศ. ๒๕๓๓ เป็นปีที่ ๔๕ ในรัชกาลปัจจุบัน พระบาทสมเด็จพระปรมินทรมหาภูมิพลอดุลยเดช มีพระบรมราชโองการโปรดเ",กฎหมายทั่วไป,พระราชบัญญัติ
kris_ม0013-1B-0001,พระราชบัญญัติมหาวิทยาลัยนเรศวร พ.ศ. 2533,"[29/7/2533] พระราชบัญญัติมหาวิทยาลัยนเรศวร พ.ศ. 2533
พระราชบัญญัติปรับปรุงกระทรวง ทบวง กรม (ฉบับที่ ๑๙) พ.ศ. ๒๕๖๒ ภูมิพลอดุลยเดช ป.ร. ให้ไว้ ณ วันที่ ๒๗ กรกฎาคม พ.ศ. ๒๕๓๓ เป็นปีที่ ๔๕ ในรัชกาลปัจจุบัน พระบาทสมเด็จพระปรมินทรมหาภูมิพลอดุลยเดช มีพระบรมราชโองการโปรดเ",กฎหมายทั่วไป,พระราชบัญญัติ
kris_ม0015-1B-0001,พระราชบัญญัติมหาวิทยาลัยอุบลราชธานี พ.ศ. 2533 (ยกเลิก),"[29/7/2533] พระราชบัญญัติมหาวิทยาลัยอุบลราชธานี พ.ศ. 2533 (ยกเลิก)
พระราชบัญญัติปรับปรุงกระทรวง ทบวง กรม (ฉบับที่ ๑๙) พ.ศ. ๒๕๖๒ พระราชบัญญัติมหาวิทยาลัยอุบลราชธานี (ฉบับที่ ๒) พ.ศ. ๒๕๔๑ ภูมิพลอดุลยเดช ป.ร. ให้ไว้ ณ วันที่ ๒๗ กรกฎาคม พ.ศ. ๒๕๓๓ เป็นปีที่ ๔๕ ในรัชกาลปัจจุบัน พระบ",กฎหมายทั่วไป,พระราชบัญญัติ
kris_ม0025-1B-0001,พระราชบัญญัติมาตรการในการปราบปรามผู้กระทำความผิดเกี่ยวกับยาเสพติด พ.ศ. 2534 (ยกเลิก),"[27/9/2534] พระราชบัญญัติมาตรการในการปราบปรามผู้กระทำความผิดเกี่ยวกับยาเสพติด พ.ศ. 2534 (ยกเลิก)
ประกาศคณะรักษาความสงบแห่งชาติ ฉบับที่ ๑๑๖/๒๕๕๗ เรื่อง การแก้ไขเพิ่มเติมกฎหมายว่าด้วยมาตรการในการปราบปรามผู้กระทำความผิดเกี่ยวกับยาเสพติด ลงวันที่ ๒๑ กรกฎาคม พุทธศักราช ๒๕๕๗ พระราชบัญญัติมาตรการในการปราบปรามผู้ก",กฎหมายทั่วไป,พระราชบัญญัติ
kris_ม0016-1B-0001,พระราชบัญญัติมหาวิทยาลัยวลัยลักษณ์ พ.ศ. 2535,"[7/4/2535] พระราชบัญญัติมหาวิทยาลัยวลัยลักษณ์ พ.ศ. 2535
พระราชบัญญัติปรับปรุงกระทรวง ทบวง กรม (ฉบับที่ ๑๙) พ.ศ. ๒๕๖๒ ภูมิพลอดุลยเดช ป.ร. ให้ไว้ ณ วันที่ ๒๙ มีนาคม พ.ศ. ๒๕๓๕ เป็นปีที่ ๔๗ ในรัชกาลปัจจุบัน พระบาทสมเด็จพระปรมินทรมหาภูมิพลอดุลยเดช มีพระบรมราชโองการโปรดเก",กฎหมายทั่วไป,พระราชบัญญัติ
kris_ม0017-1B-0001,พระราชบัญญัติมหาวิทยาลัยมหาสารคาม พ.ศ. 2537,"[8/12/2537] พระราชบัญญัติมหาวิทยาลัยมหาสารคาม พ.ศ. 2537
พระราชบัญญัติปรับปรุงกระทรวง ทบวง กรม (ฉบับที่ ๑๙) พ.ศ. ๒๕๖๒ ภูมิพลอดุลยเดช ป.ร. ให้ไว้ ณ วันที่ ๗ ธันวาคม พ.ศ. ๒๕๓๗ เป็นปีที่ ๔๙ ในรัชกาลปัจจุบัน พระบาทสมเด็จพระปรมินทรมหาภูมิพลอดุลยเดช มีพระบรมราชโองการโปรดเ",กฎหมายทั่วไป,พระราชบัญญัติ
kris_ม0054-1B-0004,พระราชบัญญัติมหาวิทยาลัยแม่โจ้ พ.ศ. 2539 (ยกเลิก),"[11/11/2539] พระราชบัญญัติมหาวิทยาลัยแม่โจ้ พ.ศ. 2539 (ยกเลิก)
พระราชบัญญัติ มหาวิทยาลัยแม่โจ้ พ.ศ. ๒๕๓๙ (ยกเลิก) ภูมิพลอดุลยเดช ป.ร. ให้ไว้ ณ วันที่ ๑๘ ตุลาคม พ.ศ. ๒๕๓๙ เป็นปีที่ ๕๑ ในรัชกาลปัจจุบัน พระบาทสมเด็จพระปรมินทรมหาภูมิพลอดุลยเดช มีพระบรมราชโองการโปรดเกล้าฯ ให้ปร",กฎหมายทั่วไป,พระราชบัญญัติ
kris_ม0021-1B-0001,พระราชบัญญัติมหาวิทยาลัยมหาจุฬาลงกรณราชวิทยาลัย พ.ศ. 2540,"[1/10/2540] พระราชบัญญัติมหาวิทยาลัยมหาจุฬาลงกรณราชวิทยาลัย พ.ศ. 2540
พระราชบัญญัติปรับปรุงกระทรวง ทบวง กรม (ฉบับที่ ๑๙) พ.ศ. ๒๕๖๒ ภูมิพลอดุลยเดช ป.ร. ให้ไว้ ณ วันที่ ๒๑ กันยายน พ.ศ. ๒๕๔๐ เป็นปีที่ ๕๒ ในรัชกาลปัจจุบัน พระบาทสมเด็จพระปรมินทรมหาภูมิพลอดุลยเดช มีพระบรมราชโองการโปรดเ",กฎหมายทั่วไป,พระราชบัญญัติ
kris_ม0020-1B-0002,พระราชบัญญัติมหาวิทยาลัยมหามกุฎราชวิทยาลัย พ.ศ. 2540,"[1/10/2540] พระราชบัญญัติมหาวิทยาลัยมหามกุฎราชวิทยาลัย พ.ศ. 2540
พระราชบัญญัติปรับปรุงกระทรวง ทบวง กรม (ฉบับที่ ๑๙) พ.ศ. ๒๕๖๒ ภูมิพลอดุลยเดช ป.ร. ให้ไว้ ณ วันที่ ๒๑ กันยายน พ.ศ. ๒๕๔๐ เป็นปีที่ ๕๒ ในรัชกาลปัจจุบัน พระบาทสมเด็จพระปรมินทรมหาภูมิพลอดุลยเดช มีพระบรมราชโองการโปรดเ",กฎหมายทั่วไป,พระราชบัญญัติ
kris_ม0026-1B-0001,พระราชบัญญัติมาตรการในการป้องกันและปราบปรามการค้าหญิงและเด็ก พ.ศ. 2540 (ยกเลิก),"[16/11/2540] พระราชบัญญัติมาตรการในการป้องกันและปราบปรามการค้าหญิงและเด็ก พ.ศ. 2540 (ยกเลิก)
*พระราชกฤษฎีกาแก้ไขบทบัญญัติให้สอดคล้องกับการโอนอำนาจหน้าที่ของส่วนราชการให้เป็นไปตามพระราชบัญญัติปรับปรุงกระทรวง ทบวง กรม พ.ศ. ๒๕๔๕ พ.ศ. ๒๕๔๕ ภูมิพลอดุลยเดช ป.ร. ให้ไว้ ณ วันที่ ๑๔ พฤศจิกายน พ.ศ. ๒๕๔๐ เป็นปีที",กฎหมายทั่วไป,พระราชบัญญัติ
kris_ม0030-1B-0001,พระราชบัญญัติมหาวิทยาลัยเทคโนโลยีพระจอมเกล้าธนบุรี พ.ศ. 2541,"[6/3/2541] พระราชบัญญัติมหาวิทยาลัยเทคโนโลยีพระจอมเกล้าธนบุรี พ.ศ. 2541
พระราชบัญญัติปรับปรุงกระทรวง ทบวง กรม (ฉบับที่ ๑๙) พ.ศ. ๒๕๖๒ ภูมิพลอดุลยเดช ป.ร. ให้ไว้ ณ วันที่ ๑๒ กุมภาพันธ์ พ.ศ. ๒๕๔๑ เป็นปีที่ ๕๓ ในรัชกาลปัจจุบัน พระบาทสมเด็จพระปรมินทรมหาภูมิพลอดุลยเดช มีพระบรมราชโองการโป",กฎหมายทั่วไป,พระราชบัญญัติ
kris_ม0051-1B-0006,พระราชบัญญัติมหาวิทยาลัยเกษตรศาสตร์ พ.ศ. 2541 (ยกเลิก),"[24/3/2541] พระราชบัญญัติมหาวิทยาลัยเกษตรศาสตร์ พ.ศ. 2541 (ยกเลิก)
พระราชบัญญัติ มหาวิทยาลัยเกษตรศาสตร์ พ.ศ. ๒๕๔๑ (ยกเลิก) ภูมิพลอดุลยเดช ป.ร. ให้ไว้ ณ วันที่ ๑๕ มีนาคม พ.ศ. ๒๕๔๑ เป็นปีที่ ๕๓ ในรัชกาลปัจจุบัน พระบาทสมเด็จพระปรมินทรมหาภูมิพลอดุลยเดช มีพระบรมราชโองการโปรดเกล้าฯ",กฎหมายทั่วไป,พระราชบัญญัติ
kris_ม0052-1B-0001,พระราชบัญญัติมหาวิทยาลัยขอนแก่น พ.ศ. 2541 (ยกเลิก),"[24/3/2541] พระราชบัญญัติมหาวิทยาลัยขอนแก่น พ.ศ. 2541 (ยกเลิก)
พระราชบัญญัติ มหาวิทยาลัยขอนแก่น พ.ศ. ๒๕๔๑ (ยกเลิก) ภูมิพลอดุลยเดช ป.ร. ให้ไว้ ณ วันที่ ๑๕ มีนาคม พ.ศ. ๒๕๔๑ เป็นปีที่ ๕๓ ในรัชกาลปัจจุบัน พระบาทสมเด็จพระปรมินทรมหาภูมิพลอดุลยเดช มีพระบรมราชโองการโปรดเกล้าฯ ให้ป",กฎหมายทั่วไป,พระราชบัญญัติ
kris_ม0029-1B-0001,พระราชบัญญัติมหาวิทยาลัยรามคำแหง พ.ศ. 2541,"[12/5/2541] พระราชบัญญัติมหาวิทยาลัยรามคำแหง พ.ศ. 2541
พระราชบัญญัติปรับปรุงกระทรวง ทบวง กรม (ฉบับที่ ๑๙) พ.ศ. ๒๕๖๒ ภูมิพลอดุลยเดช ป.ร. ให้ไว้ ณ วันที่ ๒๓ เมษายน พ.ศ. ๒๕๔๑ เป็นปีที่ ๕๓ ในรัชกาลปัจจุบัน พระบาทสมเด็จพระปรมินทรมหาภูมิพลอดุลยเดช มีพระบรมราชโองการโปรดเก",กฎหมายทั่วไป,พระราชบัญญัติ
kris_ม0053-1B-0001,พระราชบัญญัติมหาวิทยาลัยศรีนครินทรวิโรฒ พ.ศ. 2541 (ยกเลิก),"[4/9/2541] พระราชบัญญัติมหาวิทยาลัยศรีนครินทรวิโรฒ พ.ศ. 2541 (ยกเลิก)
พระราชบัญญัติ มหาวิทยาลัยศรีนครินทรวิโรฒ พ.ศ. ๒๕๔๑ (ยกเลิก) ภูมิพลอดุลยเดช ป.ร. ให้ไว้ ณ วันที่ ๒๘ สิงหาคม พ.ศ. ๒๕๔๑ เป็นปีที่ ๕๓ ในรัชกาลปัจจุบัน พระบาทสมเด็จพระปรมินทรมหาภูมิพลอดุลยเดช มีพระบรมราชโองการโปรดเก",กฎหมายทั่วไป,พระราชบัญญัติ
kris_ม0032-1B-0002,พระราชบัญญัติมหาวิทยาลัยแม่ฟ้าหลวง พ.ศ. 2541,"[25/9/2541] พระราชบัญญัติมหาวิทยาลัยแม่ฟ้าหลวง พ.ศ. 2541
พระราชบัญญัติปรับปรุงกระทรวง ทบวง กรม (ฉบับที่ ๑๙) พ.ศ. ๒๕๖๒ ภูมิพลอดุลยเดช ป.ร. ให้ไว้ ณ วันที่ ๑๙ กันยายน พ.ศ. ๒๕๔๑ เป็นปีที่ ๕๓ ในรัชกาลปัจจุบัน พระบาทสมเด็จพระปรมินทรมหาภูมิพลอดุลยเดช มีพระบรมราชโองการโปรดเ",กฎหมายทั่วไป,พระราชบัญญัติ
kris_ม0033-1B-0001,พระราชบัญญัติมาตราชั่งตวงวัด พ.ศ. 2542,"[21/4/2542] พระราชบัญญัติมาตราชั่งตวงวัด พ.ศ. 2542
*พระราชกฤษฎีกาแก้ไขบทบัญญัติให้สอดคล้องกับการโอนอำนาจหน้าที่ของส่วนราชการให้เป็นไปตามพระราชบัญญัติปรับปรุงกระทรวง ทบวง กรม พ.ศ. ๒๕๔๕ พ.ศ. ๒๕๔๕ ภูมิพลอดุลยเดช ป.ร. ให้ไว้ ณ วันที่ ๗ เมษายน พ.ศ. ๒๕๔๒ เป็นปีที่ ๕๔",กฎหมายทั่วไป,พระราชบัญญัติ
kris_ม0034-1B-0002,พระราชบัญญัติมหาวิทยาลัยราชภัฏ พ.ศ. 2547,"[14/6/2547] พระราชบัญญัติมหาวิทยาลัยราชภัฏ พ.ศ. 2547
พระราชบัญญัติระเบียบบริหารราชการกระทรวงการอุดมศึกษาวิทยาศาสตร์ วิจัยและนวัตกรรม พ.ศ. ๒๕๖๒ ภูมิพลอดุลยเดช ป.ร. ให้ไว้ ณ วันที่ ๑๐ มิถุนายน พ.ศ. ๒๕๔๗ เป็นปีที่ ๕๙ ในรัชกาลปัจจุบัน พระบาทสมเด็จพระปรมินทรมหาภูมิพลอ",กฎหมายทั่วไป,พระราชบัญญัติ
kris_ม0036-1B-0001,พระราชบัญญัติมหาวิทยาลัยเทคโนโลยีราชมงคล พ.ศ. 2548,"[18/1/2548] พระราชบัญญัติมหาวิทยาลัยเทคโนโลยีราชมงคล พ.ศ. 2548
พระราชบัญญัติระเบียบบริหารราชการกระทรวงการอุดมศึกษา วิทยาศาสตร์ วิจัยและนวัตกรรม พ.ศ. ๒๕๖๒ ภูมิพลอดุลยเดช ป.ร. ให้ไว้ ณ วันที่ ๘ มกราคม พ.ศ. ๒๕๔๘ เป็นปีที่ ๖๐ ในรัชกาลปัจจุบัน พระบาทสมเด็จพระปรมินทรมหาภูมิพลอดุ",กฎหมายทั่วไป,พระราชบัญญัติ
kris_ม0035-1B-0001,พระราชบัญญัติมหาวิทยาลัยนราธิวาสราชนครินทร์ พ.ศ. 2548,"[8/2/2548] พระราชบัญญัติมหาวิทยาลัยนราธิวาสราชนครินทร์ พ.ศ. 2548
พระราชบัญญัติระเบียบบริหารราชการกระทรวงการอุดมศึกษา วิทยาศาสตร์ วิจัยและนวัตกรรม พ.ศ. ๒๕๖๒ ภูมิพลอดุลยเดช ป.ร. ให้ไว้ ณ วันที่ ๓๑ มกราคม พ.ศ. ๒๕๔๘ เป็นปีที่ ๖๐ ในรัชกาลปัจจุบัน พระบาทสมเด็จพระปรมินทรมหาภูมิพลอด",กฎหมายทั่วไป,พระราชบัญญัติ
kris_ม0037-1B-0001,พระราชบัญญัติมหาวิทยาลัยนครพนม พ.ศ. 2548,"[1/9/2548] พระราชบัญญัติมหาวิทยาลัยนครพนม พ.ศ. 2548
พระราชบัญญัติระเบียบบริหารราชการกระทรวงการอุดมศึกษา วิทยาศาสตร์ วิจัยและนวัตกรรม พ.ศ. ๒๕๖๒ ภูมิพลอดุลยเดช ป.ร. ให้ไว้ ณ วันที่ ๑๓ สิงหาคม พ.ศ. ๒๕๔๘ เป็นปีที่ ๖๐ ในรัชกาลปัจจุบัน พระบาทสมเด็จพระปรมินทรมหาภูมิพลอ",กฎหมายทั่วไป,พระราชบัญญัติ
kris_ม0005-1B-0001,พระราชบัญญัติมหาวิทยาลัยมหิดล พ.ศ. 2550,"[16/10/2550] พระราชบัญญัติมหาวิทยาลัยมหิดล พ.ศ. 2550
พระราชบัญญัติปรับปรุงกระทรวง ทบวง กรม (ฉบับที่ ๑๙) พ.ศ. ๒๕๖๒ ภูมิพลอดุลยเดช ป.ร. ให้ไว้ ณ วันที่ ๗ ตุลาคม พ.ศ. ๒๕๕๐ เป็นปีที่ ๖๒ ในรัชกาลปัจจุบัน พระบาทสมเด็จพระปรมินทรมหาภูมิพลอดุลยเดช มีพระบรมราชโองการโปรดเกล",กฎหมายทั่วไป,พระราชบัญญัติ
kris_ม0038-1B-0001,พระราชบัญญัติมหาวิทยาลัยเทคโนโลยีพระจอมเกล้าพระนครเหนือ พ.ศ. 2550,"[26/12/2550] พระราชบัญญัติมหาวิทยาลัยเทคโนโลยีพระจอมเกล้าพระนครเหนือ พ.ศ. 2550
พระราชบัญญัติปรับปรุงกระทรวง ทบวง กรม (ฉบับที่ ๑๙) พ.ศ. ๒๕๖๒ ภูมิพลอดุลยเดช ป.ร. ให้ไว้ ณ วันที่ ๙ ธันวาคม พ.ศ. ๒๕๕๐ เป็นปีที่ ๖๒ ในรัชกาลปัจจุบัน พระบาทสมเด็จพระปรมินทรมหาภูมิพลอดุลยเดช มีพระบรมราชโองการโปรดเก",กฎหมายทั่วไป,พระราชบัญญัติ
kris_ม0039-1B-0002,พระราชบัญญัติมาตรการปกป้องจากการนำเข้าสินค้าที่เพิ่มขึ้น พ.ศ. 2550,"[7/1/2551] พระราชบัญญัติมาตรการปกป้องจากการนำเข้าสินค้าที่เพิ่มขึ้น พ.ศ. 2550
พระราชบัญญัติ มาตรการปกป้องจากการนำเข้าสินค้าที่เพิ่มขึ้น พ.ศ. ๒๕๕๐ ภูมิพลอดุลยเดช ป.ร. ให้ไว้ ณ วันที่ ๒๙ ธันวาคม พ.ศ. ๒๕๕๐ เป็นปีที่ ๖๒ ในรัชกาลปัจจุบัน พระบาทสมเด็จพระปรมินทรมหาภูมิพลอดุลยเดช มีพระบรมราชโองก",กฎหมายทั่วไป,พระราชบัญญัติ
kris_ม0014-1B-0001,พระราชบัญญัติมหาวิทยาลัยบูรพา พ.ศ. 2550,"[9/1/2551] พระราชบัญญัติมหาวิทยาลัยบูรพา พ.ศ. 2550
พระราชบัญญัติปรับปรุงกระทรวง ทบวง กรม (ฉบับที่ ๑๙) พ.ศ. ๒๕๖๒ ภูมิพลอดุลยเดช ป.ร. ให้ไว้ ณ วันที่ ๒๙ ธันวาคม พ.ศ. ๒๕๕๐ เป็นปีที่ ๖๒ ในรัชกาลปัจจุบัน พระบาทสมเด็จพระปรมินทรมหาภูมิพลอดุลยเดช มีพระบรมราชโองการโปรดเ",กฎหมายทั่วไป,พระราชบัญญัติ
kris_ม0040-1B-0001,พระราชบัญญัติมาตรการของฝ่ายบริหารในการป้องกันและปราบปรามการทุจริต พ.ศ. 2551,"[24/1/2551] พระราชบัญญัติมาตรการของฝ่ายบริหารในการป้องกันและปราบปรามการทุจริต พ.ศ. 2551
พระราชบัญญัติ มาตรการของฝ่ายบริหารในการป้องกันและปราบปรามการทุจริต พ.ศ. ๒๕๕๑ พระราชบัญญัติมาตรการของฝ่ายบริหารในการป้องกันและปราบปรามการทุจริต (ฉบับที่ ๒) พ.ศ. ๒๕๕๙   พระราชบัญญัติมาตรการของฝ่ายบริหารในการป้องก",กฎหมายทั่วไป,พระราชบัญญัติ
kris_ม0018-1B-0001,พระราชบัญญัติมหาวิทยาลัยทักษิณ พ.ศ. 2551,"[5/2/2551] พระราชบัญญัติมหาวิทยาลัยทักษิณ พ.ศ. 2551
พระราชบัญญัติปรับปรุงกระทรวง ทบวง กรม (ฉบับที่ ๑๙) พ.ศ. ๒๕๖๒ ภูมิพลอดุลยเดช ป.ร. ให้ไว้ ณ วันที่ ๓๑ มกราคม พ.ศ. ๒๕๕๑ เป็นปีที่ ๖๓ ในรัชกาลปัจจุบัน พระบาทสมเด็จพระปรมินทรมหาภูมิพลอดุลยเดช มีพระบรมราชโองการโปรดเก",กฎหมายทั่วไป,พระราชบัญญัติ
kris_ม0041-1B-0001,พระราชบัญญัติมาตรฐานสินค้าเกษตร พ.ศ. 2551,"[22/2/2551] พระราชบัญญัติมาตรฐานสินค้าเกษตร พ.ศ. 2551
พระราชบัญญัติว่าด้วยการปรับเป็นพินัย พ.ศ. ๒๕๖๕ ภูมิพลอดุลยเดช ป.ร. ให้ไว้ ณ วันที่ ๑๓ กุมภาพันธ์ พ.ศ. ๒๕๕๑ เป็นปีที่ ๖๓ ในรัชกาลปัจจุบัน พระบาทสมเด็จพระปรมินทรมหาภูมิพลอดุลยเดช มีพระบรมราชโองการโปรดเกล้าฯ ให้ปร",กฎหมายทั่วไป,พระราชบัญญัติ
kris_ม0003-1B-0001,พระราชบัญญัติมหาวิทยาลัยเชียงใหม่ พ.ศ. 2551,"[6/3/2551] พระราชบัญญัติมหาวิทยาลัยเชียงใหม่ พ.ศ. 2551
พระราชบัญญัติปรับปรุงกระทรวง ทบวง กรม (ฉบับที่ ๑๙) พ.ศ. ๒๕๖๒ ภูมิพลอดุลยเดช ป.ร. ให้ไว้ ณ วันที่ ๒๖ กุมภาพันธ์ พ.ศ. ๒๕๕๑ เป็นปีที่ ๖๓ ในรัชกาลปัจจุบัน พระบาทสมเด็จพระปรมินทรมหาภูมิพลอดุลยเดช มีพระบรมราชโองการโป",กฎหมายทั่วไป,พระราชบัญญัติ
kris_ม0042-1B-0001,พระราชบัญญัติมหาวิทยาลัยพะเยา พ.ศ. 2553,"[16/7/2553] พระราชบัญญัติมหาวิทยาลัยพะเยา พ.ศ. 2553
พระราชบัญญัติปรับปรุงกระทรวง ทบวง กรม (ฉบับที่ ๑๙) พ.ศ. ๒๕๖๒ ภูมิพลอดุลยเดช ป.ร. ให้ไว้ ณ วันที่ ๑๒ กรกฎาคม พ.ศ. ๒๕๕๓ เป็นปีที่ ๖๕ ในรัชกาลปัจจุบัน พระบาทสมเด็จพระปรมินทรมหาภูมิพลอดุลยเดช มีพระบรมราชโองการโปรดเ",กฎหมายทั่วไป,พระราชบัญญัติ
kris_ม0043-1B-0001,พระราชบัญญัติมหาวิทยาลัยนวมินทราธิราช พ.ศ. 2553,"[12/11/2553] พระราชบัญญัติมหาวิทยาลัยนวมินทราธิราช พ.ศ. 2553
พระราชบัญญัติปรับปรุงกระทรวง ทบวง กรม (ฉบับที่ ๑๙) พ.ศ. ๒๕๖๒ ภูมิพลอดุลยเดช ป.ร. ให้ไว้ ณ วันที่ ๔ พฤศจิกายน พ.ศ. ๒๕๕๓ เป็นปีที่ ๖๕ ในรัชกาลปัจจุบัน พระบาทสมเด็จพระปรมินทรมหาภูมิพลอดุลยเดช มีพระบรมราชโองการโปรด",กฎหมายทั่วไป,พระราชบัญญัติ
kris_ม0044-1B-0001,พระราชบัญญัติมหาวิทยาลัยสวนดุสิต พ.ศ. 2558,"[17/7/2558] พระราชบัญญัติมหาวิทยาลัยสวนดุสิต พ.ศ. 2558
พระราชบัญญัติปรับปรุงกระทรวง ทบวง กรม (ฉบับที่ ๑๙) พ.ศ. ๒๕๖๒ ภูมิพลอดุลยเดช ป.ร. ให้ไว้ ณ วันที่ ๑๖ กรกฎาคม พ.ศ. ๒๕๕๘ เป็นปีที่ ๗๐ ในรัชกาลปัจจุบัน พระบาทสมเด็จพระปรมินทรมหาภูมิพลอดุลยเดช มีพระบรมราชโองการโปรดเ",กฎหมายทั่วไป,พระราชบัญญัติ
kris_ม0004-1B-0001,พระราชบัญญัติมหาวิทยาลัยธรรมศาสตร์ พ.ศ. 2558,"[17/7/2558] พระราชบัญญัติมหาวิทยาลัยธรรมศาสตร์ พ.ศ. 2558
พระราชบัญญัติปรับปรุงกระทรวง ทบวง กรม (ฉบับที่ ๑๙) พ.ศ. ๒๕๖๒ ภูมิพลอดุลยเดช ป.ร. ให้ไว้ ณ วันที่ ๑๖ กรกฎาคม พ.ศ. ๒๕๕๘ เป็นปีที่ ๗๐ ในรัชกาลปัจจุบัน พระบาทสมเด็จพระปรมินทรมหาภูมิพลอดุลยเดช มีพระบรมราชโองการโปรดเ",กฎหมายทั่วไป,พระราชบัญญัติ
kris_ม0028-1B-0001,พระราชบัญญัติมหาวิทยาลัยขอนแก่น พ.ศ. 2558,"[17/7/2558] พระราชบัญญัติมหาวิทยาลัยขอนแก่น พ.ศ. 2558
พระราชบัญญัติปรับปรุงกระทรวง ทบวง กรม (ฉบับที่ ๑๙) พ.ศ. ๒๕๖๒ ภูมิพลอดุลยเดช ป.ร. ให้ไว้ ณ วันที่ ๑๖ กรกฎาคม พ.ศ. ๒๕๕๘ เป็นปีที่ ๗๐ ในรัชกาลปัจจุบัน พระบาทสมเด็จพระปรมินทรมหาภูมิพลอดุลยเดช มีพระบรมราชโองการโปรดเ",กฎหมายทั่วไป,พระราชบัญญัติ
kris_ม0027-1B-0001,พระราชบัญญัติมหาวิทยาลัยเกษตรศาสตร์ พ.ศ. 2558,"[17/7/2558] พระราชบัญญัติมหาวิทยาลัยเกษตรศาสตร์ พ.ศ. 2558
พระราชบัญญัติปรับปรุงกระทรวง ทบวง กรม (ฉบับที่ ๑๙) พ.ศ. ๒๕๖๒ ภูมิพลอดุลยเดช ป.ร. ให้ไว้ ณ วันที่ ๑๖ กรกฎาคม พ.ศ. ๒๕๕๘ เป็นปีที่ ๗๐ ในรัชกาลปัจจุบัน พระบาทสมเด็จพระปรมินทรมหาภูมิพลอดุลยเดช มีพระบรมราชโองการโปรดเ",กฎหมายทั่วไป,พระราชบัญญัติ
kris_ม0045-1B-0001,พระราชบัญญัติมหาวิทยาลัยกาฬสินธุ์ พ.ศ. 2558,"[8/9/2558] พระราชบัญญัติมหาวิทยาลัยกาฬสินธุ์ พ.ศ. 2558
พระราชบัญญัติระเบียบบริหารราชการกระทรวงการอุดมศึกษา วิทยาศาสตร์ วิจัยและนวัตกรรม พ.ศ. ๒๕๖๒ ภูมิพลอดุลยเดช ป.ร. ให้ไว้ ณ วันที่ ๑๔ สิงหาคม พ.ศ. ๒๕๕๘ เป็นปีที่ ๗๐ ในรัชกาลปัจจุบัน พระบาทสมเด็จพระปรมินทรมหาภูมิพลอ",กฎหมายทั่วไป,พระราชบัญญัติ
kris_ม0031-1B-0001,พระราชบัญญัติมหาวิทยาลัยศรีนครินทรวิโรฒ พ.ศ. 2559,"[21/4/2559] พระราชบัญญัติมหาวิทยาลัยศรีนครินทรวิโรฒ พ.ศ. 2559
พระราชบัญญัติปรับปรุงกระทรวง ทบวง กรม (ฉบับที่ ๑๙) พ.ศ. ๒๕๖๒ ภูมิพลอดุลยเดช ป.ร. ให้ไว้ ณ วันที่ ๑๘ เมษายน พ.ศ. ๒๕๕๙ เป็นปีที่ ๗๑ ในรัชกาลปัจจุบัน พระบาทสมเด็จพระปรมินทรมหาภูมิพลอดุลยเดช มีพระบรมราชโองการโปรดเก",กฎหมายทั่วไป,พระราชบัญญัติ
kris_ม0008-1B-0001,พระราชบัญญัติมหาวิทยาลัยศิลปากร พ.ศ. 2559,"[2/6/2559] พระราชบัญญัติมหาวิทยาลัยศิลปากร พ.ศ. 2559
พระราชบัญญัติปรับปรุงกระทรวง ทบวง กรม (ฉบับที่ ๑๙) พ.ศ. ๒๕๖๒ ภูมิพลอดุลยเดช ป.ร. ให้ไว้ ณ วันที่ ๓๑ พฤษภาคม พ.ศ. ๒๕๕๙ เป็นปีที่ ๗๑ ในรัชกาลปัจจุบัน พระบาทสมเด็จพระปรมินทรมหาภูมิพลอดุลยเดช มีพระบรมราชโองการโปรดเ",กฎหมายทั่วไป,พระราชบัญญัติ
kris_ม0009-1B-0001,พระราชบัญญัติมหาวิทยาลัยสงขลานครินทร์ พ.ศ. 2559,"[21/6/2559] พระราชบัญญัติมหาวิทยาลัยสงขลานครินทร์ พ.ศ. 2559
พระราชบัญญัติปรับปรุงกระทรวง ทบวง กรม (ฉบับที่ ๑๙) พ.ศ. ๒๕๖๒ ภูมิพลอดุลยเดช ป.ร. ให้ไว้ ณ วันที่ ๑๓ มิถุนายน พ.ศ. ๒๕๕๙ เป็นปีที่ ๗๑ ในรัชกาลปัจจุบัน พระบาทสมเด็จพระปรมินทรมหาภูมิพลอดุลยเดช มีพระบรมราชโองการโปรด",กฎหมายทั่วไป,พระราชบัญญัติ
kris_ม0019-1B-0001,พระราชบัญญัติมหาวิทยาลัยแม่โจ้ พ.ศ. 2560,"[5/4/2560] พระราชบัญญัติมหาวิทยาลัยแม่โจ้ พ.ศ. 2560
พระราชบัญญัติปรับปรุงกระทรวง ทบวง กรม (ฉบับที่ ๑๙) พ.ศ. ๒๕๖๒ สมเด็จพระเจ้าอยู่หัวมหาวชิราลงกรณ บดินทรเทพยวรางกูร ให้ไว้ ณ วันที่ ๒ เมษายน พ.ศ. ๒๕๖๐ เป็นปีที่ ๒ ในรัชกาลปัจจุบัน สมเด็จพระเจ้าอยู่หัวมหาวชิราลงกรณ",กฎหมายทั่วไป,พระราชบัญญัติ
kris_ม0046-1B-0001,พระราชบัญญัติมาตรการกํากับและติดตามจับกุมผู้หลบหนีการปล่อยชั่วคราวโดยศาล พ.ศ. 2560,"[26/9/2560] พระราชบัญญัติมาตรการกํากับและติดตามจับกุมผู้หลบหนีการปล่อยชั่วคราวโดยศาล พ.ศ. 2560
พระราชบัญญัติ มาตรการกำกับและติดตามจับกุมผู้หลบหนีการปล่อยชั่วคราวโดยศาล พ.ศ. ๒๕๖๐ สมเด็จพระเจ้าอยู่หัวมหาวชิราลงกรณ บดินทรเทพยวรางกูร ให้ไว้ ณ วันที่ ๒๒ กันยายน พ.ศ. ๒๕๖๐ เป็นปีที่ ๒ ในรัชกาลปัจจุบัน สมเด็จพระ",กฎหมายทั่วไป,พระราชบัญญัติ
kris_ม0047-1B-0001,พระราชบัญญัติมาตรฐานทางจริยธรรม พ.ศ. 2562,"[16/4/2562] พระราชบัญญัติมาตรฐานทางจริยธรรม พ.ศ. 2562
พระราชบัญญัติ มาตรฐานทางจริยธรรม พ.ศ. ๒๕๖๒ สมเด็จพระเจ้าอยู่หัวมหาวชิราลงกรณ บดินทรเทพยวรางกูร ให้ไว้ ณ วันที่ ๑๕ เมษายน พ.ศ. ๒๕๖๒ เป็นปีที่ ๔ ในรัชกาลปัจจุบัน สมเด็จพระเจ้าอยู่หัวมหาวชิราลงกรณ บดินทรเทพยวรางกู",กฎหมายทั่วไป,พระราชบัญญัติ
kris_ม0048-1B-0001,พระราชบัญญัติมหาวิทยาลัยการกีฬาแห่งชาติ พ.ศ. 2562,"[22/5/2562] พระราชบัญญัติมหาวิทยาลัยการกีฬาแห่งชาติ พ.ศ. 2562
พระราชบัญญัติ มหาวิทยาลัยการกีฬาแห่งชาติ พ.ศ. ๒๕๖๒ พระบาทสมเด็จพระปรเมนทรรามาธิบดีศรีสินทรมหาวชิราลงกรณ พระวชิรเกล้าเจ้าอยู่หัว ให้ไว้ ณ วันที่ ๑๙ พฤษภาคม พ.ศ. ๒๕๖๒ เป็นปีที่ ๔ ในรัชกาลปัจจุบัน พระบาทสมเด็จพระป",กฎหมายทั่วไป,พระราชบัญญัติ
kris_ม0049-1B-0001,พระราชบัญญัติมาตรการป้องกันการกระทำความผิดซ้ำในความผิดเกี่ยวกับเพศหรือที่ใช้ความรุนแรง พ.ศ. 2565,"[25/10/2565] พระราชบัญญัติมาตรการป้องกันการกระทำความผิดซ้ำในความผิดเกี่ยวกับเพศหรือที่ใช้ความรุนแรง พ.ศ. 2565
พระราชบัญญัติ มาตรการป้องกันการกระทำความผิดซ้ำ ในความผิดเกี่ยวกับเพศหรือที่ใช้ความรุนแรง พ.ศ. ๒๕๖๕ พระบาทสมเด็จพระปรเมนทรรามาธิบดีศรีสินทรมหาวชิราลงกรณ พระวชิรเกล้าเจ้าอยู่หัว ให้ไว้ ณ วันที่ ๒๔ ตุลาคม พ.ศ. ๒๕๖",กฎหมายทั่วไป,พระราชบัญญัติ
kris_ม0050-1C-0001,พระราชกำหนดมาตรการป้องกันและปราบปรามอาชญากรรมทางเทคโนโลยี พ.ศ. 2566,"[16/3/2566] พระราชกำหนดมาตรการป้องกันและปราบปรามอาชญากรรมทางเทคโนโลยี พ.ศ. 2566
ประกาศสำนักนายกรัฐมนตรี เรื่อง การอนุมัติพระราชกำหนด รวม ๒ ฉบับ พระราชกำหนดมาตรการป้องกันและปราบปรามอาชญากรรมทางเทคโนโลยี (ฉบับที่ ๒) พ.ศ. ๒๕๖๘ พระบาทสมเด็จพระปรเมนทรรามาธิบดีศรีสินทรมหาวชิราลงกรณ พระวชิรเกล้าเ",กฎหมายทั่วไป,พระราชกำหนด
kris_ม0055-1B-0001,พระราชบัญญัติมหาวิทยาลัยอุบลราชธานี พ.ศ. 2568,"[23/7/2568] พระราชบัญญัติมหาวิทยาลัยอุบลราชธานี พ.ศ. 2568
พระราชบัญญัติ มหาวิทยาลัยอุบลราชธานี พ.ศ. ๒๕๖๘ พระบาทสมเด็จพระปรเมนทรรามาธิบดีศรีสินทรมหาวชิราลงกรณ พระวชิรเกล้าเจ้าอยู่หัว ให้ไว้ ณ วันที่ ๑๖ กรกฎาคม พ.ศ. ๒๕๖๘ เป็นปีที่ ๑๐ ในรัชกาลปัจจุบัน พระบาทสมเด็จพระปรเม",กฎหมายทั่วไป,พระราชบัญญัติ
kris_ม0010-1B-0001,พระราชบัญญัติมหาวิทยาลัยสุโขทัยธรรมาธิราช พ.ศ. 2521,"[21/9/2521] พระราชบัญญัติมหาวิทยาลัยสุโขทัยธรรมาธิราช พ.ศ. 2521
พระราชบัญญัติปรับปรุงกระทรวง ทบวง กรม (ฉบับที่ ๑๙) พ.ศ. ๒๕๖๒ ภูมิพลอดุลยเดช ป.ร. ให้ไว้ ณ วันที่ ๕ กันยายน พ.ศ. ๒๕๒๑ เป็นปีที่ ๓๓ ในรัชกาลปัจจุบัน พระบาทสมเด็จพระปรมินทรมหาภูมิพลอดุลยเดช มีพระบรมราชโองการโปรดเก",กฎหมายทั่วไป,พระราชบัญญัติ
kris_ม0017-1B-0001,พระราชบัญญัติมหาวิทยาลัยมหาสารคาม พ.ศ. 2537,"[8/12/2537] พระราชบัญญัติมหาวิทยาลัยมหาสารคาม พ.ศ. 2537
พระราชบัญญัติปรับปรุงกระทรวง ทบวง กรม (ฉบับที่ ๑๙) พ.ศ. ๒๕๖๒ ภูมิพลอดุลยเดช ป.ร. ให้ไว้ ณ วันที่ ๗ ธันวาคม พ.ศ. ๒๕๓๗ เป็นปีที่ ๔๙ ในรัชกาลปัจจุบัน พระบาทสมเด็จพระปรมินทรมหาภูมิพลอดุลยเดช มีพระบรมราชโองการโปรดเ",กฎหมายทั่วไป,พระราชบัญญัติ
kris_ม0033-1B-0001,พระราชบัญญัติมาตราชั่งตวงวัด พ.ศ. 2542,"[21/4/2542] พระราชบัญญัติมาตราชั่งตวงวัด พ.ศ. 2542
*พระราชกฤษฎีกาแก้ไขบทบัญญัติให้สอดคล้องกับการโอนอำนาจหน้าที่ของส่วนราชการให้เป็นไปตามพระราชบัญญัติปรับปรุงกระทรวง ทบวง กรม พ.ศ. ๒๕๔๕ พ.ศ. ๒๕๔๕ ภูมิพลอดุลยเดช ป.ร. ให้ไว้ ณ วันที่ ๗ เมษายน พ.ศ. ๒๕๔๒ เป็นปีที่ ๕๔",กฎหมายทั่วไป,พระราชบัญญัติ
kris_ม0032-1B-0002,พระราชบัญญัติมหาวิทยาลัยแม่ฟ้าหลวง พ.ศ. 2541,"[25/9/2541] พระราชบัญญัติมหาวิทยาลัยแม่ฟ้าหลวง พ.ศ. 2541
พระราชบัญญัติปรับปรุงกระทรวง ทบวง กรม (ฉบับที่ ๑๙) พ.ศ. ๒๕๖๒ ภูมิพลอดุลยเดช ป.ร. ให้ไว้ ณ วันที่ ๑๙ กันยายน พ.ศ. ๒๕๔๑ เป็นปีที่ ๕๓ ในรัชกาลปัจจุบัน พระบาทสมเด็จพระปรมินทรมหาภูมิพลอดุลยเดช มีพระบรมราชโองการโปรดเ",กฎหมายทั่วไป,พระราชบัญญัติ
kris_ม0013-1B-0001,พระราชบัญญัติมหาวิทยาลัยนเรศวร พ.ศ. 2533,"[29/7/2533] พระราชบัญญัติมหาวิทยาลัยนเรศวร พ.ศ. 2533
พระราชบัญญัติปรับปรุงกระทรวง ทบวง กรม (ฉบับที่ ๑๙) พ.ศ. ๒๕๖๒ ภูมิพลอดุลยเดช ป.ร. ให้ไว้ ณ วันที่ ๒๗ กรกฎาคม พ.ศ. ๒๕๓๓ เป็นปีที่ ๔๕ ในรัชกาลปัจจุบัน พระบาทสมเด็จพระปรมินทรมหาภูมิพลอดุลยเดช มีพระบรมราชโองการโปรดเ",กฎหมายทั่วไป,พระราชบัญญัติ
kris_ม0034-1B-0002,พระราชบัญญัติมหาวิทยาลัยราชภัฏ พ.ศ. 2547,"[14/6/2547] พระราชบัญญัติมหาวิทยาลัยราชภัฏ พ.ศ. 2547
พระราชบัญญัติระเบียบบริหารราชการกระทรวงการอุดมศึกษาวิทยาศาสตร์ วิจัยและนวัตกรรม พ.ศ. ๒๕๖๒ ภูมิพลอดุลยเดช ป.ร. ให้ไว้ ณ วันที่ ๑๐ มิถุนายน พ.ศ. ๒๕๔๗ เป็นปีที่ ๕๙ ในรัชกาลปัจจุบัน พระบาทสมเด็จพระปรมินทรมหาภูมิพลอ",กฎหมายทั่วไป,พระราชบัญญัติ
kris_ยล124-1B-0001,พระราชบัญญัติยาเสพติดให้โทษ พระพุทธศักราช 2465 (ยกเลิก),"[17/12/2465] พระราชบัญญัติยาเสพติดให้โทษ พระพุทธศักราช 2465 (ยกเลิก)
พระราชบัญญัติ ยาเสพติดให้โทษ พระพุทธศักราช ๒๔๖๕ และที่แก้ไขเพิ่มเติม (ยกเลิก) โปรดดูรายละเอียดของกฎหมายที่เว็บไซต์ราชกิจจานุเบกษา https://ratchakitcha.soc.go.th/",กฎหมายทั่วไป,พระราชบัญญัติ
kris_ยน001-1B-0001,พระราชบัญญัติยกความผิดให้แก่ผู้ทําผิด - พระราชบัญญัติลักษณะเกณฑ์ทหารและผู้ขาดหนีราชการทหารและตํารวจ พุทธศักราช 2475,"[11/9/2475] พระราชบัญญัติยกความผิดให้แก่ผู้ทําผิด - พระราชบัญญัติลักษณะเกณฑ์ทหารและผู้ขาดหนีราชการทหารและตํารวจ พุทธศักราช 2475
พระราชบัญญัติ ยกความผิดให้แก่ผู้ทำผิด - พระราชบัญญัติ ลักษณะเกณฑ์ทหารและผู้ขาดหนีราชการทหาร และตำรวจ พุทธศักราช ๒๔๗๕ ประชาธิปก ป.ร พระบาทสมเด็จพระปรมินทรมหาประชาธิปก พระปกเกล้าเจ้าอยู่หัว มีพระบรมราชโองการโปรดเ",กฎหมายทั่วไป,พระราชบัญญัติ
kris_ยน002-1B-0001,พระราชบัญญัติยกเว้นความผิดให้แก่ผู้ขาดหนีราชการทหารและตํารวจ พุทธศักราช 2476,"[9/12/2476] พระราชบัญญัติยกเว้นความผิดให้แก่ผู้ขาดหนีราชการทหารและตํารวจ พุทธศักราช 2476
พระราชบัญญัติ ยกเว้นความผิดให้แก่ผู้ขาดหนีราชการทหารและตำรวจ พุทธศักราช ๒๔๗๖ ประชาธิปก ป.ร. พระบาทสมเด็จพระปรมินทรมหาประชาธิปก พระปกเกล้าเจ้าอยู่หัว มีพระบรมราชโองการดำรัสเหนือเกล้าฯ สั่งว่า โดยที่สภาผู้แทนราษฎ",กฎหมายทั่วไป,พระราชบัญญัติ
kris_ย0002-1B-0001,พระราชบัญญัติยศทหาร พุทธศักราช 2479,"[8/11/2479] พระราชบัญญัติยศทหาร พุทธศักราช 2479
พระราชบัญญัติ ยศทหาร พุทธศักราช ๒๔๗๙ ในพระปรมาภิไธยสมเด็จพระเจ้าอยู่หัวอานันทมหิดล คณะผู้สำเร็จราชการแทนพระองค์ (ตามประกาศประธานสภาผู้แทนราษฎร ลงวันที่ ๒๐ สิงหาคม พุทธศักราช ๒๔๗๘) เจ้าพระยายมราช พล.อ. เจ้าพระยา",กฎหมายทั่วไป,พระราชบัญญัติ
kris_ยศ002-1B-0001,พระราชบัญญัติยกฐานะศาลแขวงมีนบุรี เป็นศาลจังหวัด พุทธศักราช 2480,"[30/3/2480] พระราชบัญญัติยกฐานะศาลแขวงมีนบุรี เป็นศาลจังหวัด พุทธศักราช 2480
พระราชบัญญัติ ยกฐานะศาลแขวงมีนบุรี เป็นศาลจังหวัด พุทธศักราช ๒๔๘๐ โดยที่สภาผู้แทนราษฎรลงมติว่า สมควรยกฐานะศาลแขวงมีนบุรี ขึ้นเป็นศาลจังหวัด จึงมีพระบรมราชโองการให้ตราพระราชบัญญัติขึ้นไว้โดยคำแนะนำและยินยอมของสภ",กฎหมายทั่วไป,พระราชบัญญัติ
kris_ยศ001-1B-0001,พระราชบัญญัติยกฐานะศาลแขวงแม่สะเรียง ศาลแขวงแม่สอด ศาลแขวงตะกั่วป่า และศาลแขวงหลังสวน เป็นศาลจังหวัด พุทธศักราช 2479,"[19/4/2480] พระราชบัญญัติยกฐานะศาลแขวงแม่สะเรียง ศาลแขวงแม่สอด ศาลแขวงตะกั่วป่า และศาลแขวงหลังสวน เป็นศาลจังหวัด พุทธศักราช 2479
ประกาศของคณะปฏิวัติ ฉบับที่ ๕๑ ลงวันที่ ๑๖ มกราคม ๒๕๐๒ พระราชบัญญัติยกฐานะศาลแขวงแม่สะเรียง ศาลแขวงแม่สอด ศาลแขวงตะกั่วป่า และศาลแขวงหลังสวน เป็นศาลจังหวัด (ฉบับที่ ๒) พ.ศ. ๒๔๙๔ พระราชบัญญัติยกฐานะศาลแขวงแม่สะเ",กฎหมายทั่วไป,พระราชบัญญัติ
kris_ยศ003-1B-0001,พระราชบัญญัติยกฐานะศาลแขวงกบินทร์บุรีเป็นศาลจังหวัด พุทธศักราช 2481,"[6/3/2481] พระราชบัญญัติยกฐานะศาลแขวงกบินทร์บุรีเป็นศาลจังหวัด พุทธศักราช 2481
พระราชบัญญัติ ยกฐานะศาลแขวงกบินทร์บุรีเป็นศาลจังหวัด พุทธศักราช ๒๔๘๑ โดยที่สภาผู้แทนราษฎรลงมติว่า สมควรยกฐานะศาลแขวงกบินทร์บุรีขึ้นเป็นศาลจังหวัด จึงมีพระบรมราชโองการให้ตราพระราชบัญญัติขึ้นไว้โดยคำแนะนำและยินยอ",กฎหมายทั่วไป,พระราชบัญญัติ
kris_ย0001-1B-0002,พระราชบัญญัติยศตำรวจ พุทธศักราช 2480 (ยกเลิก),"[4/4/2481] พระราชบัญญัติยศตำรวจ พุทธศักราช 2480 (ยกเลิก)
พระราชบัญญัติยศตำรวจ (ฉบับที่ ๓) พ.ศ. ๒๕๐๔ ในพระปรมาภิไธยสมเด็จพระเจ้าอยู่หัวอานันทมหิดล คณะผู้สำเร็จราชการแทนพระองค์ (ตามประกาศประธานสภาผู้แทนราษฎร ลงวันที่ ๔ สิงหาคม พุทธศักราช ๒๔๘๐) อาทิตย์ทิพอาภา พล.อ. เจ้า",กฎหมายทั่วไป,พระราชบัญญัติ
kris_ยศ004-1B-0001,พระราชบัญญัติยกฐานะศาลแขวงเบตงเป็นศาลจังหวัด พุทธศักราช 2483,"[3/9/2483] พระราชบัญญัติยกฐานะศาลแขวงเบตงเป็นศาลจังหวัด พุทธศักราช 2483
พระราชบัญญัติ ยกฐานะศาลแขวงเบตงเป็นศาลจังหวัด พุทธศักราช ๒๔๘๓ โดยที่สภาผู้แทนราษฎรลงมติว่า สมควรยกฐานะศาลแขวงเบตงขึ้นเป็นศาลจังหวัด จึงมีพระบรมราชโองการให้ตราพระราชบัญญัติขึ้นไว้ โดยคำแนะนำและยินยอมของสภาผู้แทน",กฎหมายทั่วไป,พระราชบัญญัติ
kris_ยน003-1B-0001,พระราชบัญญัติยกความผิดให้แก่ผู้กระทําผิดกฎหมายรับราชการทหาร กับขาดหนีราชการทหารและตํารวจ พุทธศักราช 2483,"[24/12/2483] พระราชบัญญัติยกความผิดให้แก่ผู้กระทําผิดกฎหมายรับราชการทหาร กับขาดหนีราชการทหารและตํารวจ พุทธศักราช 2483
พระราชบัญญัติ ยกความผิดให้แก่ผู้กระทำผิดกฎหมาย รับราชการทหาร กับขาดหนีราชการทหารและตำรวจ พุทธศักราช ๒๔๘๓ ในพระปรมาภิไธยสมเด็จพระเจ้าอยู่หัวอานันทมหิดล คณะผู้สำเร็จราชการแทนพระองค์ (ตามประกาศประธานสภาผู้แทนราษฎร",กฎหมายทั่วไป,พระราชบัญญัติ
kris_ยล221-1B-0001,พระราชบัญญัติยาสูบ พุทธศักราช 2486 (ยกเลิก),"[4/2/2486] พระราชบัญญัติยาสูบ พุทธศักราช 2486 (ยกเลิก)
พระราชบัญญัติ ยาสูบ พุทธศักราช ๒๔๘๖ และที่แก้ไขเพิ่มเติม (ยกเลิก) โปรดดูรายละเอียดของกฎหมาย ที่เว็บไซต์ราชกิจจานุเบกษา https://ratchakitcha.soc.go.th/",กฎหมายทั่วไป,พระราชบัญญัติ
kris_ยล231-1B-0001,พระราชบัญญัติยุวชนแห่งชาติ พุทธศักราช 2486 (ยกเลิก),"[19/10/2486] พระราชบัญญัติยุวชนแห่งชาติ พุทธศักราช 2486 (ยกเลิก)
พระราชบัญญัติ ยุวชนแห่งชาติ พุทธศักราช ๒๔๘๖ (ยกเลิก) โปรดดูรายละเอียดของกฎหมาย ที่เว็บไซต์ราชกิจจานุเบกษา https://ratchakitcha.soc.go.th/",กฎหมายทั่วไป,พระราชบัญญัติ
kris_ยน004-1B-0001,พระราชบัญญัติยกโทษให้แก่ผู้ที่ได้กระทําความผิดต่อกฎหมายเกี่ยวด้วยการเกณฑ์แรงงาน พุทธศักราช 2488,"[9/1/2488] พระราชบัญญัติยกโทษให้แก่ผู้ที่ได้กระทําความผิดต่อกฎหมายเกี่ยวด้วยการเกณฑ์แรงงาน พุทธศักราช 2488
พระราชบัญญัติ ยกโทษให้แก่ผู้ที่ได้กระทำความผิดต่อกฎหมาย เกี่ยวด้วยการเกณฑ์แรงงาน พุทธศักราช ๒๔๘๘ ในพระปรมาภิไธยสมเด็จพระเจ้าอยู่หัวอานันทมหิดล ผู้สำเร็จราชการแทนพระองค์ (ตามประกาศประธานสภาผู้แทนราษฎร ลงวันที่ ๑",กฎหมายทั่วไป,พระราชบัญญัติ
kris_ยน005-1B-0001,พระราชบัญญัติยกโทษให้แก่พลทหารที่ได้กระทําผิดฐานหนีราชการทหาร พุทธศักราช 2489,"[23/4/2489] พระราชบัญญัติยกโทษให้แก่พลทหารที่ได้กระทําผิดฐานหนีราชการทหาร พุทธศักราช 2489
พระราชบัญญัติ ยกโทษให้แก่พลทหารที่ได้กระทำผิดฐานหนีราชการทหาร พุทธศักราช ๒๔๘๙ อานันทมหิดล ตราไว้ ณ วันที่ ๑๖ เมษายน พุทธศักราช ๒๔๘๙ เป็นปีที่ ๑๓ ในรัชกาลปัจจุบัน สมเด็จพระเจ้าอยู่หัวอานันทมหิดล มีพระบรมราชโองกา",กฎหมายทั่วไป,พระราชบัญญัติ
kris_ย0015-1B-0001,พระราชบัญญัติยกเลิกกฎหมายบางฉบับซึ่งใช้บังคับในภาวะคับขัน พุทธศักราช 2489,"[9/5/2489] พระราชบัญญัติยกเลิกกฎหมายบางฉบับซึ่งใช้บังคับในภาวะคับขัน พุทธศักราช 2489
พระราชบัญญัติ ยกเลิกกฎหมายบางฉบับซึ่งใช้บังคับในภาวะคับขัน พุทธศักราช ๒๔๘๙ อานันทมหิดล ตราไว้ ณ วันที่ ๘ พฤษภาคม พุทธศักราช ๒๔๘๙ เป็นปีที่ ๑๓ ในรัชกาลปัจจุบัน สมเด็จพระเจ้าอยู่หัวอานันทมหิดล มีพระบรมราชโองการโป",กฎหมายทั่วไป,พระราชบัญญัติ
kris_ยน006-1B-0001,พระราชบัญญัติยกทัณฑ์ให้แก่ตํารวจที่ขาดหนีราชการ พ.ศ. 2489,"[19/11/2489] พระราชบัญญัติยกทัณฑ์ให้แก่ตํารวจที่ขาดหนีราชการ พ.ศ. 2489
พระราชบัญญัติ ยกทัณฑ์ให้แก่ตำรวจที่ขาดหนีราชการ พ.ศ. ๒๔๘๙ ในพระปรมาภิไธยสมเด็จพระเจ้าอยู่หัวภูมิพลอดุลยเดช คณะผู้สำเร็จราชการแทนพระองค์ รังสิต กรมขุนชัยนาทนเรนทร พระยามานวราชเสวี ให้ไว้ ณ วันที่ ๖ พฤศจิกายน พ.ศ",กฎหมายทั่วไป,พระราชบัญญัติ
kris_ย0003-1B-0001,พระราชบัญญัติยศ และเครื่องแบบผู้บังคับบัญชา และเจ้าหน้าที่กองอาสารักษาดินแดน พ.ศ. 2497,"[31/12/2497] พระราชบัญญัติยศ และเครื่องแบบผู้บังคับบัญชา และเจ้าหน้าที่กองอาสารักษาดินแดน พ.ศ. 2497
พระราชบัญญัติ ยศ และเครื่องแบบผู้บังคับบัญชา และเจ้าหน้าที่กองอาสารักษาดินแดน พ.ศ. ๒๔๙๗ ภูมิพลอดุลยเดช ป.ร. ให้ไว้ ณ วันที่ ๒๒ ธันวาคม พ.ศ. ๒๔๙๗ เป็นปีที่ ๙ ในรัชกาลปัจจุบัน พระบาทสมเด็จพระปรมินทรมหาภูมิพลอดุลย",กฎหมายทั่วไป,พระราชบัญญัติ
kris_ย0005-1B-0001,พระราชบัญญัติยกเว้นค่าธรรมเนียมบางประเภทให้แก่ผู้ได้รับพระราชทานเหรียญชัยสมรภูมิ พ.ศ. 2507,"[1/5/2507] พระราชบัญญัติยกเว้นค่าธรรมเนียมบางประเภทให้แก่ผู้ได้รับพระราชทานเหรียญชัยสมรภูมิ พ.ศ. 2507
พระราชบัญญัติ ยกเว้นค่าธรรมเนียมบางประเภทให้แก่ผู้ได้รับ พระราชทานเหรียญชัยสมรภูมิ พ.ศ. ๒๕๐๗ พระราชบัญญัติยกเว้นค่าธรรมเนียมบางประเภทให้แก่ผู้ได้รับพระราชทานเหรียญชัยสมรภูมิ (ฉบับที่ ๒) พ.ศ. ๒๕๐๘ พระราชบัญญัติย",กฎหมายทั่วไป,พระราชบัญญัติ
kris_ย0006-1B-0001,พระราชบัญญัติยาสูบ พ.ศ. 2509 (ยกเลิก),"[27/12/2509] พระราชบัญญัติยาสูบ พ.ศ. 2509 (ยกเลิก)
พระราชกำหนดแก้ไขเพิ่มเติมพระราชบัญญัติยาสูบ พ.ศ. ๒๕๐๙ (ฉบับที่ ๒) พ.ศ. ๒๕๕๒ พระราชบัญญัติยาสูบ (ฉบับที่ ๒) พ.ศ. ๒๕๑๑ พระราชบัญญัติยาสูบ (ฉบับที่ ๓) พ.ศ. ๒๕๑๒ พระราชบัญญัติยาสูบ (ฉบับที่ ๔) พ.ศ. ๒๕๒๑ พระราชบัญญั",กฎหมายทั่วไป,พระราชบัญญัติ
kris_ย0004-1B-0001,พระราชบัญญัติยา พ.ศ. 2510,"[20/10/2510] พระราชบัญญัติยา พ.ศ. 2510
ประกาศของคณะปฏิวัติ ฉบับที่ ๓๒๑ ลงวันที่ ๑๓ ธันวาคม พ.ศ. ๒๕๑๕ พระราชบัญญัติยา (ฉบับที่ ๒) พ.ศ. ๒๕๑๘ พระราชบัญญัติยา (ฉบับที่ ๓) พ.ศ. ๒๕๒๒ พระราชบัญญัติยา (ฉบับที่ ๔) พ.ศ. ๒๕๒๗ พระราชบัญญัติยา (ฉบับที่ ๕) พ.ศ. ๒",กฎหมายทั่วไป,พระราชบัญญัติ
kris_ย0011-1B-0001,พระราชบัญญัติยศตํารวจรัฐสภา พ.ศ. 2512,"[1/10/2512] พระราชบัญญัติยศตํารวจรัฐสภา พ.ศ. 2512
พระราชบัญญัติ ยศตำรวจรัฐสภา พ.ศ. ๒๕๑๒ ภูมิพลอดุลยเดช ป.ร. ให้ไว้ ณ วันที่ ๒๔ กันยายน พ.ศ. ๒๕๑๒ เป็นปีที่ ๒๔ ในรัชกาลปัจจุบัน พระบาทสมเด็จพระปรมินทรมหาภูมิพลอดุลยเดช มีพระบรมราชโองการโปรดเกล้าฯ ให้ประกาศว่า โดยท",กฎหมายทั่วไป,พระราชบัญญัติ
kris_นท013-1B-0001,พระราชบัญญัติยกเลิกคําสั่งของหัวหน้าคณะปฏิวัติที่ 36/2515 ลงวันที่ 22 มิถุนายน พ.ศ. 2515 พ.ศ. 2517,"[25/1/2517] พระราชบัญญัติยกเลิกคําสั่งของหัวหน้าคณะปฏิวัติที่ 36/2515 ลงวันที่ 22 มิถุนายน พ.ศ. 2515 พ.ศ. 2517
พระราชบัญญัติ ยกเลิกคำสั่งของหัวหน้าคณะปฏิวัติ ที่ ๓๖/๒๕๑๕ ลงวันที่ ๒๒ มิถุนายน พ.ศ. ๒๕๑๕ พ.ศ. ๒๕๑๗ ภูมิพลอดุลยเดช ป.ร. ให้ไว้ ณ วันที่ ๒๕ มกราคม พ.ศ. ๒๕๑๗ เป็นปีที่ ๒๙ ในรัชกาลปัจจุบัน พระบาทสมเด็จพระปรมินทรมห",กฎหมายทั่วไป,พระราชบัญญัติ
kris_ย0007-1B-0001,พระราชบัญญัติยาเสพติดให้โทษ พ.ศ. 2522 (ยกเลิก),"[27/4/2522] พระราชบัญญัติยาเสพติดให้โทษ พ.ศ. 2522 (ยกเลิก)
พระราชบัญญัติ ยาเสพติดให้โทษ พ.ศ. ๒๕๒๒ (ยกเลิก) พระราชบัญญัติยาเสพติดให้โทษ (ฉบับที่ ๒) พ.ศ. ๒๕๒๘ พระราชบัญญัติยาเสพติดให้โทษ (ฉบับที่ ๓) พ.ศ. ๒๕๓๐ พระราชบัญญัติยาเสพติดให้โทษ (ฉบับที่ ๔) พ.ศ. ๒๕๔๓ พระราชบัญญัต",กฎหมายทั่วไป,พระราชบัญญัติ
kris_ย0009-1B-0005,พระราชบัญญัติยกเว้นค่าธรรมเนียมบางประเภทให้แก่ผู้ได้รับพระราชทานเหรียญกล้าหาญ พ.ศ. 2526,"[7/4/2526] พระราชบัญญัติยกเว้นค่าธรรมเนียมบางประเภทให้แก่ผู้ได้รับพระราชทานเหรียญกล้าหาญ พ.ศ. 2526
พระราชบัญญัติ ยกเว้นค่าธรรมเนียมบางประเภทให้แก่ผู้ได้รับ พระราชทานเหรียญกล้าหาญ พ.ศ. ๒๕๒๖ ภูมิพลอดุลยเดช ป.ร. ให้ไว้ ณ วันที่ ๓ เมษายน พ.ศ. ๒๕๒๖ เป็นปีที่ ๓๘ ในรัชกาลปัจจุบัน พระบาทสมเด็จพระปรมินทรมหาภูมิพลอดุล",กฎหมายทั่วไป,พระราชบัญญัติ
kris_ยน007-1B-0001,พระราชบัญญัติยกโทษและทัณฑ์ให้แก่ทหารกองประจําการซึ่งขาดหรือหนีราชการ พ.ศ. 2526,"[20/4/2526] พระราชบัญญัติยกโทษและทัณฑ์ให้แก่ทหารกองประจําการซึ่งขาดหรือหนีราชการ พ.ศ. 2526
พระราชบัญญัติ ยกโทษและทัณฑ์ให้แก่ทหารกองประจำการซึ่งขาดหรือหนีราชการ พ.ศ. ๒๕๒๖ ภูมิพลอดุลยเดช ป.ร. ให้ไว้ ณ วันที่ ๑๓ เมษายน พ.ศ. ๒๕๒๖ เป็นปีที่ ๓๘ ในรัชกาลปัจจุบัน พระบาทสมเด็จพระปรมินทรมหาภูมิพลอดุลยเดช มีพระ",กฎหมายทั่วไป,พระราชบัญญัติ
kris_ย0024-1B-0001,พระราชบัญญัติยกเลิกประกาศของคณะปฏิวัติ ฉบับที่ 232 ลงวันที่ 31 ตุลาคม พ.ศ. 2515 พ.ศ. 2530,"[23/7/2530] พระราชบัญญัติยกเลิกประกาศของคณะปฏิวัติ ฉบับที่ 232 ลงวันที่ 31 ตุลาคม พ.ศ. 2515 พ.ศ. 2530
พระราชบัญญัติ ยกเลิกประกาศของคณะปฏิวัติ ฉบับที่ ๒๓๒ ลงวันที่ ๓๑ ตุลาคม พ.ศ. ๒๕๑๕ พ.ศ. ๒๕๓๐ ภูมิพลอดุลยเดช ป.ร. ให้ไว้ ณ วันที่ ๑๓ กรกฎาคม พ.ศ. ๒๕๓๐ เป็นปีที่ ๔๒ ในรัชกาลปัจจุบัน พระบาทสมเด็จพระปรมินทรมหาภูมิพลอ",กฎหมายทั่วไป,พระราชบัญญัติ
kris_ยน008-1B-0003,พระราชบัญญัติยกโทษและทัณฑ์ให้แก่ทหารกองประจําการซึ่งขาดหรือหนีราชการ พ.ศ. 2532,"[18/8/2532] พระราชบัญญัติยกโทษและทัณฑ์ให้แก่ทหารกองประจําการซึ่งขาดหรือหนีราชการ พ.ศ. 2532
พระราชบัญญัติ ยกโทษและทัณฑ์ให้แก่ทหารกองประจำการซึ่งขาดหรือหนีราชการ พ.ศ. ๒๕๓๒ ภูมิพลอดุลยเดช ป.ร. ให้ไว้ ณ วันที่ ๑๓ สิงหาคม พ.ศ. ๒๕๓๒ เป็นปีที่ ๔๔ ในรัชกาลปัจจุบัน พระบาทสมเด็จพระปรมินทรมหาภูมิพลอดุลยเดช มีพร",กฎหมายทั่วไป,พระราชบัญญัติ
kris_ยป001-1B-0001,พระราชบัญญัติยกเว้นความผิดทางอาญาให้แก่ผู้นําอาวุธปืน เครื่องกระสุนปืน หรือวัตถุระเบิด ที่กฎหมายห้ามออกใบอนุญาต มามอบให้แก่ทางราชการ พ.ศ. 2535,"[17/2/2535] พระราชบัญญัติยกเว้นความผิดทางอาญาให้แก่ผู้นําอาวุธปืน เครื่องกระสุนปืน หรือวัตถุระเบิด ที่กฎหมายห้ามออกใบอนุญาต มามอบให้แก่ทางราชการ พ.ศ. 2535
พระราชบัญญัติ ยกเว้นความผิดทางอาญาให้แก่ผู้นำอาวุธปืน เครื่องกระสุนปืน หรือวัตถุระเบิด ที่กฎหมายห้ามออกใบอนุญาต มามอบให้แก่ทางราชการ พ.ศ. ๒๕๓๕ ภูมิพลอดุลยเดช ป.ร. ให้ไว้ ณ วันที่ ๓ กุมภาพันธ์ พ.ศ. ๒๕๓๕ เป็นปีที",กฎหมายทั่วไป,พระราชบัญญัติ
kris_ย0010-1B-0003,พระราชบัญญัติยกเว้นค่าธรรมเนียมบางประเภทให้แก่ทหารผ่านศึกนอกประจำการและครอบครัวทหารผ่านศึกซึ่งเสียชีวิตจากการปฏิบัติหน้าที่ พ.ศ. 2535,"[8/4/2535] พระราชบัญญัติยกเว้นค่าธรรมเนียมบางประเภทให้แก่ทหารผ่านศึกนอกประจำการและครอบครัวทหารผ่านศึกซึ่งเสียชีวิตจากการปฏิบัติหน้าที่ พ.ศ. 2535
พระราชบัญญัติ ยกเว้นค่าธรรมเนียมบางประเภท ให้แก่ทหารผ่านศึกนอกประจำการและครอบครัวทหารผ่านศึกซึ่งเสียชีวิต จากการปฏิบัติหน้าที่ พ.ศ. ๒๕๓๕ ภูมิพลอดุลยเดช ป.ร. ให้ไว้ ณ วันที่ ๓๑ มีนาคม พ.ศ. ๒๕๓๕ เป็นปีที่ ๔๗ ในรั",กฎหมายทั่วไป,พระราชบัญญัติ
kris_ย0019-1B-0002,พระราชบัญญัติยกเลิกประกาศของคณะปฏิวัติ คําสั่งของคณะปฏิรูปการปกครองแผ่นดิน และกฎหมายที่เกี่ยวข้อง ที่ให้ศาลพลเรือนเป็นศาลทหารในเวลาไม่ปกติ และที่ให้ศาลทหารพิจารณาคดีซึ่งเกี่ยวกับความผิดอันเป็นคอมมิวนิสต์ พ.ศ. 2539,"[11/7/2539] พระราชบัญญัติยกเลิกประกาศของคณะปฏิวัติ คําสั่งของคณะปฏิรูปการปกครองแผ่นดิน และกฎหมายที่เกี่ยวข้อง ที่ให้ศาลพลเรือนเป็นศาลทหารในเวลาไม่ปกติ และที่ให้ศาลทหารพิจารณาคดีซึ่งเกี่ยวกับความผิดอันเป็นคอมมิวนิสต์ พ.ศ. 2539
พระราชบัญญัติ ยกเลิกประกาศของคณะปฏิวัติ คำสั่งของคณะปฏิรูปการปกครองแผ่นดิน และกฎหมายที่เกี่ยวข้อง ที่ให้ศาลพลเรือนเป็นศาลทหารในเวลาไม่ปกติ และที่ให้ศาลทหารพิจารณาคดีซึ่งเกี่ยวกับความผิดอันเป็นคอมมิวนิสต์ พ.ศ. ๒",กฎหมายทั่วไป,พระราชบัญญัติ
kris_ยป002-1B-0001,พระราชบัญญัติยกเว้นความผิดทางอาญาให้แก่ผู้นําอาวุธปืน เครื่องกระสุนปืน หรือวัตถุระเบิดที่ไม่ได้รับอนุญาตหรือที่กฎหมายห้ามออกใบอนุญาต มามอบให้แก่ทางราชการ พ.ศ. 2546,"[16/10/2546] พระราชบัญญัติยกเว้นความผิดทางอาญาให้แก่ผู้นําอาวุธปืน เครื่องกระสุนปืน หรือวัตถุระเบิดที่ไม่ได้รับอนุญาตหรือที่กฎหมายห้ามออกใบอนุญาต มามอบให้แก่ทางราชการ พ.ศ. 2546
พระราชบัญญัติ ยกเว้นความผิดทางอาญาให้แก่ผู้นำอาวุธปืน เครื่องกระสุนปืน หรือวัตถุระเบิด ที่ไม่ได้รับอนุญาตหรือที่กฎหมายห้ามออกใบอนุญาต มามอบให้แก่ทางราชการ พ.ศ. ๒๕๔๖ ภูมิพลอดุลยเดช ป.ร. ให้ไว้ ณ วันที่ ๑๖ ตุลาคม",กฎหมายทั่วไป,พระราชบัญญัติ
kris_ย0013-1B-0001,พระราชบัญญัติยกเลิกกฎหมายบางฉบับที่ไม่เหมาะสมกับกาลปัจจุบัน พ.ศ. 2546,"[4/11/2546] พระราชบัญญัติยกเลิกกฎหมายบางฉบับที่ไม่เหมาะสมกับกาลปัจจุบัน พ.ศ. 2546
พระราชบัญญัติ ยกเลิกกฎหมายบางฉบับที่ไม่เหมาะสมกับกาลปัจจุบัน พ.ศ. ๒๕๔๖ ภูมิพลอดุลยเดช ป.ร. ให้ไว้ ณ วันที่ ๒๐ ตุลาคม พ.ศ. ๒๕๔๖ เป็นปีที่ ๕๘ ในรัชกาลปัจจุบัน พระบาทสมเด็จพระปรมินทรมหาภูมิพลอดุลยเดช มีพระบรมราชโอ",กฎหมายทั่วไป,พระราชบัญญัติ
kris_ย0014-1B-0001,พระราชบัญญัติยกเว้นการนําระยะเวลาและเงื่อนไขตามมาตรา 61 แห่งประมวลกฎหมายแพ่งและพาณิชย์มาใช้บังคับแก่ผู้สูญหายจากกรณีธรณีพิบัติ พ.ศ. 2548,"[9/1/2549] พระราชบัญญัติยกเว้นการนําระยะเวลาและเงื่อนไขตามมาตรา 61 แห่งประมวลกฎหมายแพ่งและพาณิชย์มาใช้บังคับแก่ผู้สูญหายจากกรณีธรณีพิบัติ พ.ศ. 2548
พระราชบัญญัติ ยกเว้นการนำระยะเวลาและเงื่อนไขตามมาตรา ๖๑ แห่งประมวลกฎหมาย แพ่งและพาณิชย์มาใช้บังคับแก่ผู้สูญหายจากกรณีธรณีพิบัติ พ.ศ. ๒๕๔๘ ภูมิพลอดุลยเดช ป.ร. ให้ไว้ ณ วันที่ ๒๙ ธันวาคม พ.ศ. ๒๕๔๘ เป็นปีที่ ๖๐ ใน",กฎหมายทั่วไป,พระราชบัญญัติ
kris_ยศ005-1B-0001,พระราชบัญญัติยกฐานะศาลแขวงดุสิต ศาลแขวงตลิ่งชัน ศาลแขวงปทุมวัน และศาลแขวงพระโขนง เป็นศาลจังหวัด พ.ศ. 2549,"[20/1/2549] พระราชบัญญัติยกฐานะศาลแขวงดุสิต ศาลแขวงตลิ่งชัน ศาลแขวงปทุมวัน และศาลแขวงพระโขนง เป็นศาลจังหวัด พ.ศ. 2549
พระราชบัญญัติ ยกฐานะศาลแขวงดุสิต ศาลแขวงตลิ่งชัน ศาลแขวงปทุมวัน และศาลแขวงพระโขนง เป็นศาลจังหวัด พ.ศ. ๒๕๔๙ ภูมิพลอดุลยเดช ป.ร. ให้ไว้ ณ วันที่ ๙ มกราคม พ.ศ. ๒๕๔๙ เป็นปีที่ ๖๑ ในรัชกาลปัจจุบัน พระบาทสมเด็จพระปรม",กฎหมายทั่วไป,พระราชบัญญัติ
kris_ย0016-1B-0001,พระราชบัญญัติยุบเลิกบรรษัทบริหารสินทรัพย์สถาบันการเงิน พ.ศ. 2549,"[8/1/2550] พระราชบัญญัติยุบเลิกบรรษัทบริหารสินทรัพย์สถาบันการเงิน พ.ศ. 2549
พระราชบัญญัติ ยุบเลิกบรรษัทบริหารสินทรัพย์สถาบันการเงิน พ.ศ. ๒๕๔๙ ภูมิพลอดุลยเดช ป.ร. ให้ไว้ ณ วันที่ ๒๙ ธันวาคม พ.ศ. ๒๕๔๙ เป็นปีที่ ๖๑ ในรัชกาลปัจจุบัน พระบาทสมเด็จพระปรมินทรมหาภูมิพลอดุลยเดช มีพระบรมราชโองการ",กฎหมายทั่วไป,พระราชบัญญัติ
kris_ย0018-1B-0001,พระราชบัญญัติยุบเลิกทุนรักษาระดับอัตราแลกเปลี่ยนเงินตรา พ.ศ. 2550,"[8/8/2550] พระราชบัญญัติยุบเลิกทุนรักษาระดับอัตราแลกเปลี่ยนเงินตรา พ.ศ. 2550
พระราชบัญญัติ ยุบเลิกทุนรักษาระดับอัตราแลกเปลี่ยนเงินตรา พ.ศ. ๒๕๕๐ ภูมิพลอดุลยเดช ป.ร. ให้ไว้ ณ วันที่ ๓๑ กรกฎาคม พ.ศ. ๒๕๕๐ เป็นปีที่ ๖๒ ในรัชกาลปัจจุบัน พระบาทสมเด็จพระปรมินทรมหาภูมิพลอดุลยเดช มีพระบรมราชโองกา",กฎหมายทั่วไป,พระราชบัญญัติ
kris_ย0020-1B-0001,พระราชบัญญัติยกเลิกพระราชบัญญัติการชลประทานราษฎร์ พุทธศักราช 2482 พ.ศ. 2558,"[5/2/2558] พระราชบัญญัติยกเลิกพระราชบัญญัติการชลประทานราษฎร์ พุทธศักราช 2482 พ.ศ. 2558
พระราชบัญญัติ ยกเลิกพระราชบัญญัติการชลประทานราษฎร์ พุทธศักราช ๒๔๘๒ พ.ศ. ๒๕๕๘ ภูมิพลอดุลยเดช ป.ร. ให้ไว้ ณ วันที่ ๓๑ มกราคม พ.ศ. ๒๕๕๘ เป็นปีที่ ๗๐ ในรัชกาลปัจจุบัน พระบาทสมเด็จพระปรมินทรมหาภูมิพลอดุลยเดช มีพระบร",กฎหมายทั่วไป,พระราชบัญญัติ
kris_ยจ001-1B-0001,พระราชบัญญัติยกเลิกกฎหมายบางฉบับที่หมดความจําเป็นหรือซํ้าซ้อนกับกฎหมายอื่น พ.ศ. 2558,"[2/6/2558] พระราชบัญญัติยกเลิกกฎหมายบางฉบับที่หมดความจําเป็นหรือซํ้าซ้อนกับกฎหมายอื่น พ.ศ. 2558
พระราชบัญญัติ ยกเลิกกฎหมายบางฉบับที่หมดความจำเป็นหรือซ้ำซ้อนกับกฎหมายอื่น พ.ศ. ๒๕๕๘ ภูมิพลอดุลยเดช ป.ร. ให้ไว้ ณ วันที่ ๒๘ พฤษภาคม พ.ศ. ๒๕๕๘ เป็นปีที่ ๗๐ ในรัชกาลปัจจุบัน พระบาทสมเด็จพระปรมินทรมหาภูมิพลอดุลยเดช",กฎหมายทั่วไป,พระราชบัญญัติ
kris_ย0022-1B-0001,พระราชบัญญัติยกเลิกพระราชบัญญัติการซื้อขายสินค้าเกษตรล่วงหน้า พ.ศ. 2542 พ.ศ. 2558,"[5/11/2558] พระราชบัญญัติยกเลิกพระราชบัญญัติการซื้อขายสินค้าเกษตรล่วงหน้า พ.ศ. 2542 พ.ศ. 2558
พระราชบัญญัติ ยกเลิกพระราชบัญญัติการซื้อขายสินค้าเกษตรล่วงหน้า พ.ศ. ๒๕๔๒ พ.ศ. ๒๕๕๘ ภูมิพลอดุลยเดช ป.ร. ให้ไว้ ณ วันที่ ๓๑ ตุลาคม พ.ศ. ๒๕๕๘ เป็นปีที่ ๗๐ ในรัชกาลปัจจุบัน พระบาทสมเด็จพระปรมินทรมหาภูมิพลอดุลยเดช ม",กฎหมายทั่วไป,พระราชบัญญัติ
kris_ย0023-1C-0001,พระราชกำหนดยกเว้นและสนับสนุนการปฏิบัติการเกี่ยวกับภาษีอากรตามประมวลรัษฎากร พ.ศ. 2558,"[1/1/2559] พระราชกำหนดยกเว้นและสนับสนุนการปฏิบัติการเกี่ยวกับภาษีอากรตามประมวลรัษฎากร พ.ศ. 2558
พระราชกำหนด ยกเว้นและสนับสนุนการปฏิบัติการเกี่ยวกับภาษีอากร ตามประมวลรัษฎากร พ.ศ. ๒๕๕๘ ภูมิพลอดุลยเดช ป.ร. ให้ไว้ ณ วันที่ ๓๑ ธันวาคม พ.ศ. ๒๕๕๘ เป็นปีที่ ๗๐ ในรัชกาลปัจจุบัน พระบาทสมเด็จพระปรมินทรมหาภูมิพลอดุลย",กฎหมายทั่วไป,พระราชกำหนด
kris_ยจ002-1B-0001,พระราชบัญญัติยกเลิกกฎหมายบางฉบับที่หมดความจําเป็นหรือซํ้าซ้อนกับกฎหมายอื่น (ฉบับที่ 2) พ.ศ. 2560,"[8/6/2560] พระราชบัญญัติยกเลิกกฎหมายบางฉบับที่หมดความจําเป็นหรือซํ้าซ้อนกับกฎหมายอื่น (ฉบับที่ 2) พ.ศ. 2560
พระราชบัญญัติ ยกเลิกกฎหมายบางฉบับที่หมดความจำเป็นหรือซ้ำซ้อนกับกฎหมายอื่น (ฉบับที่ ๒) พ.ศ. ๒๕๖๐ สมเด็จพระเจ้าอยู่หัวมหาวชิราลงกรณ บดินทรเทพยวรางกูร ให้ไว้ ณ วันที่ ๖ มิถุนายน พ.ศ. ๒๕๖๐ เป็นปีที่ ๒ ในรัชกาลปัจจุ",กฎหมายทั่วไป,พระราชบัญญัติ
kris_ย0025-1B-0001,พระราชบัญญัติยกเว้นเบี้ยปรับ เงินเพิ่มภาษีอากร และความรับผิดทางอาญา เพื่อสนับสนุนการปฏิบัติการเกี่ยวกับภาษีอากรตามประมวลรัษฎากร พ.ศ. 2562,"[25/3/2562] พระราชบัญญัติยกเว้นเบี้ยปรับ เงินเพิ่มภาษีอากร และความรับผิดทางอาญา เพื่อสนับสนุนการปฏิบัติการเกี่ยวกับภาษีอากรตามประมวลรัษฎากร พ.ศ. 2562
พระราชบัญญัติ ยกเว้นเบี้ยปรับ เงินเพิ่มภาษีอากร และความรับผิดทางอาญา เพื่อสนับสนุนการปฏิบัติการ เกี่ยวกับภาษีอากรตามประมวลรัษฎากร พ.ศ. ๒๕๖๒ สมเด็จพระเจ้าอยู่หัวมหาวชิราลงกรณ บดินทรเทพยวรางกูร ให้ไว้ ณ วันที่ ๒๔",กฎหมายทั่วไป,พระราชบัญญัติ
kris_ย0026-1B-0001,พระราชบัญญัติยุบเลิกบรรษัทตลาดรองสินเชื่อที่อยู่อาศัย พ.ศ. 2563,"[23/9/2563] พระราชบัญญัติยุบเลิกบรรษัทตลาดรองสินเชื่อที่อยู่อาศัย พ.ศ. 2563
พระราชบัญญัติ ยุบเลิกบรรษัทตลาดรองสินเชื่อที่อยู่อาศัย พ.ศ. ๒๕๖๓ พระบาทสมเด็จพระปรเมนทรรามาธิบดีศรีสินทรมหาวชิราลงกรณ พระวชิรเกล้าเจ้าอยู่หัว ให้ไว้ ณ วันที่ ๒๑ กันยายน พ.ศ. ๒๕๖๓ เป็นปีที่ ๕ ในรัชกาลปัจจุบัน พร",กฎหมายทั่วไป,พระราชบัญญัติ
kris_ยศ006-1B-0001,พระราชบัญญัติยกฐานะศาลแขวงนครไทย ศาลแขวงพยัคฆภูมิพิสัย และศาลแขวงเวียงป่าเป้า เป็นศาลจังหวัด พ.ศ. 2564,"[13/7/2564] พระราชบัญญัติยกฐานะศาลแขวงนครไทย ศาลแขวงพยัคฆภูมิพิสัย และศาลแขวงเวียงป่าเป้า เป็นศาลจังหวัด พ.ศ. 2564
พระราชบัญญัติ ยกฐานะศาลแขวงนครไทย ศาลแขวงพยัคฆภูมิพิสัย และศาลแขวงเวียงป่าเป้า เป็นศาลจังหวัด พ.ศ. ๒๕๖๔ พระบาทสมเด็จพระปรเมนทรรามาธิบดีศรีสินทรมหาวชิราลงกรณ พระวชิรเกล้าเจ้าอยู่หัว ให้ไว้ ณ วันที่ ๑๒ กรกฎาคม พ.",กฎหมายทั่วไป,พระราชบัญญัติ
kris_ยจ003-1B-0001,พระราชบัญญัติยกเลิกกฎหมายบางฉบับที่หมดความจำเป็นหรือซ้ำซ้อนกับกฎหมายอื่น พ.ศ. 2565,"[18/7/2565] พระราชบัญญัติยกเลิกกฎหมายบางฉบับที่หมดความจำเป็นหรือซ้ำซ้อนกับกฎหมายอื่น พ.ศ. 2565
พระราชบัญญัติ ยกเลิกกฎหมายบางฉบับ ที่หมดความจำเป็นหรือซ้ำซ้อนกับกฎหมายอื่น พ.ศ. ๒๕๖๕ พระบาทสมเด็จพระปรเมนทรรามาธิบดีศรีสินทรมหาวชิราลงกรณ พระวชิรเกล้าเจ้าอยู่หัว ให้ไว้ ณ วันที่ ๑๘ กรกฎาคม พ.ศ. ๒๕๖๕ เป็นปีที่ ๗",กฎหมายทั่วไป,พระราชบัญญัติ
kris_ย0027-1B-0001,พระราชบัญญัติยกเลิกคำสั่งหัวหน้าคณะรักษาความสงบแห่งชาติ ที่ 14/2559 เรื่อง คณะกรรมการที่ปรึกษาการบริหารและการพัฒนาจังหวัดชายแดนภาคใต้ และการกำหนดอำนาจหน้าที่ของกองอำนวยการรักษาความมั่นคงภายในราชอาณาจักร ลงวันที่ 4 เมษายน พุทธศักราช 2559 พ.ศ. 2567,"[18/11/2567] พระราชบัญญัติยกเลิกคำสั่งหัวหน้าคณะรักษาความสงบแห่งชาติ ที่ 14/2559 เรื่อง คณะกรรมการที่ปรึกษาการบริหารและการพัฒนาจังหวัดชายแดนภาคใต้ และการกำหนดอำนาจหน้าที่ของกองอำนวยการรักษาความมั่นคงภายในราชอาณาจักร ลงวันที่ 4 เมษายน พุทธศักราช 2559 พ.ศ. 2567
พระราชบัญญัติ ยกเลิกคำสั่งหัวหน้าคณะรักษาความสงบแห่งชาติ ที่ ๑๔/๒๕๕๙ เรื่อง คณะกรรมการที่ปรึกษาการบริหารและการพัฒนาจังหวัดชายแดนภาคใต้ และการกำหนดอำนาจหน้าที่ของกองอำนวยการรักษาความมั่นคงภายในราชอาณาจักร ลงวันท",กฎหมายทั่วไป,พระราชบัญญัติ
kris_ย0028-1B-0002,พระราชบัญญัติยกเลิกประกาศคณะรักษาความสงบแห่งชาติ คำสั่งคณะรักษาความสงบแห่งชาติ และคำสั่งหัวหน้าคณะรักษาความสงบแห่งชาติบางฉบับที่หมดความจำเป็นและไม่เหมาะสมกับกาลปัจจุบัน พ.ศ. 2568,"[29/12/2568] พระราชบัญญัติยกเลิกประกาศคณะรักษาความสงบแห่งชาติ คำสั่งคณะรักษาความสงบแห่งชาติ และคำสั่งหัวหน้าคณะรักษาความสงบแห่งชาติบางฉบับที่หมดความจำเป็นและไม่เหมาะสมกับกาลปัจจุบัน พ.ศ. 2568
พระราชบัญญัติ ยกเลิกประกาศคณะรักษาความสงบแห่งชาติ คำสั่งคณะรักษาความสงบแห่งชาติ และคำสั่งหัวหน้าคณะรักษาความสงบแห่งชาติ บางฉบับที่หมดความจำเป็นและไม่เหมาะสมกับกาลปัจจุบัน พ.ศ. ๒๕๖๘ พระบาทสมเด็จพระปรเมนทรรามาธิบ",กฎหมายทั่วไป,พระราชบัญญัติ
kris_ยล106-1B-0001,พระราชบัญญัติลักษณะปกครองท้องที่ รัตนโกสินทร์ศก 116 (ยกเลิก),"[30/5/2440] พระราชบัญญัติลักษณะปกครองท้องที่ รัตนโกสินทร์ศก 116 (ยกเลิก)
พระราชบัญญัติลักษณะปกครองท้องที่รัตนโกสินทร์ศก ๑๑๖ (ยกเลิก) โปรดดูรายละเอียดของกฎหมายที่เว็บไซต์ราชกิจจานุเบกษาhttps://ratchakitcha.soc.go.th/",กฎหมายทั่วไป,พระราชบัญญัติ
kris_ยล141-1B-0001,พระราชบัญญัติลักษณะปกครองคณะสงฆ์ รัตนโกสินทรศก 121 (ยกเลิก),"[1/1/2445] พระราชบัญญัติลักษณะปกครองคณะสงฆ์ รัตนโกสินทรศก 121 (ยกเลิก)
พระราชบัญญัติลักษณะปกครองคณะสงฆ์รัตนโกสินทรศก ๑๒๑และที่แก้ไขเพิ่มเติม (ยกเลิก) โปรดดูรายละเอียดของกฎหมายที่เว็บไซต์ราชกิจจานุเบกษา https://ratchakitcha.soc.go.th/",กฎหมายทั่วไป,พระราชบัญญัติ
kris_ยล243-1B-0001,พระราชบัญญัติลักษณะเข้าหุ้นส่วนและบริษัท รัตนโกสินทร ศก 130 (ยกเลิก),"[16/9/2454] พระราชบัญญัติลักษณะเข้าหุ้นส่วนและบริษัท รัตนโกสินทร ศก 130 (ยกเลิก)
พระราชบัญญัติ ลักษณะเข้าหุ้นส่วนและบริษัท รัตนโกสินทร ศก ๑๓๐ และที่แก้ไขเพิ่มเติม (ยกเลิก) โปรดดูรายละเอียดของกฎหมายที่เว็บไซต์ราชกิจจานุเบกษา https://ratchakitcha.soc.go.th/",กฎหมายทั่วไป,พระราชบัญญัติ
kris_ยล244-1B-0001,พระราชบัญญัติลักษณะล้มละลาย รัตนโกสินทร ศก 130 (ยกเลิก),"[26/11/2454] พระราชบัญญัติลักษณะล้มละลาย รัตนโกสินทร ศก 130 (ยกเลิก)
พระราชบัญญัติ ลักษณะล้มละลาย รัตนโกสินทร ศก ๑๓๐ และที่แก้ไขเพิ่มเติม (ยกเลิก) โปรดดูรายละเอียดของกฎหมายที่เว็บไซต์ราชกิจจานุเบกษา https://ratchakitcha.soc.go.th/",กฎหมายทั่วไป,พระราชบัญญัติ
kris_ล0003-1B-0002,พระราชบัญญัติลักษณะปกครองท้องที่ พระพุทธศักราช 2457,"[17/7/2457] พระราชบัญญัติลักษณะปกครองท้องที่ พระพุทธศักราช 2457
ประกาศสำนักงานศาลรัฐธรรมนูญ เรื่อง พระราชบัญญัติลักษณะปกครองท้องที่ พระพุทธศักราช ๒๔๕๗ มาตรา ๑๒ (๑๑) ที่บัญญัติคุณสมบัติและไม่มีลักษณะต้องห้ามของผู้ที่จะได้รับเลือกเป็นผู้ใหญ่บ้านต้องไม่เป็นผู้เคยต้องคำพิพากษาถ",กฎหมายทั่วไป,พระราชบัญญัติ
kris_ยล196-1B-0001,พระราชบัญญัติลักษณะเกณฑ์ทหาร พุทธศักราช 2475 (ยกเลิก),"[24/3/2475] พระราชบัญญัติลักษณะเกณฑ์ทหาร พุทธศักราช 2475 (ยกเลิก)
พระราชบัญญัติ ลักษณะเกณฑ์ทหาร พุทธศักราช ๒๔๗๕ และที่แก้ไขเพิ่มเติม (ยกเลิก) โปรดดูรายละเอียดของกฎหมายที่เว็บไซต์ราชกิจจานุเบกษา https://ratchakitcha.soc.go.th/",กฎหมายทั่วไป,พระราชบัญญัติ
kris_ลท001-1B-0004,พระราชบัญญัติล้างมลทินผู้กระทำผิดทางการเมือง ร.ศ. 130 พุทธศักราช 2475,"[7/12/2475] พระราชบัญญัติล้างมลทินผู้กระทำผิดทางการเมือง ร.ศ. 130 พุทธศักราช 2475
พระราชบัญญัติล้างมลทินผู้กระทำผิด ทางการเมือง ร.ศ. ๑๓๐ พุทธศักราช ๒๔๗๕ ประชาธิปก ป.ร. พระบาทสมเด็จพระปรมินทรมหาประชาธิปกพระปกเกล้าเจ้าอยู่หัว มีพระบรมราชโองการโปรดเกล้าฯ ให้ประกาศว่า โดยที่สภาผู้แทนราษฎรถวายคำป",กฎหมายทั่วไป,พระราชบัญญัติ
kris_ยล197-1B-0001,พระราชบัญญัติลดบำนาญชั่วคราว พุทธศักราช 2476 (ยกเลิก),"[25/4/2477] พระราชบัญญัติลดบำนาญชั่วคราว พุทธศักราช 2476 (ยกเลิก)
พระราชบัญญัติ ลดบำนาญชั่วคราว พุทธศักราช ๒๔๗๖ (ยกเลิก) โปรดดูรายละเอียดของกฎหมายที่เว็บไซต์ราชกิจจานุเบกษา https://ratchakitcha.soc.go.th/",กฎหมายทั่วไป,พระราชบัญญัติ
kris_ยล230-1B-0001,พระราชบัญญัติลูกเสือ พุทธศักราช 2482 (ยกเลิก),"[6/11/2482] พระราชบัญญัติลูกเสือ พุทธศักราช 2482 (ยกเลิก)
พระราชบัญญัติ ลูกเสือ พุทธศักราช ๒๔๘๒ (ยกเลิก) โปรดดูรายละเอียดของกฎหมาย ที่เว็บไซต์ราชกิจจานุเบกษา https://ratchakitcha.soc.go.th/",กฎหมายทั่วไป,พระราชบัญญัติ
kris_ล0001-1B-0001,พระราชบัญญัติล้มละลาย พุทธศักราช 2483,"[30/12/2483] พระราชบัญญัติล้มละลาย พุทธศักราช 2483
พระราชบัญญัติว่าด้วยการปรับเป็นพินัย พ.ศ. 2565 พระราชบัญญัติล้มละลาย (ฉบับที่ ๒) พ.ศ. ๒๕๑๑ พระราชบัญญัติล้มละลาย (ฉบับที่ ๓) พ.ศ. ๒๕๒๖ พระราชบัญญัติล้มละลาย (ฉบับที่ ๔) พ.ศ. ๒๕๔๑ พระราชบัญญัติล้มละลาย (ฉบับที่",กฎหมายทั่วไป,พระราชบัญญัติ
kris_ลท002-1B-0001,พระราชบัญญัติลบล้างมลทินให้แก่ผู้ต้องคำพิพากษาให้ลงโทษในกรณีเกณฑ์แรงงานหรือทรัพย์สินในระหว่างมหาสงครามอาเซียบูรพา พ.ศ. 2489,"[24/12/2489] พระราชบัญญัติลบล้างมลทินให้แก่ผู้ต้องคำพิพากษาให้ลงโทษในกรณีเกณฑ์แรงงานหรือทรัพย์สินในระหว่างมหาสงครามอาเซียบูรพา พ.ศ. 2489
พระราชบัญญัติ ลบล้างมลทินให้แก่ผู้ต้องคำพิพากษา ให้ลงโทษในกรณีเกณฑ์แรงงานหรือทรัพย์สินในระหว่าง มหาสงครามอาเซียบูรพา พ.ศ. ๒๔๘๙ ในพระปรมาภิไธยสมเด็จพระเจ้าอยู่หัวภูมิพลอดุลยเดช คณะผู้สำเร็จราชการแทนพระองค์ รังสิ",กฎหมายทั่วไป,พระราชบัญญัติ
kris_ยล232-1B-0001,พระราชบัญญัติลูกเสือ พ.ศ. 2490 (ยกเลิก),"[14/1/2490] พระราชบัญญัติลูกเสือ พ.ศ. 2490 (ยกเลิก)
พระราชบัญญัติ ลูกเสือ พ.ศ. ๒๔๙๐ (ยกเลิก) โปรดดูรายละเอียดของกฎหมาย ที่เว็บไซต์ราชกิจจานุเบกษา https://ratchakitcha.soc.go.th/",กฎหมายทั่วไป,พระราชบัญญัติ
kris_ลท003-1B-0001,พระราชบัญญัติล้างมลทินในโอกาสครบ 25 พุทธศตวรรษ พ.ศ. 2499,"[29/1/2500] พระราชบัญญัติล้างมลทินในโอกาสครบ 25 พุทธศตวรรษ พ.ศ. 2499
พระราชบัญญัติ ล้างมลทินในโอกาสครบ ๒๕ พุทธศตวรรษ พ.ศ. ๒๔๙๙ พระราชบัญญัติล้างมลทินในโอกาสครบ ๒๕ พุทธศตวรรษ (ฉบับที่ ๒) พ.ศ. ๒๕๐๒ ภูมิพลอดุลยเดช ป.ร. ให้ไว้ ณ วันที่ ๑๗ มกราคม พ.ศ. ๒๕๐๐ เป็นปีที่ ๑๒ ในรัชกาลปัจจุบ",กฎหมายทั่วไป,พระราชบัญญัติ
kris_ยล007-1B-0001,พระราชบัญญัติลิขสิทธิ์ พ.ศ. 2521 (ยกเลิก),"[18/12/2521] พระราชบัญญัติลิขสิทธิ์ พ.ศ. 2521 (ยกเลิก)
พระราชบัญญัติ ลิขสิทธิ์ พ.ศ. ๒๕๒๑ (ยกเลิก) _________ ภูมิพลอดุลยเดช ป.ร. ให้ไว้ ณ วันที่ ๑๑ ธันวาคม พ.ศ. ๒๕๒๑ เป็นปีที่ ๓๓ ในรัชกาลปัจจุบัน พระบาทสมเด็จพระปรมินทรมหาภูมิพลอดุลยเดช มีพระบรมราชโองการโปรดเกล้า ฯ ใ",กฎหมายทั่วไป,พระราชบัญญัติ
kris_ลท004-1B-0001,พระราชบัญญัติล้างมลทินในโอกาสสมโภชกรุงรัตนโกสินทร์ 200 ปี พ.ศ. 2526,"[11/3/2526] พระราชบัญญัติล้างมลทินในโอกาสสมโภชกรุงรัตนโกสินทร์ 200 ปี พ.ศ. 2526
พระราชบัญญัติ ล้างมลทินในโอกาสสมโภชกรุงรัตนโกสินทร์ ๒๐๐ ปี พ.ศ. ๒๕๒๖ ภูมิพลอดุลยเดช ป.ร. ให้ไว้ ณ วันที่ ๙ มีนาคม พ.ศ. ๒๕๒๖ เป็นปีที่ ๓๘ ในรัชกาลปัจจุบัน พระบาทสมเด็จพระปรมินทรมหาภูมิพลอดุลยเดช มีพระบรมราชโองกา",กฎหมายทั่วไป,พระราชบัญญัติ
kris_ลท005-1B-0001,พระราชบัญญัติล้างมลทินในวโรกาสที่พระบาทสมเด็จพระปรมินทรมหาภูมิพลอดุลยเดชทรงมีพระชนมพรรษา 60 พรรษา พ.ศ. 2530,"[3/12/2530] พระราชบัญญัติล้างมลทินในวโรกาสที่พระบาทสมเด็จพระปรมินทรมหาภูมิพลอดุลยเดชทรงมีพระชนมพรรษา 60 พรรษา พ.ศ. 2530
พระราชบัญญัติ ล้างมลทินในวโรกาสที่พระบาทสมเด็จพระปรมินทรมหาภูมิพลอดุลยเดช ทรงมีพระชนมพรรษา ๖๐ พรรษา พ.ศ. ๒๕๓๐ ภูมิพลอดุลยเดช ป.ร. ให้ไว้ ณ วันที่ ๑ ธันวาคม พ.ศ. ๒๕๓๐ เป็นปีที่ ๔๒ ในรัชกาลปัจจุบัน พระบาทสมเด็จพร",กฎหมายทั่วไป,พระราชบัญญัติ
kris_ล0006-1B-0002,พระราชบัญญัติลิขสิทธิ์ พ.ศ. 2537,"[21/12/2537] พระราชบัญญัติลิขสิทธิ์ พ.ศ. 2537
พระราชบัญญัติแก้ไขเพิ่มเติมบทบัญญัติแห่งกฎหมายที่เกี่ยวกับความรับผิดในทางอาญาของผู้แทนนิติบุคคล พ.ศ. ๒๕๖๐ พระราชบัญญัติลิขสิทธิ์ (ฉบับที่ ๒) พ.ศ. ๒๕๕๘ พระราชบัญญัติลิขสิทธิ์ (ฉบับที่ ๓) พ.ศ. ๒๕๕๘ พระราชบัญญัติล",กฎหมายทั่วไป,พระราชบัญญัติ
kris_ลท006-1B-0001,พระราชบัญญัติล้างมลทินในวโรกาสที่พระบาทสมเด็จพระปรมินทรมหาภูมิพลอดุลยเดชทรงครองสิริราชสมบัติ ครบ 50 ปี พ.ศ. 2539,"[10/9/2539] พระราชบัญญัติล้างมลทินในวโรกาสที่พระบาทสมเด็จพระปรมินทรมหาภูมิพลอดุลยเดชทรงครองสิริราชสมบัติ ครบ 50 ปี พ.ศ. 2539
พระราชบัญญัติ ล้างมลทินในวโรกาสที่พระบาทสมเด็จพระปรมินทรมหาภูมิพลอดุลยเดช ทรงครองสิริราชสมบัติ ครบ ๕๐ ปี พ.ศ. ๒๕๓๙ ภูมิพลอดุลยเดช ป.ร. ให้ไว้ ณ วันที่ ๕ กันยายน พ.ศ. ๒๕๓๙ เป็นปีที่ ๕๑ ในรัชกาลปัจจุบัน พระบาทสมเ",กฎหมายทั่วไป,พระราชบัญญัติ
kris_ล0008-1B-0001,พระราชบัญญัติเลื่อยโซ่ยนต์ พ.ศ. 2545,"[27/9/2545] พระราชบัญญัติเลื่อยโซ่ยนต์ พ.ศ. 2545
พระราชบัญญัติว่าด้วยการปรับเป็นพินัย พ.ศ. ๒๕๖๕ ภูมิพลอดุลยเดช ป.ร. ให้ไว้ ณ วันที่ ๒๒ กันยายน พ.ศ. ๒๕๔๕ เป็นปีที่ ๕๗ ในรัชกาลปัจจุบัน พระบาทสมเด็จพระปรมินทรมหาภูมิพลอดุลยเดช มีพระบรมราชโองการโปรดเกล้าฯ ให้ประกา",กฎหมายทั่วไป,พระราชบัญญัติ
kris_ลท007-1B-0001,พระราชบัญญัติล้างมลทินในวโรกาสที่พระบาทสมเด็จพระปรมินทรมหาภูมิพลอดุลยเดชมีพระชนมพรรษา 80 พรรษา พ.ศ. 2550,"[18/10/2550] พระราชบัญญัติล้างมลทินในวโรกาสที่พระบาทสมเด็จพระปรมินทรมหาภูมิพลอดุลยเดชมีพระชนมพรรษา 80 พรรษา พ.ศ. 2550
พระราชบัญญัติ ล้างมลทินในวโรกาสที่พระบาทสมเด็จ พระปรมินทรมหาภูมิพลอดุลยเดชมีพระชนมพรรษา ๘๐ พรรษา พ.ศ. ๒๕๕๐ ภูมิพลอดุลยเดช ป.ร. ให้ไว้ ณ วันที่ ๙ ตุลาคม พ.ศ. ๒๕๕๐ เป็นปีที่ ๖๒ ในรัชกาลปัจจุบัน พระบาทสมเด็จพระปรม",กฎหมายทั่วไป,พระราชบัญญัติ
kris_ล0005-1B-0002,พระราชบัญญัติลูกเสือ พ.ศ. 2551,"[4/3/2551] พระราชบัญญัติลูกเสือ พ.ศ. 2551
พระราชบัญญัติปรับปรุงกระทรวง ทบวง กรม (ฉบับที่ ๑๙) พ.ศ. ๒๕๖๒ ภูมิพลอดุลยเดช ป.ร. ให้ไว้ ณ วันที่ ๒๖ กุมภาพันธ์ พ.ศ. ๒๕๕๑ เป็นปีที่ ๖๓ ในรัชกาลปัจจุบัน พระบาทสมเด็จพระปรมินทรมหาภูมิพลอดุลยเดช มีพระบรมราชโองการโ",กฎหมายทั่วไป,พระราชบัญญัติ
kris_ว0018-1B-0017,พระราชบัญญัติว่าด้วยลักษณะฐานะของวัดบาทหลวงโรมันคาธอลิกในกรุงสยามตามกฎหมาย (รัตนโกสินทร์ศก 128),"[29/8/2452] พระราชบัญญัติว่าด้วยลักษณะฐานะของวัดบาทหลวงโรมันคาธอลิกในกรุงสยามตามกฎหมาย (รัตนโกสินทร์ศก 128)
พระราชบัญญัติเพิ่มเติมพระราชบัญญัติ ลงวันที่ ๒๗ สิงหาคม ร.ศ. ๑๒๘ (พ.ศ. ๒๔๕๒) ว่าด้วยลักษณฐานะของวัดบาดหลวงโรมันคาโทลิคในกรุงสยาม ตามกฎหมาย มีพระบรมราชโองการดำรัสเหนือเกล้าฯ สั่งว่าด้วยโปรวิการิโอ อาปอสตอลิโก ผู",กฎหมายทั่วไป,พระราชบัญญัติ
kris_ยล216-1B-0001,พระราชบัญญัติว่าด้วยการเนรเทศ รัตนโกสินทร ศก 131 (ยกเลิก),"[1/9/2455] พระราชบัญญัติว่าด้วยการเนรเทศ รัตนโกสินทร ศก 131 (ยกเลิก)
พระราชบัญญัติ ว่าด้วยการเนรเทศ รัตนโกสินทร ศก ๑๓๑ (ยกเลิก) โปรดดูรายละเอียดของกฎหมาย ที่เว็บไซต์ราชกิจจานุเบกษา https://ratchakitcha.soc.go.th/",กฎหมายทั่วไป,พระราชบัญญัติ
kris_ว0023-1B-0002,พระราชบัญญัติว่าด้วยสภากาชาดไทย พระพุทธศักราช 2461,"[16/6/2461] พระราชบัญญัติว่าด้วยสภากาชาดไทย พระพุทธศักราช 2461
พระราชบัญญัติเทียบตำแหน่งรัฐมนตรีกับตำแหน่งเสนาบดีแต่ก่อน พุทธศักราช ๒๔๗๕ พระราชบัญญัติว่าด้วยสภากาชาดไทย (ฉบับที่ ๓) พ.ศ. ๒๕๐๒ พระราชบัญญัติว่าด้วยสภากาชาดไทย (ฉบับที่ ๔) พ.ศ. ๒๕๕๐ พระราชบัญญัติว่าด้วยสภากาชาด",กฎหมายทั่วไป,พระราชบัญญัติ
kris_ว0007-1B-0002,พระราชบัญญัติว่าด้วยการค้าหญิงและเด็กหญิง พุทธศักราช 2471 (ยกเลิก),"[13/5/2471] พระราชบัญญัติว่าด้วยการค้าหญิงและเด็กหญิง พุทธศักราช 2471 (ยกเลิก)
พระราชบัญญัติ ว่าด้วยการค้าหญิงและเด็กหญิง พุทธศักราช ๒๔๗๑ (ยกเลิก) มีพระบรมราชโองการในพระบาทสมเด็จพระปรมินทรมหาประชาธิปก พระปกเกล้าเจ้าอยู่หัว ดำรัสเหนือเกล้าฯ ให้ประกาศจงทราบทั่วกันว่า โดยที่เป็นการสมควรจะปรา",กฎหมายทั่วไป,พระราชบัญญัติ
kris_ว0045-1B-0001,พระราชบัญญัติว่าด้วยข้อตกลงการมอบให้อนุญาโตตุลาการชี้ขาด พุทธศักราช 2473 (ยกเลิก),"[15/2/2473] พระราชบัญญัติว่าด้วยข้อตกลงการมอบให้อนุญาโตตุลาการชี้ขาด พุทธศักราช 2473 (ยกเลิก)
พระราชบัญญัติ ว่าด้วยข้อตกลงการมอบให้อนุญาโตตุลาการชี้ขาด พุทธศักราช ๒๔๗๓ (ยกเลิก) _______ พระบาทสมเด็จพระปรมินทรมหาประชาธิปก พระปกเกล้าเจ้าอยู่หัว มีพระบรมราชโองการดำรัสเหนือเกล้าฯ สั่งว่า โดยที่กรุงสยามได้ให้",กฎหมายทั่วไป,พระราชบัญญัติ
kris_ว0005-1B-0001,พระราชบัญญัติว่าด้วยการเก็บรักษาน้ำมันเชื้อเพลิง พุทธศักราช 2474 (ยกเลิก),"[23/8/2474] พระราชบัญญัติว่าด้วยการเก็บรักษาน้ำมันเชื้อเพลิง พุทธศักราช 2474 (ยกเลิก)
พระราชบัญญัติ ว่าด้วยการเก็บรักษาน้ำมันเชื้อเพลิง พุทธศักราช ๒๔๗๔ (ยกเลิก) พระราชบัญญัติว่าด้วยการเก็บรักษาน้ำมันเชื้อเพลิง (ฉบับที่ ๒) พ.ศ. ๒๔๙๖ พระราชบัญญัติว่าด้วยการเก็บรักษาน้ำมันเชื้อเพลิง (ฉบับที่ ๓) พ.ศ",กฎหมายทั่วไป,พระราชบัญญัติ
kris_ว0011-1B-0001,พระราชบัญญัติว่าด้วยการยึดทรัพย์สินของกสิกร พุทธศักราช 2475,"[22/9/2475] พระราชบัญญัติว่าด้วยการยึดทรัพย์สินของกสิกร พุทธศักราช 2475
พระราชบัญญัติ ว่าด้วยการยึดทรัพย์สินของกสิกร พุทธศักราช ๒๔๗๕ ประชาธิปก ป.ร. พระบาทสมเด็จพระปรมินทรมหาประชาธิปก พระปกเกล้าเจ้าอยู่หัว มีพระบรมราชโองการโปรดเกล้าฯ ให้ประกาศว่า โดยที่สภาผู้แทนราษฎรถวายคำปรึกษาว่า",กฎหมายทั่วไป,พระราชบัญญัติ
kris_ยล111-1B-0001,พระราชบัญญัติว่าด้วยการเลือกตั้งสมาชิกสภาผู้แทนราษฎรในระหว่างเวลาที่ใช้บทเฉพาะกาลในรัฐธรรมนูญแห่งราชอาณาจักรไทย พุทธศักราช 2475 (ยกเลิก),"[21/12/2475] พระราชบัญญัติว่าด้วยการเลือกตั้งสมาชิกสภาผู้แทนราษฎรในระหว่างเวลาที่ใช้บทเฉพาะกาลในรัฐธรรมนูญแห่งราชอาณาจักรไทย พุทธศักราช 2475 (ยกเลิก)
พระราชบัญญัติ ว่าด้วยการเลือกตั้งสมาชิกสภาผู้แทนราษฎรในระหว่างเวลาที่ใช้บทเฉพาะกาล ในรัฐธรรมนูญแห่งราชอาณาจักรสยาม พุทธศักราช ๒๔๗๕ (ยกเลิก) โปรดดูรายละเอียดของกฎหมายที่เว็บไซต์ราชกิจจานุเบกษา http://ratchakitch",กฎหมายทั่วไป,พระราชบัญญัติ
kris_ว0021-1B-0002,พระราชบัญญัติว่าด้วยวินัยทหาร พุทธศักราช 2476,"[20/8/2476] พระราชบัญญัติว่าด้วยวินัยทหาร พุทธศักราช 2476
พระราชบัญญัติว่าด้วยวินัยทหารแก้ไขเพิ่มเติม พุทธศักราช ๒๔๗๗ พระราชบัญญัติว่าด้วยวินัยทหารแก้ไขเพิ่มเติม พุทธศักราช ๒๔๗๗ (ฉะบับที่ ๒) พระราชบัญญัติว่าด้วยวินัยทหาร (ฉะบับที่ ๔) พุทธศักราช ๒๔๘๐ พระราชบัญญัติว่าด้",กฎหมายทั่วไป,พระราชบัญญัติ
kris_ยล108-1B-0001,พระราชบัญญัติว่าด้วยคณะกรรมการกฤษฎีกา พุทธศักราช 2476 (ยกเลิก),"[9/12/2476] พระราชบัญญัติว่าด้วยคณะกรรมการกฤษฎีกา พุทธศักราช 2476 (ยกเลิก)
พระราชบัญญัติว่าด้วยคณะกรรมการกฤษฎีกาพุทธศักราช ๒๔๗๖ และที่แก้ไขเพิ่มเติม (ยกเลิก) โปรดดูรายละเอียดของกฎหมายที่เว็บไซต์ราชกิจจานุเบกษา https://ratchakitcha.soc.go.th/",กฎหมายทั่วไป,พระราชบัญญัติ
kris_ยล206-1B-0001,พระราชบัญญัติวิธีการงบประมาณ พุทธศักราช 2476 (ยกเลิก),"[9/12/2476] พระราชบัญญัติวิธีการงบประมาณ พุทธศักราช 2476 (ยกเลิก)
พระราชบัญญัติ วิธีการงบประมาณ พุทธศักราช ๒๔๗๖ และที่แก้ไขเพิ่มเติม (ยกเลิก) โปรดดูรายละเอียดของกฎหมายที่เว็บไซต์ราชกิจจานุเบกษา https://ratchakitcha.soc.go.th/",กฎหมายทั่วไป,พระราชบัญญัติ
kris_ยล198-1B-0001,พระราชบัญญัติว่าด้วยระเบียบราชการบริหารแห่งราชอาณาจักรไทย พุทธศักราช 2476 (ยกเลิก),"[9/12/2476] พระราชบัญญัติว่าด้วยระเบียบราชการบริหารแห่งราชอาณาจักรไทย พุทธศักราช 2476 (ยกเลิก)
พระราชบัญญัติ ว่าด้วยระเบียบราชการบริหารแห่งราชอาณาจักรไทย พุทธศักราช ๒๔๗๖ และที่แก้ไขเพิ่มเติม (ยกเลิก) โปรดดูรายละเอียดของกฎหมายที่เว็บไซต์ราชกิจจานุเบกษา https://ratchakitcha.soc.go.th/",กฎหมายทั่วไป,พระราชบัญญัติ
kris_ยล181-1B-0001,พระราชบัญญัติว่าด้วยคณะกรรมการตรวจเงินแผ่นดิน พุทธศักราช 2476 (ยกเลิก),"[9/12/2476] พระราชบัญญัติว่าด้วยคณะกรรมการตรวจเงินแผ่นดิน พุทธศักราช 2476 (ยกเลิก)
พระราชบัญญัติว่าด้วยคณะกรรมการตรวจเงินแผ่นดิน พุทธศักราช ๒๔๗๖ (ยกเลิก) โปรดดูรายละเอียดของกฎหมายที่เว็บไซต์ราชกิจจานุเบกษา https://ratchakitcha.soc.go.th/",กฎหมายทั่วไป,พระราชบัญญัติ
kris_ว0020-1B-0003,พระราชบัญญัติว่าด้วยวินัยตำรวจ พุทธศักราช 2477 (ยกเลิก),"[14/10/2477] พระราชบัญญัติว่าด้วยวินัยตำรวจ พุทธศักราช 2477 (ยกเลิก)
พระราชบัญญัติว่าด้วยวินัยตำรวจ (ฉบับที่ ๗) พ.ศ. ๒๔๙๗ นริศรานุวัดติวงศ์ ผู้สำเร็จราชการแทนพระองค์ (ตามพระราชกฤษฎีกา ลงวันที่ ๑๑ มกราคม พ.ศ. ๒๔๗๖) พระบาทสมเด็จพระปรมินทรมหาประชาธิปก พระปกเกล้าเจ้าอยู่หัว มีพระบรม",กฎหมายทั่วไป,พระราชบัญญัติ
kris_ยล199-1B-0001,พระราชบัญญัติว่าด้วยสิทธิจับสัตว์น้ำไทยในเขตจับสัตว์น้ำไทย พุทธศักราช 2477 (ยกเลิก),"[28/10/2477] พระราชบัญญัติว่าด้วยสิทธิจับสัตว์น้ำไทยในเขตจับสัตว์น้ำไทย พุทธศักราช 2477 (ยกเลิก)
พระราชบัญญัติ ว่าด้วยสิทธิจับสัตว์น้ำไทยในเขตจับสัตว์น้ำไทย พุทธศักราช ๒๔๗๗ และที่แก้ไขเพิ่มเติม (ยกเลิก) โปรดดูรายละเอียดของกฎหมายที่เว็บไซต์ราชกิจจานุเบกษา https://ratchakitcha.soc.go.th/",กฎหมายทั่วไป,พระราชบัญญัติ
kris_ยล200-1B-0001,พระราชบัญญัติว่าด้วยการจดทะเบียนและออกใบอนุญาตสำหรับเรือจับสัตว์น้ำไทย พุทธศักราช 2477 (ยกเลิก),"[28/10/2477] พระราชบัญญัติว่าด้วยการจดทะเบียนและออกใบอนุญาตสำหรับเรือจับสัตว์น้ำไทย พุทธศักราช 2477 (ยกเลิก)
พระราชบัญญัติ ว่าด้วยการจดทะเบียนและออกใบอนุญาตสำหรับเรือจับสัตว์น้ำไทย พุทธศักราช ๒๔๗๗ และที่แก้ไขเพิ่มเติม (ยกเลิก) โปรดดูรายละเอียดของกฎหมายที่เว็บไซต์ราชกิจจานุเบกษา https://ratchakitcha.soc.go.th/",กฎหมายทั่วไป,พระราชบัญญัติ
kris_ยล226-1B-0001,พระราชบัญญัติวิทยุสื่อสาร พุทธศักราช 2478 (ยกเลิก),"[1/2/2478] พระราชบัญญัติวิทยุสื่อสาร พุทธศักราช 2478 (ยกเลิก)
พระราชบัญญัติวิทยุสื่อสาร พุทธศักราช ๒๔๗๘ และที่แก้ไขเพิ่มเติม (ยกเลิก) โปรดดูรายละเอียดของกฎหมาย ที่เว็บไซต์ราชกิจจานุเบกษา https://ratchakitcha.soc.go.th/",กฎหมายทั่วไป,พระราชบัญญัติ
kris_ยล097-1B-0001,พระราชบัญญัติว่าด้วยการเวนคืนอสังหาริมทรัพย์ พุทธศักราช 2477 (ยกเลิก),"[21/4/2478] พระราชบัญญัติว่าด้วยการเวนคืนอสังหาริมทรัพย์ พุทธศักราช 2477 (ยกเลิก)
พระราชบัญญัติว่าด้วยการเวนคืนอสังหาริมทรัพย์พุทธศักราช ๒๔๗๗ (ยกเลิก) โปรดดูรายละเอียดของกฎหมายที่เว็บไซต์ราชกิจจานุเบกษา https://ratchakitcha.soc.go.th/",กฎหมายทั่วไป,พระราชบัญญัติ
kris_ยล203-1B-0001,พระราชบัญญัติว่าด้วยการยกเว้นภาษีอากรอันเกี่ยวแก่ทรัพย์สินฝ่ายพระมหากษัตริย์ พุทธศักราช 2477 (ยกเลิก),"[21/4/2478] พระราชบัญญัติว่าด้วยการยกเว้นภาษีอากรอันเกี่ยวแก่ทรัพย์สินฝ่ายพระมหากษัตริย์ พุทธศักราช 2477 (ยกเลิก)
พระราชบัญญัติ ว่าด้วยการยกเว้นภาษีอากรอันเกี่ยวแก่ทรัพย์สินฝ่ายพระมหากษัตริย์ พุทธศักราช ๒๔๗๗ (ยกเลิก) โปรดดูรายละเอียดของกฎหมายที่เว็บไซต์ราชกิจจานุเบกษา https://ratchakitcha.soc.go.th/",กฎหมายทั่วไป,พระราชบัญญัติ
kris_ยล217-1B-0001,พระราชบัญญัติว่าด้วยโบราณสถาน ศิลปวัตถุ โบราณวัตถุ และการพิพิธภัณฑ์แห่งชาติ พุทธศักราช 2477 (ยกเลิก),"[12/5/2478] พระราชบัญญัติว่าด้วยโบราณสถาน ศิลปวัตถุ โบราณวัตถุ และการพิพิธภัณฑ์แห่งชาติ พุทธศักราช 2477 (ยกเลิก)
พระราชบัญญัติ พระราชบัญญัติว่าด้วยโบราณสถาน ศิลปวัตถุ โบราณวัตถุ และการพิพิธภัณฑ์แห่งชาติ พุทธศักราช ๒๔๗๗ และที่แก้ไขเพิ่มเติม (ยกเลิก) โปรดดูรายละเอียดของกฎหมาย ที่เว็บไซต์ราชกิจจานุเบกษา https://ratchakitcha.",กฎหมายทั่วไป,พระราชบัญญัติ
kris_ว0013-1B-0001,พระราชบัญญัติว่าด้วยเขตปลอดภัยในราชการทหาร พุทธศักราช 2478,"[17/11/2478] พระราชบัญญัติว่าด้วยเขตปลอดภัยในราชการทหาร พุทธศักราช 2478
พระราชบัญญัติ ว่าด้วยเขตต์ปลอดภัยในราชการทหาร พุทธศักราช ๒๔๗๘ ในพระปรมาภิไธยสมเด็จพระเจ้าอยู่หัวอานันทมหิดล คณะผู้สำเร็จราชการแทนพระองค์ (ตามประกาศประธานสภาผู้แทนราษฎร ลงวันที่ ๒๐ สิงหาคม พุทธศักราช ๒๔๗๘) น.อ.",กฎหมายทั่วไป,พระราชบัญญัติ
kris_ยล150-1B-0001,พระราชบัญญัติว่าด้วยการหวงห้ามที่ดินรกร้างว่างเปล่าอันเป็นสาธารณสมบัติของแผ่นดิน พุทธศักราช 2478 (ยกเลิก),"[8/4/2479] พระราชบัญญัติว่าด้วยการหวงห้ามที่ดินรกร้างว่างเปล่าอันเป็นสาธารณสมบัติของแผ่นดิน พุทธศักราช 2478 (ยกเลิก)
พระราชบัญญัติว่าด้วยการหวงห้ามที่ดินรกร้างว่างเปล่าอันเป็นสาธารณสมบัติของแผ่นดินพุทธศักราช ๒๔๗๘ (ยกเลิก) โปรดดูรายละเอียดของกฎหมายที่เว็บไซต์ราชกิจจานุเบกษา https://ratchakitcha.soc.go.th/",กฎหมายทั่วไป,พระราชบัญญัติ
kris_ว0006-1B-0001,พระราชบัญญัติว่าด้วยการขัดกันแห่งกฎหมาย พุทธศักราช 2481,"[20/3/2481] พระราชบัญญัติว่าด้วยการขัดกันแห่งกฎหมาย พุทธศักราช 2481
พระราชบัญญัติ ว่าด้วยการขัดกันแห่งกฎหมาย พุทธศักราช ๒๔๘๑ ในพระปรมาภิไธยสมเด็จพระเจ้าอยู่หัวอานันทมหิดล คณะผู้สำเร็จราชการแทนพระองค์ (ตามประกาศประธานสภาผู้แทนราษฎร ลงวันที่ ๔ สิงหาคม พุทธศักราช ๒๔๘๐) อาทิตย์ทิพอ",กฎหมายทั่วไป,พระราชบัญญัติ
kris_ยล207-1B-0001,พระราชบัญญัติว่าด้วยการนำเงินตราต่างประเทศเข้ามาในราชอาณาจักร พุทธศักราช 2482 (ยกเลิก),"[4/9/2482] พระราชบัญญัติว่าด้วยการนำเงินตราต่างประเทศเข้ามาในราชอาณาจักร พุทธศักราช 2482 (ยกเลิก)
พระราชบัญญัติ ว่าด้วยการนำเงินตราต่างประเทศเข้ามาในราชอาณาจักร พุทธศักราช ๒๔๘๒ (ยกเลิก) โปรดดูรายละเอียดของกฎหมายที่เว็บไซต์ราชกิจจานุเบกษา https://ratchakitcha.soc.go.th/",กฎหมายทั่วไป,พระราชบัญญัติ
kris_ว0024-1B-0001,พระราชบัญญัติว่าด้วยสิทธิการประมงในเขตการประมงไทย พุทธศักราช 2482,"[30/9/2482] พระราชบัญญัติว่าด้วยสิทธิการประมงในเขตการประมงไทย พุทธศักราช 2482
พระราชบัญญัติ ว่าด้วยสิทธิการประมง ในเขตต์การประมงไทย พุทธศักราช ๒๔๘๒ พระราชบัญญัติว่าด้วยสิทธิการประมงในเขตการประมงไทย (ฉบับที่ ๒) พ.ศ. ๒๕๓๙ ในพระปรมาภิไธยสมเด็จพระเจ้าอยู่หัวอานันทมหิดล คณะผู้สำเร็จราชการแทนพ",กฎหมายทั่วไป,พระราชบัญญัติ
kris_ว0036-1B-0001,พระราชบัญญัติวินัยข้าราชการกรมราชทัณฑ์ พุทธศักราช 2482,"[26/10/2482] พระราชบัญญัติวินัยข้าราชการกรมราชทัณฑ์ พุทธศักราช 2482
*พระราชกฤษฎีกาแก้ไขบทบัญญัติให้สอดคล้องกับการโอนอำนาจหน้าที่ของส่วนราชการให้เป็นไป ตามพระราชบัญญัติปรับปรุงกระทรวง ทบวง กรม พ.ศ. ๒๕๔๕ พ.ศ. ๒๕๔๕ ในพระปรมาภิไธยสมเด็จพระเจ้าอยู่หัวอานันทมหิดล คณะผู้สำเร็จราชการแท",กฎหมายทั่วไป,พระราชบัญญัติ
kris_ว0019-1B-0001,พระราชบัญญัติว่าด้วยวิธีปฏิบัติการภาษีอากรฝ่ายสรรพากรเฉพาะกาลเนื่องจากพระราชบัญญัติปีประดิทิน พุทธศักราช 2483 พุทธศักราช 2483,"[31/12/2483] พระราชบัญญัติว่าด้วยวิธีปฏิบัติการภาษีอากรฝ่ายสรรพากรเฉพาะกาลเนื่องจากพระราชบัญญัติปีประดิทิน พุทธศักราช 2483 พุทธศักราช 2483
พระราชบัญญัติ ว่าด้วยวิธีปฏิบัติการภาษีอากรฝ่ายสรรพากรฉะเพาะกาล เนื่องจากพระราชบัญญัติปีประดิทิน พุทธศักราช ๒๔๘๓ พุทธศักราช ๒๔๘๓ ในพระปรมาภิไธยสมเด็จพระเจ้าอยู่หัวอานันทมหิดล คณะผู้สำเร็จราชการแทนพระองค์ (ตามปร",กฎหมายทั่วไป,พระราชบัญญัติ
kris_ยล082-1B-0001,พระราชบัญญัติว่าด้วยชนศัตรูและทรัพย์สินของชนศัตรู พุทธศักราช 2485 (ยกเลิก),"[17/2/2485] พระราชบัญญัติว่าด้วยชนศัตรูและทรัพย์สินของชนศัตรู พุทธศักราช 2485 (ยกเลิก)
พระราชบัญญัติว่าด้วยชนศัตรูและทรัพย์สินของชนศัตรูพุทธศักราช ๒๔๘๕และที่แก้ไขเพิ่มเติม (ยกเลิก) โปรดดูรายละเอียดของกฎหมายที่เว็บไซต์ราชกิจจานุเบกษา https://ratchakitcha.soc.go.th/",กฎหมายทั่วไป,พระราชบัญญัติ
kris_ว0095-1B-0001,พระราชบัญญัติเวนคืนอสังหาริมทรัพย์ในท้องที่ตำบลถนนพญาไท และตำบลสามเสนใน อำเภอดุสิต จังหวัดพระนคร พุทธศักราช 2485,"[12/5/2485] พระราชบัญญัติเวนคืนอสังหาริมทรัพย์ในท้องที่ตำบลถนนพญาไท และตำบลสามเสนใน อำเภอดุสิต จังหวัดพระนคร พุทธศักราช 2485
พระราชบัญญัติ เวนคืนอสังหาริมทรัพย์ในท้องที่ตำบลถนนพญาไท และตำบสามเสนใน อำเภอดุสิต จังหวัดพระนคร พุทธศักราช ๒๔๘๕ ในพระปรมาภิไธยสมเด็จพระเจ้าอยู่หัวอานันทมหิดล คณะผู้สำเร็จราชการแทนพระองค์ (ตามประกาศประธานสภาผู้",กฎหมายทั่วไป,พระราชบัญญัติ
kris_ยล043-1B-0001,พระราชบัญญัติวัฒนธรรมแห่งชาติ พุทธศักราช 2485 (ยกเลิก),"[29/9/2485] พระราชบัญญัติวัฒนธรรมแห่งชาติ พุทธศักราช 2485 (ยกเลิก)
*พระราชกฤษฎีกาแก้ไขบทบัญญัติให้สอดคล้องกับการโอนอำนาจหน้าที่ของส่วนราชการให้เป็นไปตามพระราชบัญญัติปรับปรุงกระทรวง ทบวง กรม พ.ศ. ๒๕๔๕ พ.ศ. ๒๕๔๕ พระราชบัญญัติวัฒนธรรมแห่งชาติ (ฉบับที่ ๒) พุทธศักราช ๒๔๘๖ ในพระปรมา",กฎหมายทั่วไป,พระราชบัญญัติ
kris_ยล204-1B-0001,พระราชบัญญัติว่าด้วยการจ่ายเงินเดือนและเงินอื่น ๆ ให้แก่ข้าราชการผู้ถูกสั่งพักราชการ พุทธศักราช 2488 (ยกเลิก),"[2/10/2488] พระราชบัญญัติว่าด้วยการจ่ายเงินเดือนและเงินอื่น ๆ ให้แก่ข้าราชการผู้ถูกสั่งพักราชการ พุทธศักราช 2488 (ยกเลิก)
พระราชบัญญัติ ว่าด้วยการจ่ายเงินเดือนและเงินอื่น ๆ ให้แก่ข้าราชการผู้ถูกสั่งพักราชการ พุทธศักราช ๒๔๘๘ (ยกเลิก) โปรดดูรายละเอียดของกฎหมายที่เว็บไซต์ราชกิจจานุเบกษา https://ratchakitcha.soc.go.th/",กฎหมายทั่วไป,พระราชบัญญัติ
kris_ว0022-1B-0001,พระราชบัญญัติว่าด้วยการใช้กฎหมายอิสลามในเขตจังหวัดปัตตานี นราธิวาส ยะลา และสตูล พ.ศ. 2489,"[3/12/2489] พระราชบัญญัติว่าด้วยการใช้กฎหมายอิสลามในเขตจังหวัดปัตตานี นราธิวาส ยะลา และสตูล พ.ศ. 2489
พระราชบัญญัติ ว่าด้วยการใช้กฎหมายอิสลามในเขตต์จังหวัดปัตตานี นราธิวาส ยะลา และสตูล พ.ศ. ๒๔๘๙ ในพระปรมาภิไธยสมเด็จพระเจ้าอยู่หัวภูมิพลอดุลยเดช คณะผู้สำเร็จราชการแทนพระองค์ รังสิต กรมขุนชัยนาทนเรนทร พระยามานวราชเ",กฎหมายทั่วไป,พระราชบัญญัติ
kris_ว0009-1B-0002,พระราชบัญญัติว่าด้วยการบริหารราชการในสถานการณ์ฉุกเฉิน พ.ศ. 2495 (ยกเลิก),"[11/3/2495] พระราชบัญญัติว่าด้วยการบริหารราชการในสถานการณ์ฉุกเฉิน พ.ศ. 2495 (ยกเลิก)
พระราชบัญญัติ ว่าด้วยการบริหารราชการ ในสถานการณ์ฉุกเฉิน พ.ศ. ๒๔๙๕ (ยกเลิก) ภูมิพลอดุลยเดช ป.ร. ให้ไว้ ณ วันที่ ๘ มีนาคม พ.ศ. ๒๔๙๕ เป็นปีที่ ๗ ในรัชกาลปัจจุบัน พระบาทสมเด็จพระปรมินทรมหาภูมิพลอดุลยเดช มีพระบรมราช",กฎหมายทั่วไป,พระราชบัญญัติ
kris_ยล131-1B-0001,พระราชบัญญัติเวนคืนอสังหาริมทรัพย์ในท้องที่ตำบลบางตลาด อำเภอปากเกร็ด และตำบลท่าทราย อำเภอเมืองนนทบุรี จังหวัดนนทบุรี พ.ศ. 2496 (ยกเลิก),"[17/2/2496] พระราชบัญญัติเวนคืนอสังหาริมทรัพย์ในท้องที่ตำบลบางตลาด อำเภอปากเกร็ด และตำบลท่าทราย อำเภอเมืองนนทบุรี จังหวัดนนทบุรี พ.ศ. 2496 (ยกเลิก)
พระราชบัญญัติ เวนคืนอสังหาริมทรัพย์ในท้องที่ตำบลบางตลาด อำเภอปากเกร็ด และตำบลท่าทราย อำเภอเมืองนนทบุรี จังหวัดนนทบุรี พ.ศ. ๒๔๙๖ (ยกเลิก) โปรดดูรายละเอียดของกฎหมายที่เว็บไซต์ราชกิจจานุเบกษา https://ratchakitcha.",กฎหมายทั่วไป,พระราชบัญญัติ
kris_ว0008-1B-0001,พระราชบัญญัติว่าด้วยการจัดตั้งองค์การของรัฐบาล พ.ศ. 2496,"[17/2/2496] พระราชบัญญัติว่าด้วยการจัดตั้งองค์การของรัฐบาล พ.ศ. 2496
พระราชบัญญัติ ว่าด้วยการจัดตั้งองค์การของรัฐบาล พ.ศ. ๒๔๙๖ ภูมิพลอดุลยเดช ป.ร. ให้ไว้ ณ วันที่ ๖ กุมภาพันธ์ พ.ศ. ๒๔๙๖ เป็นปีที่ ๘ ในรัชกาลปัจจุบัน พระบาทสมเด็จพระปรมินทรมหาภูมิพลอดุลยเดช มีพระบรมราชโองการโปรดเกล",กฎหมายทั่วไป,พระราชบัญญัติ
kris_ยล032-1B-0002,พระราชบัญญัติว่าด้วยการเวนคืนอสังหาริมทรัพย์ พ.ศ. 2497 (ยกเลิก),"[16/2/2497] พระราชบัญญัติว่าด้วยการเวนคืนอสังหาริมทรัพย์ พ.ศ. 2497 (ยกเลิก)
พระราชบัญญัติ ว่าด้วยการเวนคืนอสังหาริมทรัพย์ พ.ศ. ๒๔๙๗ (ยกเลิก) ภูมิพลอดุลยเดช ป.ร. ให้ไว้ ณ วันที่ ๕ กุมภาพันธ์ พ.ศ. ๒๔๙๗ เป็นปีที่ ๘ ในรัชกาลปัจจุบัน พระบาทสมเด็จพระปรมินทรมหาภูมิพลอดุลยเดช มีพระบรมราชโองการ",กฎหมายทั่วไป,พระราชบัญญัติ
kris_ยล205-1B-0001,พระราชบัญญัติว่าด้วยความผิดอันเกิดจากการใช้เช็ค พ.ศ. 2497 (ยกเลิก),"[12/10/2497] พระราชบัญญัติว่าด้วยความผิดอันเกิดจากการใช้เช็ค พ.ศ. 2497 (ยกเลิก)
พระราชบัญญัติ ว่าด้วยความผิดอันเกิดจากการใช้เช็ค พ.ศ. ๒๔๙๗ และที่แก้ไขเพิ่มเติม (ยกเลิก) โปรดดูรายละเอียดของกฎหมายที่เว็บไซต์ราชกิจจานุเบกษา https://ratchakitcha.soc.go.th/",กฎหมายทั่วไป,พระราชบัญญัติ
kris_ว0031-1B-0001,พระราชบัญญัติวิทยุกระจายเสียงและวิทยุโทรทัศน์ พ.ศ. 2498 (ยกเลิก),"[8/2/2498] พระราชบัญญัติวิทยุกระจายเสียงและวิทยุโทรทัศน์ พ.ศ. 2498 (ยกเลิก)
พระราชบัญญัติวิทยุกระจายเสียงและวิทยุโทรทัศน์ (ฉบับที่ ๔) พ.ศ. ๒๕๓๐ ภูมิพลอดุลยเดช ป.ร. ให้ไว้ ณ วันที่ ๒๒ มกราคม พ.ศ. ๒๔๙๘ เป็นปีที่ ๑๐ ในรัชกาลปัจจุบัน พระบาทสมเด็จพระปรมินทรมหาภูมิพลอดุลยเดช มีพระบรมราชโองกา",กฎหมายทั่วไป,พระราชบัญญัติ
kris_ว0032-1B-0001,พระราชบัญญัติวิทยุคมนาคม พ.ศ. 2498,"[8/2/2498] พระราชบัญญัติวิทยุคมนาคม พ.ศ. 2498
พระราชบัญญัติ วิทยุคมนาคม พ.ศ. ๒๔๙๘ พระราชบัญญัติวิทยุคมนาคม (ฉบับที่ ๒) พ.ศ. ๒๕๐๔ พระราชบัญญัติวิทยุคมนาคม(ฉบับที่ ๓) พ.ศ. ๒๕๓๕ ภูมิพลอดุลยเดช ป.ร. ให้ไว้ ณ วันที่ ๒๒ มกราคม พ.ศ. ๒๔๙๘ เป็นปีที่ ๑๐ ในรัชกาลปัจจ",กฎหมายทั่วไป,พระราชบัญญัติ
kris_ว0016-1B-0001,พระราชบัญญัติว่าด้วยความผิดของพนักงานในองค์การหรือหน่วยงานของรัฐ พ.ศ. 2502,"[1/9/2502] พระราชบัญญัติว่าด้วยความผิดของพนักงานในองค์การหรือหน่วยงานของรัฐ พ.ศ. 2502
พระราชบัญญัติ ว่าด้วยความผิดของพนักงาน ในองค์การหรือหน่วยงานของรัฐ พ.ศ. ๒๕๐๒ ภูมิพลอดุลยเดช ป.ร. ให้ไว้ ณ วันที่ ๒๕ สิงหาคม พ.ศ. ๒๕๐๒ เป็นปีที่ ๑๔ ในรัชกาลปัจจุบัน พระบาทสมเด็จพระปรมินทรมหาภูมิพลอดุลยเดช มีพระบ",กฎหมายทั่วไป,พระราชบัญญัติ
kris_ว0039-1B-0001,พระราชบัญญัติวิธีปฏิบัติเกี่ยวกับการกักขังตามประมวลกฎหมายอาญา พ.ศ. 2506,"[12/11/2506] พระราชบัญญัติวิธีปฏิบัติเกี่ยวกับการกักขังตามประมวลกฎหมายอาญา พ.ศ. 2506
*พระราชกฤษฎีกาแก้ไขบทบัญญัติให้สอดคล้องกับการโอนอำนาจหน้าที่ของส่วนราชการให้เป็นไปตามพระราชบัญญัติปรับปรุงกระทรวง ทบวง กรม พ.ศ. ๒๕๔๕ พ.ศ. ๒๕๔๕ พระราชบัญญัติวิธีปฏิบัติเกี่ยวกับการกักขังตามประมวลกฎหมายอาญา (ฉบับ",กฎหมายทั่วไป,พระราชบัญญัติ
kris_ว0027-1B-0001,พระราชบัญญัติวิชาชีพสถาปัตยกรรม พ.ศ. 2508 (ยกเลิก),"[31/12/2508] พระราชบัญญัติวิชาชีพสถาปัตยกรรม พ.ศ. 2508 (ยกเลิก)
พระราชบัญญัติ วิชาชีพสถาปัตยกรรม พ.ศ. ๒๕๐๘ (ยกเลิก) ภูมิพลอดุลยเดช ป.ร. ให้ไว้ ณ วันที่ ๑๔ ธันวาคม พ.ศ. ๒๕๐๘ เป็นปีที่ ๒๐ ในรัชกาลปัจจุบัน พระบาทสมเด็จพระปรมินทรมหาภูมิพลอดุลยเดช มีพระบรมราชโองการโปรดเกล้าฯ ให้",กฎหมายทั่วไป,พระราชบัญญัติ
kris_ยล129-1B-0003,พระราชบัญญัติวัตถุมีพิษ พ.ศ. 2510 (ยกเลิก),"[7/3/2510] พระราชบัญญัติวัตถุมีพิษ พ.ศ. 2510 (ยกเลิก)
พระราชบัญญัติ วัตถุมีพิษ พ.ศ. ๒๕๑๐ (ยกเลิก) โปรดดูรายละเอียดของกฎหมายที่เว็บไซต์ราชกิจจานุเบกษา https://ratchakitcha.soc.go.th/",กฎหมายทั่วไป,พระราชบัญญัติ
kris_ว0040-1B-0001,พระราชบัญญัติวิธีปฏิบัติเกี่ยวกับการกักกันตามประมวลกฎหมายอาญา พ.ศ. 2510,"[29/12/2510] พระราชบัญญัติวิธีปฏิบัติเกี่ยวกับการกักกันตามประมวลกฎหมายอาญา พ.ศ. 2510
*พระราชกฤษฎีกาแก้ไขบทบัญญัติให้สอดคล้องกับการโอนอำนาจหน้าที่ของส่วนราชการให้เป็นไปตามพระราชบัญญัติปรับปรุงกระทรวง ทบวง กรม พ.ศ. ๒๕๔๕ พ.ศ. ๒๕๔๕ ภูมิพลอดุลยเดช ป.ร. ให้ไว้ ณ วันที่ ๒๖ ธันวาคม พ.ศ. ๒๕๑๐ เป็นปีที่",กฎหมายทั่วไป,พระราชบัญญัติ
kris_ยล078-1B-0001,พระราชบัญญัติวิชาชีพเวชกรรม พ.ศ. 2511 (ยกเลิก),"[8/10/2511] พระราชบัญญัติวิชาชีพเวชกรรม พ.ศ. 2511 (ยกเลิก)
พระราชบัญญัติวิชาชีพเวชกรรมพ.ศ. ๒๕๑๑ (ยกเลิก) โปรดดูรายละเอียดของกฎหมายที่เว็บไซต์ราชกิจจานุเบกษา https://ratchakitcha.soc.go.th/",กฎหมายทั่วไป,พระราชบัญญัติ
kris_ว0025-1B-0001,พระราชบัญญัติวิชาชีพวิศวกรรม พ.ศ. 2505 (ยกเลิก),"[21/1/2512] พระราชบัญญัติวิชาชีพวิศวกรรม พ.ศ. 2505 (ยกเลิก)
พระราชบัญญัติ วิชาชีพวิศวกรรม พ.ศ. ๒๕๐๕ (ยกเลิก) พระราชบัญญัติวิชาชีพวิศวกรรม (ฉบับที่ ๒) พ.ศ. ๒๕๑๒ พระราชบัญญัติวิชาชีพวิศวกรรม (ฉบับที่ ๓) พ.ศ. ๒๕๒๐ ภูมิพลอดุลยเดช ป.ร. ให้ไว้ ณ วันที่ ๒๓ กรกฎาคม พ.ศ. ๒๕๐๕ เป",กฎหมายทั่วไป,พระราชบัญญัติ
kris_ยล072-1B-0001,พระราชบัญญัติวิทยาลัยเอกชน พ.ศ. 2512 (ยกเลิก),"[6/3/2512] พระราชบัญญัติวิทยาลัยเอกชน พ.ศ. 2512 (ยกเลิก)
พระราชบัญญัติ วิทยาลัยเอกชน พ.ศ. ๒๕๑๒ (ยกเลิก) โปรดดูรายละเอียดของกฎหมายที่เว็บไซต์ราชกิจจานุเบกษา https://ratchakitcha.soc.go.th/",กฎหมายทั่วไป,พระราชบัญญัติ
kris_ว0093-1B-0001,พระราชบัญญัติเวนคืนอสังหาริมทรัพย์ในท้องที่อำเภอสัตหีบ จังหวัดชลบุรี และอำเภอเมืองระยอง จังหวัดระยอง พ.ศ. 2514,"[19/7/2514] พระราชบัญญัติเวนคืนอสังหาริมทรัพย์ในท้องที่อำเภอสัตหีบ จังหวัดชลบุรี และอำเภอเมืองระยอง จังหวัดระยอง พ.ศ. 2514
พระราชบัญญัติเวนคืนอสังหาริมทรัพย์ในท้องที่อำเภอสัตหีบ จังหวัดชลบุรี และอำเภอเมืองระยอง จังหวัดระยองพ.ศ. ๒๕๑๔ โปรดดูรายละเอียดของกฎหมายที่เว็บไซต์ราชกิจจานุเบกษา https://ratchakitcha.soc.go.th/",กฎหมายทั่วไป,พระราชบัญญัติ
kris_ว0091-1B-0002,พระราชบัญญัติวัตถุที่ออกฤทธิ์ต่อจิตและประสาท พ.ศ. 2518 (ยกเลิก),"[9/1/2517] พระราชบัญญัติวัตถุที่ออกฤทธิ์ต่อจิตและประสาท พ.ศ. 2518 (ยกเลิก)
พระราชบัญญัติ วัตถุที่ออกฤทธิ์ต่อจิตและประสาท พ.ศ. ๒๕๑๘ (ยกเลิก) พระราชบัญญัติวัตถุที่ออกฤทธิ์ต่อจิตและประสาท (ฉบับที่ ๒) พ.ศ. ๒๕๒๘ พระราชบัญญัติวัตถุที่ออกฤทธิ์ต่อจิตและประสาท (ฉบับที่ ๓) พ.ศ. ๒๕๓๕ พระราชบัญญั",กฎหมายทั่วไป,พระราชบัญญัติ
kris_ยล038-1B-0001,พระราชบัญญัติวิทยาลัยครู พ.ศ. 2518 (ยกเลิก),"[27/2/2518] พระราชบัญญัติวิทยาลัยครู พ.ศ. 2518 (ยกเลิก)
พระราชบัญญัติ วิทยาลัยครู พ.ศ. ๒๕๑๘ (ยกเลิก) ภูมิพลอดุลยเดช ป.ร. ให้ไว้ ณ วันที่ ๑๔ กุมภาพันธ์ พ.ศ. ๒๕๑๘ เป็นปีที่ ๓๐ ในรัชกาลปัจจุบัน พระบาทสมเด็จพระปรมินทรมหาภูมิพลอดุลยเดช มีพระบรมราชโองการโปรดเกล้าฯ ให้ประก",กฎหมายทั่วไป,พระราชบัญญัติ
kris_ยล147-1B-0001,พระราชบัญญัติวิทยาลัยเทคโนโลยีและอาชีวศึกษา พ.ศ. 2518 (ยกเลิก),"[27/2/2518] พระราชบัญญัติวิทยาลัยเทคโนโลยีและอาชีวศึกษา พ.ศ. 2518 (ยกเลิก)
พระราชบัญญัติ วิทยาลัยเทคโนโลยีและอาชีวศึกษา พ.ศ. ๒๕๑๘ และที่แก้ไขเพิ่มเติม (ยกเลิก) โปรดดูรายละเอียดของกฎหมายที่เว็บไซต์ราชกิจจานุเบกษา https://ratchakitcha.soc.go.th/",กฎหมายทั่วไป,พระราชบัญญัติ
kris_ว0094-1B-0001,พระราชบัญญัติเวนคืนอสังหาริมทรัพย์ในท้องที่ตำบลทุ่งสุขลา อำเภอศรีราชา จังหวัดชลบุรี พ.ศ. 2521,"[11/12/2521] พระราชบัญญัติเวนคืนอสังหาริมทรัพย์ในท้องที่ตำบลทุ่งสุขลา อำเภอศรีราชา จังหวัดชลบุรี พ.ศ. 2521
พระราชบัญญัติเวนคืนอสังหาริมทรัพย์ในท้องที่ตำบลทุ่งสุขลา อำเภอศรีราชา จังหวัดชลบุรี พ.ศ. ๒๕๒๑ โปรดดูรายละเอียดของกฎหมายที่เว็บไซต์ราชกิจจานุเบกษา https://ratchakitcha.soc.go.th/",กฎหมายทั่วไป,พระราชบัญญัติ
kris_ว0014-1B-0002,พระราชบัญญัติวิธีดำเนินการคุมความประพฤติตามประมวลกฎหมายอาญา พ.ศ. 2522 (ยกเลิก),"[19/3/2522] พระราชบัญญัติวิธีดำเนินการคุมความประพฤติตามประมวลกฎหมายอาญา พ.ศ. 2522 (ยกเลิก)
พระราชบัญญัติ วิธีดำเนินการคุมความประพฤติ ตามประมวลกฎหมายอาญา พ.ศ. ๒๕๒๒ (ยกเลิก) พระราชบัญญัติวิธีดำเนินการคุมความประพฤติตามประมวลกฎหมายอาญา (ฉบับที่ ๒) พ.ศ. ๒๕๕๐ ภูมิพลอดุลยเดช ป.ร. ให้ไว้ ณ วันที่ ๑๕ มีนาคม พ",กฎหมายทั่วไป,พระราชบัญญัติ
kris_ว0015-1B-0001,พระราชบัญญัติว่าด้วยการส่งผู้ร้ายข้ามแดนระหว่างราชอาณาจักรไทยกับสาธารณรัฐอินโดนีเซีย พ.ศ. 2522,"[15/4/2522] พระราชบัญญัติว่าด้วยการส่งผู้ร้ายข้ามแดนระหว่างราชอาณาจักรไทยกับสาธารณรัฐอินโดนีเซีย พ.ศ. 2522
พระราชบัญญัติ ว่าด้วยการส่งผู้ร้ายข้ามแดนระหว่างราชอาณาจักรไทย กับสาธารณรัฐอินโดนีเซีย พ.ศ. ๒๕๒๒ ภูมิพลอดุลยเดช ป.ร. ให้ไว้ ณ วันที่ ๑๙ มีนาคม พ.ศ. ๒๕๒๒ เป็นปีที่ ๓๔ ในรัชกาลปัจจุบัน พระบาทสมเด็จพระปรมินทรมหาภู",กฎหมายทั่วไป,พระราชบัญญัติ
kris_ว0026-1B-0002,พระราชบัญญัติวิชาชีพเวชกรรม พ.ศ. 2525,"[11/8/2525] พระราชบัญญัติวิชาชีพเวชกรรม พ.ศ. 2525
พระราชกฤษฎีกาโอนกรมตำรวจ กระทรวงมหาดไทย ไปจัดตั้งเป็นสำนักงานตำรวจแห่งชาติ พ.ศ. ๒๕๔๑ ภูมิพลอดุลยเดช ป.ร. ให้ไว้ ณ วันที่ ๒๘ กรกฎาคม พ.ศ. ๒๕๒๕ เป็นปีที่ ๓๗ ในรัชกาลปัจจุบัน พระบาทสมเด็จพระปรมินทรมหาภูมิพลอดุลยเด",กฎหมายทั่วไป,พระราชบัญญัติ
kris_ว0092-1B-0001,พระราชบัญญัติเวนคืนอสังหาริมทรัพย์ในท้องที่ตำบลห้วยโป่งและตำบลมาบตาพุด อำเภอเมืองระยอง จังหวัดระยอง พ.ศ. 2527,"[10/8/2527] พระราชบัญญัติเวนคืนอสังหาริมทรัพย์ในท้องที่ตำบลห้วยโป่งและตำบลมาบตาพุด อำเภอเมืองระยอง จังหวัดระยอง พ.ศ. 2527
พระราชบัญญัติ เวนคืนอสังหาริมทรัพย์ในท้องที่ตำบลห้วยโป่ง และตำบลมาบตาพุด อำเภอเมืองระยอง จังหวัดระยอง พ.ศ. ๒๕๒๗ ภูมิพลอดุลยเดช ป.ร. ให้ไว้ ณ วันที่ ๕ สิงหาคม พ.ศ. ๒๕๒๗ เป็นปีที่ ๓๙ ในรัชกาลปัจจุบัน พระบาทสมเด็จ",กฎหมายทั่วไป,พระราชบัญญัติ
kris_ว0047-1B-0001,พระราชบัญญัติว่าด้วยการส่งผู้ร้ายข้ามแดนระหว่างราชอาณาจักรไทยกับสาธารณรัฐฟิลิปปินส์ พ.ศ. 2527,"[30/8/2527] พระราชบัญญัติว่าด้วยการส่งผู้ร้ายข้ามแดนระหว่างราชอาณาจักรไทยกับสาธารณรัฐฟิลิปปินส์ พ.ศ. 2527
พระราชบัญญัติ ว่าด้วยการส่งผู้ร้ายข้ามแดนระหว่างราชอาณาจักรไทย กับสาธารณรัฐฟิลิปปินส์ พ.ศ. ๒๕๒๗ ภูมิพลอดุลยเดช ป.ร. ให้ไว้ ณ วันที่ ๑๔ สิงหาคม พ.ศ. ๒๕๒๗ เป็นปีที่ ๓๙ ในรัชกาลปัจจุบัน พระบาทสมเด็จพระปรมินทรมหาภู",กฎหมายทั่วไป,พระราชบัญญัติ
kris_ว0041-1B-0001,พระราชบัญญัติว่าด้วยเอกสิทธิและความคุ้มกันทางทูต พ.ศ. 2527,"[26/9/2527] พระราชบัญญัติว่าด้วยเอกสิทธิและความคุ้มกันทางทูต พ.ศ. 2527
พระราชบัญญัติ ว่าด้วยเอกสิทธิและความคุ้มกันทางทูต พ.ศ. ๒๕๒๗ ภูมิพลอดุลยเดช ป.ร. ให้ไว้ ณ วันที่ ๑๐ กันยายน พ.ศ. ๒๕๒๗ เป็นปีที่ ๓๙ ในรัชกาลปัจจุบัน พระบาทสมเด็จพระปรมินทรมหาภูมิพลอดุลยเดช มีพระบรมราชโองการโปรดเก",กฎหมายทั่วไป,พระราชบัญญัติ
kris_ว0030-1B-0001,พระราชบัญญัติวิชาชีพการพยาบาลและการผดุงครรภ์ พ.ศ. 2528,"[5/9/2528] พระราชบัญญัติวิชาชีพการพยาบาลและการผดุงครรภ์ พ.ศ. 2528
พระราชบัญญัติว่าด้วยการปรับเป็นพินัย พ.ศ. ๒๕๖๕ พระราชบัญญัติวิชาชีพการพยาบาลและการผดุงครรภ์ (ฉบับที่ ๒) พ.ศ. ๒๕๔๐ ภูมิพลอดุลยเดช ป.ร. ให้ไว้ ณ วันที่ ๒๐ สิงหาคม พ.ศ. ๒๕๒๘ เป็นปีที่ ๔๐ ในรัชกาลปัจจุบัน พระบาทสมเ",กฎหมายทั่วไป,พระราชบัญญัติ
kris_ว0012-1B-0001,พระราชบัญญัติว่าด้วยการเวนคืนอสังหาริมทรัพย์ พ.ศ. 2530 (ยกเลิก),"[19/8/2530] พระราชบัญญัติว่าด้วยการเวนคืนอสังหาริมทรัพย์ พ.ศ. 2530 (ยกเลิก)
ประกาศคณะรักษาความสงบเรียบร้อยแห่งชาติฉบับที่ ๔๔ เรื่อง การแก้ไขเพิ่มเติมกฎหมายว่าด้วยการเวนคืนอสังหาริมทรัพย์ลงวันที่ ๒๘ กุมภาพันธ์ พ.ศ. ๒๕๓๔ ภูมิพลอดุลยเดช ป.ร. ให้ไว้ ณ วันที่ ๑๐ สิงหาคม พ.ศ. ๒๕๓๐ เป็นปีที่",กฎหมายทั่วไป,พระราชบัญญัติ
kris_ว0042-1B-0001,พระราชบัญญัติว่าด้วยความผิดเกี่ยวกับสถานที่ผลิตปิโตรเลียมในทะเล พ.ศ. 2530,"[6/11/2530] พระราชบัญญัติว่าด้วยความผิดเกี่ยวกับสถานที่ผลิตปิโตรเลียมในทะเล พ.ศ. 2530
*พระราชกฤษฎีกาแก้ไขบทบัญญัติให้สอดคล้องกับการโอนอำนาจหน้าที่ของส่วนราชการให้เป็นไปตามพระราชบัญญัติปรับปรุงกระทรวง ทบวง กรม พ.ศ. ๒๕๔๕ พ.ศ. ๒๕๔๕ ภูมิพลอดุลยเดช ป.ร. ให้ไว้ ณ วันที่ ๓๑ ตุลาคม พ.ศ. ๒๕๓๐ เป็นปีที่ ๔",กฎหมายทั่วไป,พระราชบัญญัติ
kris_ว0046-1B-0001,พระราชบัญญัติว่าด้วยการส่งผู้ร้ายข้ามแดนระหว่างราชอาณาจักรไทยกับสหรัฐอเมริกา พ.ศ. 2533,"[22/2/2534] พระราชบัญญัติว่าด้วยการส่งผู้ร้ายข้ามแดนระหว่างราชอาณาจักรไทยกับสหรัฐอเมริกา พ.ศ. 2533
พระราชบัญญัติ ว่าด้วยการส่งผู้ร้ายข้ามแดนระหว่างราชอาณาจักรไทยกับสหรัฐอเมริกา พ.ศ. ๒๕๓๓ ภูมิพลอดุลยเดช ป.ร. ให้ไว้ ณ วันที่ ๑๗ สิงหาคม พ.ศ. ๒๕๓๓ เป็นปีที่ ๔๕ ในรัชกาลปัจจุบัน พระบาทสมเด็จพระปรมินทรมหาภูมิพลอดุล",กฎหมายทั่วไป,พระราชบัญญัติ
kris_ว0029-1B-0001,พระราชบัญญัติว่าด้วยความผิดทางวินัยของข้าราชการซึ่งไปปฏิบัติหน้าที่ในหน่วยงานที่มิใช่ส่วนราชการ พ.ศ. 2534,"[22/7/2534] พระราชบัญญัติว่าด้วยความผิดทางวินัยของข้าราชการซึ่งไปปฏิบัติหน้าที่ในหน่วยงานที่มิใช่ส่วนราชการ พ.ศ. 2534
พระราชบัญญัติ ว่าด้วยความผิดทางวินัยของข้าราชการซึ่งไปปฏิบัติหน้าที่ ในหน่วยงานที่มิใช่ส่วนราชการ พ.ศ. ๒๕๓๔ ภูมิพลอดุลยเดช ป.ร. ให้ไว้ ณ วันที่ ๑๓ กรกฎาคม พ.ศ. ๒๕๓๔ เป็นปีที่ ๔๖ ในรัชกาลปัจจุบัน พระบาทสมเด็จพระ",กฎหมายทั่วไป,พระราชบัญญัติ
kris_ว0017-1B-0001,พระราชบัญญัติว่าด้วยความผิดอันเกิดจากการใช้เช็ค พ.ศ. 2534,"[27/8/2534] พระราชบัญญัติว่าด้วยความผิดอันเกิดจากการใช้เช็ค พ.ศ. 2534
พระราชบัญญัติ ว่าด้วยความผิดอันเกิดจากการใช้เช็ค พ.ศ. ๒๕๓๔ ภูมิพลอดุลยเดช ป.ร. ให้ไว้ ณ วันที่ ๑๒ สิงหาคม พ.ศ. ๒๕๓๔ เป็นปีที่ ๔๖ ในรัชกาลปัจจุบัน พระบาทสมเด็จพระปรมินทรมหาภูมิพลอดุลยเดช มีพระบรมราชโองการโปรดเกล",กฎหมายทั่วไป,พระราชบัญญัติ
kris_ว0003-1B-0001,พระราชบัญญัติวัตถุอันตราย พ.ศ. 2535,"[6/4/2535] พระราชบัญญัติวัตถุอันตราย พ.ศ. 2535
พระราชบัญญัติปรับปรุงกระทรวง ทบวง กรม (ฉบับที่ ๑๙) พ.ศ. ๒๕๖๒ พระราชบัญญัติวัตถุอันตราย (ฉบับที่ ๒) พ.ศ. ๒๕๔๔ พระราชบัญญัติวัตถุอันตราย (ฉบับที่ ๓) พ.ศ. ๒๕๕๑ พระราชบัญญัติวัตถุอันตราย (ฉบับที่ ๔) พ.ศ. ๒๕๖๒ ภูมิพ",กฎหมายทั่วไป,พระราชบัญญัติ
kris_ว0034-1B-0001,พระราชบัญญัติว่าด้วยการให้เอกชนเข้าร่วมงานหรือดำเนินการในกิจการของรัฐ พ.ศ. 2535 (ยกเลิก),"[8/4/2535] พระราชบัญญัติว่าด้วยการให้เอกชนเข้าร่วมงานหรือดำเนินการในกิจการของรัฐ พ.ศ. 2535 (ยกเลิก)
พระราชบัญญัติ ว่าด้วยการให้เอกชนเข้าร่วมงานหรือดำเนินการในกิจการของรัฐ พ.ศ. ๒๕๓๕ (ยกเลิก) ภูมิพลอดุลยเดช ป.ร. ให้ไว้ ณ วันที่ ๓๑ มีนาคม พ.ศ. ๒๕๓๕ เป็นปีที่ ๔๗ ในรัชกาลปัจจุบัน พระบาทสมเด็จพระปรมินทรมหาภูมิพลอดุ",กฎหมายทั่วไป,พระราชบัญญัติ
kris_ว0043-1B-0001,พระราชบัญญัติวิชาชีพเภสัชกรรม พ.ศ. 2537,"[30/6/2537] พระราชบัญญัติวิชาชีพเภสัชกรรม พ.ศ. 2537
พระราชบัญญัติว่าด้วยการปรับเป็นพินัย พ.ศ. ๒๕๖๕   พระราชบัญญัติวิชาชีพเภสัชกรรม (ฉบับที่ ๒) พ.ศ. ๒๕๕๘ ภูมิพลอดุลยเดช ป.ร. ให้ไว้ ณ วันที่ ๒๖ มิถุนายน พ.ศ. ๒๕๓๗ เป็นปีที่ ๔๙ ในรัชกาลปัจจุบัน พระบาทสมเด็จพระปรมินท",กฎหมายทั่วไป,พระราชบัญญัติ
kris_ว0044-1B-0001,พระราชบัญญัติวิชาชีพทันตกรรม พ.ศ. 2537,"[19/9/2537] พระราชบัญญัติวิชาชีพทันตกรรม พ.ศ. 2537
พระราชบัญญัติว่าด้วยการปรับเป็นพินัย พ.ศ. ๒๕๖๕ พระราชบัญญัติวิชาชีพทันตกรรม (ฉบับที่ ๒) พ.ศ. ๒๕๕๙ ภูมิพลอดุลยเดช ป.ร. ให้ไว้ ณ วันที่ ๖ กันยายน พ.ศ. ๒๕๓๗ เป็นปีที่ ๔๙ ในรัชกาลปัจจุบัน พระบาทสมเด็จพระปรมินทรมหาภ",กฎหมายทั่วไป,พระราชบัญญัติ
kris_ว0028-1B-0001,พระราชบัญญัติวิธีปฏิบัติราชการทางปกครอง พ.ศ. 2539,"[14/11/2539] พระราชบัญญัติวิธีปฏิบัติราชการทางปกครอง พ.ศ. 2539
พระราชบัญญัติ วิธีปฏิบัติราชการทางปกครอง พ.ศ. ๒๕๓๙  พระราชบัญญัติวิธีปฏิบัติราชการทางปกครอง (ฉบับที่ ๒) พ.ศ. ๒๕๕๗ พระราชบัญญัติวิธีปฏิบัติราชการทางปกครอง (ฉบับที่ ๓) พ.ศ. ๒๕๖๒ ภูมิพลอดุลยเดช ป.ร. ให้ไว้ ณ วันที",กฎหมายทั่วไป,พระราชบัญญัติ
kris_ว0038-1B-0001,พระราชบัญญัติวิธีการพิจารณาของคณะตุลาการรัฐธรรมนูญ พ.ศ. 2540 (ยกเลิก),"[18/9/2540] พระราชบัญญัติวิธีการพิจารณาของคณะตุลาการรัฐธรรมนูญ พ.ศ. 2540 (ยกเลิก)
พระราชบัญญัติ วิธีการพิจารณาของคณะตุลาการรัฐธรรมนูญ พ.ศ. ๒๕๔๐ (ยกเลิก) ภูมิพลอดุลยเดช ป.ร. ให้ไว้ ณ วันที่ ๒๘ สิงหาคม พ.ศ. ๒๕๔๐ เป็นปีที่ ๕๒ ในรัชกาลปัจจุบัน พระบาทสมเด็จพระปรมินทรมหาภูมิพลอดุลยเดช มีพระบรมราชโ",กฎหมายทั่วไป,พระราชบัญญัติ
kris_ว0049-1B-0001,พระราชบัญญัติว่าด้วยข้อสัญญาที่ไม่เป็นธรรม พ.ศ. 2540,"[16/11/2540] พระราชบัญญัติว่าด้วยข้อสัญญาที่ไม่เป็นธรรม พ.ศ. 2540
พระราชบัญญัติ ว่าด้วยข้อสัญญาที่ไม่เป็นธรรม พ.ศ. ๒๕๔๐ ภูมิพลอดุลยเดช ป.ร. ให้ไว้ ณ วันที่ ๑๔ พฤศจิกายน พ.ศ. ๒๕๔๐ เป็นปีที่ ๕๒ ในรัชกาลปัจจุบัน พระบาทสมเด็จพระปรมินทรมหาภูมิพลอดุลยเดช มีพระบรมราชโองการโปรดเกล้าฯ",กฎหมายทั่วไป,พระราชบัญญัติ
kris_ว0048-1B-0001,พระราชบัญญัติว่าด้วยการจัดหาอสังหาริมทรัพย์เพื่อกิจการขนส่งมวลชน พ.ศ. 2540,"[16/11/2540] พระราชบัญญัติว่าด้วยการจัดหาอสังหาริมทรัพย์เพื่อกิจการขนส่งมวลชน พ.ศ. 2540
พระราชบัญญัติ ว่าด้วยการจัดหาอสังหาริมทรัพย์เพื่อกิจการขนส่งมวลชน พ.ศ. ๒๕๔๐ ภูมิพลอดุลยเดช ป.ร. ให้ไว้ ณ วันที่ ๑๔ พฤศจิกายน พ.ศ. ๒๕๔๐ เป็นปีที่ ๕๒ ในรัชกาลปัจจุบัน พระบาทสมเด็จพระปรมินทรมหาภูมิพลอดุลยเดช มีพระ",กฎหมายทั่วไป,พระราชบัญญัติ
kris_ป0065-1B-0001,พระราชบัญญัติประกอบรัฐธรรมนูญว่าด้วยพรรคการเมือง พ.ศ. 2541 (ยกเลิก),"[9/6/2541] พระราชบัญญัติประกอบรัฐธรรมนูญว่าด้วยพรรคการเมือง พ.ศ. 2541 (ยกเลิก)
พระราชบัญญัติแก้ไขเพิ่มเติมพระราชบัญญัติประกอบรัฐธรรมนูญว่าด้วยพรรคการเมือง พ.ศ. ๒๕๔๑ พ.ศ. ๒๕๕๐ ภูมิพลอดุลยเดช ป.ร. ให้ไว้ ณ วันที่ ๖ มิถุนายน พ.ศ. ๒๕๔๑ เป็นปีที่ ๕๓ ในรัชกาลปัจจุบัน พระบาทสมเด็จพระปรมินทรมหาภู",กฎหมายทั่วไป,พระราชบัญญัติ
kris_ว0050-1B-0002,พระราชบัญญัติว่าด้วยการส่งผู้ร้ายข้ามแดนระหว่างราชอาณาจักรไทยกับสาธารณรัฐประชาชนจีน พ.ศ. 2541,"[14/12/2541] พระราชบัญญัติว่าด้วยการส่งผู้ร้ายข้ามแดนระหว่างราชอาณาจักรไทยกับสาธารณรัฐประชาชนจีน พ.ศ. 2541
พระราชบัญญัติ ว่าด้วยการส่งผู้ร้ายข้ามแดนระหว่างราชอาณาจักรไทย กับสาธารณรัฐประชาชนจีน พ.ศ. ๒๕๔๑ ภูมิพลอดุลยเดช ป.ร. ให้ไว้ ณ วันที่ ๒๒ พฤศจิกายน พ.ศ. ๒๕๔๑ เป็นปีที่ ๕๓ ในรัชกาลปัจจุบัน พระบาทสมเด็จพระปรมินทรมหา",กฎหมายทั่วไป,พระราชบัญญัติ
kris_ว0051-1B-0001,พระราชบัญญัติว่าด้วยเอกสิทธิและความคุ้มกันทางกงสุล พ.ศ. 2541,"[31/12/2541] พระราชบัญญัติว่าด้วยเอกสิทธิและความคุ้มกันทางกงสุล พ.ศ. 2541
พระราชบัญญัติ ว่าด้วยเอกสิทธิและความคุ้มกันทางกงสุล พ.ศ. ๒๕๔๑ ภูมิพลอดุลยเดช ป.ร. ให้ไว้ ณ วันที่ ๒๖ ธันวาคม พ.ศ. ๒๕๔๑ เป็นปีที่ ๕๓ ในรัชกาลปัจจุบัน พระบาทสมเด็จพระปรมินทรมหาภูมิพลอดุลยเดช มีพระบรมราชโองการโปรด",กฎหมายทั่วไป,พระราชบัญญัติ
kris_ว0053-1B-0001,พระราชบัญญัติว่าด้วยราคาสินค้าและบริการ พ.ศ. 2542,"[31/3/2542] พระราชบัญญัติว่าด้วยราคาสินค้าและบริการ พ.ศ. 2542
พระราชบัญญัติว่าด้วยการปรับเป็นพินัย พ.ศ. ๒๕๖๕ ภูมิพลอดุลยเดช ป.ร. ให้ไว้ ณ วันที่ ๒๒ มีนาคม พ.ศ. ๒๕๔๒ เป็นปีที่ ๕๔ ในรัชกาลปัจจุบัน พระบาทสมเด็จพระปรมินทรมหาภูมิพลอดุลยเดช มีพระบรมราชโองการโปรดเกล้าฯ ให้ประกาศ",กฎหมายทั่วไป,พระราชบัญญัติ
kris_ว0054-1B-0001,พระราชบัญญัติว่าด้วยการเข้าชื่อเสนอข้อบัญญัติท้องถิ่น พ.ศ. 2542 (ยกเลิก),"[26/10/2542] พระราชบัญญัติว่าด้วยการเข้าชื่อเสนอข้อบัญญัติท้องถิ่น พ.ศ. 2542 (ยกเลิก)
พระราชบัญญัติ ว่าด้วยการเข้าชื่อเสนอข้อบัญญัติท้องถิ่น พ.ศ. ๒๕๔๒ (ยกเลิก) ภูมิพลอดุลยเดช ป.ร. ให้ไว้ ณ วันที่ ๑๐ ตุลาคม พ.ศ. ๒๕๔๒ เป็นปีที่ ๕๔ ในรัชกาลปัจจุบัน พระบาทสมเด็จพระปรมินทรมหาภูมิพลอดุลยเดช มีพระบรมรา",กฎหมายทั่วไป,พระราชบัญญัติ
kris_ว0055-1B-0001,พระราชบัญญัติว่าด้วยการวินิจฉัยชี้ขาดอำนาจหน้าที่ระหว่างศาล พ.ศ. 2542,"[26/10/2542] พระราชบัญญัติว่าด้วยการวินิจฉัยชี้ขาดอำนาจหน้าที่ระหว่างศาล พ.ศ. 2542
พระราชบัญญัติ ว่าด้วยการวินิจฉัยชี้ขาดอำนาจหน้าที่ระหว่างศาล พ.ศ. ๒๕๔๒ พระราชบัญญัติว่าด้วยการวินิจฉัยชี้ขาดอำนาจหน้าที่ระหว่างศาล (ฉบับที่ ๒) พ.ศ. ๒๕๖๔ ภูมิพลอดุลยเดช ป.ร. ให้ไว้ ณ วันที่ ๑๕ ตุลาคม พ.ศ. ๒๕๔๒ เ",กฎหมายทั่วไป,พระราชบัญญัติ
kris_ว0056-1B-0001,พระราชบัญญัติว่าด้วยการลงคะแนนเสียงเพื่อถอดถอนสมาชิกสภาท้องถิ่นหรือผู้บริหารท้องถิ่น พ.ศ. 2542,"[26/10/2542] พระราชบัญญัติว่าด้วยการลงคะแนนเสียงเพื่อถอดถอนสมาชิกสภาท้องถิ่นหรือผู้บริหารท้องถิ่น พ.ศ. 2542
พระราชบัญญัติ ว่าด้วยการลงคะแนนเสียงเพื่อถอดถอนสมาชิกสภาท้องถิ่นหรือผู้บริหารท้องถิ่น พ.ศ. ๒๕๔๒ ภูมิพลอดุลยเดช ป.ร. ให้ไว้ ณ วันที่ ๑๕ ตุลาคม พ.ศ. ๒๕๔๒ เป็นปีที่ ๕๔ ในรัชกาลปัจจุบัน พระบาทสมเด็จพระปรมินทรมหาภูม",กฎหมายทั่วไป,พระราชบัญญัติ
kris_ป0062-1A-0002,พระราชบัญญัติประกอบรัฐธรรมนูญว่าด้วยการป้องกันและปราบปรามการทุจริต พ.ศ. 2542 (ยกเลิก),"[17/11/2542] พระราชบัญญัติประกอบรัฐธรรมนูญว่าด้วยการป้องกันและปราบปรามการทุจริต พ.ศ. 2542 (ยกเลิก)
พระราชบัญญัติประกอบรัฐธรรมนูญว่าด้วยการป้องกันและปราบปรามการทุจริต (ฉบับที่ ๔) พ.ศ. ๒๕๕๙ ภูมิพลอดุลยเดช ป.ร. ให้ไว้ ณ วันที่ ๘ พฤศจิกายน พ.ศ. ๒๕๔๒ เป็นปีที่ ๕๔ ในรัชกาลปัจจุบัน เพื่อให้การดำเนินการของคณะกรรมการ",กฎหมายทั่วไป,พระราชบัญญัติ
kris_ว0058-1B-0001,พระราชบัญญัติวิศวกร พ.ศ. 2542,"[29/11/2542] พระราชบัญญัติวิศวกร พ.ศ. 2542
พระราชบัญญัติแก้ไขเพิ่มเติมบทบัญญัติแห่งกฎหมายที่เกี่ยวกับความรับผิดในทางอาญาของผู้แทนนิติบุคคล พ.ศ. ๒๕๖๐ ภูมิพลอดุลยเดช ป.ร. ให้ไว้ ณ วันที่ ๑๙ พฤศจิกายน พ.ศ. ๒๕๔๒ เป็นปีที่ ๕๔ ในรัชกาลปัจจุบัน พระบาทสมเด็จพระ",กฎหมายทั่วไป,พระราชบัญญัติ
kris_ว0059-1B-0001,พระราชบัญญัติว่าด้วยการส่งผู้ร้ายข้ามแดนระหว่างราชอาณาจักรไทยกับราชอาณาจักรกัมพูชา พ.ศ. 2543,"[3/11/2543] พระราชบัญญัติว่าด้วยการส่งผู้ร้ายข้ามแดนระหว่างราชอาณาจักรไทยกับราชอาณาจักรกัมพูชา พ.ศ. 2543
พระราชบัญญัติ ว่าด้วยการส่งผู้ร้ายข้ามแดนระหว่างราชอาณาจักรไทย กับราชอาณาจักรกัมพูชา พ.ศ. ๒๕๔๓ ภูมิพลอดุลยเดช ป.ร. ให้ไว้ ณ วันที่ ๒๗ ตุลาคม พ.ศ. ๒๕๔๓ เป็นปีที่ ๕๕ ในรัชกาลปัจจุบัน พระบาทสมเด็จพระปรมินทรมหาภูมิ",กฎหมายทั่วไป,พระราชบัญญัติ
kris_ว0062-1B-0002,พระราชบัญญัติว่าด้วยการส่งผู้ร้ายข้ามแดนระหว่างราชอาณาจักรไทยกับสาธารณรัฐประชาธิปไตยประชาชนลาว พ.ศ. 2543,"[3/11/2543] พระราชบัญญัติว่าด้วยการส่งผู้ร้ายข้ามแดนระหว่างราชอาณาจักรไทยกับสาธารณรัฐประชาธิปไตยประชาชนลาว พ.ศ. 2543
พระราชบัญญัติ ว่าด้วยการส่งผู้ร้ายข้ามแดนระหว่างราชอาณาจักรไทย กับสาธารณรัฐประชาธิปไตยประชาชนลาว พ.ศ. ๒๕๔๓ ภูมิพลอดุลยเดช ป.ร. ให้ไว้ ณ วันที่ ๒๗ ตุลาคม พ.ศ. ๒๕๔๓ เป็นปีที่ ๕๕ ในรัชกาลปัจจุบัน พระบาทสมเด็จพระปร",กฎหมายทั่วไป,พระราชบัญญัติ
kris_ว0060-1B-0001,พระราชบัญญัติว่าด้วยการส่งผู้ร้ายข้ามแดนระหว่างราชอาณาจักรไทยกับสาธารณรัฐประชาชนบังกลาเทศ พ.ศ. 2543,"[3/11/2543] พระราชบัญญัติว่าด้วยการส่งผู้ร้ายข้ามแดนระหว่างราชอาณาจักรไทยกับสาธารณรัฐประชาชนบังกลาเทศ พ.ศ. 2543
พระราชบัญญัติ ว่าด้วยการส่งผู้ร้ายข้ามแดนระหว่างราชอาณาจักรไทย กับสาธารณรัฐประชาชนบังกลาเทศ พ.ศ. ๒๕๔๓ ภูมิพลอดุลยเดช ป.ร. ให้ไว้ ณ วันที่ ๒๗ ตุลาคม พ.ศ. ๒๕๔๓ เป็นปีที่ ๕๕ ในรัชกาลปัจจุบัน พระบาทสมเด็จพระปรมินทร",กฎหมายทั่วไป,พระราชบัญญัติ
kris_ว0063-1B-0001,พระราชบัญญัติว่าด้วยธุรกรรมทางอิเล็กทรอนิกส์ พ.ศ. 2544,"[4/12/2544] พระราชบัญญัติว่าด้วยธุรกรรมทางอิเล็กทรอนิกส์ พ.ศ. 2544
พระราชบัญญัติว่าด้วยการปรับเป็นพินัย พ.ศ. ๒๕๖๕ พระราชบัญญัติว่าด้วยธุรกรรมทางอิเล็กทรอนิกส์ (ฉบับที่ ๒) พ.ศ. ๒๕๕๑ พระราชบัญญัติว่าด้วยธุรกรรมทางอิเล็กทรอนิกส์ (ฉบับที่ ๓) พ.ศ. ๒๕๖๒ พระราชบัญญัติว่าด้วยธุรกรรมทา",กฎหมายทั่วไป,พระราชบัญญัติ
kris_ว0064-1B-0001,พระราชบัญญัติวิชาชีพการสัตวแพทย์ พ.ศ. 2545,"[23/4/2545] พระราชบัญญัติวิชาชีพการสัตวแพทย์ พ.ศ. 2545
พระราชบัญญัติว่าด้วยการปรับเป็นพินัย พ.ศ. ๒๕๖๕ ภูมิพลอดุลยเดช ป.ร. ให้ไว้ ณ วันที่ ๑๒ เมษายน พ.ศ. ๒๕๔๕ เป็นปีที่ ๕๗ ในรัชกาลปัจจุบัน พระบาทสมเด็จพระปรมินทรมหาภูมิพลอดุลยเดช มีพระบรมราชโองการโปรดเกล้าฯ ให้ประกาศ",กฎหมายทั่วไป,พระราชบัญญัติ
kris_ว0067-1B-0001,พระราชบัญญัติวิชาชีพบัญชี พ.ศ. 2547,"[22/10/2547] พระราชบัญญัติวิชาชีพบัญชี พ.ศ. 2547
พระราชบัญญัติแก้ไขเพิ่มเติมบทบัญญัติแห่งกฎหมายที่เกี่ยวกับความรับผิดในทางอาญาของผู้แทนนิติบุคคล พ.ศ. ๒๕๖๐ ภูมิพลอดุลยเดช ป.ร. ให้ไว้ ณ วันที่ ๑๒ ตุลาคม พ.ศ. ๒๕๔๗ เป็นปีที่ ๕๙ ในรัชกาลปัจจุบัน พระบาทสมเด็จพระปรม",กฎหมายทั่วไป,พระราชบัญญัติ
kris_ว0066-1B-0001,พระราชบัญญัติวิชาชีพกายภาพบำบัด พ.ศ. 2547,"[22/10/2547] พระราชบัญญัติวิชาชีพกายภาพบำบัด พ.ศ. 2547
พระราชบัญญัติว่าด้วยการปรับเป็นพินัย พ.ศ. ๒๕๖๕ ภูมิพลอดุลยเดช ป.ร. ให้ไว้ ณ วันที่ ๑๒ ตุลาคม พ.ศ. ๒๕๔๗ เป็นปีที่ ๕๙ ในรัชกาลปัจจุบัน พระบาทสมเด็จพระปรมินทรมหาภูมิพลอดุลยเดช มีพระบรมราชโองการโปรดเกล้าฯ ให้ประกา",กฎหมายทั่วไป,พระราชบัญญัติ
kris_ว0065-1B-0001,พระราชบัญญัติวิชาชีพเทคนิคการแพทย์ พ.ศ. 2547,"[22/10/2547] พระราชบัญญัติวิชาชีพเทคนิคการแพทย์ พ.ศ. 2547
พระราชบัญญัติว่าด้วยการปรับเป็นพินัย พ.ศ. ๒๕๖๕ ภูมิพลอดุลยเดช ป.ร. ให้ไว้ ณ วันที่ ๑๒ ตุลาคม พ.ศ. ๒๕๔๗ เป็นปีที่ ๕๙ ในรัชกาลปัจจุบัน พระบาทสมเด็จพระปรมินทรมหาภูมิพลอดุลยเดช มีพระบรมราชโองการโปรดเกล้าฯ ให้ประกาศ",กฎหมายทั่วไป,พระราชบัญญัติ
kris_ว0070-1B-0001,พระราชบัญญัติว่าด้วยเหรียญเฉลิมพระเกียรติและเหรียญที่ระลึก พ.ศ. 2548,"[24/6/2548] พระราชบัญญัติว่าด้วยเหรียญเฉลิมพระเกียรติและเหรียญที่ระลึก พ.ศ. 2548
พระราชบัญญัติ ว่าด้วยเหรียญเฉลิมพระเกียรติและเหรียญที่ระลึก พ.ศ. ๒๕๔๘ ภูมิพลอดุลยเดช ป.ร. ให้ไว้ ณ วันที่ ๑๔ มิถุนายน พ.ศ. ๒๕๔๘ เป็นปีที่ ๖๐ ในรัชกาลปัจจุบัน พระบาทสมเด็จพระปรมินทรมหาภูมิพลอดุลยเดช มีพระบรมราชโ",กฎหมายทั่วไป,พระราชบัญญัติ
kris_ว0077-1B-0001,พระราชบัญญัติว่าด้วยการรักษาความปลอดภัยสำหรับองค์พระมหากษัตริย์ พระราชินี พระรัชทายาท ผู้สำเร็จราชการแทนพระองค์ พระบรมวงศานุวงศ์ ผู้แทนพระองค์ และพระราชอาคันตุกะ พ.ศ. 2549 (ยกเลิก),"[4/10/2549] พระราชบัญญัติว่าด้วยการรักษาความปลอดภัยสำหรับองค์พระมหากษัตริย์ พระราชินี พระรัชทายาท ผู้สำเร็จราชการแทนพระองค์ พระบรมวงศานุวงศ์ ผู้แทนพระองค์ และพระราชอาคันตุกะ พ.ศ. 2549 (ยกเลิก)
ระเบียบสำนักนายกรัฐมนตรี ว่าด้วยการรักษาความปลอดภัยสำหรับองค์พระมหากษัตริย์ พระราชินี พระรัชทายาท ผู้สำเร็จราชการแทนพระองค์ พระบรมวงศานุวงศ์ ผู้แทนพระองค์ และพระราชอาคันตุกะ พ.ศ. ๒๕๔๖ เพื่อให้การรักษาความปลอดภั",กฎหมายทั่วไป,พระราชบัญญัติ
kris_ว0074-1B-0001,พระราชบัญญัติว่าด้วยการมอบหมายให้เจ้าหน้าที่ไปร่วมชันสูตรพลิกศพตามมาตรา 148 (3) (4) และ (5) แห่งประมวลกฎหมายวิธีพิจารณาความอาญา พ.ศ. 2550,"[1/5/2550] พระราชบัญญัติว่าด้วยการมอบหมายให้เจ้าหน้าที่ไปร่วมชันสูตรพลิกศพตามมาตรา 148 (3) (4) และ (5) แห่งประมวลกฎหมายวิธีพิจารณาความอาญา พ.ศ. 2550
พระราชบัญญัติปรับปรุงกระทรวง ทบวง กรม (ฉบับที่ ๑๙) พ.ศ. ๒๕๖๒ ภูมิพลอดุลยเดช ป.ร. ให้ไว้ ณ วันที่ ๑๕ เมษายน พ.ศ. ๒๕๕๐ เป็นปีที่ ๖๒ ในรัชกาลปัจจุบัน พระบาทสมเด็จพระปรมินทรมหาภูมิพลอดุลยเดช มีพระบรมราชโองการโปรดเก",กฎหมายทั่วไป,พระราชบัญญัติ
kris_ว0071-1B-0001,พระราชบัญญัติว่าด้วยการกระทำความผิดเกี่ยวกับคอมพิวเตอร์ พ.ศ. 2550,"[18/6/2550] พระราชบัญญัติว่าด้วยการกระทำความผิดเกี่ยวกับคอมพิวเตอร์ พ.ศ. 2550
พระราชบัญญัติว่าด้วยการปรับเป็นพินัย พ.ศ. ๒๕๖๕ ภูมิพลอดุลยเดช ป.ร. ให้ไว้ ณ วันที่ ๑๐ มิถุนายน พ.ศ. ๒๕๕๐ เป็นปีที่ ๖๒ ในรัชกาลปัจจุบัน พระบาทสมเด็จพระปรมินทรมหาภูมิพลอดุลยเดช มีพระบรมราชโองการโปรดเกล้าฯ ให้ประก",กฎหมายทั่วไป,พระราชบัญญัติ
kris_ว0072-1B-0001,พระราชบัญญัติว่าด้วยความเรียบร้อยในการออกเสียงประชามติร่างรัฐธรรมนูญ พ.ศ. 2550,"[1/8/2550] พระราชบัญญัติว่าด้วยความเรียบร้อยในการออกเสียงประชามติร่างรัฐธรรมนูญ พ.ศ. 2550
พระราชบัญญัติ ว่าด้วยความเรียบร้อยในการออกเสียงประชามติร่างรัฐธรรมนูญ พ.ศ. ๒๕๕๐ ภูมิพลอดุลยเดช ป.ร. ให้ไว้ ณ วันที่ ๒๙ กรกฎาคม พ.ศ. ๒๕๕๐ เป็นปีที่ ๖๒ ในรัชกาลปัจจุบัน พระบาทสมเด็จพระปรมินทรมหาภูมิพลอดุลยเดช มีพ",กฎหมายทั่วไป,พระราชบัญญัติ
kris_ยล182-1A-0001,พระราชบัญญัติประกอบรัฐธรรมนูญว่าด้วยการเลือกตั้งสมาชิกสภาผู้แทนราษฎรและการได้มาซึ่งสมาชิกวุฒิสภา พ.ศ. 2550 (ยกเลิก),"[7/10/2550] พระราชบัญญัติประกอบรัฐธรรมนูญว่าด้วยการเลือกตั้งสมาชิกสภาผู้แทนราษฎรและการได้มาซึ่งสมาชิกวุฒิสภา พ.ศ. 2550 (ยกเลิก)
ประกาศคณะรักษาความสงบแห่งชาติ ฉบับที่ ๕๗/๒๕๕๗ เรื่อง ให้พระราชบัญญัติประกอบรัฐธรรมนูญบางฉบับมีผลบังคับใช้ต่อไป พระราชบัญญัติประกอบรัฐธรรมนูญว่าด้วยการเลือกตั้งสมาชิกสภาผู้แทนราษฎรและการได้มาซึ่งสมาชิกวุฒิสภา (ฉ",กฎหมายทั่วไป,พระราชบัญญัติ
kris_ว0075-1B-0001,พระราชบัญญัติว่าด้วยวิทยาศาสตร์ เทคโนโลยีและนวัตกรรมแห่งชาติ พ.ศ. 2551 (ยกเลิก),"[13/2/2551] พระราชบัญญัติว่าด้วยวิทยาศาสตร์ เทคโนโลยีและนวัตกรรมแห่งชาติ พ.ศ. 2551 (ยกเลิก)
พระราชบัญญัติปรับปรุงกระทรวง ทบวง กรม (ฉบับที่ ๑๙) พ.ศ. ๒๕๖๒ ภูมิพลอดุลยเดช ป.ร. ให้ไว้ ณ วันที่ ๖ กุมภาพันธ์ พ.ศ. ๒๕๕๑ เป็นปีที่ ๖๓ ในรัชกาลปัจจุบัน พระบาทสมเด็จพระปรมินทรมหาภูมิพลอดุลยเดช มีพระบรมราชโองการโปร",กฎหมายทั่วไป,พระราชบัญญัติ
kris_ว0076-1B-0002,พระราชบัญญัติวิธีพิจารณาคดีผู้บริโภค พ.ศ. 2551,"[25/2/2551] พระราชบัญญัติวิธีพิจารณาคดีผู้บริโภค พ.ศ. 2551
พระราชบัญญัติ วิธีพิจารณาคดีผู้บริโภค พ.ศ. ๒๕๕๑ พระราชบัญญัติวิธีพิจารณาคดีผู้บริโภค (ฉบับที่ ๒) พ.ศ. ๒๕๕๖ พระราชบัญญัติวิธีพิจารณาคดีผู้บริโภค (ฉบับที่ ๓) พ.ศ. ๒๕๕๘ ภูมิพลอดุลยเดช ป.ร. ให้ไว้ ณ วันที่ ๑๗ กุมภา",กฎหมายทั่วไป,พระราชบัญญัติ
kris_ว0001-1B-0001,พระราชบัญญัติวัฒนธรรมแห่งชาติ พ.ศ. 2553,"[12/11/2553] พระราชบัญญัติวัฒนธรรมแห่งชาติ พ.ศ. 2553
พระราชบัญญัติ วัฒนธรรมแห่งชาติ พ.ศ. ๒๕๕๓ ภูมิพลอดุลยเดช ป.ร. ให้ไว้ ณ วันที่ ๔ พฤศจิกายน พ.ศ. ๒๕๕๓ เป็นปีที่ ๖๕ ในรัชกาลปัจจุบัน พระบาทสมเด็จพระปรมินทรมหาภูมิพลอดุลยเดช มีพระบรมราชโองการโปรดเกล้าฯ ให้ประกาศว่า",กฎหมายทั่วไป,พระราชบัญญัติ
kris_ว0010-1B-0001,พระราชบัญญัติว่าด้วยการปฏิบัติต่ออากาศยานที่กระทำผิดกฎหมาย พ.ศ. 2553,"[22/11/2553] พระราชบัญญัติว่าด้วยการปฏิบัติต่ออากาศยานที่กระทำผิดกฎหมาย พ.ศ. 2553
พระราชบัญญัติ ว่าด้วยการปฏิบัติต่ออากาศยานที่กระทำผิดกฎหมาย พ.ศ. ๒๕๕๓ ภูมิพลอดุลยเดช ป.ร. ให้ไว้ ณ วันที่ ๑๑ พฤศจิกายน พ.ศ. ๒๕๕๓ เป็นปีที่ ๖๕ ในรัชกาลปัจจุบัน พระบาทสมเด็จพระปรมินทรมหาภูมิพลอดุลยเดช มีพระบรมราช",กฎหมายทั่วไป,พระราชบัญญัติ
kris_ว0069-1B-0001,พระราชบัญญัติวิชาชีพสังคมสงเคราะห์ พ.ศ. 2556,"[24/1/2556] พระราชบัญญัติวิชาชีพสังคมสงเคราะห์ พ.ศ. 2556
พระราชบัญญัติว่าด้วยการปรับเป็นพินัย พ.ศ. ๒๕๖๕ ภูมิพลอดุลยเดช ป.ร. ให้ไว้ ณ วันที่ ๑๔ มกราคม พ.ศ. ๒๕๕๖ เป็นปีที่ ๖๘ ในรัชกาลปัจจุบัน พระบาทสมเด็จพระปรมินทรมหาภูมิพลอดุลยเดช มีพระบรมราชโองการโปรดเกล้าฯ ให้ประกาศ",กฎหมายทั่วไป,พระราชบัญญัติ
kris_ว0078-1B-0001,พระราชบัญญัติวิชาชีพการแพทย์แผนไทย พ.ศ. 2556,"[1/2/2556] พระราชบัญญัติวิชาชีพการแพทย์แผนไทย พ.ศ. 2556
พระราชบัญญัติว่าด้วยการปรับเป็นพินัย พ.ศ. ๒๕๖๕ ภูมิพลอดุลยเดช ป.ร. ให้ไว้ ณ วันที่ ๙ มกราคม พ.ศ. ๒๕๕๖ เป็นปีที่ ๖๘ ในรัชกาลปัจจุบัน พระบาทสมเด็จพระปรมินทรมหาภูมิพลอดุลยเดช มีพระบรมราชโองการโปรดเกล้าฯ ให้ประกาศว",กฎหมายทั่วไป,พระราชบัญญัติ
kris_ว0079-1B-0002,พระราชบัญญัติวิชาชีพการสาธารณสุขชุมชน พ.ศ. 2556,"[16/12/2556] พระราชบัญญัติวิชาชีพการสาธารณสุขชุมชน พ.ศ. 2556
พระราชบัญญัติว่าด้วยการปรับเป็นพินัย พ.ศ. ๒๕๖๕ ภูมิพลอดุลยเดช ป.ร. ให้ไว้ ณ วันที่ ๒๗ พฤศจิกายน พ.ศ. ๒๕๕๖ เป็นปีที่ ๖๘ ในรัชกาลปัจจุบัน พระบาทสมเด็จพระปรมินทรมหาภูมิพลอดุลยเดช มีพระบรมราชโองการโปรดเกล้าฯ ให้ประ",กฎหมายทั่วไป,พระราชบัญญัติ
kris_ว0052-1B-0001,พระราชบัญญัติว่าด้วยการเข้าชื่อเสนอกฎหมาย พ.ศ. 2556 (ยกเลิก),"[17/12/2556] พระราชบัญญัติว่าด้วยการเข้าชื่อเสนอกฎหมาย พ.ศ. 2556 (ยกเลิก)
พระราชบัญญัติ ว่าด้วยการเข้าชื่อเสนอกฎหมาย พ.ศ. ๒๕๕๖ (ยกเลิก) ภูมิพลอดุลยเดช ป.ร. ให้ไว้ ณ วันที่ ๗ ธันวาคม พ.ศ. ๒๕๕๖ เป็นปีที่ ๖๘ ในรัชกาลปัจจุบัน พระบาทสมเด็จพระปรมินทรมหาภูมิพลอดุลยเดช มีพระบรมราชโองการโปรดเ",กฎหมายทั่วไป,พระราชบัญญัติ
kris_ว0037-1B-0001,พระราชบัญญัติว่าด้วยความผิดบางประการต่อการเดินอากาศ พ.ศ. 2558,"[13/2/2558] พระราชบัญญัติว่าด้วยความผิดบางประการต่อการเดินอากาศ พ.ศ. 2558
พระราชบัญญัติ ว่าด้วยความผิดบางประการต่อการเดินอากาศ พ.ศ. ๒๕๕๘ ภูมิพลอดุลยเดช ป.ร. ให้ไว้ ณ วันที่ ๗ กุมภาพันธ์ พ.ศ. ๒๕๕๘ เป็นปีที่ ๗๐ ในรัชกาลปัจจุบัน พระบาทสมเด็จพระปรมินทรมหาภูมิพลอดุลยเดช มีพระบรมราชโองการโ",กฎหมายทั่วไป,พระราชบัญญัติ
kris_ว0080-1B-0001,พระราชบัญญัติว่าด้วยการออกเสียงประชามติร่างรัฐธรรมนูญ พ.ศ. 2559,"[22/4/2559] พระราชบัญญัติว่าด้วยการออกเสียงประชามติร่างรัฐธรรมนูญ พ.ศ. 2559
พระราชบัญญัติ ว่าด้วยการออกเสียงประชามติร่างรัฐธรรมนูญ พ.ศ. ๒๕๕๙ ภูมิพลอดุลยเดช ป.ร. ให้ไว้ ณ วันที่ ๒๒ เมษายน พ.ศ. ๒๕๕๙ เป็นปีที่ ๗๑ ในรัชกาลปัจจุบัน พระบาทสมเด็จพระปรมินทรมหาภูมิพลอดุลยเดช มีพระบรมราชโองการโป",กฎหมายทั่วไป,พระราชบัญญัติ
kris_ว0081-1B-0001,พระราชบัญญัติวิธีพิจารณาคดีค้ามนุษย์ พ.ศ. 2559,"[24/5/2559] พระราชบัญญัติวิธีพิจารณาคดีค้ามนุษย์ พ.ศ. 2559
ประกาศสำนักงานศาลรัฐธรรมนูญ เรื่อง พระราชบัญญัติวิธีพิจารณาคดีค้ามนุษย์ พ.ศ. ๒๕๕๙ มาตรา ๔๕ วรรคสี่ ขัดหรือแย้งต่อรัฐธรรมนูญ มาตรา ๒๗ วรรคหนึ่งและวรรคสาม ภูมิพลอดุลยเดช ป.ร. ให้ไว้ ณ วันที่ ๑๙ พฤษภาคม พ.ศ. ๒๕๕๙",กฎหมายทั่วไป,พระราชบัญญัติ
kris_ว0057-1B-0001,พระราชบัญญัติว่าด้วยความผิดเกี่ยวกับการเสนอราคาต่อหน่วยงานของรัฐ พ.ศ. 2542,"[6/9/2559] พระราชบัญญัติว่าด้วยความผิดเกี่ยวกับการเสนอราคาต่อหน่วยงานของรัฐ พ.ศ. 2542
พระราชบัญญัติ ว่าด้วยความผิดเกี่ยวกับการเสนอราคาต่อหน่วยงานของรัฐ พ.ศ. ๒๕๔๒ ภูมิพลอดุลยเดช ป.ร. ให้ไว้ ณ วันที่ ๑๙ พฤศจิกายน พ.ศ. ๒๕๔๒ เป็นปีที่ ๕๔ ในรัชกาลปัจจุบัน พระบาทสมเด็จพระปรมินทรมหาภูมิพลอดุลยเดช มีพระ",กฎหมายทั่วไป,พระราชบัญญัติ
kris_ว0082-1B-0001,พระราชบัญญัติวิธีพิจารณาคดีทุจริตและประพฤติมิชอบ พ.ศ. 2559,"[30/9/2559] พระราชบัญญัติวิธีพิจารณาคดีทุจริตและประพฤติมิชอบ พ.ศ. 2559
ประกาศสำนักงานศาลรัฐธรรมนูญ เรื่อง ผลแห่งคำวินิจฉัยของศาลรัฐธรรมนูญ ภูมิพลอดุลยเดช ป.ร. ให้ไว้ ณ วันที่ ๒๖ กันยายน พ.ศ. ๒๕๕๙ เป็นปีที่ ๗๑ ในรัชกาลปัจจุบัน พระบาทสมเด็จพระปรมินทรมหาภูมิพลอดุลยเดช มีพระบรมราชโองก",กฎหมายทั่วไป,พระราชบัญญัติ
kris_ว0002-1B-0003,พระราชบัญญัติวัตถุที่ออกฤทธิ์ต่อจิตและประสาท พ.ศ. 2559 (ยกเลิก),"[20/12/2559] พระราชบัญญัติวัตถุที่ออกฤทธิ์ต่อจิตและประสาท พ.ศ. 2559 (ยกเลิก)
พระราชบัญญัติ วัตถุที่ออกฤทธิ์ต่อจิตและประสาท พ.ศ. ๒๕๕๙ (ยกเลิก) สมเด็จพระเจ้าอยู่หัวมหาวชิราลงกรณ บดินทรเทพยวรางกูร ให้ไว้ ณ วันที่ ๑๘ ธันวาคม พ.ศ. ๒๕๕๙ เป็นปีที่ ๑ ในรัชกาลปัจจุบัน สมเด็จพระเจ้าอยู่หัวมหาวชิร",กฎหมายทั่วไป,พระราชบัญญัติ
kris_ว0083-1B-0001,พระราชบัญญัติวินัยการเงินการคลังของรัฐ พ.ศ. 2561,"[19/4/2561] พระราชบัญญัติวินัยการเงินการคลังของรัฐ พ.ศ. 2561
พระราชบัญญัติ วินัยการเงินการคลังของรัฐ พ.ศ. ๒๕๖๑ สมเด็จพระเจ้าอยู่หัวมหาวชิราลงกรณ บดินทรเทพยวรางกูร ให้ไว้ ณ วันที่ ๑๖ เมษายน พ.ศ. ๒๕๖๑ เป็นปีที่ ๓ ในรัชกาลปัจจุบัน สมเด็จพระเจ้าอยู่หัวมหาวชิราลงกรณ บดินทรเทพ",กฎหมายทั่วไป,พระราชบัญญัติ
kris_ว0033-1B-0001,พระราชบัญญัติวิธีการงบประมาณ พ.ศ. 2561,"[11/11/2561] พระราชบัญญัติวิธีการงบประมาณ พ.ศ. 2561
พระราชบัญญัติ วิธีการงบประมาณ พ.ศ. ๒๕๖๑ สมเด็จพระเจ้าอยู่หัวมหาวชิราลงกรณ บดินทรเทพยวรางกูร ให้ไว้ ณ วันที่ ๘ พฤศจิกายน พ.ศ. ๒๕๖๑ เป็นปีที่ ๓ ในรัชกาลปัจจุบัน สมเด็จพระเจ้าอยู่หัวมหาวชิราลงกรณ บดินทรเทพยวรางกูร",กฎหมายทั่วไป,พระราชบัญญัติ
kris_ว0084-1B-0001,พระราชบัญญัติว่าด้วยการจำหน่ายที่ดินซึ่งเป็นกรรมสิทธิ์ของมหาวิทยาลัยมหาจุฬาลงกรณราชวิทยาลัย ในท้องที่ตำบลคลองประเวศ อำเภอบ้านโพธิ์ จังหวัดฉะเชิงเทรา พ.ศ. 2562,"[20/3/2562] พระราชบัญญัติว่าด้วยการจำหน่ายที่ดินซึ่งเป็นกรรมสิทธิ์ของมหาวิทยาลัยมหาจุฬาลงกรณราชวิทยาลัย ในท้องที่ตำบลคลองประเวศ อำเภอบ้านโพธิ์ จังหวัดฉะเชิงเทรา พ.ศ. 2562
พระราชบัญญัติ ว่าด้วยการจำหน่ายที่ดินซึ่งเป็นกรรมสิทธิ์ของมหาวิทยาลัยมหาจุฬาลงกรณราชวิทยาลัย ในท้องที่ตำบลคลองประเวศ อำเภอบ้านโพธิ์ จังหวัดฉะเชิงเทรา พ.ศ. ๒๕๖๒ สมเด็จพระเจ้าอยู่หัวมหาวชิราลงกรณ บดินทรเทพยวรางกู",กฎหมายทั่วไป,พระราชบัญญัติ
kris_ว0085-1B-0001,พระราชบัญญัติว่าด้วยการเวนคืนและการได้มาซึ่งอสังหาริมทรัพย์ พ.ศ. 2562,"[29/5/2562] พระราชบัญญัติว่าด้วยการเวนคืนและการได้มาซึ่งอสังหาริมทรัพย์ พ.ศ. 2562
ประกาศสำนักงานศาลรัฐธรรมนูญ เรื่อง ผลแห่งคำวินิจฉัยของศาลรัฐธรรมนูญ ที่ ๒๔/๒๕๖๘ พระบาทสมเด็จพระปรเมนทรรามาธิบดีศรีสินทรมหาวชิราลงกรณ พระวชิรเกล้าเจ้าอยู่หัว ให้ไว้ ณ วันที่ ๒๔ พฤษภาคม พ.ศ. ๒๕๖๒ เป็นปีที่ ๔ ในรั",กฎหมายทั่วไป,พระราชบัญญัติ
kris_ว0086-1C-0003,พระราชกำหนดว่าด้วยการประชุมผ่านสื่ออิเล็กทรอนิกส์ พ.ศ. 2563,"[19/4/2563] พระราชกำหนดว่าด้วยการประชุมผ่านสื่ออิเล็กทรอนิกส์ พ.ศ. 2563
พระราชกำหนด ว่าด้วยการประชุมผ่านสื่ออิเล็กทรอนิกส์ พ.ศ. ๒๕๖๓ พระบาทสมเด็จพระปรเมนทรรามาธิบดีศรีสินทรมหาวชิราลงกรณ พระวชิรเกล้าเจ้าอยู่หัว ให้ไว้ ณ วันที่ ๑๘ เมษายน พ.ศ. ๒๕๖๓ เป็นปีที่ ๕ ในรัชกาลปัจจุบัน พระบาทส",กฎหมายทั่วไป,พระราชกำหนด
kris_ว0087-1B-0001,พระราชบัญญัติว่าด้วยการออกเสียงประชามติ พ.ศ. 2564,"[14/9/2564] พระราชบัญญัติว่าด้วยการออกเสียงประชามติ พ.ศ. 2564
พระราชบัญญัติ ว่าด้วยการออกเสียงประชามติ พ.ศ. ๒๕๖๔ พระราชบัญญัติว่าด้วยการออกเสียงประชามติ (ฉบับที่ ๒) พ.ศ. ๒๕๖๘ พระบาทสมเด็จพระปรเมนทรรามาธิบดีศรีสินทรมหาวชิราลงกรณ พระวชิรเกล้าเจ้าอยู่หัว ให้ไว้ ณ วันที่ ๑๒ ก",กฎหมายทั่วไป,พระราชบัญญัติ
kris_ว0073-1B-0001,พระราชบัญญัติวิธีพิจารณาคดียาเสพติด พ.ศ. 2550,"[8/11/2564] พระราชบัญญัติวิธีพิจารณาคดียาเสพติด พ.ศ. 2550
พระราชบัญญัติวิธีพิจารณาคดียาเสพติด (ฉบับที่ ๒) พ.ศ. ๒๕๖๔ ภูมิพลอดุลยเดช ป.ร. ให้ไว้ ณ วันที่ ๓๑ ธันวาคม พ.ศ. ๒๕๕๐ เป็นปีที่ ๖๒ ในรัชกาลปัจจุบัน พระบาทสมเด็จพระปรมินทรมหาภูมิพลอดุลยเดช มีพระบรมราชโองการโปรดเกล้",กฎหมายทั่วไป,พระราชบัญญัติ
kris_ว0088-1B-0001,พระราชบัญญัติวิชาชีพการสัตวบาล พ.ศ. 2565,"[19/8/2565] พระราชบัญญัติวิชาชีพการสัตวบาล พ.ศ. 2565
พระราชบัญญัติ วิชาชีพการสัตวบาล พ.ศ. ๒๕๖๕ พระบาทสมเด็จพระปรเมนทรรามาธิบดีศรีสินทรมหาวชิราลงกรณ พระวชิรเกล้าเจ้าอยู่หัว ให้ไว้ ณ วันที่ ๑๘ สิงหาคม พ.ศ. ๒๕๖๕ เป็นปีที่ ๗ ในรัชกาลปัจจุบัน พระบาทสมเด็จพระปรเมนทรราม",กฎหมายทั่วไป,พระราชบัญญัติ
kris_ว0089-1B-0001,พระราชบัญญัติว่าด้วยการปรับเป็นพินัย พ.ศ. 2565,"[25/10/2565] พระราชบัญญัติว่าด้วยการปรับเป็นพินัย พ.ศ. 2565
พระราชบัญญัติ ว่าด้วยการปรับเป็นพินัย พ.ศ. ๒๕๖๕ พระบาทสมเด็จพระปรเมนทรรามาธิบดีศรีสินทรมหาวชิราลงกรณ พระวชิรเกล้าเจ้าอยู่หัว ให้ไว้ ณ วันที่ ๒๔ ตุลาคม พ.ศ. ๒๕๖๕ เป็นปีที่ ๗ ในรัชกาลปัจจุบัน พระบาทสมเด็จพระปรเมน",กฎหมายทั่วไป,พระราชบัญญัติ
kris_ศ0004-1B-0001,พระราชบัญญัติศุลกากร พุทธศักราช 2469 (ยกเลิก),"[13/8/2469] พระราชบัญญัติศุลกากร พุทธศักราช 2469 (ยกเลิก)
ประกาศสำนักนายกรัฐมนตรี เรื่อง การอนุมัติพระราชกำหนดแก้ไขเพิ่มเติมพระราชบัญญัติศุลกากร พุทธศักราช ๒๔๖๙ พ.ศ. ๒๕๒๘ พระราชบัญญัติศุลกากร (ฉบับที่ ๖) พุทธศักราช ๒๔๗๙ พระราชบัญญัติศุลกากร (ฉบับที่ ๗) พุทธศักราช ๒๔๘๐",กฎหมายทั่วไป,พระราชบัญญัติ
kris_ศ0002-1B-0001,พระราชบัญญัติเศรษฐกิจการเกษตร พ.ศ. 2522,"[23/3/2522] พระราชบัญญัติเศรษฐกิจการเกษตร พ.ศ. 2522
พระราชบัญญัติ เศรษฐกิจการเกษตร พ.ศ. ๒๕๒๒ ภูมิพลอดุลยเดช ป.ร. ให้ไว้ ณ วันที่ ๒๕ กุมภาพันธ์ พ.ศ. ๒๕๒๒ เป็นปีที่ ๓๔ ในรัชกาลปัจจุบัน พระบาทสมเด็จพระปรมินทรมหาภูมิพลอดุลยเดช มีพระบรมราชโองการโปรดเกล้าฯ ให้ประกาศว่",กฎหมายทั่วไป,พระราชบัญญัติ
kris_ศ0003-1B-0001,พระราชบัญญัติศาลเยาวชนและครอบครัวและวิธีพิจารณาคดีเยาวชนและครอบครัว พ.ศ. 2553,"[22/11/2553] พระราชบัญญัติศาลเยาวชนและครอบครัวและวิธีพิจารณาคดีเยาวชนและครอบครัว พ.ศ. 2553
พระราชบัญญัติว่าด้วยการปรับเป็นพินัย พ.ศ. ๒๕๖๕ ภูมิพลอดุลยเดช ป.ร. ให้ไว้ ณ วันที่ ๑๖ พฤศจิกายน พ.ศ. ๒๕๕๓ เป็นปีที่ ๖๕ ในรัชกาลปัจจุบัน พระบาทสมเด็จพระปรมินทรมหาภูมิพลอดุลยเดช มีพระบรมราชโองการโปรดเกล้าฯ ให้ปร",กฎหมายทั่วไป,พระราชบัญญัติ
kris_ศ0001-1B-0003,พระราชบัญญัติศุลกากร พ.ศ. 2560,"[17/5/2560] พระราชบัญญัติศุลกากร พ.ศ. 2560
พระราชบัญญัติ ศุลกากร พ.ศ. ๒๕๖๐ สมเด็จพระเจ้าอยู่หัวมหาวชิราลงกรณ บดินทรเทพยวรางกูร ให้ไว้ ณ วันที่ ๑๔ พฤษภาคม พ.ศ. ๒๕๖๐ เป็นปีที่ ๒ ในรัชกาลปัจจุบัน สมเด็จพระเจ้าอยู่หัวมหาวชิราลงกรณ บดินทรเทพยวรางกูร มีพระราช",กฎหมายทั่วไป,พระราชบัญญัติ
kris_ส0032-1B-0001,พระราชบัญญัติสำหรับตรวจป้องกันโรคสัตว์พาหนะ รัตนโกสินทรศก 119 (ยกเลิก),"[1/1/2443] พระราชบัญญัติสำหรับตรวจป้องกันโรคสัตว์พาหนะ รัตนโกสินทรศก 119 (ยกเลิก)
พระราชบัญญัติสำหรับตรวจป้องกันโรคสัตว์พาหนะแก้ไขเพิ่มเติม พุทธศักราช ๒๔๗๔ พระราชบัญญัติสำหรับตรวจป้องกันโรคสัตว์พาหนะแก้ไขเพิ่มเติม ฉบับที่ ๒ พุทธศักราช ๒๔๗๔ มีพระบรมราชโองการ ในพระบาทสมเด็จพระปรมินทรมหาจุฬาลงก",กฎหมายทั่วไป,พระราชบัญญัติ
kris_ส0023-1B-0001,พระราชบัญญัติสมุหมนตรี รัตนโกสินทร์ศก 129,"[11/12/2453] พระราชบัญญัติสมุหมนตรี รัตนโกสินทร์ศก 129
พระราชบัญญัติ สมุหมนตรี รัตนโกสินทร์ศก ๑๒๙ มีพระบรมราชโองการดำรัสเหนือเกล้าฯ ว่า ข้าราชการผู้ที่ได้เคยทรงพระกรุณาใช้สอยเป็นที่ไว้วางพระราชหฤทัยได้นั้น ข้างฝ่ายทหารก็ได้ทรงเลือกสรรให้เข้ารับราชการ ในตำแหน่งราชอง",กฎหมายทั่วไป,พระราชบัญญัติ
kris_ยล208-1B-0001,พระราชบัญญัติสัญชาติ พุทธศักราช 2456 (ยกเลิก),"[30/3/2455] พระราชบัญญัติสัญชาติ พุทธศักราช 2456 (ยกเลิก)
พระราชบัญญัติ สัญชาติ พุทธศักราช ๒๔๕๖ (ยกเลิก) โปรดดูรายละเอียดของกฎหมายที่เว็บไซต์ราชกิจจานุเบกษา https://ratchakitcha.soc.go.th/",กฎหมายทั่วไป,พระราชบัญญัติ
kris_ส0031-1B-0001,พระราชบัญญัติสำหรับกำจัดผักตบชวา พ.ศ. 2456 (ยกเลิก),"[1/3/2456] พระราชบัญญัติสำหรับกำจัดผักตบชวา พ.ศ. 2456 (ยกเลิก)
พระราชบัญญัติ สำหรับกำจัดผักตบชวา (ยกเลิก) _______ มีพระบรมราชโองการ ในพระบาทสมเด็จพระปรเมนทรมหาวชิราวุธ พระมงกุฎเกล้าเจ้าอยู่หัว ดำรัสเหนือเกล้าฯ ให้ประกาศจงทราบทั่วกันว่า พันธุ์ไม้อย่างหนึ่งซึ่งเรียกกันในประเ",กฎหมายทั่วไป,พระราชบัญญัติ
kris_ส0033-1B-0001,พระราชบัญญัติสำหรับรักษาช้างป่า พระพุทธศักราช 2464,"[26/6/2464] พระราชบัญญัติสำหรับรักษาช้างป่า พระพุทธศักราช 2464
พระราชบัญญัติว่าด้วยการปรับเป็นพินัย พ.ศ. ๒๕๖๕และให้แก้ไขข้อความบางแห่งในพระราชบัญญัติรักษาช้างป่าฯ นั้นใหม่ ดังนี้ ๑. ให้แก้คำว่า “กระทรวงกลาโหมหรือเสนาบดีกระทรวงกลาโหม” เป็น “หรือเสนาบดีกระทรวงมหาดไทย” ทุกแห่",กฎหมายทั่วไป,พระราชบัญญัติ
kris_ยล215-1B-0001,พระราชบัญญัติสมุด เอกสาร และหนังสือพิมพ์ พุทธศักราช 2470 (ยกเลิก),"[5/9/2470] พระราชบัญญัติสมุด เอกสาร และหนังสือพิมพ์ พุทธศักราช 2470 (ยกเลิก)
พระราชบัญญัติ สมุด เอกสาร และหนังสือพิมพ์ พุทธศักราช ๒๔๗๐ และที่แก้ไขเพิ่มเติม (ยกเลิก) โปรดดูรายละเอียดของกฎหมายที่เว็บไซต์ราชกิจจานุเบกษา https://ratchakitcha.soc.go.th/",กฎหมายทั่วไป,พระราชบัญญัติ
kris_ยล057-1B-0001,พระราชบัญญัติสหกรณ์ พุทธศักราช 2471 (ยกเลิก),"[20/5/2471] พระราชบัญญัติสหกรณ์ พุทธศักราช 2471 (ยกเลิก)
พระราชบัญญัติ สหกรณ์ พุทธศักราช ๒๔๗๑ และที่แก้ไขเพิ่มเติม (ยกเลิก) โปรดดูรายละเอียดของกฎหมายที่เว็บไซต์ราชกิจจานุเบกษา https://ratchakitcha.soc.go.th/",กฎหมายทั่วไป,พระราชบัญญัติ
kris_ยล027-1B-0001,พระราชบัญญัติส่งผู้ร้ายข้ามแดน พุทธศักราช 2472 (ยกเลิก),"[22/12/2472] พระราชบัญญัติส่งผู้ร้ายข้ามแดน พุทธศักราช 2472 (ยกเลิก)
พระราชบัญญัติ ส่งผู้ร้ายข้ามแดน พุทธศักราช ๒๔๗๒ (ยกเลิก) พระบาทสมเด็จพระปรมินทรมหาประชาธิปก พระปกเกล้าเจ้าอยู่หัว มีพระบรมราชโองการดำรัสเหนือเกล้าฯ สั่งว่า โดยที่ทรงพระราชดำริเห็นสมควรแสดงสิทธิของรัฐบาลสยามในกา",กฎหมายทั่วไป,พระราชบัญญัติ
kris_ส0051-1B-0001,พระราชบัญญัติเสื้อครุยเนติบัณฑิต พุทธศักราช 2479,"[6/12/2479] พระราชบัญญัติเสื้อครุยเนติบัณฑิต พุทธศักราช 2479
พระราชบัญญัติ เสื้อครุยเนติบัณฑิต พุทธศักราช ๒๔๗๙ ในพระปรมาภิไธยสมเด็จพระเจ้าอยู่หัวอานันทมหิดล คณะผู้สำเร็จราชการแทนพระองค์ (ตามประกาศประธานสภาผู้แทนราษฎร ลงวันที่ ๒๐ สิงหาคม พุทธศักราช ๒๔๗๘) อาทิตย์ทิพอาภา เจ",กฎหมายทั่วไป,พระราชบัญญัติ
kris_ยล218-1B-0001,พระราชบัญญัติสภาจังหวัด พุทธศักราช 2481 (ยกเลิก),"[1/4/2482] พระราชบัญญัติสภาจังหวัด พุทธศักราช 2481 (ยกเลิก)
พระราชบัญญัติ พระราชบัญญัติสภาจังหวัด พุทธศักราช ๒๔๘๑ และที่แก้ไขเพิ่มเติม (ยกเลิก) โปรดดูรายละเอียดของกฎหมาย ที่เว็บไซต์ราชกิจจานุเบกษา https://ratchakitcha.soc.go.th/",กฎหมายทั่วไป,พระราชบัญญัติ
kris_ส0026-1B-0001,พระราชบัญญัติสัตว์พาหนะ พุทธศักราช 2482,"[6/11/2482] พระราชบัญญัติสัตว์พาหนะ พุทธศักราช 2482
พระราชบัญญัติว่าด้วยการปรับเป็นพินัย พ.ศ. ๒๕๖๕ ในพระปรมาภิไธยสมเด็จพระเจ้าอยู่หัวอานันทมหิดล คณะผู้สำเร็จราชการแทนพระองค์ (ตามประกาศประธานสภาผู้แทนราษฎร ลงวันที่ ๔ สิงหาคม พุทธศักราช ๒๔๘๐) อาทิตย์ทิพอาภา พล.อ.",กฎหมายทั่วไป,พระราชบัญญัติ
kris_ส0070-1B-0001,พระราชบัญญัติส่งเสริมกิจการไฟฟ้า พุทธศักราช 2484 (ยกเลิก),"[25/10/2484] พระราชบัญญัติส่งเสริมกิจการไฟฟ้า พุทธศักราช 2484 (ยกเลิก)
*พระราชกฤษฎีกาแก้ไขบทบัญญัติให้สอดคล้องกับการโอนอำนาจหน้าที่ของส่วนราชการให้เป็นไปตามพระราชบัญญัติปรับปรุงกระทรวง ทบวง กรม พ.ศ. ๒๕๔๕ พ.ศ. ๒๕๔๕ ในพระปรมาภิไธยสมเด็จพระเจ้าอยู่หัวอานันทมหิดล คณะผู้สำเร็จราชการแทน",กฎหมายทั่วไป,พระราชบัญญัติ
kris_ยล009-1B-0001,พระราชบัญญัติสาธารณสุข พุทธศักราช 2484 (ยกเลิก),"[30/12/2484] พระราชบัญญัติสาธารณสุข พุทธศักราช 2484 (ยกเลิก)
พระราชบัญญัติ สาธารณสุข พุทธศักราช ๒๔๘๔ (ยกเลิก) พระราชบัญญัติสาธารณสุข (ฉบับที่ ๒) พ.ศ. ๒๔๙๕ พระราชบัญญัติสาธารณสุข (ฉบับที่ ๓) พ.ศ. ๒๔๙๗ พระราชบัญญัติสาธารณสุข (ฉบับที่ ๔) พ.ศ. ๒๕๐๕ พระราชบัญญัติสาธารณสุข (ฉบ",กฎหมายทั่วไป,พระราชบัญญัติ
kris_ส0003-1B-0001,พระราชบัญญัติสงเคราะห์ผู้ประสบภัยเนื่องในการรบ พุทธศักราช 2485,"[28/4/2485] พระราชบัญญัติสงเคราะห์ผู้ประสบภัยเนื่องในการรบ พุทธศักราช 2485
พระราชบัญญัติ สงเคราะห์ผู้ประสบภัยเนื่องในการรบ พุทธศักราช ๒๔๘๕ พระราชบัญญัติสงเคราะห์ผู้ประสบภัยเนื่องในการรบ (ฉบับที่ ๒) พ.ศ. ๒๕๐๒ ในพระปรมาภิไธยสมเด็จพระเจ้าอยู่หัวอานันทมหิดล คณะผู้สำเร็จราชการแทนพระองค์ (ต",กฎหมายทั่วไป,พระราชบัญญัติ
kris_ส0030-1B-0002,พระราชบัญญัติสำรวจและห้ามกักกันข้าว พุทธศักราช 2489 (ยกเลิก),"[12/3/2489] พระราชบัญญัติสำรวจและห้ามกักกันข้าว พุทธศักราช 2489 (ยกเลิก)
พระราชบัญญัติ สำรวจและห้ามกักกันข้าว พุทธศักราช ๒๔๘๙ (ยกเลิก) พระราชบัญญัติสำรวจและห้ามกักกันข้าว (ฉบับที่ ๒) พ.ศ. ๒๔๘๙ พระราชบัญญัติสำรวจและห้ามกักกันข้าว (ฉบับที่ ๓) พ.ศ. ๒๕๐๓ อานันทมหิดล ตราไว้ ณ วันที่ ๑๑ ม",กฎหมายทั่วไป,พระราชบัญญัติ
kris_ส0035-1B-0001,พระราชบัญญัติสุรา พ.ศ. 2493 (ยกเลิก),"[21/3/2493] พระราชบัญญัติสุรา พ.ศ. 2493 (ยกเลิก)
ประกาศสำนักนายกรัฐมนตรี เรื่อง การอนุมัติพระราชกำหนดแก้ไขเพิ่มเติมพระราชบัญญัติสุรา พ.ศ. ๒๔๙๓ (ฉบับที่ ๗) พ.ศ. ๒๕๕๖ พระราชบัญญัติสุรา (ฉบับที่ ๒) พ.ศ. ๒๔๙๗ พระราชบัญญัติสุรา (ฉบับที่ ๓) พ.ศ. ๒๕๑๐ พระราชบัญญัติส",กฎหมายทั่วไป,พระราชบัญญัติ
kris_ยล194-1B-0001,พระราชบัญญัติส่งเสริมการฝึกวิชาทหาร พ.ศ. 2494 (ยกเลิก),"[17/4/2494] พระราชบัญญัติส่งเสริมการฝึกวิชาทหาร พ.ศ. 2494 (ยกเลิก)
พระราชบัญญัติส่งเสริมการฝึกวิชาทหารพ.ศ. ๒๔๙๔ และที่แก้ไขเพิ่มเติม (ยกเลิก) โปรดดูรายละเอียดของกฎหมายที่เว็บไซต์ราชกิจจานุเบกษา https://ratchakitcha.soc.go.th/",กฎหมายทั่วไป,พระราชบัญญัติ
kris_ยล223-1B-0001,พระราชบัญญัติสัญชาติ พ.ศ. 2495 (ยกเลิก),"[12/2/2495] พระราชบัญญัติสัญชาติ พ.ศ. 2495 (ยกเลิก)
พระราชบัญญัติ สัญชาติ พ.ศ. ๒๔๗๕ และที่แก้ไขเพิ่มเติม (ยกเลิก) โปรดดูรายละเอียดของกฎหมาย ที่เว็บไซต์ราชกิจจานุเบกษา https://ratchakitcha.soc.go.th/",กฎหมายทั่วไป,พระราชบัญญัติ
kris_ส0034-1B-0001,พระราชบัญญัติสุขาภิบาล พ.ศ. 2495 (ยกเลิก),"[14/10/2495] พระราชบัญญัติสุขาภิบาล พ.ศ. 2495 (ยกเลิก)
พระราชบัญญัติ สุขาภิบาล พ.ศ. ๒๔๙๕ (ยกเลิก) พระราชบัญญัติสุขาภิบาล (ฉบับที่ ๒) พ.ศ. ๒๕๑๑ พระราชบัญญัติสุขาภิบาล (ฉบับที่ ๓) พ.ศ. ๒๕๒๘ ภูมิพลอดุลยเดช ป.ร. ให้ไว้ ณ วันที่ ๓ ตุลาคม พ.ศ. ๒๔๙๕ เป็นปีที่ ๗ ในรัชกาลปั",กฎหมายทั่วไป,พระราชบัญญัติ
kris_ส0029-1B-0001,พระราชบัญญัติสำรวจการกักตุนโภคภัณฑ์ พ.ศ. 2497,"[23/2/2497] พระราชบัญญัติสำรวจการกักตุนโภคภัณฑ์ พ.ศ. 2497
พระราชบัญญัติ สำรวจการกักตุนโภคภัณฑ์ พ.ศ. ๒๔๙๗ ภูมิพลอดุลยเดช ป.ร. ให้ไว้ ณ วันที่ ๑๐ กุมภาพันธ์ พ.ศ. ๒๔๙๗ เป็นปีที่ ๙ ในรัชกาลปัจจุบัน พระบาทสมเด็จพระปรมินทรมหาภูมิพลอดุลยเดช มีพระบรมราชโองการโปรดเกล้าฯ ให้ประ",กฎหมายทั่วไป,พระราชบัญญัติ
kris_ส0002-1B-0001,พระราชบัญญัติสงเคราะห์ผู้ประสบภัย เนื่องจากการช่วยเหลือราชการ การปฏิบัติงานของชาติ หรือการปฏิบัติตามหน้าที่มนุษยธรรม พ.ศ. 2497 (ยกเลิก),"[9/3/2497] พระราชบัญญัติสงเคราะห์ผู้ประสบภัย เนื่องจากการช่วยเหลือราชการ การปฏิบัติงานของชาติ หรือการปฏิบัติตามหน้าที่มนุษยธรรม พ.ศ. 2497 (ยกเลิก)
พระราชบัญญัติสงเคราะห์ผู้ประสบภัยเนื่องจากการช่วยเหลือราชการ การปฏิบัติงานของชาติ หรือการปฏิบัติตามหน้าที่มนุษยธรรม (ฉบับที่ ๓) พ.ศ. ๒๕๑๖  ภูมิพลอดุลยเดช ป.ร. ให้ไว้ ณ วันที่ ๒๔ กุมภาพันธ์ พ.ศ. ๒๔๙๗ เป็นปีที่ ๙",กฎหมายทั่วไป,พระราชบัญญัติ
kris_ยล209-1B-0001,พระราชบัญญัติส่งเสริมอุตสาหกรรม พ.ศ. 2497 (ยกเลิก),"[12/10/2497] พระราชบัญญัติส่งเสริมอุตสาหกรรม พ.ศ. 2497 (ยกเลิก)
พระราชบัญญัติ ส่งเสริมอุตสาหกรรม พ.ศ. ๒๔๙๗ และที่แก้ไขเพิ่มเติม (ยกเลิก) โปรดดูรายละเอียดของกฎหมายที่เว็บไซต์ราชกิจจานุเบกษา https://ratchakitcha.soc.go.th/",กฎหมายทั่วไป,พระราชบัญญัติ
kris_ยล094-1B-0001,พระราชบัญญัติสงเคราะห์ข้าราชการผู้ได้รับอันตรายหรือการป่วยเจ็บเพราะเหตุปฏิบัติราชการ พ.ศ. 2498 (ยกเลิก),"[25/1/2498] พระราชบัญญัติสงเคราะห์ข้าราชการผู้ได้รับอันตรายหรือการป่วยเจ็บเพราะเหตุปฏิบัติราชการ พ.ศ. 2498 (ยกเลิก)
พระราชบัญญัติสงเคราะห์ข้าราชการผู้ได้รับอันตรายหรือการป่วยเจ็บเพราะเหตุปฏิบัติราชการ พ.ศ. ๒๔๙๘ (ยกเลิก) โปรดดูรายละเอียดของกฎหมายที่เว็บไซต์ราชกิจจานุเบกษา https://ratchakitcha.soc.go.th/",กฎหมายทั่วไป,พระราชบัญญัติ
kris_ส0047-1B-0001,พระราชบัญญัติสงเคราะห์อาชีพแก่คนไทย พ.ศ. 2499 (ยกเลิก),"[28/2/2499] พระราชบัญญัติสงเคราะห์อาชีพแก่คนไทย พ.ศ. 2499 (ยกเลิก)
พระราชบัญญัติ สงเคราะห์อาชีพแก่คนไทย พ.ศ. ๒๔๙๙ (ยกเลิก) ภูมิพลอดุลยเดช ป.ร. ให้ไว้ ณ วันที่ ๑๓ กุมภาพันธ์ พ.ศ. ๒๔๙๙ เป็นปีที่ ๑๑ ในรัชกาลปัจจุบัน พระบาทสมเด็จพระปรมินทรมหาภูมิพลอดุลยเดช มีพระบรมราชโองการโปรดเกล",กฎหมายทั่วไป,พระราชบัญญัติ
kris_ส0021-1B-0001,พระราชบัญญัติสภาวิจัยแห่งชาติ พ.ศ. 2502 (ยกเลิก),"[1/11/2502] พระราชบัญญัติสภาวิจัยแห่งชาติ พ.ศ. 2502 (ยกเลิก)
พระราชบัญญัติปรับปรุงกระทรวง ทบวง กรม (ฉบับที่ ๑๙) พ.ศ. ๒๕๖๒ พระราชบัญญัติสภาวิจัยแห่งชาติ (ฉบับที่ ๒) พ.ศ. ๒๕๐๗ ภูมิพลอดุลยเดช ป.ร. ให้ไว้ ณ วันที่ ๒๘ ตุลาคม พ.ศ. ๒๕๐๒ เป็นปีที่ ๑๔ ในรัชกาลปัจจุบัน โดยที่ประกา",กฎหมายทั่วไป,พระราชบัญญัติ
kris_ส0006-1B-0001,พระราชบัญญัติส่งเสริมการฝึกวิชาทหาร พ.ศ. 2503,"[13/4/2503] พระราชบัญญัติส่งเสริมการฝึกวิชาทหาร พ.ศ. 2503
พระราชบัญญัติ ส่งเสริมการฝึกวิชาทหาร พ.ศ. ๒๕๐๓ พระราชบัญญัติส่งเสริมการฝึกวิชาทหาร (ฉบับที่ ๒) พ.ศ. ๒๕๑๖   พระราชบัญญัติส่งเสริมการฝึกวิชาทหาร (ฉบับที่ ๓) พ.ศ. ๒๕๒๑   ภูมิพลอดุลยเดช ป.ร. ให้ไว้ ณ วันที่ ๑๒ เมษา",กฎหมายทั่วไป,พระราชบัญญัติ
kris_ยล067-1B-0001,พระราชบัญญัติส่งเสริมการลงทุนเพื่อกิจการอุตสาหกรรม พ.ศ. 2503 (ยกเลิก),"[25/10/2503] พระราชบัญญัติส่งเสริมการลงทุนเพื่อกิจการอุตสาหกรรม พ.ศ. 2503 (ยกเลิก)
พระราชบัญญัติ ส่งเสริมการลงทุนเพื่อกิจการอุตสาหกรรม พ.ศ. ๒๕๐๓ (ยกเลิก) โปรดดูรายละเอียดของกฎหมายที่เว็บไซต์ราชกิจจานุเบกษา https://ratchakitcha.soc.go.th/",กฎหมายทั่วไป,พระราชบัญญัติ
kris_ยล014-1B-0001,พระราชบัญญัติสงวนและคุ้มครองสัตว์ป่า พ.ศ. 2503 (ยกเลิก),"[27/12/2503] พระราชบัญญัติสงวนและคุ้มครองสัตว์ป่า พ.ศ. 2503 (ยกเลิก)
ประกาศของคณะปฏิวัติ ฉบับที่ ๒๒๘   ในพระปรมาภิไธย พระบาทสมเด็จพระปรมินทรมหาภูมิพลดุลยเดช สังวาลย์ ผู้สำเร็จราชการแทนพระองค์ ให้ไว้ ณ วันที่ ๒๖ ธันวาคม พ.ศ. ๒๕๐๓ เป็นปีที่ ๑๕ ในรัชกาลปัจจุบัน   โดยที่เป็นการสมควร",กฎหมายทั่วไป,พระราชบัญญัติ
kris_ส0011-1B-0002,พระราชบัญญัติสถานพยาบาล พ.ศ. 2504 (ยกเลิก),"[17/10/2504] พระราชบัญญัติสถานพยาบาล พ.ศ. 2504 (ยกเลิก)
พระราชบัญญัติ สถานพยาบาล พ.ศ. ๒๕๐๔ (ยกเลิก) ภูมิพลอดุลยเดช ป.ร. ให้ไว้ ณ วันที่ ๖ ตุลาคม พ.ศ. ๒๕๐๔ เป็นปีที่ ๑๖ ในรัชกาลปัจจุบัน พระบาทสมเด็จพระปรมินทรมหาภูมิพลอดุลยเดช มีพระบรมราชโองการโปรดเกล้าฯ ให้ประกาศว่า",กฎหมายทั่วไป,พระราชบัญญัติ
kris_ยล185-1B-0001,พระราชบัญญัติสถาบันวิจัยวิทยาศาสตร์ประยุกต์แห่งประเทศไทย พ.ศ. 2506 (ยกเลิก),"[24/5/2506] พระราชบัญญัติสถาบันวิจัยวิทยาศาสตร์ประยุกต์แห่งประเทศไทย พ.ศ. 2506 (ยกเลิก)
พระราชบัญญัติ สถาบันวิจัยวิทยาศาสตร์ประยุกต์แห่งประเทศไทย พ.ศ. ๒๕๐๖ (ยกเลิก) โปรดดูรายละเอียดของกฎหมายที่เว็บไซต์ราชกิจจานุเบกษา https://ratchakitcha.soc.go.th/",กฎหมายทั่วไป,พระราชบัญญัติ
kris_ส0025-1B-0001,พระราชบัญญัติสัญชาติ พ.ศ. 2508,"[4/8/2508] พระราชบัญญัติสัญชาติ พ.ศ. 2508
พระราชบัญญัติ สัญชาติ พ.ศ. ๒๕๐๘ พระราชบัญญัติสัญชาติ (ฉบับที่ ๒) พ.ศ. ๒๕๓๕ พระราชบัญญัติสัญชาติ (ฉบับที่ ๓) พ.ศ. ๒๕๓๕ พระราชบัญญัติสัญชาติ (ฉบับที่ ๔) พ.ศ. ๒๕๕๑ พระราชบัญญัติสัญชาติ (ฉบับที่ ๕) พ.ศ. ๒๕๕๕ ภูมิพล",กฎหมายทั่วไป,พระราชบัญญัติ
kris_ยล095-1B-0001,พระราชบัญญัติสถิติ พ.ศ. 2508 (ยกเลิก),"[7/9/2508] พระราชบัญญัติสถิติ พ.ศ. 2508 (ยกเลิก)
*พระราชกฤษฎีกาแก้ไขบทบัญญัติให้สอดคล้องกับการโอนอำนาจหน้าที่ของส่วนราชการให้เป็นไปตามพระราชบัญญัติปรับปรุงกระทรวง ทบวง กรม พ.ศ. ๒๕๔๕ พ.ศ. ๒๕๔๕ ภูมิพลอดุลยเดช ป.ร. ให้ไว้ ณ วันที่ ๓๐ สิงหาคม พ.ศ. ๒๕๐๘ เป็นปีที่",กฎหมายทั่วไป,พระราชบัญญัติ
kris_ยล013-1B-0001,พระราชบัญญัติสถาบันบัณฑิตพัฒนบริหารศาสตร์ พ.ศ. 2509 (ยกเลิก),"[31/3/2509] พระราชบัญญัติสถาบันบัณฑิตพัฒนบริหารศาสตร์ พ.ศ. 2509 (ยกเลิก)
ประกาศของคณะปฏิวัติ ฉบับที่ ๑๗๙ ลงวันที่ ๑๔ กรกฎาคม พุทธศักราช ๒๕๑๕ พระราชบัญญัติสถาบันบัณฑิตพัฒนบริหารศาสตร์ (ฉบับที่ ๒) พ.ศ. ๒๕๔๓ ภูมิพลอดุลยเดช ป.ร. ให้ไว้ ณ วันที่ ๒๗ มีนาคม พ.ศ. ๒๕๐๙ เป็นปีที่ ๒๑ ในรัชกาลป",กฎหมายทั่วไป,พระราชบัญญัติ
kris_ส0022-1B-0001,พระราชบัญญัติสมาคมการค้า พ.ศ. 2509,"[26/4/2509] พระราชบัญญัติสมาคมการค้า พ.ศ. 2509
พระราชบัญญัติว่าด้วยการปรับเป็นพินัย พ.ศ. ๒๕๖๕ พระราชบัญญัติสมาคมการค้า (ฉบับที่ ๒) พ.ศ. ๒๕๕๐ ภูมิพลอดุลยเดช ป.ร. ให้ไว้ ณ วันที่ ๔ เมษายน พ.ศ. ๒๕๐๙ เป็นปีที่ ๒๑ ในรัชกาลปัจจุบัน พระบาทสมเด็จพระปรมินทรมหาภูมิพล",กฎหมายทั่วไป,พระราชบัญญัติ
kris_ส0010-1B-0001,พระราชบัญญัติสถานบริการ พ.ศ. 2509,"[4/10/2509] พระราชบัญญัติสถานบริการ พ.ศ. 2509
พระราชบัญญัติว่าด้วยการปรับเป็นพินัย พ.ศ. ๒๕๖๕ พระราชบัญญัติสถานบริการ (ฉบับที่ ๒) พ.ศ. ๒๕๒๑ พระราชบัญญัติสถานบริการ (ฉบับที่ ๓) พ.ศ. ๒๕๒๕ พระราชบัญญัติสถานบริการ (ฉบับที่ ๔) พ.ศ. ๒๕๔๖ พระราชบัญญัติสถานบริการ (",กฎหมายทั่วไป,พระราชบัญญัติ
kris_ส0024-1B-0002,พระราชบัญญัติสหกรณ์ พ.ศ. 2511 (ยกเลิก),"[19/6/2511] พระราชบัญญัติสหกรณ์ พ.ศ. 2511 (ยกเลิก)
ประกาศของคณะปฏิวัติ ฉบับที่ ๒๔๗ ลงวันที่ ๑๓ พฤศจิกายน ๒๕๑๕ พระราชบัญญัติสหกรณ์ (ฉบับที่ ๒) พ.ศ. ๒๕๒๔ ภูมิพลอดุลยเดช ป.ร. ให้ไว้ ณ วันที่ ๗ มิถุนายน พ.ศ. ๒๕๑๑ เป็นปีที่ ๒๓ ในรัชกาลปัจจุบัน โดยที่คณะปฏิวัติได้พิจ",กฎหมายทั่วไป,พระราชบัญญัติ
kris_ยล073-1B-0001,พระราชบัญญัติสภาการศึกษาแห่งชาติ พ.ศ. 2512 (ยกเลิก),"[4/3/2512] พระราชบัญญัติสภาการศึกษาแห่งชาติ พ.ศ. 2512 (ยกเลิก)
พระราชบัญญัติ สภาการศึกษาแห่งชาติ พ.ศ. ๒๕๑๒ (ยกเลิก) โปรดดูรายละเอียดของกฎหมายที่เว็บไซต์ราชกิจจานุเบกษา https://ratchakitcha.soc.go.th/",กฎหมายทั่วไป,พระราชบัญญัติ
kris_ยล080-1B-0001,พระราชบัญญัติสถาบันเทคโนโลยีพระจอมเกล้า พ.ศ. 2514 (ยกเลิก),"[23/4/2514] พระราชบัญญัติสถาบันเทคโนโลยีพระจอมเกล้า พ.ศ. 2514 (ยกเลิก)
พระราชบัญญัติสถาบันเทคโนโลยีพระจอมเกล้าพ.ศ. ๒๕๑๔ และที่แก้ไขเพิ่มเติม (ยกเลิก) โปรดดูรายละเอียดของกฎหมายที่เว็บไซต์ราชกิจจานุเบกษา https://ratchakitcha.soc.go.th/",กฎหมายทั่วไป,พระราชบัญญัติ
kris_ส0028-1B-0004,พระราชบัญญัติสำนักงานสลากกินแบ่งรัฐบาล พ.ศ. 2517,"[20/9/2517] พระราชบัญญัติสำนักงานสลากกินแบ่งรัฐบาล พ.ศ. 2517
พระราชบัญญัติว่าด้วยการปรับเป็นพินัย พ.ศ. ๒๕๖๕ พระราชบัญญัติสำนักงานสลากกินแบ่งรัฐบาล (ฉบับที่ ๒) พ.ศ. ๒๕๖๒ ภูมิพลอดุลยเดช ป.ร. ให้ไว้ ณ วันที่ ๑๑ กันยายน พ.ศ. ๒๕๑๗ เป็นปีที่ ๒๙ ในรัชกาลปัจจุบัน พระบาทสมเด็จพระ",กฎหมายทั่วไป,พระราชบัญญัติ
kris_ส0012-1B-0001,พระราชบัญญัติสถานสินเชื่อท้องถิ่น พ.ศ. 2518 (ยกเลิก),"[14/2/2518] พระราชบัญญัติสถานสินเชื่อท้องถิ่น พ.ศ. 2518 (ยกเลิก)
พระราชบัญญัติ สถานสินเชื่อท้องถิ่น พ.ศ. ๒๕๑๘ (ยกเลิก) ภูมิพลอดุลยเดช ป.ร. ให้ไว้ ณ วันที่ ๗ กุมภาพันธ์ พ.ศ. ๒๕๑๘ เป็นปีที่ ๓๐ ในรัชกาลปัจจุบัน พระบาทสมเด็จพระปรมินทรมหาภูมิพลอดุลยเดช มีพระบรมราชโองการโปรดเกล้าฯ",กฎหมายทั่วไป,พระราชบัญญัติ
kris_ยล051-1B-0002,พระราชบัญญัติส่งเสริมและรักษาคุณภาพสิ่งแวดล้อมแห่งชาติ พ.ศ. 2518 (ยกเลิก),"[19/2/2518] พระราชบัญญัติส่งเสริมและรักษาคุณภาพสิ่งแวดล้อมแห่งชาติ พ.ศ. 2518 (ยกเลิก)
พระราชบัญญัติ ส่งเสริมและรักษาคุณภาพสิ่งแวดล้อมแห่งชาติ พ.ศ. ๒๕๑๘ (ยกเลิก) พระราชบัญญัติส่งเสริมและรักษาคุณภาพสิ่งแวดล้อมแห่งชาติ (ฉบับที่ ๒) พ.ศ. ๒๕๒๑ พระราชบัญญัติส่งเสริมและรักษาคุณภาพสิ่งแวดล้อมแห่งชาติ (ฉบ",กฎหมายทั่วไป,พระราชบัญญัติ
kris_ส0013-1B-0007,พระราชบัญญัติสถาบันเทคโนโลยีการเกษตรแม่โจ้ พ.ศ. 2518 (ยกเลิก),"[19/2/2518] พระราชบัญญัติสถาบันเทคโนโลยีการเกษตรแม่โจ้ พ.ศ. 2518 (ยกเลิก)
พระราชบัญญัติเปลี่ยนชื่อสถาบันเทคโนโลยีการเกษตร เป็นสถาบันเทคโนโลยีการเกษตรแม่โจ้ พ.ศ. ๒๕๒๕ พระราชบัญญัติสถาบันเทคโนโลยีการเกษตร (ฉบับที่ ๒) พ.ศ. ๒๕๒๒ ภูมิพลอดุลยเดช ป.ร. ให้ไว้ ณ วันที่ ๑๒ กุมภาพันธ์ พ.ศ. ๒๕๑๘",กฎหมายทั่วไป,พระราชบัญญัติ
kris_ส0043-1B-0001,พระราชบัญญัติสถาบันเทคโนโลยีราชมงคล พ.ศ. 2518 (ยกเลิก),"[27/2/2518] พระราชบัญญัติสถาบันเทคโนโลยีราชมงคล พ.ศ. 2518 (ยกเลิก)
พระราชบัญญัติเปลี่ยนชื่อวิทยาลัยเทคโนโลยีและอาชีวศึกษา เป็นสถาบันเทคโนโลยีราชมงคล พ.ศ. ๒๕๓๒ ภูมิพลอดุลยเดช ป.ร. ให้ไว้ ณ วันที่ ๑๔ กุมภาพันธ์ พ.ศ. ๒๕๑๘ เป็นปีที่ ๓๐ ในรัชกาลปัจจุบัน พระบาทสมเด็จพระปรมินทรมหาภูม",กฎหมายทั่วไป,พระราชบัญญัติ
kris_ส0007-1B-0001,พระราชบัญญัติส่งเสริมการลงทุน พ.ศ. 2520,"[4/5/2520] พระราชบัญญัติส่งเสริมการลงทุน พ.ศ. 2520
ประกาศคณะรักษาความสงบแห่งชาติ ฉบับที่ ๑๐๐/๒๕๕๗ เรื่อง การแก้ไขเพิ่มเติมกฎหมายว่าด้วยการปรับปรุงกระทรวง ทบวง กรม และกฎหมายว่าด้วยการส่งเสริมการลงทุน ลงวันที่ ๒๑ กรกฎาคม พุทธศักราช ๒๕๕๗ พระราชบัญญัติส่งเสริมการลง",กฎหมายทั่วไป,พระราชบัญญัติ
kris_ยล250-1B-0001,พระราชบัญญัติส่งเสริมและประสานงานเยาวชนแห่งชาติ พ.ศ. 2521 (ยกเลิก),"[11/9/2521] พระราชบัญญัติส่งเสริมและประสานงานเยาวชนแห่งชาติ พ.ศ. 2521 (ยกเลิก)
พระราชบัญญัติส่งเสริมและประสานงานเยาวชนแห่งชาติพ.ศ. ๒๕๒๑ (ยกเลิก) โปรดดูรายละเอียดของกฎหมายที่เว็บไซต์ราชกิจจานุเบกษา https://ratchakitcha.soc.go.th/",กฎหมายทั่วไป,พระราชบัญญัติ
kris_ส0037-1B-0001,พระราชบัญญัติส่งเสริมการพาณิชยนาวี พ.ศ. 2521,"[18/12/2521] พระราชบัญญัติส่งเสริมการพาณิชยนาวี พ.ศ. 2521
พระราชบัญญัติว่าด้วยการปรับเป็นพินัย พ.ศ. ๒๕๖๕ ภูมิพลอดุลยเดช ป.ร. ให้ไว้ ณ วันที่ ๑๑ ธันวาคม พ.ศ. ๒๕๒๑ เป็นปีที่ ๓๓ ในรัชกาลปัจจุบัน พระบาทสมเด็จพระปรมินทรมหาภูมิพลอดุลยเดช มีพระบรมราชโองการโปรดเกล้าฯ ให้ประกา",กฎหมายทั่วไป,พระราชบัญญัติ
kris_ส0038-1B-0001,พระราชบัญญัติสิทธิบัตร พ.ศ. 2522,"[16/3/2522] พระราชบัญญัติสิทธิบัตร พ.ศ. 2522
คำสั่งหัวหน้าคณะรักษาความสงบแห่งชาติ ที่ ๑/๒๕๖๒ เรื่อง การแก้ไขเพิ่มเติมกฎหมายว่าด้วยสิทธิบัตรและมาตรการด้านสิทธิบัตรเป็นกรณีพิเศษ พระราชบัญญัติสิทธิบัตร (ฉบับที่ ๒) พ.ศ. ๒๕๓๕ พระราชบัญญัติสิทธิบัตร (ฉบับที่ ๓)",กฎหมายทั่วไป,พระราชบัญญัติ
kris_ส0016-1B-0001,พระราชบัญญัติสถาบันวิจัยวิทยาศาสตร์และเทคโนโลยีแห่งประเทศไทย พ.ศ. 2522,"[23/3/2522] พระราชบัญญัติสถาบันวิจัยวิทยาศาสตร์และเทคโนโลยีแห่งประเทศไทย พ.ศ. 2522
พระราชบัญญัติปรับปรุงกระทรวง ทบวง กรม (ฉบับที่ ๑๙) พ.ศ. ๒๕๖๒ พระราชบัญญัติสถาบันวิจัยวิทยาศาสตร์และเทคโนโลยีแห่งประเทศไทย (ฉบับที่ ๒) พ.ศ. ๒๕๖๘ ภูมิพลอดุลยเดช ป.ร. ให้ไว้ ณ วันที่ ๒๕ กุมภาพันธ์ พ.ศ. ๒๕๒๒ เป็นปี",กฎหมายทั่วไป,พระราชบัญญัติ
kris_ส0018-1B-0001,พระราชบัญญัติสำนักงานคณะกรรมการวัฒนธรรมแห่งชาติ พ.ศ. 2522 (ยกเลิก),"[23/3/2522] พระราชบัญญัติสำนักงานคณะกรรมการวัฒนธรรมแห่งชาติ พ.ศ. 2522 (ยกเลิก)
*พระราชกฤษฎีกาแก้ไขบทบัญญัติให้สอดคล้องกับการโอนอำนาจหน้าที่ของส่วนราชการให้เป็นไปตามพระราชบัญญัติปรับปรุงกระทรวง ทบวง กรม พ.ศ. ๒๕๔๕ พ.ศ. ๒๕๔๕ ภูมิพลอดุลยเดช ป.ร. ให้ไว้ ณ วันที่ ๒๕ กุมภาพันธ์ พ.ศ. ๒๕๒๒ เป็นปีท",กฎหมายทั่วไป,พระราชบัญญัติ
kris_ยล008-1B-0001,พระราชบัญญัติสถาบันอุดมศึกษาเอกชน พ.ศ. 2522 (ยกเลิก),"[27/4/2522] พระราชบัญญัติสถาบันอุดมศึกษาเอกชน พ.ศ. 2522 (ยกเลิก)
พระราชบัญญัติ สถาบันอุดมศึกษาเอกชน พ.ศ. ๒๕๒๒ (ยกเลิก) พระราชบัญญัติสถาบันอุดมศึกษาเอกชน (ฉบับที่ ๒) พ.ศ. ๒๕๓๕ ภูมิพลอดุลยเดช ป.ร. ให้ไว้ ณ วันที่ ๒๒ เมษายน พ.ศ. ๒๕๒๒ เป็นปีที่ ๓๔ ในรัชกาลปัจจุบัน พระบาทสมเด็จพร",กฎหมายทั่วไป,พระราชบัญญัติ
kris_ส0039-1B-0001,พระราชบัญญัติส่งเสริมกิจการฮัจย์ พ.ศ. 2524,"[9/2/2525] พระราชบัญญัติส่งเสริมกิจการฮัจย์ พ.ศ. 2524
พระราชบัญญัติว่าด้วยการปรับเป็นพินัย พ.ศ. ๒๕๖๕ พระราชบัญญัติส่งเสริมกิจการฮัจย์ (ฉบับที่ ๒) พ.ศ. ๒๕๓๒ พระราชบัญญัติส่งเสริมกิจการฮัจย์ (ฉบับที่ ๓) พ.ศ. ๒๕๕๙ ภูมิพลอดุลยเดช ป.ร. ให้ไว้ ณ วันที่ ๒๒ กรกฎาคม พ.ศ. ๒",กฎหมายทั่วไป,พระราชบัญญัติ
kris_ส0040-1B-0001,พระราชบัญญัติสภาการเหมืองแร่ พ.ศ. 2526,"[7/4/2526] พระราชบัญญัติสภาการเหมืองแร่ พ.ศ. 2526
พระราชบัญญัติว่าด้วยการปรับเป็นพินัย พ.ศ. ๒๕๖๕ ภูมิพลอดุลยเดช ป.ร. ให้ไว้ ณ วันที่ ๓ เมษายน พ.ศ. ๒๕๒๖ เป็นปีที่ ๓๘ ในรัชกาลปัจจุบัน พระบาทสมเด็จพระปรมินทรมหาภูมิพลอดุลยเดช มีพระบรมราชโองการโปรดเกล้าฯ ให้ประกาศว",กฎหมายทั่วไป,พระราชบัญญัติ
kris_ส0041-1B-0001,พระราชบัญญัติสุสานและฌาปนสถาน พ.ศ. 2528,"[19/9/2528] พระราชบัญญัติสุสานและฌาปนสถาน พ.ศ. 2528
พระราชบัญญัติว่าด้วยการปรับเป็นพินัย พ.ศ. ๒๕๖๕ พระราชบัญญัติสุสานและฌาปนสถาน (ฉบับที่ ๒) พ.ศ. ๒๕๕๐ ภูมิพลอดุลยเดช ป.ร. ให้ไว้ ณ วันที่ ๑๐ กันยายน พ.ศ. ๒๕๒๘ เป็นปีที่ ๔๐ ในรัชกาลปัจจุบัน พระบาทสมเด็จพระปรมินทรมห",กฎหมายทั่วไป,พระราชบัญญัติ
kris_ส0014-1B-0001,พระราชบัญญัติสถาบันเทคโนโลยีพระจอมเกล้าเจ้าคุณทหารลาดกระบัง สถาบันเทคโนโลยีพระจอมเกล้าธนบุรี และสถาบันเทคโนโลยีพระจอมเกล้าพระนครเหนือ พ.ศ. 2528 (ยกเลิก),"[19/2/2529] พระราชบัญญัติสถาบันเทคโนโลยีพระจอมเกล้าเจ้าคุณทหารลาดกระบัง สถาบันเทคโนโลยีพระจอมเกล้าธนบุรี และสถาบันเทคโนโลยีพระจอมเกล้าพระนครเหนือ พ.ศ. 2528 (ยกเลิก)
พระราชบัญญัติ สถาบันเทคโนโลยีพระจอมเกล้าเจ้าคุณทหารลาดกระบัง สถาบันเทคโนโลยีพระจอมเกล้าธนบุรี และสถาบันเทคโนโลยีพระจอมเกล้าพระนครเหนือ พ.ศ. ๒๕๒๘ (ยกเลิก) ภูมิพลอดุลยเดช ป.ร. ให้ไว้ ณ วันที่ ๒๖ พฤศจิกายน พ.ศ. ๒๕",กฎหมายทั่วไป,พระราชบัญญัติ
kris_ส0042-1B-0001,พระราชบัญญัติสภาอุตสาหกรรมแห่งประเทศไทย พ.ศ. 2530,"[28/12/2530] พระราชบัญญัติสภาอุตสาหกรรมแห่งประเทศไทย พ.ศ. 2530
พระราชบัญญัติว่าด้วยการปรับเป็นพินัย พ.ศ. ๒๕๖๕ ภูมิพลอดุลยเดช ป.ร. ให้ไว้ ณ วันที่ ๒๓ ธันวาคม พ.ศ. ๒๕๓๐ เป็นปีที่ ๔๒ ในรัชกาลปัจจุบัน พระบาทสมเด็จพระปรมินทรมหาภูมิพลอดุลยเดช มีพระบรมราชโองการโปรดเกล้า ฯ ให้ประก",กฎหมายทั่วไป,พระราชบัญญัติ
kris_ส0044-1B-0001,พระราชบัญญัติสถานพยาบาลสัตว์ พ.ศ. 2533,"[19/10/2533] พระราชบัญญัติสถานพยาบาลสัตว์ พ.ศ. 2533
พระราชบัญญัติว่าด้วยการปรับเป็นพินัย พ.ศ. ๒๕๖๕ พระราชบัญญัติสถานพยาบาลสัตว์ (ฉบับที่ ๒) พ.ศ. ๒๕๕๗ ภูมิพลอดุลยเดช ป.ร. ให้ไว้ ณ วันที่ ๑๒ ตุลาคม พ.ศ. ๒๕๓๓ เป็นปีที่ ๔๕ ในรัชกาลปัจจุบัน พระบาทสมเด็จพระปรมินทรมหาภ",กฎหมายทั่วไป,พระราชบัญญัติ
kris_ส0045-1B-0001,พระราชบัญญัติเสื้อครุยข้าราชการตุลาการและดะโต๊ะยุติธรรม พ.ศ.2534,"[30/8/2534] พระราชบัญญัติเสื้อครุยข้าราชการตุลาการและดะโต๊ะยุติธรรม พ.ศ.2534
พระราชบัญญัติ เสื้อครุยข้าราชการตุลาการและดะโต๊ะยุติธรรม พ.ศ. ๒๕๓๔ ภูมิพลอดุลยเดช ป.ร. ให้ไว้ ณ วันที่ ๕ สิงหาคม พ.ศ. ๒๕๓๔ เป็นปีที่ ๔๖ ในรัชกาลปัจจุบัน พระบาทสมเด็จพระปรมินทรมหาภูมิพลอดุลยเดช มีพระบรมราชโองการ",กฎหมายทั่วไป,พระราชบัญญัติ
kris_ยล041-1B-0001,พระราชบัญญัติสงวนและคุ้มครองสัตว์ป่า พ.ศ. 2535 (ยกเลิก),"[28/2/2535] พระราชบัญญัติสงวนและคุ้มครองสัตว์ป่า พ.ศ. 2535 (ยกเลิก)
พระราชบัญญัติแก้ไขเพิ่มเติมบทบัญญัติแห่งกฎหมายที่เกี่ยวกับความรับผิดในทางอาญาของผู้แทนนิติบุคคล พ.ศ. ๒๕๖๐ ภูมิพลอดุลยเดช ป.ร. ให้ไว้ ณ วันที่ ๑๙ กุมภาพันธ์ พ.ศ. ๒๕๓๕ เป็นปีที่ ๔๗ ในรัชกาลปัจจุบัน พระบาทสมเด็จพร",กฎหมายทั่วไป,พระราชบัญญัติ
kris_ส0046-1B-0003,พระราชบัญญัติสวนป่า พ.ศ. 2535,"[13/3/2535] พระราชบัญญัติสวนป่า พ.ศ. 2535
พระราชกฤษฎีกาปรับปรุงชนิดของต้นไม้ตามบัญชีต้นไม้ตามกฎหมายว่าด้วยสวนป่า พ.ศ. ๒๕๖๙ พระราชบัญญัติสวนป่า (ฉบับที่ ๒) พ.ศ. ๒๕๕๘ ภูมิพลอดุลยเดช ป.ร. ให้ไว้ ณ วันที่ ๑ มีนาคม พ.ศ. ๒๕๓๕ เป็นปีที่ ๔๗ ในรัชกาลปัจจุบัน พร",กฎหมายทั่วไป,พระราชบัญญัติ
kris_ส0046-1B-0003,พระราชบัญญัติสวนป่า พ.ศ. 2535,"[13/3/2535] พระราชบัญญัติสวนป่า พ.ศ. 2535
พระราชบัญญัติว่าด้วยการปรับเป็นพินัย พ.ศ. ๒๕๖๕ พระราชบัญญัติสวนป่า (ฉบับที่ ๒) พ.ศ. ๒๕๕๘ ภูมิพลอดุลยเดช ป.ร. ให้ไว้ ณ วันที่ ๑ มีนาคม พ.ศ. ๒๕๓๕ เป็นปีที่ ๔๗ ในรัชกาลปัจจุบัน พระบาทสมเด็จพระปรมินทรมหาภูมิพลอดุลย",กฎหมายทั่วไป,พระราชบัญญัติ
kris_ส0027-1B-0001,พระราชบัญญัติสถาบันวิจัยระบบสาธารณสุข พ.ศ. 2535,"[9/4/2535] พระราชบัญญัติสถาบันวิจัยระบบสาธารณสุข พ.ศ. 2535
พระราชบัญญัติ สถาบันวิจัยระบบสาธารณสุข พ.ศ. ๒๕๓๕ ภูมิพลอดุลยเดช ป.ร. ให้ไว้ ณ วันที่ ๒ เมษายน พ.ศ. ๒๕๓๕ เป็นปีที่ ๔๗ ในรัชกาลปัจจุบัน พระบาทสมเด็จพระปรมินทรมหาภูมิพลอดุลยเดช มีพระบรมราชโองการโปรดเกล้าฯ ให้ประกา",กฎหมายทั่วไป,พระราชบัญญัติ
kris_ส0048-1B-0001,พระราชบัญญัติสภาผู้ส่งสินค้าทางเรือแห่งประเทศไทย พ.ศ. 2537,"[4/2/2537] พระราชบัญญัติสภาผู้ส่งสินค้าทางเรือแห่งประเทศไทย พ.ศ. 2537
พระราชบัญญัติว่าด้วยการปรับเป็นพินัย พ.ศ. ๒๕๖๕ ภูมิพลอดุลยเดช ป.ร. ให้ไว้ ณ วันที่ ๒๙ มกราคม พ.ศ. ๒๕๓๗ เป็นปีที่ ๔๙ ในรัชกาลปัจจุบัน พระบาทสมเด็จพระปรมินทรมหาภูมิพลอดุลยเดช มีพระบรมราชโองการโปรดเกล้าฯ ให้ประกาศ",กฎหมายทั่วไป,พระราชบัญญัติ
kris_ส0052-1B-0001,พระราชบัญญัติสภาตำบลและองค์การบริหารส่วนตำบล พ.ศ. 2537,"[2/12/2537] พระราชบัญญัติสภาตำบลและองค์การบริหารส่วนตำบล พ.ศ. 2537
พระราชบัญญัติว่าด้วยการปรับเป็นพินัย พ.ศ. ๒๕๖๕  พระราชบัญญัติสภาตำบลและองค์การบริหารส่วนตำบล (ฉบับที่ ๒) พ.ศ. ๒๕๓๘  พระราชบัญญัติสภาตำบลและองค์การบริหารส่วนตำบล (ฉบับที่ ๓) พ.ศ. ๒๕๔๒  พระราชบัญญัติสภาตำบลและองค",กฎหมายทั่วไป,พระราชบัญญัติ
kris_ส0049-1B-0001,พระราชบัญญัติส่งเสริมการฝึกอาชีพ พ.ศ. 2537 (ยกเลิก),"[31/12/2537] พระราชบัญญัติส่งเสริมการฝึกอาชีพ พ.ศ. 2537 (ยกเลิก)
*พระราชกฤษฎีกาแก้ไขบทบัญญัติให้สอดคล้องกับการโอนอำนาจหน้าที่ของส่วนราชการให้เป็นไปตามพระราชบัญญัติปรับปรุงกระทรวง ทบวง กรม พ.ศ. ๒๕๔๕ พ.ศ. ๒๕๔๕ ภูมิพลอดุลยเดช ป.ร. ให้ไว้ ณ วันที่ ๒๙ ธันวาคม พ.ศ. ๒๕๓๗ เป็นปีที่",กฎหมายทั่วไป,พระราชบัญญัติ
kris_ส0050-1B-0001,พระราชบัญญัติสถาบันราชภัฏ พ.ศ. 2538 (ยกเลิก),"[24/1/2538] พระราชบัญญัติสถาบันราชภัฏ พ.ศ. 2538 (ยกเลิก)
พระราชบัญญัติ สถาบันราชภัฏ พ.ศ. ๒๕๓๘ (ยกเลิก) ภูมิพลอดุลยเดช ป.ร. ให้ไว้ ณ วันที่ ๑๙ มกราคม พ.ศ. ๒๕๓๘ เป็นปีที่ ๕๐ ในรัชกาลปัจจุบัน พระบาทสมเด็จพระปรมินทรมหาภูมิพลอดุลยเดช มีพระบรมราชโองการโปรดเกล้าฯ ให้ประกาศว",กฎหมายทั่วไป,พระราชบัญญัติ
kris_ส0053-1B-0001,พระราชบัญญัติสถานพยาบาล พ.ศ. 2541,"[24/3/2541] พระราชบัญญัติสถานพยาบาล พ.ศ. 2541
พระราชบัญญัติว่าด้วยการปรับเป็นพินัย พ.ศ. ๒๕๖๕ พระราชบัญญัติสถานพยาบาล (ฉบับที่ ๒) พ.ศ. ๒๕๔๗ พระราชบัญญัติสถานพยาบาล (ฉบับที่ ๓) พ.ศ. ๒๕๕๕ พระราชบัญญัติสถานพยาบาล (ฉบับที่ ๔) พ.ศ. ๒๕๕๙ ภูมิพลอดุลยเดช ป.ร. ให้ไว",กฎหมายทั่วไป,พระราชบัญญัติ
kris_ส0054-1B-0001,พระราชบัญญัติสถาบันส่งเสริมการสอนวิทยาศาสตร์และเทคโนโลยี พ.ศ. 2541,"[1/9/2541] พระราชบัญญัติสถาบันส่งเสริมการสอนวิทยาศาสตร์และเทคโนโลยี พ.ศ. 2541
พระราชบัญญัติปรับปรุงกระทรวง ทบวง กรม (ฉบับที่ ๑๙) พ.ศ. ๒๕๖๒ พระราชบัญญัติสถาบันส่งเสริมการสอนวิทยาศาสตร์และเทคโนโลยี (ฉบับที่ ๒) พ.ศ. ๒๕๔๘ ภูมิพลอดุลยเดช ป.ร. ให้ไว้ ณ วันที่ ๒๒ สิงหาคม พ.ศ. ๒๕๔๑ เป็นปีที่ ๕๓",กฎหมายทั่วไป,พระราชบัญญัติ
kris_ส0055-1B-0001,พระราชบัญญัติสถาบันพระปกเกล้า พ.ศ. 2541,"[4/9/2541] พระราชบัญญัติสถาบันพระปกเกล้า พ.ศ. 2541
พระราชบัญญัติ สถาบันพระปกเกล้า พ.ศ. ๒๕๔๑ พระราชบัญญัติสถาบันพระปกเกล้า (ฉบับที่ ๒) พ.ศ. ๒๕๔๓ ภูมิพลอดุลยเดช ป.ร. ให้ไว้ ณ วันที่ ๓๐ สิงหาคม พ.ศ. ๒๕๔๑ เป็นปีที่ ๕๓ ในรัชกาลปัจจุบัน พระบาทสมเด็จพระปรมินทรมหาภูมิพ",กฎหมายทั่วไป,พระราชบัญญัติ
kris_ส0056-1B-0001,พระราชบัญญัติสำนักงานศาลรัฐธรรมนูญ พ.ศ. 2542,"[8/4/2542] พระราชบัญญัติสำนักงานศาลรัฐธรรมนูญ พ.ศ. 2542
พระราชบัญญัติ สำนักงานศาลรัฐธรรมนูญ พ.ศ. ๒๕๔๒ พระราชบัญญัติสำนักงานศาลรัฐธรรมนูญ (ฉบับที่ ๒) พ.ศ. ๒๕๖๒ ภูมิพลอดุลยเดช ป.ร. ให้ไว้ ณ วันที่ ๕ เมษายน พ.ศ. ๒๕๔๒ เป็นปีที่ ๕๔ ในรัชกาลปัจจุบัน พระบาทสมเด็จพระปรมินทร",กฎหมายทั่วไป,พระราชบัญญัติ
kris_ส0057-1B-0001,พระราชบัญญัติสหกรณ์ พ.ศ. 2542,"[23/4/2542] พระราชบัญญัติสหกรณ์ พ.ศ. 2542
พระราชบัญญัติปรับปรุงกระทรวง ทบวง กรม (ฉบับที่ ๑๙) พ.ศ. ๒๕๖๒ ภูมิพลอดุลยเดช ป.ร. ให้ไว้ ณ วันที่ ๑๒ เมษายน พ.ศ. ๒๕๔๒ เป็นปีที่ ๕๔ ในรัชกาลปัจจุบัน พระบาทสมเด็จพระปรมินทรมหาภูมิพลอดุลยเดช มีพระบรมราชโองการโปรดเก",กฎหมายทั่วไป,พระราชบัญญัติ
kris_ส0059-1B-0001,พระราชบัญญัติสถาปนิก พ.ศ. 2543,"[20/2/2543] พระราชบัญญัติสถาปนิก พ.ศ. 2543
พระราชบัญญัติแก้ไขเพิ่มเติมบทบัญญัติแห่งกฎหมายที่เกี่ยวกับความรับผิดในทางอาญาของผู้แทนนิติบุคคล พ.ศ. ๒๕๖๐ พระราชบัญญัติสถาปนิก (ฉบับที่ ๒) พ.ศ. ๒๕๖๖ ภูมิพลอดุลยเดช ป.ร. ให้ไว้ ณ วันที่ ๗ กุมภาพันธ์ พ.ศ. ๒๕๔๓ เป",กฎหมายทั่วไป,พระราชบัญญัติ
kris_ส0060-1B-0001,พระราชบัญญัติสงเคราะห์ผู้ประสบภัยเนื่องจากการช่วยเหลือราชการ การปฏิบัติงานของชาติ หรือการปฏิบัติตามหน้าที่มนุษยธรรม พ.ศ. 2543,"[12/5/2543] พระราชบัญญัติสงเคราะห์ผู้ประสบภัยเนื่องจากการช่วยเหลือราชการ การปฏิบัติงานของชาติ หรือการปฏิบัติตามหน้าที่มนุษยธรรม พ.ศ. 2543
พระราชบัญญัติ สงเคราะห์ผู้ประสบภัยเนื่องจากการช่วยเหลือราชการ การปฏิบัติงานของชาติ หรือการปฏิบัติตามหน้าที่มนุษยธรรม พ.ศ. ๒๕๔๓ ภูมิพลอดุลยเดช ป.ร. ให้ไว้ ณ วันที่ ๔ พฤษภาคม พ.ศ. ๒๕๔๓ เป็นปีที่ ๕๕ ในรัชกาลปัจจุบ",กฎหมายทั่วไป,พระราชบัญญัติ
kris_ส0061-1B-0001,พระราชบัญญัติสภาที่ปรึกษาเศรษฐกิจและสังคมแห่งชาติ พ.ศ. 2543 (ยกเลิก),"[19/12/2543] พระราชบัญญัติสภาที่ปรึกษาเศรษฐกิจและสังคมแห่งชาติ พ.ศ. 2543 (ยกเลิก)
พระราชบัญญัติสภาที่ปรึกษาเศรษฐกิจและสังคมแห่งชาติ (ฉบับที่ ๒) พ.ศ. ๒๕๔๗ ภูมิพลอดุลยเดช ป.ร. ให้ไว้ ณ วันที่ ๑๕ พฤศจิกายน พ.ศ. ๒๕๔๓ เป็นปีที่ ๕๕ ในรัชกาลปัจจุบัน พระบาทสมเด็จพระปรมินทรมหาภูมิพลอดุลยเดช มีพระบรมร",กฎหมายทั่วไป,พระราชบัญญัติ
kris_ส0062-1B-0001,พระราชบัญญัติสภาอุตสาหกรรมท่องเที่ยวแห่งประเทศไทย พ.ศ. 2544,"[4/12/2544] พระราชบัญญัติสภาอุตสาหกรรมท่องเที่ยวแห่งประเทศไทย พ.ศ. 2544
พระราชบัญญัติว่าด้วยการปรับเป็นพินัย พ.ศ. ๒๕๖๕ ภูมิพลอดุลยเดช ป.ร. ให้ไว้ ณ วันที่ ๒ ธันวาคม พ.ศ. ๒๕๔๔ เป็นปีที่ ๕๖ ในรัชกาลปัจจุบัน พระบาทสมเด็จพระปรมินทรมหาภูมิพลอดุลยเดช มีพระบรมราชโองการโปรดเกล้าฯ ให้ประกาศ",กฎหมายทั่วไป,พระราชบัญญัติ
kris_ส0063-1B-0001,พระราชบัญญัติส่งเสริมการพัฒนาฝีมือแรงงาน พ.ศ. 2545,"[1/10/2545] พระราชบัญญัติส่งเสริมการพัฒนาฝีมือแรงงาน พ.ศ. 2545
พระราชบัญญัติว่าด้วยการปรับเป็นพินัย พ.ศ. ๒๕๖๕ ภูมิพลอดุลยเดช ป.ร. ให้ไว้ ณ วันที่ ๒๒ กันยายน พ.ศ. ๒๕๔๕ เป็นปีที่ ๕๗ ในรัชกาลปัจจุบัน พระบาทสมเด็จพระปรมินทรมหาภูมิพลอดุลยเดช มีพระบรมราชโองการโปรดเกล้าฯ ให้ประกา",กฎหมายทั่วไป,พระราชบัญญัติ
kris_ส0064-1B-0001,พระราชบัญญัติสภาครูและบุคลากรทางการศึกษา พ.ศ. 2546,"[11/6/2546] พระราชบัญญัติสภาครูและบุคลากรทางการศึกษา พ.ศ. 2546
พระราชบัญญัติ สภาครูและบุคลากรทางการศึกษา พ.ศ. ๒๕๔๖ ภูมิพลอดุลยเดช ป.ร. ให้ไว้ ณ วันที่ ๒๔ พฤษภาคม พ.ศ. ๒๕๔๖ เป็นปีที่ ๕๘ ในรัชกาลปัจจุบัน พระบาทสมเด็จพระปรมินทรมหาภูมิพลอดุลยเดช มีพระบรมราชโองการโปรดเกล้าฯ ให้",กฎหมายทั่วไป,พระราชบัญญัติ
kris_ส0065-1B-0001,พระราชบัญญัติสัญญาซื้อขายล่วงหน้า พ.ศ. 2546,"[10/7/2546] พระราชบัญญัติสัญญาซื้อขายล่วงหน้า พ.ศ. 2546
พระราชบัญญัติแก้ไขเพิ่มเติมบทบัญญัติแห่งกฎหมายที่เกี่ยวกับความรับผิดในทางอาญาของผู้แทนนิติบุคคล พ.ศ. ๒๕๖๐   พระราชบัญญัติสัญญาซื้อขายล่วงหน้า (ฉบับที่ ๒) พ.ศ. ๒๕๕๑   ภูมิพลอดุลยเดช ป.ร. ให้ไว้ ณ วันที่ ๓ กรกฎาค",กฎหมายทั่วไป,พระราชบัญญัติ
kris_ส0066-1B-0001,พระราชบัญญัติส่งเสริมการจัดสวัสดิการสังคม พ.ศ. 2546,"[1/10/2546] พระราชบัญญัติส่งเสริมการจัดสวัสดิการสังคม พ.ศ. 2546
พระราชบัญญัติ ส่งเสริมการจัดสวัสดิการสังคม พ.ศ. ๒๕๔๖ พระราชบัญญัติส่งเสริมการจัดสวัสดิการสังคม (ฉบับที่ ๒) พ.ศ. ๒๕๕๐ ภูมิพลอดุลยเดช ป.ร. ให้ไว้ ณ วันที่ ๒๔ กันยายน พ.ศ. ๒๕๔๖ เป็นปีที่ ๕๘ ในรัชกาลปัจจุบัน พระบาท",กฎหมายทั่วไป,พระราชบัญญัติ
kris_ส0020-1B-0001,พระราชบัญญัติสถาบันอุดมศึกษาเอกชน พ.ศ. 2546,"[30/10/2546] พระราชบัญญัติสถาบันอุดมศึกษาเอกชน พ.ศ. 2546
พระราชบัญญัติว่าด้วยการปรับเป็นพินัย พ.ศ. ๒๕๖๕ พระราชบัญญัติสถาบันอุดมศึกษาเอกชน (ฉบับที่ ๒) พ.ศ. ๒๕๕๐ *พระราชบัญญัติสถาบันอุดมศึกษาเอกชน (ฉบับที่ ๓) พ.ศ. ๒๕๖๒ ภูมิพลอดุลยเดช ป.ร. ให้ไว้ ณ วันที่ ๑๓ ตุลาคม พ.ศ.",กฎหมายทั่วไป,พระราชบัญญัติ
kris_ส0001-1B-0001,พระราชบัญญัติสงเคราะห์ข้าราชการผู้ได้รับอันตรายหรือการป่วยเจ็บเพราะเหตุปฏิบัติราชการ พ.ศ. 2546,"[31/12/2546] พระราชบัญญัติสงเคราะห์ข้าราชการผู้ได้รับอันตรายหรือการป่วยเจ็บเพราะเหตุปฏิบัติราชการ พ.ศ. 2546
พระราชบัญญัติ สงเคราะห์ข้าราชการผู้ได้รับอันตรายหรือการป่วยเจ็บเพราะเหตุปฏิบัติราชการ พ.ศ. ๒๕๔๖ ภูมิพลอดุลยเดช ป.ร. ให้ไว้ ณ วันที่ ๒๒ ธันวาคม พ.ศ. ๒๕๔๖ เป็นปีที่ ๕๘ ในรัชกาลปัจจุบัน พระบาทสมเด็จพระปรมินทรมหาภู",กฎหมายทั่วไป,พระราชบัญญัติ
kris_ส0069-1B-0001,พระราชบัญญัติส่งเสริมวิสาหกิจชุมชน พ.ศ. 2548,"[18/1/2548] พระราชบัญญัติส่งเสริมวิสาหกิจชุมชน พ.ศ. 2548
พระราชบัญญัติ ส่งเสริมวิสาหกิจชุมชน พ.ศ. ๒๕๔๘ พระราชบัญญัติส่งเสริมวิสาหกิจชุมชน (ฉบับที่ ๒) พ.ศ. ๒๕๖๒ ภูมิพลอดุลยเดช ป.ร. ให้ไว้ ณ วันที่ ๘ มกราคม พ.ศ. ๒๕๔๘ เป็นปีที่ ๖๐ ในรัชกาลปัจจุบัน พระบาทสมเด็จพระปรมินทร",กฎหมายทั่วไป,พระราชบัญญัติ
kris_ส0068-1B-0001,พระราชบัญญัติสถาบันการพลศึกษา พ.ศ. 2548 (ยกเลิก),"[4/2/2548] พระราชบัญญัติสถาบันการพลศึกษา พ.ศ. 2548 (ยกเลิก)
พระราชบัญญัติ สถาบันการพลศึกษา พ.ศ. ๒๕๔๘ (ยกเลิก) พระราชบัญญัติสถาบันการพลศึกษา (ฉบับที่ ๒) พ.ศ. ๒๕๕๕ ภูมิพลอดุลยเดช ป.ร. ให้ไว้ ณ วันที่ ๓๑ มกราคม พ.ศ. ๒๕๔๘ เป็นปีที่ ๖๐ ในรัชกาลปัจจุบัน พระบาทสมเด็จพระปรมินทร",กฎหมายทั่วไป,พระราชบัญญัติ
kris_ส0071-1B-0001,พระราชบัญญัติสุขภาพแห่งชาติ พ.ศ. 2550,"[19/3/2550] พระราชบัญญัติสุขภาพแห่งชาติ พ.ศ. 2550
พระราชบัญญัติสุขภาพแห่งชาติ (ฉบับที่ ๒) พ.ศ. ๒๕๕๓ ภูมิพลอดุลยเดช ป.ร. ให้ไว้ ณ วันที่ ๓ มีนาคม พ.ศ. ๒๕๕๐ เป็นปีที่ ๖๒ ในรัชกาลปัจจุบัน พระบาทสมเด็จพระปรมินทรมหาภูมิพลอดุลยเดช มีพระบรมราชโองการโปรดเกล้าฯ ให้ประก",กฎหมายทั่วไป,พระราชบัญญัติ
kris_ส0072-1B-0001,พระราชบัญญัติสถาบันบัณฑิตพัฒนศิลป์ พ.ศ. 2550,"[9/7/2550] พระราชบัญญัติสถาบันบัณฑิตพัฒนศิลป์ พ.ศ. 2550
พระราชบัญญัติปรับปรุงกระทรวง ทบวง กรม (ฉบับที่ ๑๙) พ.ศ. ๒๕๖๒ พระราชบัญญัติสถาบันบัณฑิตพัฒนศิลป์ (ฉบับที่ ๒) พ.ศ. ๒๕๕๙ ภูมิพลอดุลยเดช ป.ร. ให้ไว้ ณ วันที่ ๒๗ มิถุนายน พ.ศ. ๒๕๕๐ เป็นปีที่ ๖๒ ในรัชกาลปัจจุบัน พระบ",กฎหมายทั่วไป,พระราชบัญญัติ
kris_ส0073-1B-0001,พระราชบัญญัติสถาบันอนุญาโตตุลาการ พ.ศ. 2550,"[16/7/2550] พระราชบัญญัติสถาบันอนุญาโตตุลาการ พ.ศ. 2550
พระราชบัญญัติ สถาบันอนุญาโตตุลาการ พ.ศ. ๒๕๕๐ ภูมิพลอดุลยเดช ป.ร. ให้ไว้ ณ วันที่ ๒๗ มิถุนายน พ.ศ. ๒๕๕๐ เป็นปีที่ ๖๒ ในรัชกาลปัจจุบัน พระบาทสมเด็จพระปรมินทรมหาภูมิพลอดุลยเดช มีพระบรมราชโองการโปรดเกล้าฯ ให้ประกาศ",กฎหมายทั่วไป,พระราชบัญญัติ
kris_ส0017-1B-0001,พระราชบัญญัติสถิติ พ.ศ. 2550,"[12/9/2550] พระราชบัญญัติสถิติ พ.ศ. 2550
พระราชบัญญัติว่าด้วยการปรับเป็นพินัย พ.ศ. ๒๕๖๕ ภูมิพลอดุลยเดช ป.ร. ให้ไว้ ณ วันที่ ๓๐ สิงหาคม พ.ศ. ๒๕๕๐ เป็นปีที่ ๖๒ ในรัชกาลปัจจุบัน พระบาทสมเด็จพระปรมินทรมหาภูมิพลอดุลยเดช มีพระบรมราชโองการโปรดเกล้าฯ ให้ประกา",กฎหมายทั่วไป,พระราชบัญญัติ
kris_ส0074-1B-0001,พระราชบัญญัติส่งเสริมและพัฒนาคุณภาพชีวิตคนพิการ พ.ศ. 2550,"[27/9/2550] พระราชบัญญัติส่งเสริมและพัฒนาคุณภาพชีวิตคนพิการ พ.ศ. 2550
พระราชบัญญัติว่าด้วยการปรับเป็นพินัย พ.ศ. ๒๕๖๕ พระราชบัญญัติส่งเสริมและพัฒนาคุณภาพชีวิตคนพิการ (ฉบับที่ ๒) พ.ศ. ๒๕๕๖ ภูมิพลอดุลยเดช ป.ร. ให้ไว้ ณ วันที่ ๑๘ กันยายน พ.ศ. ๒๕๕๐ เป็นปีที่ ๖๒ ในรัชกาลปัจจุบัน พระบาท",กฎหมายทั่วไป,พระราชบัญญัติ
kris_ส0036-1B-0002,พระราชบัญญัติส่งเสริมการพัฒนาเด็กและเยาวชนแห่งชาติ พ.ศ. 2550,"[14/1/2551] พระราชบัญญัติส่งเสริมการพัฒนาเด็กและเยาวชนแห่งชาติ พ.ศ. 2550
พระราชบัญญัติ ส่งเสริมการพัฒนาเด็กและเยาวชนแห่งชาติ พ.ศ. ๒๕๕๐  พระราชบัญญัติส่งเสริมการพัฒนาเด็กและเยาวชนแห่งชาติ (ฉบับที่ ๒) พ.ศ. ๒๕๖๐ ภูมิพลอดุลยเดช ป.ร. ให้ไว้ ณ วันที่ ๓๐ ธันวาคม พ.ศ. ๒๕๕๐ เป็นปีที่ ๖๒ ในรั",กฎหมายทั่วไป,พระราชบัญญัติ
kris_ส0075-1B-0001,พระราชบัญญัติสภาพัฒนาการเมือง พ.ศ. 2551 (ยกเลิก),"[29/1/2551] พระราชบัญญัติสภาพัฒนาการเมือง พ.ศ. 2551 (ยกเลิก)
พระราชบัญญัติ สภาพัฒนาการเมือง พ.ศ. ๒๕๕๑ (ยกเลิก) ภูมิพลอดุลยเดช ป.ร. ให้ไว้ ณ วันที่ ๒๓ มกราคม พ.ศ. ๒๕๕๑ เป็นปีที่ ๖๓ ในรัชกาลปัจจุบัน พระบาทสมเด็จพระปรมินทรมหาภูมิพลอดุลยเดช มีพระบรมราชโองการโปรดเกล้าฯ ให้ประ",กฎหมายทั่วไป,พระราชบัญญัติ
kris_ส0077-1B-0001,พระราชบัญญัติสภาองค์กรชุมชน พ.ศ. 2551,"[8/2/2551] พระราชบัญญัติสภาองค์กรชุมชน พ.ศ. 2551
พระราชบัญญัติ สภาองค์กรชุมชน พ.ศ. ๒๕๕๑ ภูมิพลอดุลยเดช ป.ร. ให้ไว้ ณ วันที่ ๓๑ มกราคม พ.ศ. ๒๕๕๑ เป็นปีที่ ๖๓ ในรัชกาลปัจจุบัน พระบาทสมเด็จพระปรมินทรมหาภูมิพลอดุลยเดช มีพระบรมราชโองการโปรดเกล้าฯ ให้ประกาศว่า โดยท",กฎหมายทั่วไป,พระราชบัญญัติ
kris_ส0076-1B-0001,พระราชบัญญัติส่งเสริมวิชาชีพวิทยาศาสตร์และเทคโนโลยี พ.ศ. 2551,"[8/2/2551] พระราชบัญญัติส่งเสริมวิชาชีพวิทยาศาสตร์และเทคโนโลยี พ.ศ. 2551
พระราชบัญญัติ ส่งเสริมวิชาชีพวิทยาศาสตร์และเทคโนโลยี พ.ศ. ๒๕๕๑ ภูมิพลอดุลยเดช ป.ร. ให้ไว้ ณ วันที่ ๓๑ มกราคม พ.ศ. ๒๕๕๑ เป็นปีที่ ๖๓ ในรัชกาลปัจจุบัน พระบาทสมเด็จพระปรมินทรมหาภูมิพลอดุลยเดช มีพระบรมราชโองการโปรด",กฎหมายทั่วไป,พระราชบัญญัติ
kris_ส0005-1B-0001,พระราชบัญญัติส่งผู้ร้ายข้ามแดน พ.ศ. 2551,"[11/2/2551] พระราชบัญญัติส่งผู้ร้ายข้ามแดน พ.ศ. 2551
พระราชบัญญัติ ส่งผู้ร้ายข้ามแดน พ.ศ. ๒๕๕๑ ภูมิพลอดุลยเดช ป.ร. ให้ไว้ ณ วันที่ ๓๐ มกราคม พ.ศ. ๒๕๕๑ เป็นปีที่ ๖๓ ในรัชกาลปัจจุบัน พระบาทสมเด็จพระปรมินทรมหาภูมิพลอดุลยเดช มีพระบรมราชโองการโปรดเกล้าฯ ให้ประกาศว่า โ",กฎหมายทั่วไป,พระราชบัญญัติ
kris_ส0078-1B-0002,พระราชบัญญัติสถาบันคุ้มครองเงินฝาก พ.ศ. 2551,"[13/2/2551] พระราชบัญญัติสถาบันคุ้มครองเงินฝาก พ.ศ. 2551
พระราชบัญญัติว่าด้วยการปรับเป็นพินัย พ.ศ. ๒๕๖๕ พระราชบัญญัติสถาบันคุ้มครองเงินฝาก (ฉบับที่ ๒) พ.ศ. ๒๕๖๐ ภูมิพลอดุลยเดช ป.ร. ให้ไว้ ณ วันที่ ๖ กุมภาพันธ์ พ.ศ. ๒๕๕๑ เป็นปีที่ ๖๓ ในรัชกาลปัจจุบัน พระบาทสมเด็จพระปร",กฎหมายทั่วไป,พระราชบัญญัติ
kris_ส0079-1B-0001,พระราชบัญญัติสุขภาพจิต พ.ศ. 2551,"[20/2/2551] พระราชบัญญัติสุขภาพจิต พ.ศ. 2551
พระราชบัญญัติ สุขภาพจิต พ.ศ. ๒๕๕๑ พระราชบัญญัติสุขภาพจิต (ฉบับที่ ๒) พ.ศ. ๒๕๖๒ ภูมิพลอดุลยเดช ป.ร. ให้ไว้ ณ วันที่ ๑๓ กุมภาพันธ์ พ.ศ. ๒๕๕๑ เป็นปีที่ ๖๓ ในรัชกาลปัจจุบัน พระบาทสมเด็จพระปรมินทรมหาภูมิพลอดุลยเดช ม",กฎหมายทั่วไป,พระราชบัญญัติ
kris_ส0080-1B-0001,พระราชบัญญัติส่งเสริมการศึกษานอกระบบและการศึกษาตามอัธยาศัย พ.ศ. 2551 (ยกเลิก),"[3/3/2551] พระราชบัญญัติส่งเสริมการศึกษานอกระบบและการศึกษาตามอัธยาศัย พ.ศ. 2551 (ยกเลิก)
พระราชบัญญัติ ส่งเสริมการศึกษานอกระบบและการศึกษาตามอัธยาศัย พ.ศ. ๒๕๕๑ (ยกเลิก) ภูมิพลอดุลยเดช ป.ร. ให้ไว้ ณ วันที่ ๑๙ กุมภาพันธ์ พ.ศ. ๒๕๕๑ เป็นปีที่ ๖๓ ในรัชกาลปัจจุบัน พระบาทสมเด็จพระปรมินทรมหาภูมิพลอดุลยเดช ม",กฎหมายทั่วไป,พระราชบัญญัติ
kris_ส0081-1B-0001,พระราชบัญญัติส่งเสริมศิลปะร่วมสมัย พ.ศ. 2551,"[6/3/2551] พระราชบัญญัติส่งเสริมศิลปะร่วมสมัย พ.ศ. 2551
พระราชบัญญัติ ส่งเสริมศิลปะร่วมสมัย พ.ศ. ๒๕๕๑ ภูมิพลอดุลยเดช ป.ร. ให้ไว้ ณ วันที่ ๒๓ กุมภาพันธ์ พ.ศ. ๒๕๕๑ เป็นปีที่ ๖๓ ในรัชกาลปัจจุบัน พระบาทสมเด็จพระปรมินทรมหาภูมิพลอดุลยเดช มีพระบรมราชโองการโปรดเกล้าฯ ให้ประ",กฎหมายทั่วไป,พระราชบัญญัติ
kris_ส0082-1B-0001,พระราชบัญญัติสถาบันเทคโนโลยีพระจอมเกล้าเจ้าคุณทหารลาดกระบัง พ.ศ. 2551,"[7/3/2551] พระราชบัญญัติสถาบันเทคโนโลยีพระจอมเกล้าเจ้าคุณทหารลาดกระบัง พ.ศ. 2551
พระราชบัญญัติปรับปรุงกระทรวง ทบวง กรม (ฉบับที่ ๑๙) พ.ศ. ๒๕๖๒ ภูมิพลอดุลยเดช ป.ร. ให้ไว้ ณ วันที่ ๒๗ กุมภาพันธ์ พ.ศ. ๒๕๕๑ เป็นปีที่ ๖๓ ในรัชกาลปัจจุบัน พระบาทสมเด็จพระปรมินทรมหาภูมิพลอดุลยเดช มีพระบรมราชโองการโป",กฎหมายทั่วไป,พระราชบัญญัติ
kris_ส0083-1B-0002,พระราชบัญญัติสำนักงานผู้ตรวจการแผ่นดิน พ.ศ. 2552 (ยกเลิก),"[13/11/2552] พระราชบัญญัติสำนักงานผู้ตรวจการแผ่นดิน พ.ศ. 2552 (ยกเลิก)
พระราชบัญญัติ สำนักงานผู้ตรวจการแผ่นดิน พ.ศ. ๒๕๕๒ ภูมิพลอดุลยเดช ป.ร. ให้ไว้ ณ วันที่ ๒๙ ตุลาคม พ.ศ. ๒๕๕๒ เป็นปีที่ ๖๔ ในรัชกาลปัจจุบัน พระบาทสมเด็จพระปรมินทรมหาภูมิพลอดุลยเดช มีพระบรมราชโองการโปรดเกล้าฯ ให้ประ",กฎหมายทั่วไป,พระราชบัญญัติ
kris_ส0084-1B-0001,พระราชบัญญัติสภาเกษตรกรแห่งชาติ พ.ศ. 2553,"[19/11/2553] พระราชบัญญัติสภาเกษตรกรแห่งชาติ พ.ศ. 2553
พระราชบัญญัติ สภาเกษตรกรแห่งชาติ พ.ศ. ๒๕๕๓ ภูมิพลอดุลยเดช ป.ร. ให้ไว้ ณ วันที่ ๑๖ พฤศจิกายน พ.ศ. ๒๕๕๓ เป็นปีที่ ๖๕ ในรัชกาลปัจจุบัน พระบาทสมเด็จพระปรมินทรมหาภูมิพลอดุลยเดช มีพระบรมราชโองการโปรดเกล้าฯ ให้ประกาศว",กฎหมายทั่วไป,พระราชบัญญัติ
kris_ส0085-1B-0001,พระราชบัญญัติสถาบันดนตรีกัลยาณิวัฒนา พ.ศ. 2555,"[25/5/2555] พระราชบัญญัติสถาบันดนตรีกัลยาณิวัฒนา พ.ศ. 2555
พระราชบัญญัติปรับปรุงกระทรวง ทบวง กรม (ฉบับที่ ๑๙) พ.ศ. ๒๕๖๒ ภูมิพลอดุลยเดช ป.ร. ให้ไว้ ณ วันที่ ๑๑ พฤษภาคม พ.ศ. ๒๕๕๕ เป็นปีที่ ๖๗ ในรัชกาลปัจจุบัน พระบาทสมเด็จพระปรมินทรมหาภูมิพลอดุลยเดช มีพระบรมราชโองการโปรดเ",กฎหมายทั่วไป,พระราชบัญญัติ
kris_ส0086-1B-0001,พระราชบัญญัติส่งเสริมกีฬาอาชีพ พ.ศ. 2556,"[16/12/2556] พระราชบัญญัติส่งเสริมกีฬาอาชีพ พ.ศ. 2556
คำสั่งหัวหน้าคณะรักษาความสงบแห่งชาติ ที่ ๖๓/๒๕๕๙ เรื่อง การส่งเสริม สนับสนุน และปฏิรูปการกีฬาของประเทศ ภูมิพลอดุลยเดช ป.ร. ให้ไว้ ณ วันที่ ๒๙ พฤศจิกายน พ.ศ. ๒๕๕๖ เป็นปีที่ ๖๘ ในรัชกาลปัจจุบัน พระบาทสมเด็จพระปรม",กฎหมายทั่วไป,พระราชบัญญัติ
kris_ส0087-1B-0001,พระราชบัญญัติสัตว์เพื่องานทางวิทยาศาสตร์ พ.ศ. 2558,"[13/3/2558] พระราชบัญญัติสัตว์เพื่องานทางวิทยาศาสตร์ พ.ศ. 2558
พระราชบัญญัติว่าด้วยการปรับเป็นพินัย พ.ศ. ๒๕๖๕ ภูมิพลอดุลยเดช ป.ร. ให้ไว้ ณ วันที่ ๘ มีนาคม พ.ศ. ๒๕๕๘ เป็นปีที่ ๗๐ ในรัชกาลปัจจุบัน พระบาทสมเด็จพระปรมินทรมหาภูมิพลอดุลยเดช มีพระบรมราชโองการโปรดเกล้าฯ ให้ประกาศว",กฎหมายทั่วไป,พระราชบัญญัติ
kris_ส0088-1B-0001,พระราชบัญญัติส่งเสริมการบริหารจัดการทรัพยากรทางทะเลและชายฝั่ง พ.ศ. 2558,"[26/3/2558] พระราชบัญญัติส่งเสริมการบริหารจัดการทรัพยากรทางทะเลและชายฝั่ง พ.ศ. 2558
พระราชบัญญัติ ส่งเสริมการบริหารจัดการทรัพยากรทางทะเลและชายฝั่ง พ.ศ. ๒๕๕๘ ภูมิพลอดุลยเดช ป.ร. ให้ไว้ ณ วันที่ ๒๐ มีนาคม พ.ศ. ๒๕๕๘ เป็นปีที่ ๗๐ ในรัชกาลปัจจุบัน พระบาทสมเด็จพระปรมินทรมหาภูมิพลอดุลยเดช มีพระบรมราช",กฎหมายทั่วไป,พระราชบัญญัติ
kris_ส0089-1B-0001,พระราชบัญญัติสถาบันวิทยาลัยชุมชน พ.ศ. 2558,"[10/4/2558] พระราชบัญญัติสถาบันวิทยาลัยชุมชน พ.ศ. 2558
พระราชบัญญัติระเบียบบริหารราชการกระทรวงการอุดมศึกษา วิทยาศาสตร์ วิจัยและนวัตกรรม พ.ศ. ๒๕๖๒  พระราชบัญญัติสถาบันวิทยาลัยชุมชน (ฉบับที่ ๒) พ.ศ. ๒๕๖๑ ภูมิพลอดุลยเดช ป.ร. ให้ไว้ ณ วันที่ ๗ เมษายน พ.ศ. ๒๕๕๘ เป็นปีที",กฎหมายทั่วไป,พระราชบัญญัติ
kris_ส0090-1B-0001,พระราชบัญญัติส่งเสริมและรักษามรดกภูมิปัญญาทางวัฒนธรรม พ.ศ. 2559,"[1/3/2559] พระราชบัญญัติส่งเสริมและรักษามรดกภูมิปัญญาทางวัฒนธรรม พ.ศ. 2559
พระราชบัญญัติ ส่งเสริมและรักษามรดกภูมิปัญญาทางวัฒนธรรม พ.ศ. ๒๕๕๙ ภูมิพลอดุลยเดช ป.ร. ให้ไว้ ณ วันที่ ๑๑ กุมภาพันธ์ พ.ศ. ๒๕๕๙ เป็นปีที่ ๗๑ ในรัชกาลปัจจุบัน พระบาทสมเด็จพระปรมินทรมหาภูมิพลอดุลยเดช มีพระบรมราชโองก",กฎหมายทั่วไป,พระราชบัญญัติ
kris_ส0008-1B-0001,พระราชบัญญัติส่งเสริมและรักษาคุณภาพสิ่งแวดล้อมแห่งชาติ พ.ศ. 2535,"[1/3/2559] พระราชบัญญัติส่งเสริมและรักษาคุณภาพสิ่งแวดล้อมแห่งชาติ พ.ศ. 2535
พระราชบัญญัติว่าด้วยการปรับเป็นพินัย พ.ศ. ๒๕๖๕ พระราชบัญญัติส่งเสริมและรักษาคุณภาพสิ่งแวดล้อมแห่งชาติ (ฉบับที่ ๒) พ.ศ. ๒๕๖๑ ภูมิพลอดุลยเดช ป.ร. ให้ไว้ ณ วันที่ ๒๙ มีนาคม พ.ศ. ๒๕๓๕ เป็นปีที่ ๔๗ ในรัชกาลปัจจุบัน",กฎหมายทั่วไป,พระราชบัญญัติ
kris_ส0091-1B-0001,พระราชบัญญัติสถานประกอบการเพื่อสุขภาพ พ.ศ. 2559,"[31/3/2559] พระราชบัญญัติสถานประกอบการเพื่อสุขภาพ พ.ศ. 2559
พระราชบัญญัติว่าด้วยการปรับเป็นพินัย พ.ศ. ๒๕๖๕ พระราชบัญญัติสถานประกอบการเพื่อสุขภาพ (ฉบับที่ ๒) พ.ศ. ๒๕๖๒ ภูมิพลอดุลยเดช ป.ร. ให้ไว้ ณ วันที่ ๓๐ มีนาคม พ.ศ. ๒๕๕๙ เป็นปีที่ ๗๑ ในรัชกาลปัจจุบัน พระบาทสมเด็จพระปร",กฎหมายทั่วไป,พระราชบัญญัติ
kris_ส0019-1B-0001,พระราชบัญญัติสภาความมั่นคงแห่งชาติ พ.ศ. 2559,"[26/9/2559] พระราชบัญญัติสภาความมั่นคงแห่งชาติ พ.ศ. 2559
พระราชบัญญัติ สภาความมั่นคงแห่งชาติ พ.ศ. ๒๕๕๙ ภูมิพลอดุลยเดช ป.ร. ให้ไว้ ณ วันที่ ๒๖ กันยายน พ.ศ. ๒๕๕๙ เป็นปีที่ ๗๑ ในรัชกาลปัจจุบัน พระบาทสมเด็จพระปรมินทรมหาภูมิพลอดุลยเดช มีพระบรมราชโองการโปรดเกล้าฯ ให้ประกาศ",กฎหมายทั่วไป,พระราชบัญญัติ
kris_ส0093-1B-0001,พระราชบัญญัติส่งเสริมและพัฒนาระบบเกษตรพันธสัญญา พ.ศ. 2560,"[26/5/2560] พระราชบัญญัติส่งเสริมและพัฒนาระบบเกษตรพันธสัญญา พ.ศ. 2560
พระราชบัญญัติว่าด้วยการปรับเป็นพินัย พ.ศ. ๒๕๖๕ สมเด็จพระเจ้าอยู่หัวมหาวชิราลงกรณ บดินทรเทพยวรางกูร ให้ไว้ ณ วันที่ ๒๒ พฤษภาคม พ.ศ. ๒๕๖๐ เป็นปีที่ ๒ ในรัชกาลปัจจุบัน สมเด็จพระเจ้าอยู่หัวมหาวชิราลงกรณ บดินทรเทพยว",กฎหมายทั่วไป,พระราชบัญญัติ
kris_ส0094-1B-0001,พระราชบัญญัติสถาบันเทคโนโลยีจิตรลดา พ.ศ. 2561,"[13/8/2561] พระราชบัญญัติสถาบันเทคโนโลยีจิตรลดา พ.ศ. 2561
พระราชบัญญัติปรับปรุงกระทรวง ทบวง กรม (ฉบับที่ ๑๙) พ.ศ. ๒๕๖๒ สมเด็จพระเจ้าอยู่หัวมหาวชิราลงกรณ บดินทรเทพยวรางกูร ให้ไว้ ณ วันที่ ๑๐ สิงหาคม พ.ศ. ๒๕๖๑ เป็นปีที่ ๓ ในรัชกาลปัจจุบัน สมเด็จพระเจ้าอยู่หัวมหาวชิราลงก",กฎหมายทั่วไป,พระราชบัญญัติ
kris_ส0095-1B-0001,พระราชบัญญัติสภาพัฒนาการเศรษฐกิจและสังคมแห่งชาติ พ.ศ. 2561,"[28/12/2561] พระราชบัญญัติสภาพัฒนาการเศรษฐกิจและสังคมแห่งชาติ พ.ศ. 2561
พระราชบัญญัติ สภาพัฒนาการเศรษฐกิจและสังคมแห่งชาติ พ.ศ. ๒๕๖๑  สมเด็จพระเจ้าอยู่หัวมหาวชิราลงกรณ บดินทรเทพยวรางกูร ให้ไว้ ณ วันที่ ๒๕ ธันวาคม พ.ศ. ๒๕๖๑ เป็นปีที่ ๓ ในรัชกาลปัจจุบัน สมเด็จพระเจ้าอยู่หัวมหาวชิราลงก",กฎหมายทั่วไป,พระราชบัญญัติ
kris_ส0096-1B-0001,พระราชบัญญัติสถาบันพระบรมราชชนก พ.ศ. 2562,"[5/4/2562] พระราชบัญญัติสถาบันพระบรมราชชนก พ.ศ. 2562
พระราชบัญญัติ สถาบันพระบรมราชชนก พ.ศ. ๒๕๖๒ สมเด็จพระเจ้าอยู่หัวมหาวชิราลงกรณ บดินทรเทพยวรางกูร ให้ไว้ ณ วันที่ ๔ เมษายน พ.ศ. ๒๕๖๒ เป็นปีที่ ๔ ในรัชกาลปัจจุบัน สมเด็จพระเจ้าอยู่หัวมหาวชิราลงกรณ บดินทรเทพยวรางกูร",กฎหมายทั่วไป,พระราชบัญญัติ
kris_ส0097-1B-0001,พระราชบัญญัติสำนักงานพัฒนาธุรกรรมทางอิเล็กทรอนิกส์ พ.ศ. 2562,"[14/4/2562] พระราชบัญญัติสำนักงานพัฒนาธุรกรรมทางอิเล็กทรอนิกส์ พ.ศ. 2562
พระราชบัญญัติ สำนักงานพัฒนาธุรกรรมทางอิเล็กทรอนิกส์ พ.ศ. ๒๕๖๒ สมเด็จพระเจ้าอยู่หัวมหาวชิราลงกรณ บดินทรเทพยวรางกูร ให้ไว้ ณ วันที่ ๑๒ เมษายน พ.ศ. ๒๕๖๒ เป็นปีที่ ๔ ในรัชกาลปัจจุบัน สมเด็จพระเจ้าอยู่หัวมหาวชิราลงก",กฎหมายทั่วไป,พระราชบัญญัติ
kris_ส0015-1B-0001,พระราชบัญญัติสถาบันบัณฑิตพัฒนบริหารศาสตร์ พ.ศ. 2562,"[16/4/2562] พระราชบัญญัติสถาบันบัณฑิตพัฒนบริหารศาสตร์ พ.ศ. 2562
พระราชบัญญัติปรับปรุงกระทรวง ทบวง กรม (ฉบับที่ ๑๙) พ.ศ. ๒๕๖๒ สมเด็จพระเจ้าอยู่หัวมหาวชิราลงกรณ บดินทรเทพยวรางกูร ให้ไว้ ณ วันที่ ๑๕ เมษายน พ.ศ. ๒๕๖๒ เป็นปีที่ ๔ ในรัชกาลปัจจุบัน สมเด็จพระเจ้าอยู่หัวมหาวชิราลงกร",กฎหมายทั่วไป,พระราชบัญญัติ
kris_ส0098-1B-0001,พระราชบัญญัติสถาบันการเงินประชาชน พ.ศ. 2562,"[30/4/2562] พระราชบัญญัติสถาบันการเงินประชาชน พ.ศ. 2562
พระราชบัญญัติ สถาบันการเงินประชาชน พ.ศ. ๒๕๖๒ สมเด็จพระเจ้าอยู่หัวมหาวชิราลงกรณ บดินทรเทพยวรางกูร ให้ไว้ ณ วันที่ ๒๖ เมษายน พ.ศ. ๒๕๖๒ เป็นปีที่ ๔ ในรัชกาลปัจจุบัน สมเด็จพระเจ้าอยู่หัวมหาวชิราลงกรณ บดินทรเทพยวราง",กฎหมายทั่วไป,พระราชบัญญัติ
kris_ส0099-1B-0001,พระราชบัญญัติสภาดิจิทัลเพื่อเศรษฐกิจและสังคมแห่งประเทศไทย พ.ศ. 2562,"[30/4/2562] พระราชบัญญัติสภาดิจิทัลเพื่อเศรษฐกิจและสังคมแห่งประเทศไทย พ.ศ. 2562
พระราชบัญญัติว่าด้วยการปรับเป็นพินัย พ.ศ. ๒๕๖๕ สมเด็จพระเจ้าอยู่หัวมหาวชิราลงกรณ บดินทรเทพยวรางกูร ให้ไว้ ณ วันที่ ๒๖ เมษายน พ.ศ. ๒๕๖๒ เป็นปีที่ ๔ ในรัชกาลปัจจุบัน สมเด็จพระเจ้าอยู่หัวมหาวชิราลงกรณ บดินทรเทพยวร",กฎหมายทั่วไป,พระราชบัญญัติ
kris_ส0100-1B-0001,พระราชบัญญัติสภานโยบายการอุดมศึกษา วิทยาศาสตร์ วิจัยและนวัตกรรมแห่งชาติ พ.ศ. 2562,"[1/5/2562] พระราชบัญญัติสภานโยบายการอุดมศึกษา วิทยาศาสตร์ วิจัยและนวัตกรรมแห่งชาติ พ.ศ. 2562
พระราชบัญญัติ สภานโยบายการอุดมศึกษา วิทยาศาสตร์ วิจัยและนวัตกรรมแห่งชาติ พ.ศ. ๒๕๖๒ พระราชบัญญัติสภานโยบายการอุดมศึกษา วิทยาศาสตร์ วิจัยและนวัตกรรมแห่งชาติ (ฉบับที่ ๒) พ.ศ. ๒๕๖๘ สมเด็จพระเจ้าอยู่หัวมหาวชิราลงกรณ",กฎหมายทั่วไป,พระราชบัญญัติ
kris_ส0067-1B-0001,พระราชบัญญัติสถาบันเทคโนโลยีปทุมวัน พ.ศ. 2547,"[1/5/2562] พระราชบัญญัติสถาบันเทคโนโลยีปทุมวัน พ.ศ. 2547
พระราชบัญญัติระเบียบบริหารราชการกระทรวงการอุดมศึกษา วิทยาศาสตร์ วิจัยและนวัตกรรม พ.ศ. ๒๕๖๒ ภูมิพลอดุลยเดช ป.ร. ให้ไว้ ณ วันที่ ๓๐ พฤศจิกายน พ.ศ. ๒๕๔๗ เป็นปีที่ ๕๙ ในรัชกาลปัจจุบัน พระบาทสมเด็จพระปรมินทรมหาภูมิพ",กฎหมายทั่วไป,พระราชบัญญัติ
kris_ส0101-1B-0001,พระราชบัญญัติส่งเสริมวิสาหกิจเพื่อสังคม พ.ศ. 2562,"[22/5/2562] พระราชบัญญัติส่งเสริมวิสาหกิจเพื่อสังคม พ.ศ. 2562
พระราชบัญญัติว่าด้วยการปรับเป็นพินัย พ.ศ. ๒๕๖๕ พระบาทสมเด็จพระปรเมนทรรามาธิบดีศรีสินทรมหาวชิราลงกรณ พระวชิรเกล้าเจ้าอยู่หัว ให้ไว้ ณ วันที่ ๑๙ พฤษภาคม พ.ศ. ๒๕๖๒ เป็นปีที่ ๔ ในรัชกาลปัจจุบัน พระบาทสมเด็จพระปรเมน",กฎหมายทั่วไป,พระราชบัญญัติ
kris_ส0102-1B-0001,พระราชบัญญัติส่งเสริมการพัฒนาและคุ้มครองสถาบันครอบครัว พ.ศ. 2562,"[22/5/2562] พระราชบัญญัติส่งเสริมการพัฒนาและคุ้มครองสถาบันครอบครัว พ.ศ. 2562
พระราชบัญญัติว่าด้วยการปรับเป็นพินัย พ.ศ. ๒๕๖๕ พระบาทสมเด็จพระปรเมนทรรามาธิบดีศรีสินทรมหาวชิราลงกรณ พระวชิรเกล้าเจ้าอยู่หัว ให้ไว้ ณ วันที่ ๑๙ พฤษภาคม พ.ศ. ๒๕๖๒ เป็นปีที่ ๔ ในรัชกาลปัจจุบัน พระบาทสมเด็จพระปรเมน",กฎหมายทั่วไป,พระราชบัญญัติ
kris_ส0004-1B-0001,พระราชบัญญัติสงวนและคุ้มครองสัตว์ป่า พ.ศ. 2562,"[29/5/2562] พระราชบัญญัติสงวนและคุ้มครองสัตว์ป่า พ.ศ. 2562
พระราชกฤษฎีกากำหนดให้สัตว์ป่าบางชนิดเป็นสัตว์ป่าสงวนพ.ศ. ๒๕๖๗ พระบาทสมเด็จพระปรเมนทรรามาธิบดีศรีสินทรมหาวชิราลงกรณ พระวชิรเกล้าเจ้าอยู่หัว ให้ไว้ ณ วันที่ ๒๔ พฤษภาคม พ.ศ. ๒๕๖๒ เป็นปีที่ ๔ ในรัชกาลปัจจุบัน พระบา",กฎหมายทั่วไป,พระราชบัญญัติ
kris_ส0103-1B-0001,พระราชบัญญัติส่งเสริมการใช้ประโยชน์ผลงานวิจัยและนวัตกรรม พ.ศ. 2564,"[8/11/2564] พระราชบัญญัติส่งเสริมการใช้ประโยชน์ผลงานวิจัยและนวัตกรรม พ.ศ. 2564
พระราชบัญญัติ ส่งเสริมการใช้ประโยชน์ผลงานวิจัยและนวัตกรรม พ.ศ. ๒๕๖๔ พระบาทสมเด็จพระปรเมนทรรามาธิบดีศรีสินทรมหาวชิราลงกรณ พระวชิรเกล้าเจ้าอยู่หัว ให้ไว้ ณ วันที่ ๗ พฤศจิกายน พ.ศ. ๒๕๖๔ เป็นปีที่ ๖ ในรัชกาลปัจจุบั",กฎหมายทั่วไป,พระราชบัญญัติ
kris_ส0058-1B-0001,พระราชบัญญัติส่งเสริมวิสาหกิจขนาดกลางและขนาดย่อม พ.ศ. 2543,"[25/10/2565] พระราชบัญญัติส่งเสริมวิสาหกิจขนาดกลางและขนาดย่อม พ.ศ. 2543
พระราชบัญญัติว่าด้วยการปรับเป็นพินัย พ.ศ. ๒๕๖๕ ภูมิพลอดุลยเดช ป.ร. ให้ไว้ ณ วันที่ ๖ กุมภาพันธ์ พ.ศ. ๒๕๔๓ เป็นปีที่ ๕๕ ในรัชกาลปัจจุบัน พระบาทสมเด็จพระปรมินทรมหาภูมิพลอดุลยเดช มีพระบรมราชโองการโปรดเกล้าฯให้ประก",กฎหมายทั่วไป,พระราชบัญญัติ
kris_ส0104-1B-0001,พระราชบัญญัติส่งเสริมการเรียนรู้ พ.ศ. 2566,"[19/3/2566] พระราชบัญญัติส่งเสริมการเรียนรู้ พ.ศ. 2566
พระราชบัญญัติ ส่งเสริมการเรียนรู้ พ.ศ. ๒๕๖๖ พระบาทสมเด็จพระปรเมนทรรามาธิบดีศรีสินทรมหาวชิราลงกรณ พระวชิรเกล้าเจ้าอยู่หัว ให้ไว้ ณ วันที่ ๑๘ มีนาคม พ.ศ. ๒๕๖๖ เป็นปีที่ ๘ ในรัชกาลปัจจุบัน พระบาทสมเด็จพระปรเมนทรรา",กฎหมายทั่วไป,พระราชบัญญัติ
kris_ส0053-1B-0001,พระราชบัญญัติสถานพยาบาล พ.ศ. 2541,"[24/3/2541] พระราชบัญญัติสถานพยาบาล พ.ศ. 2541
พระราชบัญญัติว่าด้วยการปรับเป็นพินัย พ.ศ. ๒๕๖๕ พระราชบัญญัติสถานพยาบาล (ฉบับที่ ๒) พ.ศ. ๒๕๔๗ พระราชบัญญัติสถานพยาบาล (ฉบับที่ ๓) พ.ศ. ๒๕๕๕ พระราชบัญญัติสถานพยาบาล (ฉบับที่ ๔) พ.ศ. ๒๕๕๙ ภูมิพลอดุลยเดช ป.ร. ให้ไว",กฎหมายทั่วไป,พระราชบัญญัติ
kris_ส0020-1B-0001,พระราชบัญญัติสถาบันอุดมศึกษาเอกชน พ.ศ. 2546,"[30/10/2546] พระราชบัญญัติสถาบันอุดมศึกษาเอกชน พ.ศ. 2546
พระราชบัญญัติว่าด้วยการปรับเป็นพินัย พ.ศ. ๒๕๖๕ พระราชบัญญัติสถาบันอุดมศึกษาเอกชน (ฉบับที่ ๒) พ.ศ. ๒๕๕๐ *พระราชบัญญัติสถาบันอุดมศึกษาเอกชน (ฉบับที่ ๓) พ.ศ. ๒๕๖๒ ภูมิพลอดุลยเดช ป.ร. ให้ไว้ ณ วันที่ ๑๓ ตุลาคม พ.ศ.",กฎหมายทั่วไป,พระราชบัญญัติ
kris_ส0010-1B-0001,พระราชบัญญัติสถานบริการ พ.ศ. 2509,"[4/10/2509] พระราชบัญญัติสถานบริการ พ.ศ. 2509
พระราชบัญญัติว่าด้วยการปรับเป็นพินัย พ.ศ. ๒๕๖๕ พระราชบัญญัติสถานบริการ (ฉบับที่ ๒) พ.ศ. ๒๕๒๑ พระราชบัญญัติสถานบริการ (ฉบับที่ ๓) พ.ศ. ๒๕๒๕ พระราชบัญญัติสถานบริการ (ฉบับที่ ๔) พ.ศ. ๒๕๔๖ พระราชบัญญัติสถานบริการ (",กฎหมายทั่วไป,พระราชบัญญัติ
kris_ส0064-1B-0001,พระราชบัญญัติสภาครูและบุคลากรทางการศึกษา พ.ศ. 2546,"[11/6/2546] พระราชบัญญัติสภาครูและบุคลากรทางการศึกษา พ.ศ. 2546
พระราชบัญญัติ สภาครูและบุคลากรทางการศึกษา พ.ศ. ๒๕๔๖ ภูมิพลอดุลยเดช ป.ร. ให้ไว้ ณ วันที่ ๒๔ พฤษภาคม พ.ศ. ๒๕๔๖ เป็นปีที่ ๕๘ ในรัชกาลปัจจุบัน พระบาทสมเด็จพระปรมินทรมหาภูมิพลอดุลยเดช มีพระบรมราชโองการโปรดเกล้าฯ ให้",กฎหมายทั่วไป,พระราชบัญญัติ
kris_ส0074-1B-0001,พระราชบัญญัติส่งเสริมและพัฒนาคุณภาพชีวิตคนพิการ พ.ศ. 2550,"[27/9/2550] พระราชบัญญัติส่งเสริมและพัฒนาคุณภาพชีวิตคนพิการ พ.ศ. 2550
พระราชบัญญัติว่าด้วยการปรับเป็นพินัย พ.ศ. ๒๕๖๕ พระราชบัญญัติส่งเสริมและพัฒนาคุณภาพชีวิตคนพิการ (ฉบับที่ ๒) พ.ศ. ๒๕๕๖ ภูมิพลอดุลยเดช ป.ร. ให้ไว้ ณ วันที่ ๑๘ กันยายน พ.ศ. ๒๕๕๐ เป็นปีที่ ๖๒ ในรัชกาลปัจจุบัน พระบาท",กฎหมายทั่วไป,พระราชบัญญัติ
kris_ส0072-1B-0001,พระราชบัญญัติสถาบันบัณฑิตพัฒนศิลป์ พ.ศ. 2550,"[9/7/2550] พระราชบัญญัติสถาบันบัณฑิตพัฒนศิลป์ พ.ศ. 2550
พระราชบัญญัติปรับปรุงกระทรวง ทบวง กรม (ฉบับที่ ๑๙) พ.ศ. ๒๕๖๒ พระราชบัญญัติสถาบันบัณฑิตพัฒนศิลป์ (ฉบับที่ ๒) พ.ศ. ๒๕๕๙ ภูมิพลอดุลยเดช ป.ร. ให้ไว้ ณ วันที่ ๒๗ มิถุนายน พ.ศ. ๒๕๕๐ เป็นปีที่ ๖๒ ในรัชกาลปัจจุบัน พระบ",กฎหมายทั่วไป,พระราชบัญญัติ
kris_ส0076-1B-0001,พระราชบัญญัติส่งเสริมวิชาชีพวิทยาศาสตร์และเทคโนโลยี พ.ศ. 2551,"[8/2/2551] พระราชบัญญัติส่งเสริมวิชาชีพวิทยาศาสตร์และเทคโนโลยี พ.ศ. 2551
พระราชบัญญัติ ส่งเสริมวิชาชีพวิทยาศาสตร์และเทคโนโลยี พ.ศ. ๒๕๕๑ ภูมิพลอดุลยเดช ป.ร. ให้ไว้ ณ วันที่ ๓๑ มกราคม พ.ศ. ๒๕๕๑ เป็นปีที่ ๖๓ ในรัชกาลปัจจุบัน พระบาทสมเด็จพระปรมินทรมหาภูมิพลอดุลยเดช มีพระบรมราชโองการโปรด",กฎหมายทั่วไป,พระราชบัญญัติ
kris_ส0025-1B-0001,พระราชบัญญัติสัญชาติ พ.ศ. 2508,"[4/8/2508] พระราชบัญญัติสัญชาติ พ.ศ. 2508
พระราชบัญญัติ สัญชาติ พ.ศ. ๒๕๐๘ พระราชบัญญัติสัญชาติ (ฉบับที่ ๒) พ.ศ. ๒๕๓๕ พระราชบัญญัติสัญชาติ (ฉบับที่ ๓) พ.ศ. ๒๕๓๕ พระราชบัญญัติสัญชาติ (ฉบับที่ ๔) พ.ศ. ๒๕๕๑ พระราชบัญญัติสัญชาติ (ฉบับที่ ๕) พ.ศ. ๒๕๕๕ ภูมิพล",กฎหมายทั่วไป,พระราชบัญญัติ
kris_ห0037-1B-0002,พระราชบัญญัติเหรียญสำหรับเครื่องราชอิศริยาภรณ์ ช้างเผือกแลมงกุฎสยาม รัตนโกสินทรศก 121,"[20/7/2445] พระราชบัญญัติเหรียญสำหรับเครื่องราชอิศริยาภรณ์ ช้างเผือกแลมงกุฎสยาม รัตนโกสินทรศก 121
พระราชบัญญัติสำหรับเหรียญ เครื่องราชอิศริยาภรณ์ ช้างเผือกและมงกุฎสยาม รัตนโกสินทรศก ๑๒๑ พระบาทสมเด็จพระปรมินทรมหาจุฬาลงกรณ์ พระจุลจอมเกล้าเจ้าแผ่นดินสยาม ทั้งฝ่ายเหนือฝ่ายใต้ และดินแดนทั้งหลายที่ใกล้เคียง คือ ล",กฎหมายทั่วไป,พระราชบัญญัติ
kris_ห0038-1B-0003,พระราชบัญญัติเหรียญทวีธาภิเศกรัชกาลที่ ๔ รัตนโกสินทรศก 122,"[4/10/2446] พระราชบัญญัติเหรียญทวีธาภิเศกรัชกาลที่ ๔ รัตนโกสินทรศก 122
พระราชบัญญัติเหรียญทวีธาภิเศก ศก ๑๒๒ มีพระบรมราชโองการ ในพระบาทสมเด็จพระปรมินทรมหาจุฬาลงกรณ์ พระจุลจอมเกล้าเจ้าอยู่หัว ดำรัสเหนือเกล้าฯ ให้ประกาศพระราชบัญญัติสำหรับเหรียญที่ทรงพระกรุณาโปรดเกล้าฯ ให้สร้างขึ้นในร",กฎหมายทั่วไป,พระราชบัญญัติ
kris_ห0039-1B-0001,พระราชบัญญัติเหรียญรัชมงคล รัตนโกสินทรศก 126,"[8/12/2450] พระราชบัญญัติเหรียญรัชมงคล รัตนโกสินทรศก 126
พระราชบัญญัติเหรียญรัชมงคล รัตนโกสินทรศก ๑๒๖ พระบาทสมเด็จพระปรมินทรมหาจุฬาลงกรณ์ พระจุลจอมเกล้าเจ้าอยู่หัว ผู้ทรงธรรมทศพิธ เสด็จสถิตย์พระที่นั่งอัมพรสถาน มีพระบรมราชการโองการตรัสเหนือเกล้าฯ สั่งว่า จำเดิมแต่เสด",กฎหมายทั่วไป,พระราชบัญญัติ
kris_ยล245-1B-0001,พระราชบัญญัติเหรียญจักรพรรดิมาลา รัตนโกสินทร ศก 130 (ยกเลิก),"[2/9/2454] พระราชบัญญัติเหรียญจักรพรรดิมาลา รัตนโกสินทร ศก 130 (ยกเลิก)
พระราชบัญญัติ เหรียญจักรพรรดิมาลา รัตนโกสินทร ศก ๑๓๐ (ยกเลิก) โปรดดูรายละเอียดของกฎหมายที่เว็บไซต์ราชกิจจานุเบกษา https://ratchakitcha.soc.go.th/",กฎหมายทั่วไป,พระราชบัญญัติ
kris_ห0040-1B-0001,พระราชบัญญัติเหรียญศารทูลมาลา พระพุทธศักราช 2468,"[5/4/2468] พระราชบัญญัติเหรียญศารทูลมาลา พระพุทธศักราช 2468
พระราชบัญญัติเหรียญศารทูลมาลา พระพุทธศักราช ๒๔๖๘ สมเด็จพระรามาธิบดีศรีสินทรมหาวชิราวุธ พระมงกุฎเกล้าเจ้าอยู่หัว มีพระบรมราชโองการดำรัสเหนือเกล้าฯ สั่งว่า นับแต่กาลที่ได้เสด็จเถลิงถวัลยราชสมบัติบรรจบรอบปีที่ ๑๕",กฎหมายทั่วไป,พระราชบัญญัติ
kris_ห0041-1B-0001,พระราชบัญญัติเหรียญรัตนาภรณ์ รัชกาลที่ 7 พุทธศักราช 2469,"[17/10/2469] พระราชบัญญัติเหรียญรัตนาภรณ์ รัชกาลที่ 7 พุทธศักราช 2469
พระราชบัญญัติเหรียญรัตนาภรณ์ รัชกาลที่ ๗ พุทธศักราช ๒๔๖๙ พระบาทสมเด็จพระปรมินทรมหาประชาธิปก พระปกเกล้าเจ้าอยู่หัว มีพระบรมราชโองการดำรัสเหนือเกล้าฯ สั่งว่าเหรียญรัตนาภรณ์ เป็นเหรียญเครื่องหมายในส่วนพระองค์อย่าง",กฎหมายทั่วไป,พระราชบัญญัติ
kris_ยล099-1B-0001,พระราชบัญญัติห้ามเรียกดอกเบี้ยเกินอัตรา พุทธศักราช 2475 (ยกเลิก),"[26/10/2475] พระราชบัญญัติห้ามเรียกดอกเบี้ยเกินอัตรา พุทธศักราช 2475 (ยกเลิก)
พระราชบัญญัติห้ามเรียกดอกเบี้ยเกินอัตราพุทธศักราช ๒๔๗๕ (ยกเลิก) ประชาธิปก ป.ร. พระบาทสมเด็จพระปรมินทรมหาประชาธิปก พระปกเกล้าเจ้าอยู่หัว มีพระบรมราชโองการโปรดเกล้าฯ ให้ประกาศว่า โดยที่สภาผู้แทนราษฎรถวายคำปรึกษาว",กฎหมายทั่วไป,พระราชบัญญัติ
kris_ห0042-1B-0001,พระราชบัญญัติเหรียญพิทักษ์รัฐธรรมนูญ พุทธศักราช 2476,"[9/12/2476] พระราชบัญญัติเหรียญพิทักษ์รัฐธรรมนูญ พุทธศักราช 2476
พระราชบัญญัติ เหรียญพิทักษ์รัฐธรรมนูญ พุทธศักราช ๒๔๗๖ ประชาธิปก ป.ร. พระบาทสมเด็จพระปรมินทรมหาประชาธิปก พระปกเกล้าเจ้าอยู่หัว มีพระบรมราชโองการดำรัสเหนือเกล้าฯ สั่งว่า โดยที่สภาผู้แทนราษฎรถวายคำปรึกษาว่า ในการป",กฎหมายทั่วไป,พระราชบัญญัติ
kris_ห0043-1B-0001,พระราชบัญญัติเหรียญรัตนาภรณ์ รัชกาลที่ 8 พุทธศักราช 2480,"[23/8/2480] พระราชบัญญัติเหรียญรัตนาภรณ์ รัชกาลที่ 8 พุทธศักราช 2480
พระราชบัญญัติ เหรียญรัตนาภรณ์ รัชกาลที่ ๘ พุทธศักราช ๒๔๘๐ ในพระปรมาภิไธยสมเด็จพระเจ้าอยู่หัวอานันทมหิดล คณะผู้สำเร็จราชการแทนพระองค์ (ตามประกาศประธานสภาผู้แทนราษฎร ลงวันที่ ๔ สิงหาคม พุทธศักราช ๒๔๘๐) อาทิตย์ทิพ",กฎหมายทั่วไป,พระราชบัญญัติ
kris_ห0016-1B-0002,พระราชบัญญัติห้ามนำของที่มีการแสดงกำเนิดเป็นเท็จเข้ามา พุทธศักราช 2481,"[17/4/2482] พระราชบัญญัติห้ามนำของที่มีการแสดงกำเนิดเป็นเท็จเข้ามา พุทธศักราช 2481
พระราชบัญญัติ ห้ามนำของที่มีการแสดงกำเนิดเป็นเท็จเข้ามา พุทธศักราช ๒๔๘๑ ในพระปรมาภิไธยสมเด็จพระเจ้าอยู่หัวอานันทมหิดล คณะผู้สำเร็จราชการแทนพระองค์ (ตามประกาศประธานสภาผู้แทนราษฎร ลงวันที่ ๔ สิงหาคม พุทธศักราช ๒๔",กฎหมายทั่วไป,พระราชบัญญัติ
kris_ห0044-1C-0001,พระราชกำหนดเหรียญช่วยราชการเขตต์ภายใน พุทธศักราช 2484,"[8/7/2484] พระราชกำหนดเหรียญช่วยราชการเขตต์ภายใน พุทธศักราช 2484
พระราชบัญญัติแก้ไขเพิ่มเติมพระราชกำหนดเหรียญช่วยราชการเขตภายใน พุทธศักราช ๒๔๘๔ (ฉบับที่ ๒) พุทธศักราช ๒๔๘๕ ในพระปรมาภิไธยสมเด็จพระเจ้าอยู่หัวอานันทมหิดล คณะผู้สำเร็จราชการแทนพระองค์ (ตามประกาศประธานสภาผู้แทนราษ",กฎหมายทั่วไป,พระราชกำหนด
kris_ห0031-1B-0001,พระราชบัญญัติเหรียญราชนิยม พุทธศักราช 2484,"[12/11/2484] พระราชบัญญัติเหรียญราชนิยม พุทธศักราช 2484
พระราชบัญญัติ เหรียญราชนิยม พุทธศักราช ๒๔๘๔ ในพระปรมาภิไธยสมเด็จพระเจ้าอยู่หัวอานันทมหิดล คณะผู้สำเร็จราชการแทนพระองค์ (ตามประกาศประธานสภาผู้แทนราษฎร ลงวันที่ ๔ สิงหาคม พุทธศักราช ๒๔๘๐) อาทิตย์ทิพอาภา พล.อ. พิช",กฎหมายทั่วไป,พระราชบัญญัติ
kris_ห0045-1B-0001,พระราชบัญญัติเหรียญดุษฎีมาลา พุทธศักราช 2484,"[12/11/2484] พระราชบัญญัติเหรียญดุษฎีมาลา พุทธศักราช 2484
พระราชบัญญัติ เหรียญดุษฎีมาลา พุทธศักราช ๒๔๘๔  พระราชบัญญัติเหรียญดุษฎีมาลา (ฉบับที่ ๒) พุทธศักราช ๒๔๘๕ ในพระปรมาภิไธยสมเด็จพระเจ้าอยู่หัวอานันทมหิดล คณะผู้สำเร็จราชการแทนพระองค์ (ตามประกาศประธานสภาผู้แทนราษฎร",กฎหมายทั่วไป,พระราชบัญญัติ
kris_ห0033-1B-0001,พระราชบัญญัติเหรียญจักรมาลาและเหรียญจักรพรรดิมาลา พุทธศักราช ๒๔๘๔,"[12/11/2484] พระราชบัญญัติเหรียญจักรมาลาและเหรียญจักรพรรดิมาลา พุทธศักราช ๒๔๘๔
พระราชบัญญัติ เหรียญจักรมาลาและเหรียญจักรพรรดิมาลา พุทธศักราช ๒๔๘๔ พระราชบัญญัติเหรียญจักรมาลาและเหรียญจักรพรรดิมาลา (ฉบับที่ ๒) พุทธศักราช ๒๔๘๕ พระราชบัญญัติเหรียญจักรมาลาและเหรียญจักรพรรดิมาลา (ฉบับที่ ๓) พ.ศ",กฎหมายทั่วไป,พระราชบัญญัติ
kris_ห0046-1B-0001,พระราชบัญญัติเหรียญศานติมาลา พุทธศักราช 2489,"[23/4/2489] พระราชบัญญัติเหรียญศานติมาลา พุทธศักราช 2489
พระราชบัญญัติ เหรียญศานติมาลา พุทธศักราช ๒๔๘๙ อานันทมหิดล ตราไว้ ณ วันที่ ๑๖ เมษายน พุทธศักราช ๒๔๘๙ เป็นปีที่ ๑๓ ในรัชกาลปัจจุบัน สมเด็จพระเจ้าอยู่หัวอานันทมหิดล มีพระบรมราชโองการโปรดเกล้าฯ ให้ประกาศว่า โดยที่เ",กฎหมายทั่วไป,พระราชบัญญัติ
kris_ห0005-1B-0001,พระราชบัญญัติให้บำเหน็จในการปราบปรามผู้กระทำความผิด พุทธศักราช 2489,"[9/5/2489] พระราชบัญญัติให้บำเหน็จในการปราบปรามผู้กระทำความผิด พุทธศักราช 2489
พระราชบัญญัติ ให้บำเหน็จในการปราบปรามผู้กระทำความผิด พุทธศักราช ๒๔๘๙ อานันทมหิดล ตราไว้ ณ วันที่ ๘ พฤษภาคม พุทธศักราช ๒๔๘๙ เป็นปีที่ ๑๓ ในรัชกาลปัจจุบัน สมเด็จพระเจ้าอยู่หัวอานันทมหิดลมีพระบรมราชโองการโปรดเกล้า",กฎหมายทั่วไป,พระราชบัญญัติ
kris_ห0007-1B-0001,พระราชบัญญัติให้อำนาจทหารเรือปราบปรามการกระทำความผิดบางอย่างทางทะเล พ.ศ. 2490,"[16/12/2490] พระราชบัญญัติให้อำนาจทหารเรือปราบปรามการกระทำความผิดบางอย่างทางทะเล พ.ศ. 2490
พระราชบัญญัติ ให้อำนาจทหารเรือปราบปรามการกระทำความผิด บางอย่างทางทะเล พ.ศ. ๒๔๙๐ พระราชบัญญัติให้อำนาจทหารเรือปราบปรามการกระทำความผิดบางอย่างทางทะเล (ฉบับที่ ๒) พ.ศ. ๒๕๒๒ พระราชบัญญัติให้อำนาจทหารเรือปราบปรามการ",กฎหมายทั่วไป,พระราชบัญญัติ
kris_ห0047-1B-0001,พระราชบัญญัติเหรียญรัตนาภรณ์ รัชกาลที่ 9 พ.ศ. 2495,"[12/9/2495] พระราชบัญญัติเหรียญรัตนาภรณ์ รัชกาลที่ 9 พ.ศ. 2495
พระราชบัญญัติ เหรียญรัตนาภรณ์ รัชกาลที่ ๙ พ.ศ. ๒๔๙๕ ภูมิพลอดุลยเดช ป.ร. ให้ไว้ ณ วันที่ ๑๒ กันยายน พ.ศ. ๒๔๙๕ เป็นปีที่ ๗ ในรัชกาลปัจจุบัน พระบาทสมเด็จพระปรมินทรมหาภูมิพลอดุลยเดช มีพระบรมราชโองการโปรดเกล้าฯ ให้ป",กฎหมายทั่วไป,พระราชบัญญัติ
kris_ห0048-1B-0001,พระราชบัญญัติเหรียญราชการชายแดน พ.ศ. 2497,"[21/9/2497] พระราชบัญญัติเหรียญราชการชายแดน พ.ศ. 2497
พระราชบัญญัติ เหรียญราชการชายแดน พ.ศ. ๒๔๙๗ ภูมิพลอดุลยเดช ป.ร. ให้ไว้ ณ วันที่ ๑๑ กันยายน พ.ศ. ๒๔๙๗ เป็นปีที่ ๙ ในรัชกาลปัจจุบัน พระบาทสมเด็จพระปรมินทรมหาภูมิพลอดุลยเดช มีพระบรมราชโองการโปรดเกล้าฯ ให้ประกาศว่า",กฎหมายทั่วไป,พระราชบัญญัติ
kris_ห0049-1B-0001,พระราชบัญญัติเหรียญงานพระราชสงครามในทวีปยุโรป พ.ศ. 2497,"[28/12/2497] พระราชบัญญัติเหรียญงานพระราชสงครามในทวีปยุโรป พ.ศ. 2497
พระราชบัญญัติ เหรียญงานพระราชสงครามในทวีปยุโรป พ.ศ. ๒๔๙๗ ภูมิพลอดุลยเดช ป.ร. ให้ไว้ ณ วันที่ ๒๐ ธันวาคม พ.ศ. ๒๔๙๗ เป็นปีที่ ๙ ในรัชกาลปัจจุบัน พระบาทสมเด็จพระปรมินทรมหาภูมิพลอดุลยเดช มีพระบรมราชโองการโปรดเกล้าฯ",กฎหมายทั่วไป,พระราชบัญญัติ
kris_ห0050-1B-0001,พระราชบัญญัติเหรียญงานฉลอง 25 พุทธศตวรรษ พ.ศ. 2499,"[22/1/2500] พระราชบัญญัติเหรียญงานฉลอง 25 พุทธศตวรรษ พ.ศ. 2499
พระราชบัญญัติ เหรียญงานฉลอง ๒๕ พุทธศตวรรษ พ.ศ. ๒๔๙๙ ภูมิพลอดุลยเดช ป.ร. ให้ไว้ ณ วันที่ ๑๐ มกราคม พ.ศ. ๒๕๐๐ เป็นปีที่ ๑๒ ในรัชกาลปัจจุบัน พระบาทสมเด็จพระปรมินทรมหาภูมิพลอดุลยเดช มีพระบรมราชโองการโปรดเกล้าฯ ให้ป",กฎหมายทั่วไป,พระราชบัญญัติ
kris_ห0020-1B-0002,พระราชบัญญัติเหรียญราชรุจิ รัชกาลที่ 9 พ.ศ. 2502,"[3/3/2502] พระราชบัญญัติเหรียญราชรุจิ รัชกาลที่ 9 พ.ศ. 2502
พระราชบัญญัติ เหรียญราชรุจิ รัชกาลที่ ๙ พ.ศ. ๒๕๐๒ ภูมิพลอดุลยเดช ป.ร. ให้ไว้ ณ วันที่ ๒๘ กุมภาพันธ์ พ.ศ. ๒๕๐๒ เป็นปีที่ ๑๔ ในรัชกาลปัจจุบัน พระบาทสมเด็จพระปรมินทรมหาภูมิพลอดุลยเดช มีพระบรมราชโองการโปรดเกล้าฯ ให",กฎหมายทั่วไป,พระราชบัญญัติ
kris_ห0012-1B-0001,พระราชบัญญัติให้อำนาจปฏิบัติการเกี่ยวกับสมาคมพัฒนาการระหว่างประเทศ พ.ศ. 2503,"[13/9/2503] พระราชบัญญัติให้อำนาจปฏิบัติการเกี่ยวกับสมาคมพัฒนาการระหว่างประเทศ พ.ศ. 2503
พระราชบัญญัติ ให้อำนาจปฏิบัติการ เกี่ยวกับสมาคมพัฒนาการระหว่างประเทศ พ.ศ. ๒๕๐๓ ในพระปรมาภิไธย พระบาทสมเด็จพระปรมินทรมหาภูมิพลอดุลยเดช สังวาลย์ ผู้สำเร็จราชการแทนพระองค์ ให้ไว้ ณ วันที่ ๖ กันยายน พ.ศ. ๒๕๐๓ เป็นป",กฎหมายทั่วไป,พระราชบัญญัติ
kris_ห0051-1B-0001,พระราชบัญญัติเหรียญที่ระลึกในการเสด็จพระราชดำเนินเยือนสหรัฐอเมริกาและทวีปยุโรป พ.ศ. 2504,"[17/1/2504] พระราชบัญญัติเหรียญที่ระลึกในการเสด็จพระราชดำเนินเยือนสหรัฐอเมริกาและทวีปยุโรป พ.ศ. 2504
พระราชบัญญัติ เหรียญที่ระลึกในการเสด็จพระราชดำเนินเยือน สหรัฐอเมริกาและทวีปยุโรป พ.ศ. ๒๕๐๔ ในพระปรมาภิไธย พระบาทสมเด็จพระปรมินทรมหาภูมิพลอดุลยเดช สังวาลย์ ผู้สำเร็จราชการแทนพระองค์ ให้ไว้ ณ วันที่ ๑๖ มกราคม พ.ศ",กฎหมายทั่วไป,พระราชบัญญัติ
kris_ยล048-1B-0002,พระราชบัญญัติหอพัก พ.ศ. 2507 (ยกเลิก),"[21/3/2507] พระราชบัญญัติหอพัก พ.ศ. 2507 (ยกเลิก)
พระราชกฤษฎีกาแก้ไขบทบัญญัติให้สอดคล้องกับการโอนอำนาจหน้าที่ของส่วนราชการให้เป็นไปตามพระราชบัญญัติปรับปรุงกระทรวง ทบวง กรม พ.ศ. ๒๕๔๕ พ.ศ. ๒๕๔๕ ภูมิพลอดุลยเดช ป.ร. ให้ไว้ ณ วันที่ ๑๓ มีนาคม พ.ศ. ๒๕๐๗ เป็นปีที่ ๑๙",กฎหมายทั่วไป,พระราชบัญญัติ
kris_ห0002-1B-0001,พระราชบัญญัติหอการค้า พ.ศ. 2509,"[26/4/2509] พระราชบัญญัติหอการค้า พ.ศ. 2509
พระราชบัญญัติว่าด้วยการปรับเป็นพินัย พ.ศ. ๒๕๖๕ พระราชบัญญัติหอการค้า (ฉบับที่ ๒) พ.ศ. ๒๕๕๐ พระราชบัญญัติหอการค้า (ฉบับที่ ๓) พ.ศ. ๒๕๖๔ ภูมิพลอดุลยเดช ป.ร. ให้ไว้ ณ วันที่ ๔ เมษายน พ.ศ. ๒๕๐๙ เป็นปีที่ ๒๑ ในรัชกา",กฎหมายทั่วไป,พระราชบัญญัติ
kris_ห0011-1B-0001,พระราชบัญญัติให้อำนาจปฏิบัติการเกี่ยวกับธนาคารพัฒนาเอเชีย พ.ศ. 2509,"[30/8/2509] พระราชบัญญัติให้อำนาจปฏิบัติการเกี่ยวกับธนาคารพัฒนาเอเชีย พ.ศ. 2509
พระราชบัญญัติ ให้อำนาจปฏิบัติการเกี่ยวกับธนาคารพัฒนาเอเชีย พ.ศ. ๒๕๐๙ ในพระปรมาภิไธย พระบาทสมเด็จพระปรมินทรมหาภูมิพลอดุลยเดช สังวาลย์ ผู้สำเร็จราชการแทนพระองค์ ให้ไว้ ณ วันที่ ๑๘ สิงหาคม พ.ศ. ๒๕๐๙ เป็นปีที่ ๒๑ ใ",กฎหมายทั่วไป,พระราชบัญญัติ
kris_ห0032-1B-0001,พระราชบัญญัติเหรียญพิทักษ์เสรีชน พ.ศ. 2512,"[6/3/2512] พระราชบัญญัติเหรียญพิทักษ์เสรีชน พ.ศ. 2512
ประกาศของคณะปฏิวัติ ฉบับที่ ๓๐๔ พระราชบัญญัติเหรียญพิทักษ์เสรีชน (ฉบับที่ ๒) พ.ศ. ๒๕๕๘ ภูมิพลอดุลยเดช ป.ร. ให้ไว้ ณ วันที่ ๒๑ กุมภาพันธ์ พ.ศ. ๒๕๑๒ เป็นปีที่ ๒๔ ในรัชกาลปัจจุบัน โดยที่คณะปฏิวัติพิจารณาเห็นว่า สม",กฎหมายทั่วไป,พระราชบัญญัติ
kris_ห0052-1B-0001,พระราชบัญญัติเหรียญรัชดาภิเษก พ.ศ. 2514,"[10/2/2514] พระราชบัญญัติเหรียญรัชดาภิเษก พ.ศ. 2514
พระราชบัญญัติ เหรียญรัชดาภิเษก พ.ศ. ๒๕๑๔ ภูมิพลอดุลยเดช ป.ร. ให้ไว้ ณ วันที่ ๕ กุมภาพันธ์ พ.ศ. ๒๕๑๔ เป็นปีที่ ๒๖ ในรัชกาลปัจจุบัน พระบาทสมเด็จพระปรมินทรมหาภูมิพลอดุลยเดช มีพระบรมราชโองการโปรดเกล้าฯ ให้ประกาศว่า",กฎหมายทั่วไป,พระราชบัญญัติ
kris_ห0009-1B-0003,พระราชบัญญัติให้อำนาจและกำหนดการปฏิบัติบางประการเกี่ยวกับสิทธิพิเศษถอนเงินในกองทุนการเงินระหว่างประเทศ พ.ศ. 2514,"[27/4/2514] พระราชบัญญัติให้อำนาจและกำหนดการปฏิบัติบางประการเกี่ยวกับสิทธิพิเศษถอนเงินในกองทุนการเงินระหว่างประเทศ พ.ศ. 2514
พระราชกำหนดแก้ไขเพิ่มเติมพระราชบัญญัติให้อำนาจและกำหนดการปฏิบัติบางประการเกี่ยวกับสิทธิพิเศษถอนเงินในกองทุนการเงินระหว่างประเทศ พ.ศ. ๒๕๑๔ พ.ศ. ๒๕๒๑ ภูมิพลอดุลยเดช ป.ร. ให้ไว้ ณ วันที่ ๑๔ เมษายน พ.ศ. ๒๕๑๔ เป็นปี",กฎหมายทั่วไป,พระราชบัญญัติ
kris_ห0008-1B-0001,พระราชบัญญัติให้อำนาจปฏิบัติการเกี่ยวกับกองทุนการเงินและธนาคารระหว่างประเทศ พ.ศ. 2494,"[31/1/2515] พระราชบัญญัติให้อำนาจปฏิบัติการเกี่ยวกับกองทุนการเงินและธนาคารระหว่างประเทศ พ.ศ. 2494
พระราชบัญญัติว่าด้วยการปรับเป็นพินัย พ.ศ. ๒๕๖๕ พระราชบัญญัติให้อำนาจปฏิบัติการเกี่ยวกับกองทุนการเงินและธนาคารระหว่างประเทศ (ฉบับที่ ๒) พ.ศ. ๒๔๙๘ ในพระปรมาภิไธย พระบาทสมเด็จพระปรมินทรมหาภูมิพลอดุลยเดช รังสิต กรม",กฎหมายทั่วไป,พระราชบัญญัติ
kris_ห0006-1B-0002,พระราชบัญญัติให้อำนาจกระทรวงการคลังกู้เงินจากต่างประเทศ พ.ศ. 2519 (ยกเลิก),"[17/11/2519] พระราชบัญญัติให้อำนาจกระทรวงการคลังกู้เงินจากต่างประเทศ พ.ศ. 2519 (ยกเลิก)
พระราชบัญญัติ ให้อำนาจกระทรวงการคลังกู้เงินจากต่างประเทศ พ.ศ. ๒๕๑๙ (ยกเลิก) ภูมิพลอดุลยเดช ป.ร. ให้ไว้ ณ วันที่ ๑๖ พฤศจิกายน พ.ศ. ๒๕๑๙ เป็นปีที่ ๓๑ ในรัชกาลปัจจุบัน พระบาทสมเด็จพระปรมินทรมหาภูมิพลอดุลยเดช มีพระ",กฎหมายทั่วไป,พระราชบัญญัติ
kris_ห0001-1B-0001,พระราชบัญญัติให้นำวิธีพิจารณาความอาญาในศาลแขวงมาใช้บังคับในศาลจังหวัด พ.ศ. 2520,"[11/3/2520] พระราชบัญญัติให้นำวิธีพิจารณาความอาญาในศาลแขวงมาใช้บังคับในศาลจังหวัด พ.ศ. 2520
พระราชบัญญัติ ให้นำวิธีพิจารณาความอาญาในศาลแขวง มาใช้บังคับในศาลจังหวัด พ.ศ. ๒๕๒๐  พระราชบัญญัติให้นำวิธีพิจารณาความอาญาในศาลแขวงมาใช้บังคับในศาลจังหวัด (ฉบับที่ ๒) พ.ศ. ๒๕๒๓ ภูมิพลอดุลยเดช ป.ร. ให้ไว้ ณ วันที่",กฎหมายทั่วไป,พระราชบัญญัติ
kris_ห0053-1B-0001,พระราชบัญญัติเหรียญที่ระลึกพระราชพิธีสถาปนาสมเด็จพระเทพรัตนราชสุดาฯ สยามบรมราชกุมารี พ.ศ. 2521,"[26/9/2521] พระราชบัญญัติเหรียญที่ระลึกพระราชพิธีสถาปนาสมเด็จพระเทพรัตนราชสุดาฯ สยามบรมราชกุมารี พ.ศ. 2521
พระราชบัญญัติ เหรียญที่ระลึกพระราชพิธีสถาปนา สมเด็จพระเทพรัตนราชสุดาฯ สยามบรมราชกุมารี พ.ศ. ๒๕๒๑ ภูมิพลอดุลยเดช ป.ร. ให้ไว้ ณ วันที่ ๑๖ กันยายน พ.ศ. ๒๕๒๑ เป็นปีที่ ๓๓ ในรัชกาลปัจจุบัน พระบาทสมเด็จพระปรมินทรมหาภ",กฎหมายทั่วไป,พระราชบัญญัติ
kris_ห0054-1B-0001,พระราชบัญญัติเหรียญกล้าหาญ พ.ศ. 2521,"[25/10/2521] พระราชบัญญัติเหรียญกล้าหาญ พ.ศ. 2521
พระราชบัญญัติ เหรียญกล้าหาญ พ.ศ. ๒๕๒๑ ภูมิพลอดุลยเดช ป.ร. ให้ไว้ ณ วันที่ ๑๔ ตุลาคม พ.ศ. ๒๕๒๑ เป็นปีที่ ๓๓ ในรัชกาลปัจจุบัน พระบาทสมเด็จพระปรมินทรมหาภูมิพลอดุลยเดช มีพระบรมราชโองการโปรดเกล้าฯ ให้ประกาศว่า โดยที",กฎหมายทั่วไป,พระราชบัญญัติ
kris_ห0010-1B-0001,พระราชบัญญัติให้อำนาจกระทรวงการคลังกู้เงินจากรัฐบาลต่างประเทศ เพื่อจัดซื้อยุทโธปกรณ์ทางทหาร พ.ศ. 2524 (ยกเลิก),"[14/8/2524] พระราชบัญญัติให้อำนาจกระทรวงการคลังกู้เงินจากรัฐบาลต่างประเทศ เพื่อจัดซื้อยุทโธปกรณ์ทางทหาร พ.ศ. 2524 (ยกเลิก)
พระราชบัญญัติ ให้อำนาจกระทรวงการคลังกู้เงินจากรัฐบาลต่างประเทศ เพื่อจัดซื้อยุทโธปกรณ์ทางทหาร พ.ศ. ๒๕๒๔ (ยกเลิก) ภูมิพลอดุลยเดช ป.ร. ให้ไว้ ณ วันที่ ๙ สิงหาคม พ.ศ. ๒๕๒๔ เป็นปีที่ ๓๖ ในรัชกาลปัจจุบัน พระบาทสมเด็จ",กฎหมายทั่วไป,พระราชบัญญัติ
kris_ห0055-1B-0001,พระราชบัญญัติเหรียญที่ระลึกสมโภชกรุงรัตนโกสินทร์ ๒๐๐ ปี พ.ศ. ๒๕๒๕,"[3/2/2525] พระราชบัญญัติเหรียญที่ระลึกสมโภชกรุงรัตนโกสินทร์ ๒๐๐ ปี พ.ศ. ๒๕๒๕
พระราชบัญญัติ เหรียญที่ระลึกสมโภชกรุงรัตนโกสินทร์ ๒๐๐ ปี พ.ศ. ๒๕๒๕ ภูมิพลอดุลยเดช ป.ร. ให้ไว้ ณ วันที่ ๒๗ มกราคม พ.ศ. ๒๕๒๕ เป็นปีที่ ๓๗ ในรัชกาลปัจจุบัน พระบาทสมเด็จพระปรมินทรมหาภูมิพลอดุลยเดช มีพระบรมราชโองการ",กฎหมายทั่วไป,พระราชบัญญัติ
kris_ห0056-1B-0002,พระราชบัญญัติเหรียญเฉลิมพระเกียรติสมเด็จพระนางเจ้าสิริกิติ์ พระบรมราชินีนาถ พ.ศ. 2525,"[11/6/2525] พระราชบัญญัติเหรียญเฉลิมพระเกียรติสมเด็จพระนางเจ้าสิริกิติ์ พระบรมราชินีนาถ พ.ศ. 2525
พระราชบัญญัติ เหรียญเฉลิมพระเกียรติสมเด็จพระนางเจ้าสิริกิติ์ พระบรมราชินีนาถ พ.ศ. ๒๕๒๕ ภูมิพลอดุลยเดช ป.ร. ให้ไว้ ณ วันที่ ๓๐ พฤษภาคม พ.ศ. ๒๕๒๕ เป็นปีที่ ๓๗ ในรัชกาลปัจจุบัน พระบาทสมเด็จพระปรมินทรมหาภูมิพลอดุลย",กฎหมายทั่วไป,พระราชบัญญัติ
kris_ห0057-1B-0001,พระราชบัญญัติเหรียญเฉลิมพระเกียรติสมเด็จพระศรีนครินทราบรมราชชนนี พ.ศ. 2527,"[20/9/2527] พระราชบัญญัติเหรียญเฉลิมพระเกียรติสมเด็จพระศรีนครินทราบรมราชชนนี พ.ศ. 2527
พระราชบัญญัติ เหรียญเฉลิมพระเกียรติสมเด็จพระศรีนครินทราบรมราชชนนี พ.ศ. ๒๕๒๗ ภูมิพลอดุลยเดช ป.ร. ให้ไว้ ณ วันที่ ๑๗ กันยายน พ.ศ. ๒๕๒๗ เป็นปีที่ ๓๙ ในรัชกาลปัจจุบัน พระบาทสมเด็จพระปรมินทรมหาภูมิพลอดุลยเดช มีพระบร",กฎหมายทั่วไป,พระราชบัญญัติ
kris_ห0013-1C-0002,พระราชกำหนดให้อำนาจกระทรวงการคลังปรับโครงสร้างเงินกู้ต่างประเทศ พ.ศ. 2528 (ยกเลิก),"[20/11/2528] พระราชกำหนดให้อำนาจกระทรวงการคลังปรับโครงสร้างเงินกู้ต่างประเทศ พ.ศ. 2528 (ยกเลิก)
พระราชกำหนด ให้อำนาจกระทรวงการคลังปรับโครงสร้างเงินกู้ต่างประเทศ พ.ศ. ๒๕๒๘ (ยกเลิก) ภูมิพลอดุลยเดช ป.ร. ให้ไว้ ณ วันที่ ๑๕ พฤศจิกายน พ.ศ. ๒๕๒๘ เป็นปีที่ ๔๐ ในรัชกาลปัจจุบัน พระบาทสมเด็จพระปรมินทรมหาภูมิพลอดุลยเ",กฎหมายทั่วไป,พระราชกำหนด
kris_ห0059-1B-0001,พระราชบัญญัติเหรียญเฉลิมพระเกียรติพระบาทสมเด็จพระปรมินทรมหาภูมิพลอดุลยเดช มหามงคลสมัยพระราชพิธีรัชมังคลาภิเษก พ.ศ. 2529,"[24/12/2529] พระราชบัญญัติเหรียญเฉลิมพระเกียรติพระบาทสมเด็จพระปรมินทรมหาภูมิพลอดุลยเดช มหามงคลสมัยพระราชพิธีรัชมังคลาภิเษก พ.ศ. 2529
พระราชบัญญัติ เหรียญเฉลิมพระเกียรติพระบาทสมเด็จพระปรมินทรมหาภูมิพลอดุลยเดช มหามงคลสมัยพระราชพิธีรัชมังคลาภิเษก พ.ศ. ๒๕๒๙ ภูมิพลอดุลยเดช ป.ร. ให้ไว้ ณ วันที่ ๑๙ ธันวาคม พ.ศ. ๒๕๒๙ เป็นปีที่ ๔๑ ในรัชกาลปัจจุบัน พร",กฎหมายทั่วไป,พระราชบัญญัติ
kris_ห0058-1B-0001,พระราชบัญญัติเหรียญเฉลิมพระเกียรติพระบาทสมเด็จพระปรมินทรมหาภูมิพลอดุลยเดช มหามงคลสมัยพระราชพิธีเฉลิมพระชนมายุ 60 พรรษา พ.ศ. 2529,"[24/12/2529] พระราชบัญญัติเหรียญเฉลิมพระเกียรติพระบาทสมเด็จพระปรมินทรมหาภูมิพลอดุลยเดช มหามงคลสมัยพระราชพิธีเฉลิมพระชนมายุ 60 พรรษา พ.ศ. 2529
พระราชบัญญัติ เหรียญเฉลิมพระเกียรติพระบาทสมเด็จพระปรมินทรมหาภูมิพลอดุลยเดช มหามงคลสมัยพระราชพิธีเฉลิมพระชนมายุ ๖๐ พรรษา พ.ศ. ๒๕๒๙ ภูมิพลอดุลยเดช ป.ร. ให้ไว้ ณ วันที่ ๑๙ ธันวาคม พ.ศ. ๒๕๒๙ เป็นปีที่ ๔๑ ในรัชกาลปั",กฎหมายทั่วไป,พระราชบัญญัติ
kris_ห0014-1B-0001,พระราชบัญญัติให้อำนาจปฏิบัติการเกี่ยวกับกองทุนร่วมเพื่อสินค้าโภคภัณฑ์ พ.ศ. 2535,"[28/2/2535] พระราชบัญญัติให้อำนาจปฏิบัติการเกี่ยวกับกองทุนร่วมเพื่อสินค้าโภคภัณฑ์ พ.ศ. 2535
พระราชบัญญัติ ให้อำนาจปฏิบัติการเกี่ยวกับกองทุนร่วมเพื่อสินค้าโภคภัณฑ์ พ.ศ. ๒๕๓๕ พระราชบัญญัติให้อำนาจปฏิบัติการเกี่ยวกับกองทุนร่วมเพื่อสินค้าโภคภัณฑ์ (ฉบับที่ ๒) พ.ศ. ๒๕๕๐ ภูมิพลอดุลยเดช ป.ร. ให้ไว้ ณ วันที่ ๑",กฎหมายทั่วไป,พระราชบัญญัติ
kris_ห0015-1B-0002,พระราชบัญญัติหลักทรัพย์และตลาดหลักทรัพย์ พ.ศ. 2535,"[16/3/2535] พระราชบัญญัติหลักทรัพย์และตลาดหลักทรัพย์ พ.ศ. 2535
พระราชบัญญัติ หลักทรัพย์และตลาดหลักทรัพย์ พ.ศ. ๒๕๓๕  พระราชบัญญัติหลักทรัพย์และตลาดหลักทรัพย์(ฉบับที่ ๒) พ.ศ. ๒๕๔๒  พระราชบัญญัติหลักทรัพย์และตลาดหลักทรัพย์ (ฉบับที่ ๓) พ.ศ. ๒๕๔๖ พระราชบัญญัติหลักทรัพย์และตลาดห",กฎหมายทั่วไป,พระราชบัญญัติ
kris_ห0017-1B-0001,พระราชบัญญัติเหรียญเฉลิมพระเกียรติสมเด็จพระนางเจ้าสิริกิติ์ พระบรมราชินีนาถ เนื่องในมหามงคลเฉลิมพระชนมพรรษา 5 รอบ พ.ศ. 2535,"[4/12/2535] พระราชบัญญัติเหรียญเฉลิมพระเกียรติสมเด็จพระนางเจ้าสิริกิติ์ พระบรมราชินีนาถ เนื่องในมหามงคลเฉลิมพระชนมพรรษา 5 รอบ พ.ศ. 2535
พระราชบัญญัติ เหรียญเฉลิมพระเกียรติสมเด็จพระนางเจ้าสิริกิติ์ พระบรมราชินีนาถ เนื่องในมหามงคลเฉลิมพระชนมพรรษา ๕ รอบ พ.ศ. ๒๕๓๕ ภูมิพลอดุลยเดช ป.ร. ให้ไว้ ณ วันที่ ๒ ธันวาคม พ.ศ. ๒๕๓๕ เป็นปีที่ ๔๗ ในรัชกาลปัจจุบัน",กฎหมายทั่วไป,พระราชบัญญัติ
kris_ห0018-1B-0001,พระราชบัญญัติเหรียญเฉลิมพระเกียรติพระบาทสมเด็จพระปรมินทรมหาภูมิพลอดุลยเดช มหามงคลสมัยพระราชพิธีกาญจนาภิเษก พ.ศ. 2539,"[24/4/2539] พระราชบัญญัติเหรียญเฉลิมพระเกียรติพระบาทสมเด็จพระปรมินทรมหาภูมิพลอดุลยเดช มหามงคลสมัยพระราชพิธีกาญจนาภิเษก พ.ศ. 2539
พระราชบัญญัติ เหรียญเฉลิมพระเกียรติพระบาทสมเด็จพระปรมินทรมหาภูมิพลอดุลยเดช มหามงคลสมัยพระราชพิธีกาญจนาภิเษก พ.ศ. ๒๕๓๙ ภูมิพลอดุลยเดช ป.ร. ให้ไว้ ณ วันที่ ๑๑ เมษายน พ.ศ. ๒๕๓๙ เป็นปีที่ ๕๑ ในรัชกาลปัจจุบัน พระบาท",กฎหมายทั่วไป,พระราชบัญญัติ
kris_ห0019-1B-0001,พระราชบัญญัติเหรียญที่ระลึกพระราชพิธีสถาปนาสมเด็จพระบรมโอรสาธิราช สยามมกุฎราชกุมาร พ.ศ. 2539,"[17/9/2539] พระราชบัญญัติเหรียญที่ระลึกพระราชพิธีสถาปนาสมเด็จพระบรมโอรสาธิราช สยามมกุฎราชกุมาร พ.ศ. 2539
พระราชบัญญัติ เหรียญที่ระลึกพระราชพิธีสถาปนา สมเด็จพระบรมโอรสาธิราช สยามมกุฎราชกุมาร พ.ศ. ๒๕๓๙ ภูมิพลอดุลยเดช ป.ร. ให้ไว้ ณ วันที่ ๕ กันยายน พ.ศ. ๒๕๓๙ เป็นปีที่ ๕๑ ในรัชกาลปัจจุบัน พระบาทสมเด็จพระปรมินทรมหาภูมิ",กฎหมายทั่วไป,พระราชบัญญัติ
kris_ห0023-1C-0001,พระราชกำหนดให้อำนาจกระทรวงการคลังกู้เงินจากต่างประเทศเพื่อฟื้นฟูเศรษฐกิจ พ.ศ. 2541 (ยกเลิก),"[7/5/2541] พระราชกำหนดให้อำนาจกระทรวงการคลังกู้เงินจากต่างประเทศเพื่อฟื้นฟูเศรษฐกิจ พ.ศ. 2541 (ยกเลิก)
พระราชกำหนด ให้อำนาจกระทรวงการคลังกู้เงินจากต่างประเทศเพื่อฟื้นฟูเศรษฐกิจ พ.ศ. ๒๕๔๑ (ยกเลิก) ภูมิพลอดุลยเดช ป.ร. ให้ไว้ ณ วันที่ ๗ พฤษภาคม พ.ศ. ๒๕๔๑ เป็นปีที่ ๕๓ ในรัชกาลปัจจุบัน พระบาทสมเด็จพระปรมินทรมหาภูมิพล",กฎหมายทั่วไป,พระราชกำหนด
kris_ห0022-1C-0001,พระราชกำหนดให้อำนาจกระทรวงการคลังกู้เงินและจัดการเงินกู้เพื่อช่วยเหลือกองทุนเพื่อการฟื้นฟูและพัฒนาระบบสถาบันการเงิน พ.ศ. 2541,"[7/5/2541] พระราชกำหนดให้อำนาจกระทรวงการคลังกู้เงินและจัดการเงินกู้เพื่อช่วยเหลือกองทุนเพื่อการฟื้นฟูและพัฒนาระบบสถาบันการเงิน พ.ศ. 2541
พระราชกำหนด ให้อำนาจกระทรวงการคลังกู้เงินและจัดการเงินกู้เพื่อช่วยเหลือกองทุน เพื่อการฟื้นฟูและพัฒนาระบบสถาบันการเงิน พ.ศ. ๒๕๔๑ ภูมิพลอดุลยเดช ป.ร. ให้ไว้ ณ วันที่ ๗ พฤษภาคม พ.ศ. ๒๕๔๑ เป็นปีที่ ๕๓ ในรัชกาลปัจจุ",กฎหมายทั่วไป,พระราชกำหนด
kris_ห0024-1C-0001,พระราชกำหนดให้อำนาจกระทรวงการคลังกู้เงินเพื่อเสริมสร้างความมั่นคงของระบบสถาบันการเงิน พ.ศ. 2541,"[23/8/2541] พระราชกำหนดให้อำนาจกระทรวงการคลังกู้เงินเพื่อเสริมสร้างความมั่นคงของระบบสถาบันการเงิน พ.ศ. 2541
พระราชกำหนด ให้อำนาจกระทรวงการคลังกู้เงินเพื่อเสริมสร้างความมั่นคง ของระบบสถาบันการเงิน พ.ศ. ๒๕๔๑ ภูมิพลอดุลยเดช ป.ร. ให้ไว้ ณ วันที่ ๒๒ สิงหาคม พ.ศ. ๒๕๔๑ เป็นปีที่ ๕๓ ในรัชกาลปัจจุบัน พระบาทสมเด็จพระปรมินทรมหา",กฎหมายทั่วไป,พระราชกำหนด
kris_ห0025-1B-0001,พระราชบัญญัติหลักเกณฑ์การแต่งตั้งและการดำรงตำแหน่งผู้พิพากษาอาวุโส พ.ศ. 2542,"[20/8/2542] พระราชบัญญัติหลักเกณฑ์การแต่งตั้งและการดำรงตำแหน่งผู้พิพากษาอาวุโส พ.ศ. 2542
พระราชบัญญัติ หลักเกณฑ์การแต่งตั้งและการดำรงตำแหน่งผู้พิพากษาอาวุโส พ.ศ. ๒๕๔๒ พระราชบัญญัติหลักเกณฑ์การแต่งตั้งและการดำรงตำแหน่งผู้พิพากษาอาวุโส (ฉบับที่ ๒) พ.ศ. ๒๕๕๐ พระราชบัญญัติหลักเกณฑ์การแต่งตั้งและการดำรง",กฎหมายทั่วไป,พระราชบัญญัติ
kris_ห0026-1B-0001,พระราชบัญญัติเหรียญเฉลิมพระเกียรติพระบาทสมเด็จพระปรมินทรมหาภูมิพลอดุลยเดช เนื่องในโอกาสพระราชพิธีมหามงคลเฉลิมพระชนมพรรษา 6 รอบ 5 ธันวาคม 2542 พ.ศ. 2542,"[14/9/2542] พระราชบัญญัติเหรียญเฉลิมพระเกียรติพระบาทสมเด็จพระปรมินทรมหาภูมิพลอดุลยเดช เนื่องในโอกาสพระราชพิธีมหามงคลเฉลิมพระชนมพรรษา 6 รอบ 5 ธันวาคม 2542 พ.ศ. 2542
พระราชบัญญัติ เหรียญเฉลิมพระเกียรติพระบาทสมเด็จพระปรมินทรมหาภูมิพลอดุลยเดช เนื่องในโอกาสพระราชพิธีมหามงคลเฉลิมพระชนมพรรษา ๖ รอบ ๕ ธันวาคม ๒๕๔๒ พ.ศ. ๒๕๔๒ ภูมิพลอดุลยเดช ป.ร. ให้ไว้ ณ วันที่ ๕ กันยายน พ.ศ. ๒๕๔๒ เ",กฎหมายทั่วไป,พระราชบัญญัติ
kris_ห0027-1B-0001,พระราชบัญญัติหลักเกณฑ์การแต่งตั้งและการดำรงตำแหน่งอัยการอาวุโส พ.ศ. 2543 (ยกเลิก),"[25/2/2543] พระราชบัญญัติหลักเกณฑ์การแต่งตั้งและการดำรงตำแหน่งอัยการอาวุโส พ.ศ. 2543 (ยกเลิก)
พระราชบัญญัติ หลักเกณฑ์การแต่งตั้งและการดำรงตำแหน่งอัยการอาวุโส พ.ศ. ๒๕๔๓ (ยกเลิก) พระราชบัญญัติหลักเกณฑ์การแต่งตั้งและการดำรงตำแหน่งอัยการอาวุโส (ฉบับที่ ๒) พ.ศ. ๒๕๕๑ ภูมิพลอดุลยเดช ป.ร. ให้ไว้ ณ วันที่ ๗ กุมภ",กฎหมายทั่วไป,พระราชบัญญัติ
kris_ห0028-1B-0002,พระราชบัญญัติให้อำนาจกระทรวงการคลังรวมหรือยุบเลิกทุนหมุนเวียน พ.ศ. 2543 (ยกเลิก),"[29/11/2543] พระราชบัญญัติให้อำนาจกระทรวงการคลังรวมหรือยุบเลิกทุนหมุนเวียน พ.ศ. 2543 (ยกเลิก)
พระราชบัญญัติ ให้อำนาจกระทรวงการคลังรวมหรือยุบเลิกทุนหมุนเวียน พ.ศ. ๒๕๔๓ (ยกเลิก) ภูมิพลอดุลยเดช ป.ร. ให้ไว้ ณ วันที่ ๑๕ พฤศจิกายน พ.ศ. ๒๕๔๓ เป็นปีที่ ๕๕ ในรัชกาลปัจจุบัน พระบาทสมเด็จพระปรมินทรมหาภูมิพลอดุลยเดช",กฎหมายทั่วไป,พระราชบัญญัติ
kris_ห0035-1C-0001,พระราชกำหนดให้อำนาจกระทรวงการคลังกู้เงินและจัดการเงินกู้เพื่อช่วยเหลือกองทุนเพื่อการฟื้นฟูและพัฒนาระบบสถาบันการเงิน ระยะที่สอง พ.ศ. 2545,"[25/6/2545] พระราชกำหนดให้อำนาจกระทรวงการคลังกู้เงินและจัดการเงินกู้เพื่อช่วยเหลือกองทุนเพื่อการฟื้นฟูและพัฒนาระบบสถาบันการเงิน ระยะที่สอง พ.ศ. 2545
พระราชกำหนด ให้อำนาจกระทรวงการคลังกู้เงินและจัดการเงินกู้เพื่อช่วยเหลือกองทุน เพื่อการฟื้นฟูและพัฒนาระบบสถาบันการเงิน ระยะที่สอง พ.ศ. ๒๕๔๕ ภูมิพลอดุลยเดช ป.ร. ให้ไว้ ณ วันที่ ๒๓ มิถุนายน พ.ศ. ๒๕๔๕ เป็นปีที่ ๕๗",กฎหมายทั่วไป,พระราชกำหนด
kris_ห0029-1B-0001,พระราชบัญญัติหลักประกันสุขภาพแห่งชาติ พ.ศ. 2545,"[18/11/2545] พระราชบัญญัติหลักประกันสุขภาพแห่งชาติ พ.ศ. 2545
พระราชบัญญัติ หลักประกันสุขภาพแห่งชาติ พ.ศ. ๒๕๔๕ ภูมิพลอดุลยเดช ป.ร. ให้ไว้ ณ วันที่ ๑๑ พฤศจิกายน พ.ศ. ๒๕๔๕ เป็นปีที่ ๕๗ ในรัชกาลปัจจุบัน พระบาทสมเด็จพระปรมินทรมหาภูมิพลอดุลยเดช มีพระบรมราชโองการโปรดเกล้า ฯ ให้",กฎหมายทั่วไป,พระราชบัญญัติ
kris_ห0030-1B-0001,พระราชบัญญัติเหรียญเฉลิมพระเกียรติสมเด็จพระนางเจ้าสิริกิติ์ พระบรมราชินีนาถ เนื่องในโอกาสพระราชพิธีมหามงคลเฉลิมพระชนมพรรษา 6 รอบ 12 สิงหาคม พ.ศ. 2547 พ.ศ. 2547,"[29/6/2547] พระราชบัญญัติเหรียญเฉลิมพระเกียรติสมเด็จพระนางเจ้าสิริกิติ์ พระบรมราชินีนาถ เนื่องในโอกาสพระราชพิธีมหามงคลเฉลิมพระชนมพรรษา 6 รอบ 12 สิงหาคม พ.ศ. 2547 พ.ศ. 2547
พระราชบัญญัติ เหรียญเฉลิมพระเกียรติสมเด็จพระนางเจ้าสิริกิติ์ พระบรมราชินีนาถ เนื่องในโอกาสพระราชพิธีมหามงคลเฉลิมพระชนมพรรษา ๖ รอบ ๑๒ สิงหาคม พ.ศ. ๒๕๔๗ พ.ศ. ๒๕๔๗ ภูมิพลอดุลยเดช ป.ร. ให้ไว้ ณ วันที่ ๑๓ มิถุนายน พ",กฎหมายทั่วไป,พระราชบัญญัติ
kris_ห0034-1C-0001,พระราชกำหนดให้อำนาจกระทรวงการคลังกู้เงินเพื่อฟื้นฟูและเสริมสร้างความมั่นคงทางเศรษฐกิจ พ.ศ. 2552,"[13/5/2552] พระราชกำหนดให้อำนาจกระทรวงการคลังกู้เงินเพื่อฟื้นฟูและเสริมสร้างความมั่นคงทางเศรษฐกิจ พ.ศ. 2552
พระราชกำหนด ให้อำนาจกระทรวงการคลังกู้เงิน เพื่อฟื้นฟูและเสริมสร้างความมั่นคงทางเศรษฐกิจ พ.ศ. ๒๕๕๒ ภูมิพลอดุลยเดช ป.ร. ให้ไว้ ณ วันที่ ๑๓ พฤษภาคม พ.ศ. ๒๕๕๒ เป็นปีที่ ๖๔ ในรัชกาลปัจจุบัน พระบาทสมเด็จพระปรมินทรมหา",กฎหมายทั่วไป,พระราชกำหนด
kris_ห0036-1C-0001,พระราชกำหนดให้อำนาจกระทรวงการคลังกู้เงินเพื่อการวางระบบบริหารจัดการน้ำและสร้างอนาคตประเทศ พ.ศ. 2555,"[26/1/2555] พระราชกำหนดให้อำนาจกระทรวงการคลังกู้เงินเพื่อการวางระบบบริหารจัดการน้ำและสร้างอนาคตประเทศ พ.ศ. 2555
พระราชกำหนด ให้อำนาจกระทรวงการคลังกู้เงิน เพื่อการวางระบบบริหารจัดการน้ำและสร้างอนาคตประเทศ พ.ศ. ๒๕๕๕ ภูมิพลอดุลยเดช ป.ร. ให้ไว้ ณ วันที่ ๒๖ มกราคม พ.ศ. ๒๕๕๕ เป็นปีที่ ๖๗ ในรัชกาลปัจจุบัน พระบาทสมเด็จพระปรมินทร",กฎหมายทั่วไป,พระราชกำหนด
kris_ห0003-1B-0001,พระราชบัญญัติหอพัก พ.ศ. 2558,"[22/4/2558] พระราชบัญญัติหอพัก พ.ศ. 2558
พระราชบัญญัติว่าด้วยการปรับเป็นพินัย พ.ศ. ๒๕๖๕ ภูมิพลอดุลยเดช ป.ร. ให้ไว้ ณ วันที่ ๑๗ เมษายน พ.ศ. ๒๕๕๘ เป็นปีที่ ๗๐ ในรัชกาลปัจจุบัน พระบาทสมเด็จพระปรมินทรมหาภูมิพลอดุลยเดช มีพระบรมราชโองการโปรดเกล้าฯ ให้ประกาศ",กฎหมายทั่วไป,พระราชบัญญัติ
kris_ห0060-1B-0001,พระราชบัญญัติหลักประกันทางธุรกิจ พ.ศ. 2558,"[5/11/2558] พระราชบัญญัติหลักประกันทางธุรกิจ พ.ศ. 2558
พระราชบัญญัติว่าด้วยการปรับเป็นพินัย พ.ศ. ๒๕๖๕ ภูมิพลอดุลยเดช ป.ร. ให้ไว้ ณ วันที่ ๓๑ ตุลาคม พ.ศ. ๒๕๕๘ เป็นปีที่ ๗๐ ในรัชกาลปัจจุบัน พระบาทสมเด็จพระปรมินทรมหาภูมิพลอดุลยเดช มีพระบรมราชโองการโปรดเกล้าฯ ให้ประกาศ",กฎหมายทั่วไป,พระราชบัญญัติ
kris_ห0061-1B-0002,พระราชบัญญัติให้อำนาจปฏิบัติการเกี่ยวกับธนาคารเพื่อการลงทุนในโครงสร้างพื้นฐานเอเชีย พ.ศ. 2559,"[16/5/2559] พระราชบัญญัติให้อำนาจปฏิบัติการเกี่ยวกับธนาคารเพื่อการลงทุนในโครงสร้างพื้นฐานเอเชีย พ.ศ. 2559
พระราชบัญญัติ ให้อำนาจปฏิบัติการเกี่ยวกับธนาคารเพื่อการลงทุนในโครงสร้างพื้นฐานเอเชีย พ.ศ. ๒๕๕๙ ภูมิพลอดุลยเดช ป.ร. ให้ไว้ ณ วันที่ ๑๑ พฤษภาคม พ.ศ. ๒๕๕๙ เป็นปีที่ ๗๑ ในรัชกาลปัจจุบัน พระบาทสมเด็จพระปรมินทรมหาภูม",กฎหมายทั่วไป,พระราชบัญญัติ
kris_ห0004-1B-0001,พระราชบัญญัติห้ามเรียกดอกเบี้ยเกินอัตรา พ.ศ. 2560,"[15/1/2560] พระราชบัญญัติห้ามเรียกดอกเบี้ยเกินอัตรา พ.ศ. 2560
พระราชบัญญัติ ห้ามเรียกดอกเบี้ยเกินอัตรา พ.ศ. ๒๕๖๐ สมเด็จพระเจ้าอยู่หัวมหาวชิราลงกรณ บดินทรเทพยวรางกูร ให้ไว้ ณ วันที่ ๑๔ มกราคม พ.ศ. ๒๕๖๐ เป็นปีที่ ๒ ในรัชกาลปัจจุบัน สมเด็จพระเจ้าอยู่หัวมหาวชิราลงกรณ บดินทรเท",กฎหมายทั่วไป,พระราชบัญญัติ
kris_ห0062-1B-0001,พระราชบัญญัติหลักเกณฑ์การเทียบตำแหน่งหัวหน้าส่วนราชการที่เทียบเท่าอธิบดี พ.ศ. 2562,"[30/4/2562] พระราชบัญญัติหลักเกณฑ์การเทียบตำแหน่งหัวหน้าส่วนราชการที่เทียบเท่าอธิบดี พ.ศ. 2562
พระราชบัญญัติ หลักเกณฑ์การเทียบตำแหน่งหัวหน้าส่วนราชการที่เทียบเท่าอธิบดี พ.ศ. ๒๕๖๒ สมเด็จพระเจ้าอยู่หัวมหาวชิราลงกรณ บดินทรเทพยวรางกูร ให้ไว้ ณ วันที่ ๒๖ เมษายน พ.ศ. ๒๕๖๒ เป็นปีที่ ๔ ในรัชกาลปัจจุบัน สมเด็จพระ",กฎหมายทั่วไป,พระราชบัญญัติ
kris_ห0063-1B-0001,พระราชบัญญัติหลักเกณฑ์การจัดทำร่างกฎหมายและการประเมินผลสัมฤทธิ์ของกฎหมาย พ.ศ. 2562,"[31/5/2562] พระราชบัญญัติหลักเกณฑ์การจัดทำร่างกฎหมายและการประเมินผลสัมฤทธิ์ของกฎหมาย พ.ศ. 2562
พระราชบัญญัติ หลักเกณฑ์การจัดทำร่างกฎหมายและการประเมินผลสัมฤทธิ์ของกฎหมาย พ.ศ. ๒๕๖๒ พระบาทสมเด็จพระปรเมนทรรามาธิบดีศรีสินทรมหาวชิราลงกรณ พระวชิรเกล้าเจ้าอยู่หัว ให้ไว้ ณ วันที่ ๒๔ พฤษภาคม พ.ศ. ๒๕๖๒ เป็นปีที่ ๔",กฎหมายทั่วไป,พระราชบัญญัติ
kris_ห0065-1B-0001,พระราชบัญญัติเหรียญราชรุจิ รัชกาลที่ 10 พ.ศ. 2562,"[30/8/2562] พระราชบัญญัติเหรียญราชรุจิ รัชกาลที่ 10 พ.ศ. 2562
พระราชบัญญัติ เหรียญราชรุจิ รัชกาลที่ ๑๐ พ.ศ. ๒๕๖๒ พระบาทสมเด็จพระปรเมนทรรามาธิบดีศรีสินทรมหาวชิราลงกรณ พระวชิรเกล้าเจ้าอยู่หัว ให้ไว้ ณ วันที่ ๒๙ สิงหาคม พ.ศ. ๒๕๖๒ เป็นปีที่ ๔ ในรัชกาลปัจจุบัน พระบาทสมเด็จพระป",กฎหมายทั่วไป,พระราชบัญญัติ
kris_ห0064-1B-0001,พระราชบัญญัติเหรียญรัตนาภรณ์ รัชกาลที่ 10 พ.ศ. 2562,"[30/8/2562] พระราชบัญญัติเหรียญรัตนาภรณ์ รัชกาลที่ 10 พ.ศ. 2562
พระราชบัญญัติ เหรียญรัตนาภรณ์ รัชกาลที่ ๑๐ พ.ศ. ๒๕๖๒ พระบาทสมเด็จพระปรเมนทรรามาธิบดีศรีสินทรมหาวชิราลงกรณ พระวชิรเกล้าเจ้าอยู่หัว ให้ไว้ ณ วันที่ ๒๙ สิงหาคม พ.ศ. ๒๕๖๒ เป็นปีที่ ๔ ในรัชกาลปัจจุบัน พระบาทสมเด็จพร",กฎหมายทั่วไป,พระราชบัญญัติ
kris_ห0066-1C-0002,พระราชกำหนดให้อำนาจกระทรวงการคลังกู้เงินเพื่อแก้ไขปัญหา เยียวยา และฟื้นฟูเศรษฐกิจและสังคม ที่ได้รับผลกระทบจากการระบาดของโรคติดเชื้อไวรัสโคโรนา 2019 พ.ศ. 2563,"[19/4/2563] พระราชกำหนดให้อำนาจกระทรวงการคลังกู้เงินเพื่อแก้ไขปัญหา เยียวยา และฟื้นฟูเศรษฐกิจและสังคม ที่ได้รับผลกระทบจากการระบาดของโรคติดเชื้อไวรัสโคโรนา 2019 พ.ศ. 2563
พระราชกำหนด ให้อำนาจกระทรวงการคลังกู้เงินเพื่อแก้ไขปัญหา เยียวยา และฟื้นฟูเศรษฐกิจและสังคม ที่ได้รับผลกระทบจากการระบาด ของโรคติดเชื้อไวรัสโคโรนา ๒๐๑๙ พ.ศ. ๒๕๖๓ พระบาทสมเด็จพระปรเมนทรรามาธิบดีศรีสินทรมหาวชิราลงก",กฎหมายทั่วไป,พระราชกำหนด
kris_ห0067-1C-0002,พระราชกำหนดให้อำนาจกระทรวงการคลังกู้เงินเพื่อแก้ไขปัญหาเศรษฐกิจและสังคม จากการระบาดของโรคติดเชื้อไวรัสโคโรนา 2019 เพิ่มเติม พ.ศ. 2564,"[25/5/2564] พระราชกำหนดให้อำนาจกระทรวงการคลังกู้เงินเพื่อแก้ไขปัญหาเศรษฐกิจและสังคม จากการระบาดของโรคติดเชื้อไวรัสโคโรนา 2019 เพิ่มเติม พ.ศ. 2564
ประกาศสำนักนายกรัฐมนตรี เรื่อง การอนุมัติพระราชกำหนดให้อำนาจกระทรวงการคลังกู้เงินเพื่อแก้ไขปัญหาเศรษฐกิจและสังคม จากการระบาดของโรคติดเชื้อไวรัสโคโรนา ๒๐๑๙ เพิ่มเติม พ.ศ. ๒๕๖๔ พระบาทสมเด็จพระปรเมนทรรามาธิบดีศรีส",กฎหมายทั่วไป,พระราชกำหนด
kris_ห0068-1C-0001,พระราชกำหนดให้อำนาจกระทรวงการคลังกู้เงินเพื่อแก้ไขปัญหาผลกระทบจากสถานการณ์วิกฤตด้านพลังงานและสร้างการเปลี่ยนผ่านด้านพลังงานของประเทศ พ.ศ. 2569,"[9/5/2569] พระราชกำหนดให้อำนาจกระทรวงการคลังกู้เงินเพื่อแก้ไขปัญหาผลกระทบจากสถานการณ์วิกฤตด้านพลังงานและสร้างการเปลี่ยนผ่านด้านพลังงานของประเทศ พ.ศ. 2569
พระราชกำหนด ให้อำนาจกระทรวงการคลังกู้เงิน เพื่อแก้ไขปัญหาผลกระทบจากสถานการณ์วิกฤตด้านพลังงาน และสร้างการเปลี่ยนผ่านด้านพลังงานของประเทศ พ.ศ. ๒๕๖๙ พระบาทสมเด็จพระปรเมนทรรามาธิบดีศรีสินทรมหาวชิราลงกรณ พระวชิรเกล้",กฎหมายทั่วไป,พระราชกำหนด
kris_ห0008-1B-0001,พระราชบัญญัติให้อำนาจปฏิบัติการเกี่ยวกับกองทุนการเงินและธนาคารระหว่างประเทศ พ.ศ. 2494,"[31/1/2515] พระราชบัญญัติให้อำนาจปฏิบัติการเกี่ยวกับกองทุนการเงินและธนาคารระหว่างประเทศ พ.ศ. 2494
พระราชบัญญัติว่าด้วยการปรับเป็นพินัย พ.ศ. ๒๕๖๕ พระราชบัญญัติให้อำนาจปฏิบัติการเกี่ยวกับกองทุนการเงินและธนาคารระหว่างประเทศ (ฉบับที่ ๒) พ.ศ. ๒๔๙๘ ในพระปรมาภิไธย พระบาทสมเด็จพระปรมินทรมหาภูมิพลอดุลยเดช รังสิต กรม",กฎหมายทั่วไป,พระราชบัญญัติ
kris_ห0009-1B-0003,พระราชบัญญัติให้อำนาจและกำหนดการปฏิบัติบางประการเกี่ยวกับสิทธิพิเศษถอนเงินในกองทุนการเงินระหว่างประเทศ พ.ศ. 2514,"[27/4/2514] พระราชบัญญัติให้อำนาจและกำหนดการปฏิบัติบางประการเกี่ยวกับสิทธิพิเศษถอนเงินในกองทุนการเงินระหว่างประเทศ พ.ศ. 2514
พระราชกำหนดแก้ไขเพิ่มเติมพระราชบัญญัติให้อำนาจและกำหนดการปฏิบัติบางประการเกี่ยวกับสิทธิพิเศษถอนเงินในกองทุนการเงินระหว่างประเทศ พ.ศ. ๒๕๑๔ พ.ศ. ๒๕๒๑ ภูมิพลอดุลยเดช ป.ร. ให้ไว้ ณ วันที่ ๑๔ เมษายน พ.ศ. ๒๕๑๔ เป็นปี",กฎหมายทั่วไป,พระราชบัญญัติ
kris_ห0001-1B-0001,พระราชบัญญัติให้นำวิธีพิจารณาความอาญาในศาลแขวงมาใช้บังคับในศาลจังหวัด พ.ศ. 2520,"[11/3/2520] พระราชบัญญัติให้นำวิธีพิจารณาความอาญาในศาลแขวงมาใช้บังคับในศาลจังหวัด พ.ศ. 2520
พระราชบัญญัติ ให้นำวิธีพิจารณาความอาญาในศาลแขวง มาใช้บังคับในศาลจังหวัด พ.ศ. ๒๕๒๐  พระราชบัญญัติให้นำวิธีพิจารณาความอาญาในศาลแขวงมาใช้บังคับในศาลจังหวัด (ฉบับที่ ๒) พ.ศ. ๒๕๒๓ ภูมิพลอดุลยเดช ป.ร. ให้ไว้ ณ วันที่",กฎหมายทั่วไป,พระราชบัญญัติ
kris_ห0017-1B-0001,พระราชบัญญัติเหรียญเฉลิมพระเกียรติสมเด็จพระนางเจ้าสิริกิติ์ พระบรมราชินีนาถ เนื่องในมหามงคลเฉลิมพระชนมพรรษา 5 รอบ พ.ศ. 2535,"[4/12/2535] พระราชบัญญัติเหรียญเฉลิมพระเกียรติสมเด็จพระนางเจ้าสิริกิติ์ พระบรมราชินีนาถ เนื่องในมหามงคลเฉลิมพระชนมพรรษา 5 รอบ พ.ศ. 2535
พระราชบัญญัติ เหรียญเฉลิมพระเกียรติสมเด็จพระนางเจ้าสิริกิติ์ พระบรมราชินีนาถ เนื่องในมหามงคลเฉลิมพระชนมพรรษา ๕ รอบ พ.ศ. ๒๕๓๕ ภูมิพลอดุลยเดช ป.ร. ให้ไว้ ณ วันที่ ๒ ธันวาคม พ.ศ. ๒๕๓๕ เป็นปีที่ ๔๗ ในรัชกาลปัจจุบัน",กฎหมายทั่วไป,พระราชบัญญัติ
kris_ห0015-1B-0002,พระราชบัญญัติหลักทรัพย์และตลาดหลักทรัพย์ พ.ศ. 2535,"[16/3/2535] พระราชบัญญัติหลักทรัพย์และตลาดหลักทรัพย์ พ.ศ. 2535
พระราชบัญญัติ หลักทรัพย์และตลาดหลักทรัพย์ พ.ศ. ๒๕๓๕  พระราชบัญญัติหลักทรัพย์และตลาดหลักทรัพย์(ฉบับที่ ๒) พ.ศ. ๒๕๔๒  พระราชบัญญัติหลักทรัพย์และตลาดหลักทรัพย์ (ฉบับที่ ๓) พ.ศ. ๒๕๔๖ พระราชบัญญัติหลักทรัพย์และตลาดห",กฎหมายทั่วไป,พระราชบัญญัติ
kris_ห0018-1B-0001,พระราชบัญญัติเหรียญเฉลิมพระเกียรติพระบาทสมเด็จพระปรมินทรมหาภูมิพลอดุลยเดช มหามงคลสมัยพระราชพิธีกาญจนาภิเษก พ.ศ. 2539,"[24/4/2539] พระราชบัญญัติเหรียญเฉลิมพระเกียรติพระบาทสมเด็จพระปรมินทรมหาภูมิพลอดุลยเดช มหามงคลสมัยพระราชพิธีกาญจนาภิเษก พ.ศ. 2539
พระราชบัญญัติ เหรียญเฉลิมพระเกียรติพระบาทสมเด็จพระปรมินทรมหาภูมิพลอดุลยเดช มหามงคลสมัยพระราชพิธีกาญจนาภิเษก พ.ศ. ๒๕๓๙ ภูมิพลอดุลยเดช ป.ร. ให้ไว้ ณ วันที่ ๑๑ เมษายน พ.ศ. ๒๕๓๙ เป็นปีที่ ๕๑ ในรัชกาลปัจจุบัน พระบาท",กฎหมายทั่วไป,พระราชบัญญัติ
kris_ยล184-1B-0001,พระราชบัญญัติอากรแสตมป์ พุทธศักราช 2475 (ยกเลิก),"[19/2/2475] พระราชบัญญัติอากรแสตมป์ พุทธศักราช 2475 (ยกเลิก)
พระราชบัญญัติ อากรแสตมป์ พุทธศักราช ๒๔๗๕ และที่แก้ไขเพิ่มเติม (ยกเลิก) โปรดดูรายละเอียดของกฎหมายที่เว็บไซต์ราชกิจจานุเบกษา https://ratchakitcha.soc.go.th/",กฎหมายทั่วไป,พระราชบัญญัติ
kris_อท001-1B-0001,พระราชบัญญัติว่าด้วยการโอนที่ดินซึ่งเป็นสาธารณสมบัติของแผ่นดิน ตำบลบางเมือง อำเภอสมุทรปราการ จังหวัดสมุทรปราการ ให้สุขาภิบาลเมืองสมุทรปราการ พุทธศักราช 2476,"[27/8/2476] พระราชบัญญัติว่าด้วยการโอนที่ดินซึ่งเป็นสาธารณสมบัติของแผ่นดิน ตำบลบางเมือง อำเภอสมุทรปราการ จังหวัดสมุทรปราการ ให้สุขาภิบาลเมืองสมุทรปราการ พุทธศักราช 2476
พระราชบัญญัติ ว่าด้วยการโอนที่ดินซึ่งเป็นสาธารณสมบัติของแผ่นดิน ตำบลบางเมือง อำเภอสมุทรปราการ จังหวัดสมุทรปราการ ให้สุขาภิบาลเมืองสมุทรปราการ พุทธศักราช ๒๔๗๖ ประชาธิปก ป.ร. พระบาทสมเด็จพระปรมินทรมหาประชาธิปก พร",กฎหมายทั่วไป,พระราชบัญญัติ
kris_อท002-1B-0001,พระราชบัญญัติโอนที่ดินซึ่งเป็นสาธารณสมบัติของแผ่นดิน ตำบลถนนนครราชสีมาใต้และตำบลวัดเบ็ญจมบพิตร อำเภอดุสิต จังหวัดพระนคร ให้กระทรวงกลาโหม พุทธศักราช 2476,"[29/4/2477] พระราชบัญญัติโอนที่ดินซึ่งเป็นสาธารณสมบัติของแผ่นดิน ตำบลถนนนครราชสีมาใต้และตำบลวัดเบ็ญจมบพิตร อำเภอดุสิต จังหวัดพระนคร ให้กระทรวงกลาโหม พุทธศักราช 2476
พระราชบัญญัติ โอนที่ดินซึ่งเป็นสาธารณสมบัติของแผ่นดิน ตำบลถนนนครราชสีมาใต้ และตำบลวัดเบ็ญจมบพิตร อำเภอดุสิต จังหวัดพระนคร ให้กระทรวงกลาโหม พุทธศักราช ๒๔๗๖ นริศรานุวัดติวงศ์ ผู้สำเร็จราชการแทนพระองค์ (ตามพระราชก",กฎหมายทั่วไป,พระราชบัญญัติ
kris_ยล210-1B-0001,พระราชบัญญัติอาวุธปืน เครื่องกระสุนปืน วัตถุระเบิด และดอกไม้เพลิง พุทธศักราช 2477 (ยกเลิก),"[19/8/2477] พระราชบัญญัติอาวุธปืน เครื่องกระสุนปืน วัตถุระเบิด และดอกไม้เพลิง พุทธศักราช 2477 (ยกเลิก)
พระราชบัญญัติ อาวุธปืน เครื่องกระสุนปืน วัตถุระเบิด และดอกไม้เพลิง พุทธศักราช ๒๔๗๗ และที่แก้ไขเพิ่มเติม (ยกเลิก) โปรดดูรายละเอียดของกฎหมายที่เว็บไซต์ราชกิจจานุเบกษา https://ratchakitcha.soc.go.th/",กฎหมายทั่วไป,พระราชบัญญัติ
kris_ยล251-1B-0001,พระราชบัญญัติอากรมรดกและการรับมรดก พุทธศักราช 2476 (ยกเลิก),"[26/8/2477] พระราชบัญญัติอากรมรดกและการรับมรดก พุทธศักราช 2476 (ยกเลิก)
พระราชบัญญัติ อากรมรดกและการรับมรดก พุทธศักราช ๒๔๗๖ (ยกเลิก) โปรดดูรายละเอียดของกฎหมายที่เว็บไซต์ราชกิจจานุเบกษา https://ratchakitcha.soc.go.th/",กฎหมายทั่วไป,พระราชบัญญัติ
kris_อท004-1B-0001,พระราชบัญญัติโอนที่ดินซึ่งเป็นสาธารณสมบัติของแผ่นดิน ตำบลลำภูญไชย อำเภอสัมพันธวงศ์ จังหวัดพระนคร ให้แก่บริษัทบ้วนฮั่วเสง จำกัด พุทธศักราช 2478,"[15/3/2478] พระราชบัญญัติโอนที่ดินซึ่งเป็นสาธารณสมบัติของแผ่นดิน ตำบลลำภูญไชย อำเภอสัมพันธวงศ์ จังหวัดพระนคร ให้แก่บริษัทบ้วนฮั่วเสง จำกัด พุทธศักราช 2478
พระราชบัญญัติ โอนที่ดินซึ่งเป็นสาธารณสมบัติของแผ่นดิน ตำบลลำภูญไชย อำเภอสัมพันธวงศ์ จังหวัดพระนคร ให้แก่บริษัทบ้วนฮั่วเสง จำกัด พุทธศักราช ๒๔๗๘ ในพระปรมาภิไธยสมเด็จพระเจ้าอยู่หัวอานันทมหิดล คณะผู้สำเร็จราชการแท",กฎหมายทั่วไป,พระราชบัญญัติ
kris_อท003-1B-0007,พระราชบัญญัติโอนที่ดินซึ่งเป็นสาธารณสมบัติของแผ่นดิน ตำบลสามเสนใน อำเภอบางซื่อ จังหวัดพระนคร ให้กระทรวงกลาโหม พุทธศักราช 2477,"[14/4/2478] พระราชบัญญัติโอนที่ดินซึ่งเป็นสาธารณสมบัติของแผ่นดิน ตำบลสามเสนใน อำเภอบางซื่อ จังหวัดพระนคร ให้กระทรวงกลาโหม พุทธศักราช 2477
พระราชบัญญัติ โอนที่ดินซึ่งเป็นสาธารณสมบัติของแผ่นดิน ตำบลสามเสนใน อำเภอบางซื่อ จังหวัดพระนคร ให้กระทรวงกลาโหม พุทธศักราช ๒๔๗๗ ในพระปรมาภิไธยสมเด็จพระเจ้าอยู่หัวอานันทมหิดล คณะผู้สำเร็จราชการแทนพระองค์ (ตามประก",กฎหมายทั่วไป,พระราชบัญญัติ
kris_อท006-1B-0001,พระราชบัญญัติโอนที่ดินซึ่งเป็นสาธารณสมบัติของแผ่นดินบริเวณคลังแสง ตำบลท่าพระจันทร์ อำเภอพระนคร จังหวัดพระนคร พุทธศักราช 2479,"[21/3/2479] พระราชบัญญัติโอนที่ดินซึ่งเป็นสาธารณสมบัติของแผ่นดินบริเวณคลังแสง ตำบลท่าพระจันทร์ อำเภอพระนคร จังหวัดพระนคร พุทธศักราช 2479
พระราชบัญญัติ โอนที่ดินซึ่งเป็นสาธารณสมบัติของแผ่นดิน บริเวณคลังแสง ตำบลท่าพระจันทร์ อำเภอพระนคร จังหวัดพระนคร พุทธศักราช ๒๔๗๙ ในพระปรมาภิไธยสมเด็จพระเจ้าอยู่หัวอานันทมหิดล คณะผู้สำเร็จราชการแทนพระองค์ (ตามประก",กฎหมายทั่วไป,พระราชบัญญัติ
kris_อท005-1B-0001,พระราชบัญญัติโอนที่ดินซึ่งเป็นสาธารณสมบัติของแผ่นดิน ตำบลคลองตัน อำเภอพระโขนง จังหวัดพระนคร ให้แก่พระอโศกมนตรี (เรียม เศวตเศรณี) พุทธศักราช 2478,"[8/4/2479] พระราชบัญญัติโอนที่ดินซึ่งเป็นสาธารณสมบัติของแผ่นดิน ตำบลคลองตัน อำเภอพระโขนง จังหวัดพระนคร ให้แก่พระอโศกมนตรี (เรียม เศวตเศรณี) พุทธศักราช 2478
พระราชบัญญัติ โอนที่ดินซึ่งเป็นสาธารณสมบัติของแผ่นดิน ตำบลคลองตัน อำเภอพระโขนง จังหวัดพระนคร ให้แก่พระอโศกมนตรี (เรียม เศวตเศรณี) พุทธศักราช ๒๔๗๘ ในพระปรมาภิไธยสมเด็จพระเจ้าอยู่หัวอานันทมหิดล คณะผู้สำเร็จราชการ",กฎหมายทั่วไป,พระราชบัญญัติ
kris_อท007-1B-0001,พระราชบัญญัติโอนที่ดินซึ่งเป็นสาธารณสมบัติของแผ่นดิน ตำบลบางคอแหลม อำเภอบ้านทะวาย จังหวัดพระนคร ให้แก่บริษัทสยามอินดัสตรีส์ จำกัด พุทธศักราช 2479,"[8/11/2479] พระราชบัญญัติโอนที่ดินซึ่งเป็นสาธารณสมบัติของแผ่นดิน ตำบลบางคอแหลม อำเภอบ้านทะวาย จังหวัดพระนคร ให้แก่บริษัทสยามอินดัสตรีส์ จำกัด พุทธศักราช 2479
พระราชบัญญัติ โอนที่ดินซึ่งเป็นสาธารณสมบัติของแผ่นดิน ตำบลบางคอแหลม อำเภอบ้านทะวาย จังหวัดพระนคร ให้แก่บริษัทสยามอินดัสตรีส์ จำกัด พุทธศักราช ๒๔๗๙ ในพระปรมาภิไธยสมเด็จพระเจ้าอยู่หัวอานันทมหิดล คณะผู้สำเร็จราชกา",กฎหมายทั่วไป,พระราชบัญญัติ
kris_อท009-1B-0001,พระราชบัญญัติโอนที่ดินซึ่งเป็นสาธารณสมบัติของแผ่นดิน ตำบลบ้านแก่ง อำเภอตรอน จังหวัดอุตรดิตถ์ ให้วัดมงคลนิมิตร์ พุทธศักราช 2479,"[22/11/2479] พระราชบัญญัติโอนที่ดินซึ่งเป็นสาธารณสมบัติของแผ่นดิน ตำบลบ้านแก่ง อำเภอตรอน จังหวัดอุตรดิตถ์ ให้วัดมงคลนิมิตร์ พุทธศักราช 2479
พระราชบัญญัติ โอนที่ดินซึ่งเป็นสาธารณสมบัติของแผ่นดิน ตำบลบ้านแก่ง อำเภอตรอน จังหวัดอุตตรดิตถ์ ให้วัดมงคลนิมิตร์ พุทธศักราช ๒๔๗๙ ในพระปรมาภิไธยสมเด็จพระเจ้าอยู่หัวอานันทมหิดล คณะผู้สำเร็จราชการแทนพระองค์ (ตามปร",กฎหมายทั่วไป,พระราชบัญญัติ
kris_อท008-1B-0001,พระราชบัญญัติโอนที่ดินซึ่งเป็นสาธารณสมบัติของแผ่นดิน ตำบลมะขามหย่ง อำเภอบางปลาสร้อย จังหวัดชลบุรี ให้แก่นางสาวมอญ แซ่ตั๋น พุทธศักราช 2479,"[22/11/2479] พระราชบัญญัติโอนที่ดินซึ่งเป็นสาธารณสมบัติของแผ่นดิน ตำบลมะขามหย่ง อำเภอบางปลาสร้อย จังหวัดชลบุรี ให้แก่นางสาวมอญ แซ่ตั๋น พุทธศักราช 2479
พระราชบัญญัติ โอนที่ดินซึ่งเป็นสาธารณสมบัติของแผ่นดิน ตำบลมะขามหย่ง อำเภอบางปลาสร้อย จังหวัดชลบุรี ให้แก่นางสาวมอญ แซ่ตั๋น พุทธศักราช ๒๔๗๙ ในพระปรมาภิไธยสมเด็จพระเจ้าอยู่หัวอานันทมหิดล คณะผู้สำเร็จราชการแทนพระอ",กฎหมายทั่วไป,พระราชบัญญัติ
kris_อท010-1B-0001,พระราชบัญญัติโอนที่ดินซึ่งเป็นสาธารณสมบัติของแผ่นดิน ตำบลระแหง อำเภอลาดหลุมแก้ว จังหวัดปทุมธานี ให้แก่นายเฉีย แซ่หลิม พุทธศักราช 2480,"[9/8/2480] พระราชบัญญัติโอนที่ดินซึ่งเป็นสาธารณสมบัติของแผ่นดิน ตำบลระแหง อำเภอลาดหลุมแก้ว จังหวัดปทุมธานี ให้แก่นายเฉีย แซ่หลิม พุทธศักราช 2480
พระราชบัญญัติ โอนที่ดินซึ่งเป็นสาธารณสมบัติของแผ่นดิน ตำบลระแหง อำเภอลาดหลุมแก้ว จังหวัดปทุมธานี ให้แก่นายเฉีย แซ่หลิม พุทธศักราช ๒๔๘๐ ในพระปรมาภิไธยสมเด็จพระเจ้าอยู่หัวอานันทมหิดล คณะผู้สำเร็จราชการแทนพระองค์",กฎหมายทั่วไป,พระราชบัญญัติ
kris_อท011-1B-0001,พระราชบัญญัติโอนที่ดินซึ่งเป็นสาธารณสมบัติของแผ่นดิน ตำบลช้างม่อย อำเภอเมืองเชียงใหม่ จังหวัดเชียงใหม่ ให้แก่นายกิมไล้ นิ่มเส็งเฮง พุทธศักราช 2480,"[6/9/2480] พระราชบัญญัติโอนที่ดินซึ่งเป็นสาธารณสมบัติของแผ่นดิน ตำบลช้างม่อย อำเภอเมืองเชียงใหม่ จังหวัดเชียงใหม่ ให้แก่นายกิมไล้ นิ่มเส็งเฮง พุทธศักราช 2480
พระราชบัญญัติ โอนที่ดินซึ่งเป็นสาธารณสมบัติของแผ่นดิน ตำบลช้างม่อย อำเภอเมืองเชียงใหม่ จังหวัดเชียงใหม่ ให้แก่นายกิมไล้ นิ่มเส็งเฮง พุทธศักราช ๒๔๘๐ ในพระปรมาภิไธยสมเด็จพระเจ้าอยู่หัวอานันทมหิดล คณะผู้สำเร็จราชก",กฎหมายทั่วไป,พระราชบัญญัติ
kris_อท012-1B-0001,พระราชบัญญัติโอนที่ดินซึ่งเป็นสาธารณสมบัติของแผ่นดิน ตำบลท่าประดู่ อำเภอเมืองระยอง จังหวัดระยอง ให้แก่กรมโยธาเทศบาล พุทธศักราช 2481,"[26/4/2482] พระราชบัญญัติโอนที่ดินซึ่งเป็นสาธารณสมบัติของแผ่นดิน ตำบลท่าประดู่ อำเภอเมืองระยอง จังหวัดระยอง ให้แก่กรมโยธาเทศบาล พุทธศักราช 2481
พระราชบัญญัติ โอนที่ดินซึ่งเป็นสาธารณสมบัติของแผ่นดิน ตำบลท่าประดู่ อำเภอเมืองระยอง จังหวัดระยอง ให้แก่กรมโยธาเทศบาล พุทธศักราช ๒๔๘๑ ในพระปรมาภิไธยสมเด็จพระเจ้าอยู่หัวอานันทมหิดล คณะผู้สำเร็จราชการแทนพระองค์ (ต",กฎหมายทั่วไป,พระราชบัญญัติ
kris_อท013-1B-0001,พระราชบัญญัติโอนที่ดินซึ่งเป็นสาธารณสมบัติของแผ่นดิน ตำบลตลาดสถานีบัวใหญ่ อำเภอบัวใหญ่ จังหวัดนครราชสีมา ให้แก่นายกำเท้ง กับพวก พุทธศักราช 2482,"[4/9/2482] พระราชบัญญัติโอนที่ดินซึ่งเป็นสาธารณสมบัติของแผ่นดิน ตำบลตลาดสถานีบัวใหญ่ อำเภอบัวใหญ่ จังหวัดนครราชสีมา ให้แก่นายกำเท้ง กับพวก พุทธศักราช 2482
พระราชบัญญัติ โอนที่ดินซึ่งเป็นสาธารณสมบัติของแผ่นดิน ตำบลตลาดสถานีบัวใหญ่ อำเภอบัวใหญ่ จังหวัดนครราชสีมา ให้แก่นายกำเท้ง กับพวก พุทธศักราช ๒๔๘๒ ในพระปรมาภิไธยสมเด็จพระเจ้าอยู่หัวอานันทมหิดล คณะผู้สำเร็จราชการแ",กฎหมายทั่วไป,พระราชบัญญัติ
kris_ยล028-1B-0001,พระราชบัญญัติอากรรังนกอีแอ่น พุทธศักราช 2482 (ยกเลิก),"[30/10/2482] พระราชบัญญัติอากรรังนกอีแอ่น พุทธศักราช 2482 (ยกเลิก)
พระราชบัญญัติ อากรรังนกอีแอ่น พุทธศักราช ๒๔๘๒ (ยกเลิก) ในพระปรมาภิไธยสมเด็จพระเจ้าอยู่หัวอานันทมหิดล คณะผู้สำเร็จราชการแทนพระองค์ (ตามประกาศประธานสภาผู้แทนราษฎร ลงวันที่ ๔ สิงหาคม พุทธศักราช ๒๔๘๐) อาทิตย์ทิพอาภ",กฎหมายทั่วไป,พระราชบัญญัติ
kris_อท014-1B-0001,พระราชบัญญัติโอนที่ดินซึ่งเป็นสาธารณสมบัติของแผ่นดิน ตำบลในเมือง อำเภอเมืองนคร จังหวัดนครศรีธรรมราช ให้แก่นางหวันหนิ อาศหาญ พุทธศักราช 2483,"[3/9/2483] พระราชบัญญัติโอนที่ดินซึ่งเป็นสาธารณสมบัติของแผ่นดิน ตำบลในเมือง อำเภอเมืองนคร จังหวัดนครศรีธรรมราช ให้แก่นางหวันหนิ อาศหาญ พุทธศักราช 2483
พระราชบัญญัติ โอนที่ดินซึ่งเป็นสาธารณสมบัติของแผ่นดิน ตำบลในเมือง อำเภอเมืองนคร จังหวัดนครศรีธรรมราช ให้แก่นางหวันหนิ อาศหาญ พุทธศักราช ๒๔๘๓ ในพระปรมาภิไธยสมเด็จพระเจ้าอยู่หัวอานันทมหิดล คณะผู้สำเร็จราชการแทนพร",กฎหมายทั่วไป,พระราชบัญญัติ
kris_อท015-1B-0001,พระราชบัญญัติโอนที่ดินซึ่งเป็นสาธารณสมบัติของแผ่นดิน ตำบลบางเมือง อำเภอเมืองสมุทรปราการ จังหวัดสมุทรปราการ ให้แก่นายพันตรีประยูร สุคนธทรัพย์ พุทธศักราช 2483,"[28/1/2484] พระราชบัญญัติโอนที่ดินซึ่งเป็นสาธารณสมบัติของแผ่นดิน ตำบลบางเมือง อำเภอเมืองสมุทรปราการ จังหวัดสมุทรปราการ ให้แก่นายพันตรีประยูร สุคนธทรัพย์ พุทธศักราช 2483
พระราชบัญญัติ โอนที่ดินซึ่งเป็นสาธารณสมบัติของแผ่นดิน ตำบลบางเมือง อำเภอเมืองสมุทรปราการ จังหวัดสมุทรปราการ ให้แก่นายพันตรีประยูร สุคนธทรัพย์ พุทธศักราช ๒๔๘๓ ในพระปรมาภิไธยสมเด็จพระเจ้าอยู่หัวอานันทมหิดล คณะผู้",กฎหมายทั่วไป,พระราชบัญญัติ
kris_อท016-1B-0001,พระราชบัญญัติโอนที่ดินซึ่งเป็นสาธารณสมบัติของแผ่นดิน ตำบลปากคลองบางปลากด อำเภอเมืองสมุทรปราการ จังหวัดสมุทรปราการ ให้แก่กระทรวงศึกษาธิการ พุทธศักราช 2484,"[14/10/2484] พระราชบัญญัติโอนที่ดินซึ่งเป็นสาธารณสมบัติของแผ่นดิน ตำบลปากคลองบางปลากด อำเภอเมืองสมุทรปราการ จังหวัดสมุทรปราการ ให้แก่กระทรวงศึกษาธิการ พุทธศักราช 2484
พระราชบัญญัติ โอนที่ดินซึ่งเป็นสาธารณสมบัติของแผ่นดิน ตำบลปากคลองบางปลากด อำเภอเมืองสมุทรปราการ จังหวัดสมุทรปราการ ให้แก่กระทรวงศึกษาธิการ พุทธศักราช ๒๔๘๔ ในพระปรมาภิไธยสมเด็จพระเจ้าอยู่หัวอานันทมหิดล คณะผู้สำเ",กฎหมายทั่วไป,พระราชบัญญัติ
kris_ยล252-1C-0002,พระราชกำหนดโอนอำนาจและหน้าที่เกี่ยวกับราชการของกระทรวงหรือกรม ซึ่งได้มีการปรับปรุงใหม่ พุทธศักราช 2485 (ยกเลิก),"[5/5/2485] พระราชกำหนดโอนอำนาจและหน้าที่เกี่ยวกับราชการของกระทรวงหรือกรม ซึ่งได้มีการปรับปรุงใหม่ พุทธศักราช 2485 (ยกเลิก)
พระราชกำหนด โอนอำนาจและหน้าที่เกี่ยวกับราชการของกระทรวงหรือกรม ซึ่งได้มีการปรับปรุงใหม่ พุทธศักราช ๒๔๘๕ (ยกเลิก) โปรดดูรายละเอียดของกฎหมายที่เว็บไซต์ราชกิจจานุเบกษา https://ratchakitcha.soc.go.th/",กฎหมายทั่วไป,พระราชกำหนด
kris_ยล242-1B-0001,พระราชบัญญัติอากรการฆ่าสัตว์ พุทธศักราช 2488 (ยกเลิก),"[9/1/2488] พระราชบัญญัติอากรการฆ่าสัตว์ พุทธศักราช 2488 (ยกเลิก)
พระราชบัญญัติ อากรการฆ่าสัตว์ พุทธศักราช ๒๔๘๘ และที่แก้ไขเพิ่มเติม (ยกเลิก) โปรดดูรายละเอียดของกฎหมายที่เว็บไซต์ราชกิจจานุเบกษา https://ratchakitcha.soc.go.th/",กฎหมายทั่วไป,พระราชบัญญัติ
kris_อพ001-1B-0001,พระราชบัญญัติอนุญาตให้รัฐบาลจ่ายเงินไปพลางก่อน พุทธศักราช 2489,"[5/4/2489] พระราชบัญญัติอนุญาตให้รัฐบาลจ่ายเงินไปพลางก่อน พุทธศักราช 2489
พระราชบัญญัติ อนุญาตให้รัฐบาลจ่ายเงินไปพลางก่อน พุทธศักราช ๒๔๘๙ อานันทมหิดล ตราไว้ ณ วันที่ ๕ เมษายน พุทธศักราช ๒๔๘๙ เป็นปีที่ ๑๓ ในรัชกาลปัจจุบัน สมเด็จพระเจ้าอยู่หัวอานันทมหิดล มีพระบรมราชโองการโปรดเกล้าฯ ให้",กฎหมายทั่วไป,พระราชบัญญัติ
kris_อพ001-1B-0001,พระราชบัญญัติอนุญาตให้รัฐบาลจ่ายเงินไปพลางก่อน พุทธศักราช 2489,"[5/4/2489] พระราชบัญญัติอนุญาตให้รัฐบาลจ่ายเงินไปพลางก่อน พุทธศักราช 2489
พระราชบัญญัติ อนุญาตให้รัฐบาลจ่ายเงินไปพลางก่อน พุทธศักราช ๒๔๘๙ อานันทมหิดล ตราไว้ ณ วันที่ ๕ เมษายน พุทธศักราช ๒๔๘๙ เป็นปีที่ ๑๓ ในรัชกาลปัจจุบัน สมเด็จพระเจ้าอยู่หัวอานันทมหิดล มีพระบรมราชโองการโปรดเกล้าฯ ให้",กฎหมายทั่วไป,พระราชบัญญัติ
kris_อพ002-1B-0005,พระราชบัญญัติอนุญาตให้รัฐบาลจ่ายเงินไปพลางก่อน (ฉบับที่ 2) พุทธศักราช 2489,"[22/6/2489] พระราชบัญญัติอนุญาตให้รัฐบาลจ่ายเงินไปพลางก่อน (ฉบับที่ 2) พุทธศักราช 2489
พระราชบัญญัติ อนุญาตให้รัฐบาลจ่ายเงินไปพลางก่อน (ฉะบับที่ ๒) พุทธศักราช ๒๔๘๙ ในพระปรมาภิไธยสมเด็จพระเจ้าอยู่หัวภูมิพลอดุลยเดช คณะผู้สำเร็จราชการแทนพระองค์ (ตามประกาศประธานรัฐสภา ลงวันที่ ๑๖ มิถุนายน พุทธศักราช",กฎหมายทั่วไป,พระราชบัญญัติ
kris_อท017-1B-0001,พระราชบัญญัติโอนที่ดินซึ่งเป็นสาธารณสมบัติของแผ่นดิน ตำบลวังบูรพาภิรมย์ อำเภอพระนคร จังหวัดพระนคร ให้แก่กระทรวงการคลัง พ.ศ. 2490,"[9/9/2490] พระราชบัญญัติโอนที่ดินซึ่งเป็นสาธารณสมบัติของแผ่นดิน ตำบลวังบูรพาภิรมย์ อำเภอพระนคร จังหวัดพระนคร ให้แก่กระทรวงการคลัง พ.ศ. 2490
พระราชบัญญัติ โอนที่ดินซึ่งเป็นสาธารณสมบัติของแผ่นดิน ตำบลวังบูรพาภิรมย์ อำเภอพระนคร จังหวัดพระนคร ให้แก่กระทรวงการคลัง พ.ศ. ๒๔๙๐ ในพระปรมาภิไธยสมเด็จพระเจ้าอยู่หัวภูมิพลอดุลยเดช คณะผู้สำเร็จราชการแทนพระองค์ รั",กฎหมายทั่วไป,พระราชบัญญัติ
kris_อพ003-1B-0001,พระราชบัญญัติอนุญาตให้จ่ายเงินไปพลางก่อน พ.ศ. 2491,"[4/5/2491] พระราชบัญญัติอนุญาตให้จ่ายเงินไปพลางก่อน พ.ศ. 2491
พระราชบัญญัติ อนุญาตให้จ่ายเงินไปพลางก่อน พ.ศ. ๒๔๙๑ ในพระปรมาภิไธยสมเด็จพระเจ้าอยู่หัวภูมิพลอดุลยเดช คณะอภิรัฐมนตรี ในหน้าที่คณะผู้สำเร็จราชการแทนพระองค์ อลงกฏ ธานีนิวัต มานวราชเสวี อดุลเดชจรัส ให้ไว้ ณ วันที่",กฎหมายทั่วไป,พระราชบัญญัติ
kris_อพ004-1B-0001,พระราชบัญญัติอนุญาตให้จ่ายเงินไปพลางก่อน (ฉบับที่ 2) พ.ศ. 2491,"[3/8/2491] พระราชบัญญัติอนุญาตให้จ่ายเงินไปพลางก่อน (ฉบับที่ 2) พ.ศ. 2491
พระราชบัญญัติ อนุญาตให้จ่ายเงินไปพลางก่อน (ฉะบับที่ ๒) พ.ศ. ๒๔๙๑ ในพระปรมาภิไธยสมเด็จพระเจ้าอยู่หัวภูมิพลอดุลยเดช คณะอภิรัฐมนตรี ในหน้าที่คณะผู้สำเร็จราชการแทนพระองค์ รังสิต กรมขุนชัยนาทนเรนทร อลงกฏ มานวราชเสวี",กฎหมายทั่วไป,พระราชบัญญัติ
kris_อพ005-1B-0001,พระราชบัญญัติอนุญาตให้จ่ายเงินไปพลางก่อน พ.ศ. 2493,"[9/12/2493] พระราชบัญญัติอนุญาตให้จ่ายเงินไปพลางก่อน พ.ศ. 2493
พระราชบัญญัติ อนุญาตให้จ่ายเงินไปพลางก่อน พ.ศ. ๒๔๙๓ ในพระปรมาภิไธย พระบาทสมเด็จพระปรมินทรมหาภูมิพลอดุลยเดช รังสิต กรมพระชัยนาทนเรนทร ผู้สำเร็จราชการแทนพระองค์ ให้ไว้ ณ วันที่ ๙ ธันวาคม พ.ศ. ๒๔๙๓ เป็นปีที่ ๕ ในร",กฎหมายทั่วไป,พระราชบัญญัติ
kris_อ0001-1B-0001,พระราชบัญญัติองค์การโทรศัพท์แห่งประเทศไทย พ.ศ. 2497 (ยกเลิก),"[9/3/2497] พระราชบัญญัติองค์การโทรศัพท์แห่งประเทศไทย พ.ศ. 2497 (ยกเลิก)
ประกาศของคณะปฏิวัติ ฉบับที่ ๒๘๔ ลงวันที่ ๒๔ พฤศจิกายน พ.ศ. ๒๕๑๕ พระราชบัญญัติองค์การโทรศัพท์แห่งประเทศไทย (ฉบับที่ ๒) พ.ศ. ๒๕๑๑ พระราชบัญญัติองค์การโทรศัพท์แห่งประเทศไทย (ฉบับที่ ๓) พ.ศ. ๒๕๑๗ พระราชบัญญัติองค์ก",กฎหมายทั่วไป,พระราชบัญญัติ
kris_อท018-1B-0001,พระราชบัญญัติโอนที่ดินซึ่งเป็นสาธารณสมบัติของแผ่นดิน ในท้องที่ตำบลบางพระ อำเภอศรีราชา จังหวัดชลบุรี ให้แก่ราษฎร พ.ศ. 2503,"[6/12/2503] พระราชบัญญัติโอนที่ดินซึ่งเป็นสาธารณสมบัติของแผ่นดิน ในท้องที่ตำบลบางพระ อำเภอศรีราชา จังหวัดชลบุรี ให้แก่ราษฎร พ.ศ. 2503
พระราชบัญญัติ โอนที่ดินซึ่งเป็นสาธารณสมบัติของแผ่นดิน ในท้องที่ตำบลบางพระ อำเภอศรีราชา จังหวัดชลบุรี ให้แก่ราษฎร พ.ศ. ๒๕๐๓ ในพระปรมาภิไธย พระบาทสมเด็จพระปรมินทรมหาภูมิพลอดุลยเดช สังวาลย์ ผู้สำเร็จราชการแทนพระอง",กฎหมายทั่วไป,พระราชบัญญัติ
kris_อ0030-1B-0001,พระราชบัญญัติอุทยานแห่งชาติ พ.ศ. 2504 (ยกเลิก),"[3/10/2504] พระราชบัญญัติอุทยานแห่งชาติ พ.ศ. 2504 (ยกเลิก)
*พระราชกฤษฎีกาแก้ไขบทบัญญัติให้สอดคล้องกับการโอนอำนาจหน้าที่ของส่วนราชการให้เป็นไปตามพระราชบัญญัติปรับปรุงกระทรวง ทบวง กรม พ.ศ. ๒๕๔๕ พ.ศ. ๒๕๔๕ ภูมิพลอดุลยเดช ป.ร. ให้ไว้ ณ วันที่ ๒๒ กันยายน พ.ศ. ๒๕๐๔ เป็นปีที่",กฎหมายทั่วไป,พระราชบัญญัติ
kris_อท019-1B-0001,พระราชบัญญัติโอนที่ดินซึ่งเป็นสาธารณสมบัติของแผ่นดิน ในท้องที่ตำบลจักรวรรดิ์ อำเภอสัมพันธวงศ์ จังหวัดพระนคร ให้แก่ พันโท สำเริง เนตรายน พ.ศ. 2505,"[10/7/2505] พระราชบัญญัติโอนที่ดินซึ่งเป็นสาธารณสมบัติของแผ่นดิน ในท้องที่ตำบลจักรวรรดิ์ อำเภอสัมพันธวงศ์ จังหวัดพระนคร ให้แก่ พันโท สำเริง เนตรายน พ.ศ. 2505
พระราชบัญญัติ โอนที่ดินซึ่งเป็นสาธารณสมบัติของแผ่นดิน ในท้องที่ตำบลจักรวรรดิ์ อำเภอสัมพันธวงศ์ จังหวัดพระนคร ให้แก่ พันโท สำเริง เนตรายน พ.ศ. ๒๕๐๕ ในพระปรมาภิไธย พระบาทสมเด็จพระปรมินทรมหาภูมิพลอดุลยเดช สังวาลย์",กฎหมายทั่วไป,พระราชบัญญัติ
kris_อท020-1B-0001,พระราชบัญญัติโอนที่ดินซึ่งเป็นสาธารณสมบัติของแผ่นดิน ในท้องที่ตำบลบ้านโป่ง อำเภอบ้านโป่ง จังหวัดราชบุรี ให้แก่นายเชาว์ วงศาโรจน์ พ.ศ. 2505,"[29/1/2506] พระราชบัญญัติโอนที่ดินซึ่งเป็นสาธารณสมบัติของแผ่นดิน ในท้องที่ตำบลบ้านโป่ง อำเภอบ้านโป่ง จังหวัดราชบุรี ให้แก่นายเชาว์ วงศาโรจน์ พ.ศ. 2505
พระราชบัญญัติ โอนที่ดินซึ่งเป็นสาธารณสมบัติของแผ่นดิน ในท้องที่ตำบลบ้านโป่ง อำเภอบ้านโป่ง จังหวัดราชบุรี ให้แก่นายเชาว์ วงศาโรจน์ พ.ศ. ๒๕๐๕ ภูมิพลอดุลยเดช ป.ร. ให้ไว้ ณ วันที่ ๒๔ มกราคม พ.ศ. ๒๕๐๖ เป็นปีที่ ๑๘ ใ",กฎหมายทั่วไป,พระราชบัญญัติ
kris_อท021-1B-0001,พระราชบัญญัติโอนที่ดินซึ่งเป็นสาธารณสมบัติของแผ่นดิน ในท้องที่ตำบลลำปลายมาศ อำเภอลำปลายมาศ จังหวัดบุรีรัมย์ ให้แก่นายเทียม พูนทรัพย์ และนางเนียม พูนทรัพย์ พ.ศ. 2506,"[6/9/2506] พระราชบัญญัติโอนที่ดินซึ่งเป็นสาธารณสมบัติของแผ่นดิน ในท้องที่ตำบลลำปลายมาศ อำเภอลำปลายมาศ จังหวัดบุรีรัมย์ ให้แก่นายเทียม พูนทรัพย์ และนางเนียม พูนทรัพย์ พ.ศ. 2506
พระราชบัญญัติ โอนที่ดินซึ่งเป็นสาธารณสมบัติของแผ่นดิน ในท้องที่ตำบลลำปลายมาศ อำเภอลำปลายมาศ จังหวัดบุรีรัมย์ ให้แก่นายเทียม พูนทรัพย์ และนางเนียม พูนทรัพย์ พ.ศ. ๒๕๐๖ ภูมิพลอดุลยเดช ป.ร. ให้ไว้ ณ วันที่ ๑๓ สิงหา",กฎหมายทั่วไป,พระราชบัญญัติ
kris_อท022-1B-0001,พระราชบัญญัติโอนที่ดินซึ่งเป็นสาธารณสมบัติของแผ่นดิน ในท้องที่ตำบลในเมือง อำเภอเมืองพิษณุโลก จังหวัดพิษณุโลก ให้แก่นายเยียน โพธิสุวรรณ พ.ศ. 2506,"[31/12/2506] พระราชบัญญัติโอนที่ดินซึ่งเป็นสาธารณสมบัติของแผ่นดิน ในท้องที่ตำบลในเมือง อำเภอเมืองพิษณุโลก จังหวัดพิษณุโลก ให้แก่นายเยียน โพธิสุวรรณ พ.ศ. 2506
พระราชบัญญัติ โอนที่ดินซึ่งเป็นสาธารณสมบัติของแผ่นดิน ในท้องที่ตำบลในเมือง อำเภอเมืองพิษณุโลก จังหวัดพิษณุโลก ให้แก่นายเยียน โพธิสุวรรณ พ.ศ. ๒๕๐๖ ภูมิพลอดุลยเดช ป.ร. ให้ไว้ ณ วันที่ ๒๕ ธันวาคม พ.ศ. ๒๕๐๖ เป็นปีท",กฎหมายทั่วไป,พระราชบัญญัติ
kris_อท023-1B-0001,พระราชบัญญัติโอนที่ดินซึ่งเป็นสาธารณสมบัติของแผ่นดิน ในท้องที่ตำบลอาเนาะรู อำเภอเมืองปัตตานี จังหวัดปัตตานี ให้แก่เทศบาลเมืองปัตตานี จังหวัดปัตตานี พ.ศ. 2507,"[21/4/2507] พระราชบัญญัติโอนที่ดินซึ่งเป็นสาธารณสมบัติของแผ่นดิน ในท้องที่ตำบลอาเนาะรู อำเภอเมืองปัตตานี จังหวัดปัตตานี ให้แก่เทศบาลเมืองปัตตานี จังหวัดปัตตานี พ.ศ. 2507
พระราชบัญญัติ โอนที่ดินซึ่งเป็นสาธารณสมบัติของแผ่นดิน ในท้องที่ตำบลอาเนาะรู อำเภอเมืองปัตตานี จังหวัดปัตตานี ให้แก่เทศบาลเมืองปัตตานี จังหวัดปัตตานี พ.ศ. ๒๕๐๗ ภูมิพลอดุลยเดช ป.ร. ให้ไว้ ณ วันที่ ๒ เมษายน พ.ศ. ๒",กฎหมายทั่วไป,พระราชบัญญัติ
kris_อท024-1B-0001,พระราชบัญญัติโอนที่ดินซึ่งเป็นสาธารณสมบัติของแผ่นดิน ในท้องที่ตำบลเด่นชัย อำเภอสูงเม่น จังหวัดแพร่ ให้แก่กระทรวงการคลัง พ.ศ. 2507,"[1/9/2507] พระราชบัญญัติโอนที่ดินซึ่งเป็นสาธารณสมบัติของแผ่นดิน ในท้องที่ตำบลเด่นชัย อำเภอสูงเม่น จังหวัดแพร่ ให้แก่กระทรวงการคลัง พ.ศ. 2507
พระราชบัญญัติ โอนที่ดินซึ่งเป็นสาธารณสมบัติของแผ่นดิน ในท้องที่ตำบลเด่นชัย อำเภอสูงเม่น จังหวัดแพร่ ให้แก่กระทรวงการคลัง พ.ศ. ๒๕๐๗ ภูมิพลอดุลยเดช ป.ร. ให้ไว้ ณ วันที่ ๑๐ สิงหาคม พ.ศ. ๒๕๐๗ เป็นปีที่ ๑๙ ในรัชกาลป",กฎหมายทั่วไป,พระราชบัญญัติ
kris_อท025-1B-0001,พระราชบัญญัติโอนที่ดินซึ่งเป็นสาธารณสมบัติของแผ่นดิน ในท้องที่ตำบลจักรวรรดิ์ อำเภอสัมพันธวงศ์ จังหวัดพระนคร ให้แก่นางวิจิตรนาวี นางสาวสมจิตต์ รัตนจินดาชูชัย นางสาวฉวีวรรณ แจ้งสนิท และทายาทของพระเจ้าบรมวงศ์เธอ พระองค์เจ้าอดิสัยสุริยาภา พ.ศ. 2508,"[12/11/2508] พระราชบัญญัติโอนที่ดินซึ่งเป็นสาธารณสมบัติของแผ่นดิน ในท้องที่ตำบลจักรวรรดิ์ อำเภอสัมพันธวงศ์ จังหวัดพระนคร ให้แก่นางวิจิตรนาวี นางสาวสมจิตต์ รัตนจินดาชูชัย นางสาวฉวีวรรณ แจ้งสนิท และทายาทของพระเจ้าบรมวงศ์เธอ พระองค์เจ้าอดิสัยสุริยาภา พ.ศ. 2508
พระราชบัญญัติ โอนที่ดินซึ่งเป็นสาธารณสมบัติของแผ่นดิน ในท้องที่ตำบลจักรวรรดิ์ อำเภอสัมพันธวงศ์ จังหวัดพระนคร ให้แก่นางวิจิตรนาวี นางสาวสมจิตต์ รัตนจินดาชูชัย นางสาวฉวีวรรณ แจ้งสนิท และทายาทของ พระเจ้าบรมวงศ์เธอ",กฎหมายทั่วไป,พระราชบัญญัติ
kris_อ0002-1B-0001,พระราชบัญญัติองค์การเภสัชกรรม พ.ศ. 2509,"[11/8/2509] พระราชบัญญัติองค์การเภสัชกรรม พ.ศ. 2509
พระราชบัญญัติ องค์การเภสัชกรรม พ.ศ. ๒๕๐๙ ในพระปรมาภิไธย พระบาทสมเด็จพระปรมินทรมหาภูมิพลอดุลยเดช สังวาลย์ ผู้สำเร็จราชการแทนพระองค์ ให้ไว้ ณ วันที่ ๕ สิงหาคม พ.ศ. ๒๕๐๙ เป็นปีที่ ๒๑ ในรัชกาลปัจจุบัน โดยที่เป็นการ",กฎหมายทั่วไป,พระราชบัญญัติ
kris_อท026-1B-0001,พระราชบัญญัติโอนที่ดินซึ่งเป็นสาธารณสมบัติของแผ่นดิน ในท้องที่ตำบลสัมพันธวงศ์ อำเภอสัมพันธวงศ์ จังหวัดพระนคร ให้แก่สหธนาคารกรุงเทพฯ จำกัด พ.ศ. 2509,"[23/8/2509] พระราชบัญญัติโอนที่ดินซึ่งเป็นสาธารณสมบัติของแผ่นดิน ในท้องที่ตำบลสัมพันธวงศ์ อำเภอสัมพันธวงศ์ จังหวัดพระนคร ให้แก่สหธนาคารกรุงเทพฯ จำกัด พ.ศ. 2509
พระราชบัญญัติ โอนที่ดินซึ่งเป็นสาธารณสมบัติของแผ่นดิน ในท้องที่ตำบลสัมพันธวงศ์ อำเภอสัมพันธวงศ์ จังหวัดพระนคร ให้แก่สหธนาคารกรุงเทพฯ จำกัด พ.ศ. ๒๕๐๙ ในพระปรมาภิไธย พระบาทสมเด็จพระปรมินทรมหาภูมิพลอดุลยเดช สังวาล",กฎหมายทั่วไป,พระราชบัญญัติ
kris_ยล096-1B-0001,พระราชบัญญัติโอนโรงเรียนประถมศึกษาบางประเภทไปสังกัดองค์การบริหารส่วนจังหวัด พ.ศ. 2509 (ยกเลิก),"[16/9/2509] พระราชบัญญัติโอนโรงเรียนประถมศึกษาบางประเภทไปสังกัดองค์การบริหารส่วนจังหวัด พ.ศ. 2509 (ยกเลิก)
พระราชบัญญัติโอนโรงเรียนประถมศึกษาบางประเภทไปสังกัดองค์การบริหารส่วนจังหวัดพ.ศ. ๒๕๐๙ (ยกเลิก) โปรดดูรายละเอียดของกฎหมายที่เว็บไซต์ราชกิจจานุเบกษา https://ratchakitcha.soc.go.th/",กฎหมายทั่วไป,พระราชบัญญัติ
kris_อท027-1B-0001,พระราชบัญญัติโอนที่ดินซึ่งเป็นสาธารณสมบัติของแผ่นดิน ในท้องที่ตำบลในเมือง อำเภอเมืองนครราชสีมา จังหวัดนครราชสีมา ให้แก่ นายพัลลภ วิริยะจิตติ นางสังวาลย์ วิริยะจิตติ และนายลัด เฮ่งประยูร พ.ศ. 2509,"[29/9/2509] พระราชบัญญัติโอนที่ดินซึ่งเป็นสาธารณสมบัติของแผ่นดิน ในท้องที่ตำบลในเมือง อำเภอเมืองนครราชสีมา จังหวัดนครราชสีมา ให้แก่ นายพัลลภ วิริยะจิตติ นางสังวาลย์ วิริยะจิตติ และนายลัด เฮ่งประยูร พ.ศ. 2509
พระราชบัญญัติ โอนที่ดินซึ่งเป็นสาธารณสมบัติของแผ่นดิน ในท้องที่ตำบลในเมือง อำเภอเมืองนครราชสีมา จังหวัดนครราชสีมา ให้แก่ นายพัลลภ วิริยะจิตติ นางสังวาลย์ วิริยะจิตติ และนายลัด เฮ่งประยูร พ.ศ. ๒๕๐๙ ในพระปรมาภิไธ",กฎหมายทั่วไป,พระราชบัญญัติ
kris_อท028-1B-0001,พระราชบัญญัติโอนที่ดินซึ่งเป็นสาธารณสมบัติของแผ่นดิน ในท้องที่ตำบลจักรวรรดิ อำเภอสัมพันธวงศ์ จังหวัดพระนคร ให้แก่นายประมูล นวราช และนายบำรุง นวราช พ.ศ. 2509,"[27/12/2509] พระราชบัญญัติโอนที่ดินซึ่งเป็นสาธารณสมบัติของแผ่นดิน ในท้องที่ตำบลจักรวรรดิ อำเภอสัมพันธวงศ์ จังหวัดพระนคร ให้แก่นายประมูล นวราช และนายบำรุง นวราช พ.ศ. 2509
พระราชบัญญัติ โอนที่ดินซึ่งเป็นสาธารณสมบัติของแผ่นดิน ในท้องที่ตำบลจักรวรรดิ อำเภอสัมพันธวงศ์ จังหวัดพระนคร ให้แก่นายประมูล นวราช และนายบำรุง นวราช พ.ศ. ๒๕๐๙ ภูมิพลอดุลยเดช ป.ร. ให้ไว้ ณ วันที่ ๒๑ ธันวาคม พ.ศ.",กฎหมายทั่วไป,พระราชบัญญัติ
kris_อท029-1B-0001,พระราชบัญญัติโอนที่ดินซึ่งเป็นสาธารณสมบัติของแผ่นดิน ในท้องที่ตำบลคลองจั่น อำเภอบางกะปิ จังหวัดพระนคร ให้แก่ธนาคารอาคารสงเคราะห์ พ.ศ. 2509,"[31/12/2509] พระราชบัญญัติโอนที่ดินซึ่งเป็นสาธารณสมบัติของแผ่นดิน ในท้องที่ตำบลคลองจั่น อำเภอบางกะปิ จังหวัดพระนคร ให้แก่ธนาคารอาคารสงเคราะห์ พ.ศ. 2509
พระราชบัญญัติ โอนที่ดินซึ่งเป็นสาธารณสมบัติของแผ่นดิน ในท้องที่ตำบลคลองจั่น อำเภอบางกะปิ จังหวัดพระนคร ให้แก่ธนาคารอาคารสงเคราะห์ พ.ศ. ๒๕๐๙ ภูมิพลอดุลยเดช ป.ร. ให้ไว้ ณ วันที่ ๒๑ ธันวาคม พ.ศ. ๒๕๐๙ เป็นปีที่ ๒๑",กฎหมายทั่วไป,พระราชบัญญัติ
kris_อท030-1B-0001,พระราชบัญญัติโอนที่ดินซึ่งเป็นสาธารณสมบัติของแผ่นดิน ในท้องที่ตำบลคุ้งสำเภา อำเภอมโนรมย์ จังหวัดชัยนาท ให้แก่นางสนิท พิศอ่อน พ.ศ. 2510,"[1/2/2510] พระราชบัญญัติโอนที่ดินซึ่งเป็นสาธารณสมบัติของแผ่นดิน ในท้องที่ตำบลคุ้งสำเภา อำเภอมโนรมย์ จังหวัดชัยนาท ให้แก่นางสนิท พิศอ่อน พ.ศ. 2510
พระราชบัญญัติ โอนที่ดินซึ่งเป็นสาธารณสมบัติของแผ่นดิน ในท้องที่ตำบลคุ้งสำเภา อำเภอมโนรมย์ จังหวัดชัยนาท ให้แก่นางสนิท พิศอ่อน พ.ศ. ๒๕๑๐ ภูมิพลอดุลยเดช ป.ร. ให้ไว้ ณ วันที่ ๒๐ มกราคม พ.ศ. ๒๕๑๐ เป็นปีที่ ๒๒ ในรัช",กฎหมายทั่วไป,พระราชบัญญัติ
kris_อท031-1B-0001,พระราชบัญญัติโอนที่ดินซึ่งเป็นสาธารณสมบัติของแผ่นดิน ในท้องที่ตำบลบางซื่อ อำเภอดุสิต จังหวัดพระนคร ให้แก่บริษัทปูนซิเมนต์ไทย จำกัด พ.ศ. 2510,"[17/8/2510] พระราชบัญญัติโอนที่ดินซึ่งเป็นสาธารณสมบัติของแผ่นดิน ในท้องที่ตำบลบางซื่อ อำเภอดุสิต จังหวัดพระนคร ให้แก่บริษัทปูนซิเมนต์ไทย จำกัด พ.ศ. 2510
พระราชบัญญัติ โอนที่ดินซึ่งเป็นสาธารณสมบัติของแผ่นดินในท้องที่ ตำบลบางซื่อ อำเภอดุสิต จังหวัดพระนคร ให้แก่บริษัทปูนซิเมนต์ไทย จำกัด พ.ศ. ๒๕๑๐ ในพระปรมาภิไธย พระบาทสมเด็จพระปรมินทรมหาภูมิพลอดุลยเดช สังวาลย์ ผู้ส",กฎหมายทั่วไป,พระราชบัญญัติ
kris_อท032-1B-0001,พระราชบัญญัติโอนที่ดินซึ่งเป็นสาธารณสมบัติของแผ่นดิน ในท้องที่ตำบลวัดโสมนัส อำเภอป้อมปราบศัตรูพ่าย จังหวัดพระนคร ให้แก่นายประจวบ บุรานนท์ พ.ศ. 2510,"[22/8/2510] พระราชบัญญัติโอนที่ดินซึ่งเป็นสาธารณสมบัติของแผ่นดิน ในท้องที่ตำบลวัดโสมนัส อำเภอป้อมปราบศัตรูพ่าย จังหวัดพระนคร ให้แก่นายประจวบ บุรานนท์ พ.ศ. 2510
พระราชบัญญัติ โอนที่ดินซึ่งเป็นสาธารณสมบัติของแผ่นดิน ในท้องที่ตำบลวัดโสมนัส อำเภอป้อมปราบศัตรูพ่าย จังหวัดพระนคร ให้แก่นายประจวบ บุรานนท์ พ.ศ. ๒๕๑๐ ภูมิพลอดุลยเดช ป.ร. ให้ไว้ ณ วันที่ ๒๕ กรกฎาคม พ.ศ. ๒๕๑๐ เป็น",กฎหมายทั่วไป,พระราชบัญญัติ
kris_อท034-1B-0001,พระราชบัญญัติโอนที่ดินซึ่งเป็นสาธารณสมบัติของแผ่นดิน ในท้องที่ตำบลสะเตง อำเภอเมืองยะลา จังหวัดยะลา ให้แก่นายนิล แจ่มจรัส พ.ศ. 2510,"[12/12/2510] พระราชบัญญัติโอนที่ดินซึ่งเป็นสาธารณสมบัติของแผ่นดิน ในท้องที่ตำบลสะเตง อำเภอเมืองยะลา จังหวัดยะลา ให้แก่นายนิล แจ่มจรัส พ.ศ. 2510
พระราชบัญญัติ โอนที่ดินซึ่งเป็นสาธารณสมบัติของแผ่นดิน ในท้องที่ตำบลสะเตง อำเภอเมืองยะลา จังหวัดยะลา ให้แก่นายนิล แจ่มจรัส พ.ศ. ๒๕๑๐ ภูมิพลอดุลยเดช ป.ร. ให้ไว้ ณ วันที่ ๒๐ พฤศจิกายน พ.ศ. ๒๕๑๐ เป็นปีที่ ๒๒ ในรัชก",กฎหมายทั่วไป,พระราชบัญญัติ
kris_อท033-1B-0001,พระราชบัญญัติโอนที่ดินซึ่งเป็นสาธารณสมบัติของแผ่นดิน ในท้องที่ตำบลศรีราชา อำเภอศรีราชา จังหวัดชลบุรี ให้แก่เทศบาลตำบลศรีราชา จังหวัดชลบุรี พ.ศ. 2510,"[12/12/2510] พระราชบัญญัติโอนที่ดินซึ่งเป็นสาธารณสมบัติของแผ่นดิน ในท้องที่ตำบลศรีราชา อำเภอศรีราชา จังหวัดชลบุรี ให้แก่เทศบาลตำบลศรีราชา จังหวัดชลบุรี พ.ศ. 2510
พระราชบัญญัติ โอนที่ดินซึ่งเป็นสาธารณสมบัติของแผ่นดิน ในท้องที่ตำบลศรีราชา อำเภอศรีราชา จังหวัดชลบุรี ให้แก่เทศบาลตำบลศรีราชา จังหวัดชลบุรี พ.ศ. ๒๕๑๐ ภูมิพลอดุลยเดช ป.ร. ให้ไว้ ณ วันที่ ๒๐ พฤศจิกายน พ.ศ. ๒๕๑๐ เ",กฎหมายทั่วไป,พระราชบัญญัติ
kris_อท035-1B-0001,พระราชบัญญัติโอนที่ดินซึ่งเป็นสาธารณสมบัติของแผ่นดิน ในท้องที่ตำบลนครสวรรค์ตก อำเภอเมืองนครสวรรค์ จังหวัดนครสวรรค์ ให้แก่มูลนิธิปากน้ำโพประชานุเคราะห์ พ.ศ. 2510,"[19/12/2510] พระราชบัญญัติโอนที่ดินซึ่งเป็นสาธารณสมบัติของแผ่นดิน ในท้องที่ตำบลนครสวรรค์ตก อำเภอเมืองนครสวรรค์ จังหวัดนครสวรรค์ ให้แก่มูลนิธิปากน้ำโพประชานุเคราะห์ พ.ศ. 2510
พระราชบัญญัติ โอนที่ดินซึ่งเป็นสาธารณสมบัติของแผ่นดิน ในท้องที่ตำบลนครสวรรค์ตก อำเภอเมืองนครสวรรค์ จังหวัดนครสวรรค์ ให้แก่มูลนิธิปากน้ำโพประชานุเคราะห์ พ.ศ. ๒๕๑๐ ภูมิพลอดุลยเดช ป.ร. ให้ไว้ ณ วันที่ ๒ พฤศจิกายน",กฎหมายทั่วไป,พระราชบัญญัติ
kris_อ0003-1B-0003,พระราชบัญญัติองค์การสงเคราะห์ทหารผ่านศึก พ.ศ. 2510,"[28/12/2510] พระราชบัญญัติองค์การสงเคราะห์ทหารผ่านศึก พ.ศ. 2510
พระราชบัญญัติแก้ไขเพิ่มเติมบทบัญญัติแห่งกฎหมายที่เกี่ยวกับความรับผิดในทางอาญาของผู้แทนนิติบุคคล พ.ศ. ๒๕๖๐ พระราชบัญญัติองค์การสงเคราะห์ทหารผ่านศึก (ฉบับที่ ๒) พ.ศ. ๒๕๖๐ ภูมิพลอดุลยเดช ป.ร. ให้ไว้ ณ วันที่ ๒๖ ธั",กฎหมายทั่วไป,พระราชบัญญัติ
kris_อท036-1B-0001,พระราชบัญญัติโอนกรรมสิทธิ์ที่ดินซึ่งเป็นสาธารณสมบัติของแผ่นดินที่ได้มาตามพระราชกฤษฎีกาว่าด้วยการจัดซื้อที่ดินและอสังหาริมทรัพย์อย่างอื่น เพื่อตัดถนนเชื่อมคมนาคมกรุงเทพมหานครกับจังหวัดนนทบุรี ซึ่งได้ประกาศ ณ วันที่ 22 ตุลาคม พุทธศักราช 2474 เฉพาะตอนที่ยังไม่ได้ตัดถนน ให้แก่เจ้าของเดิม ทายาทหรือผู้รับโอน พ.ศ. 2511,"[19/6/2511] พระราชบัญญัติโอนกรรมสิทธิ์ที่ดินซึ่งเป็นสาธารณสมบัติของแผ่นดินที่ได้มาตามพระราชกฤษฎีกาว่าด้วยการจัดซื้อที่ดินและอสังหาริมทรัพย์อย่างอื่น เพื่อตัดถนนเชื่อมคมนาคมกรุงเทพมหานครกับจังหวัดนนทบุรี ซึ่งได้ประกาศ ณ วันที่ 22 ตุลาคม พุทธศักราช 2474 เฉพาะตอนที่ยังไม่ได้ตัดถนน ให้แก่เจ้าของเดิม ทายาทหรือผู้รับโอน พ.ศ. 2511
พระราชบัญญัติ โอนกรรมสิทธิ์ที่ดินซึ่งเป็นสาธารณสมบัติของแผ่นดิน ที่ได้มาตามพระราชกฤษฎีกาว่าด้วยการจัดซื้อที่ดินและ อสังหาริมทรัพย์อย่างอื่น เพื่อตัดถนนเชื่อมคมนาคม กรุงเทพพระมหานครกับจังหวัดนนทบุรี ซึ่งได้ประกา",กฎหมายทั่วไป,พระราชบัญญัติ
kris_อท037-1B-0001,พระราชบัญญัติโอนที่ดินซึ่งเป็นสาธารณสมบัติของแผ่นดิน ในท้องที่ตำบลหนองหลวง อำเภอเมืองตาก จังหวัดตาก ให้แก่เทศบาลเมืองตาก จังหวัดตาก พ.ศ. 2512,"[1/3/2512] พระราชบัญญัติโอนที่ดินซึ่งเป็นสาธารณสมบัติของแผ่นดิน ในท้องที่ตำบลหนองหลวง อำเภอเมืองตาก จังหวัดตาก ให้แก่เทศบาลเมืองตาก จังหวัดตาก พ.ศ. 2512
พระราชบัญญัติ โอนที่ดินซึ่งเป็นสาธารณสมบัติของแผ่นดิน ในท้องที่ตำบลหนองหลวง อำเภอเมืองตาก จังหวัดตาก ให้แก่เทศบาลเมืองตาก จังหวัดตาก พ.ศ. ๒๕๑๒ ภูมิพลอดุลยเดช ป.ร. ให้ไว้ ณ วันที่ ๑๒ กุมภาพันธ์ พ.ศ. ๒๕๑๒ เป็นปีท",กฎหมายทั่วไป,พระราชบัญญัติ
kris_อท038-1B-0001,พระราชบัญญัติโอนที่ดินซึ่งเป็นสาธารณสมบัติของแผ่นดิน ในท้องที่ตำบลธาตุเชิงชุม อำเภอเมืองสกลนคร จังหวัดสกลนคร ให้แก่ นายเต็ก ตีระสวัสดิ์ชัย พ.ศ. 2512,"[8/4/2512] พระราชบัญญัติโอนที่ดินซึ่งเป็นสาธารณสมบัติของแผ่นดิน ในท้องที่ตำบลธาตุเชิงชุม อำเภอเมืองสกลนคร จังหวัดสกลนคร ให้แก่ นายเต็ก ตีระสวัสดิ์ชัย พ.ศ. 2512
พระราชบัญญัติ โอนที่ดินซึ่งเป็นสาธารณสมบัติของแผ่นดิน ในท้องที่ตำบลธาตุเชิงชุม อำเภอเมืองสกลนคร จังหวัดสกลนคร ให้แก่นายเต็ก ตีระสวัสดิ์ชัย พ.ศ. ๒๕๑๒ ภูมิพลอดุลยเดช ป.ร. ให้ไว้ ณ วันที่ ๒๑ กุมภาพันธ์ พ.ศ. ๒๕๑๒ เ",กฎหมายทั่วไป,พระราชบัญญัติ
kris_อท039-1B-0001,พระราชบัญญัติโอนที่ดินซึ่งเป็นสาธารณสมบัติของแผ่นดิน ในท้องที่ตำบลในเมือง อำเภอเมืองอุบลราชธานี จังหวัดอุบลราชธานี ให้แก่การรถไฟแห่งประเทศไทย พ.ศ. 2514,"[28/9/2514] พระราชบัญญัติโอนที่ดินซึ่งเป็นสาธารณสมบัติของแผ่นดิน ในท้องที่ตำบลในเมือง อำเภอเมืองอุบลราชธานี จังหวัดอุบลราชธานี ให้แก่การรถไฟแห่งประเทศไทย พ.ศ. 2514
พระราชบัญญัติ โอนที่ดินซึ่งเป็นสาธารณสมบัติของแผ่นดิน ในท้องที่ตำบลในเมือง อำเภอเมืองอุบลราชธานี จังหวัดอุบลราชธานี ให้แก่การรถไฟแห่งประเทศไทย พ.ศ. ๒๕๑๔ ภูมิพลอดุลยเดช ป.ร. ให้ไว้ ณ วันที่ ๓ กันยายน พ.ศ. ๒๕๑๔ เ",กฎหมายทั่วไป,พระราชบัญญัติ
kris_อท040-1I-0005,ประกาศของคณะปฏิวัติ ฉบับที่ 66,"[3/2/2515] ประกาศของคณะปฏิวัติ ฉบับที่ 66
ประกาศของคณะปฏิวัติ ฉบับที่ ๖๖ โดยที่คณะปฏิวัติพิจารณาเห็นว่า ตามที่กระทรวงการคลังยินยอมให้กระทรวงกลาโหมนำที่ดินราชพัสดุซึ่งเป็นสาธารณสมบัติของแผ่นดิน โฉนดที่ ๕๓๐๗ โฉนดที่ ๕๓๖๐๐ และโฉนดที่ ๕๓๖๐๑ เนื้อที่ทั้งหมด",กฎหมายทั่วไป,ประกาศ
kris_อท042-1I-0001,ประกาศของคณะปฏิวัติ ฉบับที่ 100,"[14/3/2515] ประกาศของคณะปฏิวัติ ฉบับที่ 100
ประกาศของคณะปฏิวัติ ฉบับที่ ๑๐๐ โดยที่คณะปฏิวัติพิจารณาเห็นเป็นการสมควรโอนกรรมสิทธิ์ที่ดินของกระทรวงการคลัง อันเป็นทรัพย์สินของแผ่นดิน ในท้องที่ตำบลยานนาวา อำเภอยานนาวา นครหลวงกรุงเทพธนบุรี ให้สำนักงานอาคารสงเค",กฎหมายทั่วไป,ประกาศ
kris_อท041-1I-0001,ประกาศของคณะปฏิวัติ ฉบับที่ 99,"[14/3/2515] ประกาศของคณะปฏิวัติ ฉบับที่ 99
ประกาศของคณะปฏิวัติ ฉบับที่ ๙๙ โดยที่คณะปฏิวัติพิจารณาเห็นเป็นการสมควรโอนกรรมสิทธิ์ที่ดินของกระทรวงการคลังอันเป็นสาธารณสมบัติของแผ่นดิน ในท้องที่ตำบลทุ่งมหาเมฆ อำเภอยานนาวา นครหลวงกรุงเทพธนบุรี ให้สำนักงานอาคาร",กฎหมายทั่วไป,ประกาศ
kris_อท043-1I-0001,ประกาศของคณะปฏิวัติ ฉบับที่ 213,"[19/9/2515] ประกาศของคณะปฏิวัติ ฉบับที่ 213
ประกาศของคณะปฏิวัติ ฉบับที่ ๒๑๓ โดยที่คณะปฏิวัติพิจารณาเห็นว่า เทศบาลเมืองภูเก็ต จังหวัดภูเก็ต ได้ตกลงแลกเปลี่ยนที่ดินซึ่งเป็นสาธารณสมบัติของแผ่นดิน ในท้องที่ตำบลตลาดใหญ่ อำเภอเมืองภูเก็ต จังหวัดภูเก็ต เนื้อที่",กฎหมายทั่วไป,ประกาศ
kris_อท044-1I-0001,ประกาศของคณะปฏิวัติ ฉบับที่ 238,"[7/11/2515] ประกาศของคณะปฏิวัติ ฉบับที่ 238
ประกาศของคณะปฏิวัติ ฉบับที่ ๒๓๘ โดยที่คณะปฏิวัติพิจารณาเห็นว่า เทศบาลเมืองตาก จังหวัดตาก ได้ตกลงแลกเปลี่ยนที่ดินซึ่งเป็นสาธารณสมบัติของแผ่นดิน ในท้องที่ตำบลหนองหลวง อำเภอเมืองตาก จังหวัดตาก เนื้อที่ ๔๙/๑๐ ตาราง",กฎหมายทั่วไป,ประกาศ
kris_อท045-1I-0002,ประกาศของคณะปฏิวัติ ฉบับที่ 251,"[20/11/2515] ประกาศของคณะปฏิวัติ ฉบับที่ 251
ประกาศของคณะปฏิวัติ ฉบับที่ ๒๕๑ โดยที่ปรากฏว่า ที่สาธารณประโยชน์ในเขตบริเวณพระราชวังไกลกังวล ตำบลหัวหิน อำเภอหัวหิน จังหวัดประจวบคีรีขันธ์ ประชาชนไม่ได้ใช้ประโยชน์มานานแล้ว เนื่องจากอยู่ในเขตพระราชฐาน เพื่อเป็น",กฎหมายทั่วไป,ประกาศ
kris_อท046-1B-0003,พระราชบัญญัติโอนที่ดินซึ่งเป็นสาธารณสมบัติของแผ่นดิน ในท้องที่ตำบลสะเตงนอก อำเภอเมืองยะลา จังหวัดยะลา ให้แก่นายจ้องเกาะหิ้น แซ่จ้อง พ.ศ. 2516,"[17/4/2516] พระราชบัญญัติโอนที่ดินซึ่งเป็นสาธารณสมบัติของแผ่นดิน ในท้องที่ตำบลสะเตงนอก อำเภอเมืองยะลา จังหวัดยะลา ให้แก่นายจ้องเกาะหิ้น แซ่จ้อง พ.ศ. 2516
พระราชบัญญัติ โอนที่ดินซึ่งเป็นสาธารณสมบัติของแผ่นดิน ในท้องที่ตำบลสะเตงนอก อำเภอเมืองยะลา จังหวัดยะลา ให้แก่นายจ้องเกาะหิ้น แซ่จ้อง พ.ศ. ๒๕๑๖ ภูมิพลอดุลยเดช ป.ร. ให้ไว้ ณ วันที่ ๒๓ มีนาคม พ.ศ. ๒๕๑๖ เป็นปีที่ ๒",กฎหมายทั่วไป,พระราชบัญญัติ
kris_อท047-1B-0001,พระราชบัญญัติโอนที่ดินซึ่งเป็นสาธารณสมบัติของแผ่นดิน ในท้องที่แขวงทุ่งมหาเมฆ เขตยานนาวา กรุงเทพมหานคร ให้แก่การเคหะแห่งชาติ พ.ศ. 2517,"[25/6/2517] พระราชบัญญัติโอนที่ดินซึ่งเป็นสาธารณสมบัติของแผ่นดิน ในท้องที่แขวงทุ่งมหาเมฆ เขตยานนาวา กรุงเทพมหานคร ให้แก่การเคหะแห่งชาติ พ.ศ. 2517
พระราชบัญญัติ โอนที่ดินซึ่งเป็นสาธารณสมบัติของแผ่นดิน ในท้องที่แขวงทุ่งมหาเมฆ เขตยานนาวา กรุงเทพมหานคร ให้แก่การเคหะแห่งชาติ พ.ศ. ๒๕๑๗ ภูมิพลอดุลยเดช ป.ร. ให้ไว้ ณ วันที่ ๒ มิถุนายน พ.ศ. ๒๕๑๗ เป็นปีที่ ๒๙ ในรัช",กฎหมายทั่วไป,พระราชบัญญัติ
kris_อน014-1B-0001,พระราชบัญญัติโอนอำนาจหน้าที่ กิจการ ทรัพย์สิน หนี้ ข้าราชการ ลูกจ้าง และเงินงบประมาณของกรมการแพทย์และอนามัย และกรมส่งเสริมสาธารณสุข กระทรวงสาธารณสุข ไปเป็นของสำนักงานปลัดกระทรวง กรมการแพทย์ กรมควบคุมโรคติดต่อ กรมอนามัย และสำนักงานคณะกรรมการอาหารและยา กระทรวงสาธารณสุข พ.ศ. 2517,"[18/9/2517] พระราชบัญญัติโอนอำนาจหน้าที่ กิจการ ทรัพย์สิน หนี้ ข้าราชการ ลูกจ้าง และเงินงบประมาณของกรมการแพทย์และอนามัย และกรมส่งเสริมสาธารณสุข กระทรวงสาธารณสุข ไปเป็นของสำนักงานปลัดกระทรวง กรมการแพทย์ กรมควบคุมโรคติดต่อ กรมอนามัย และสำนักงานคณะกรรมการอาหารและยา กระทรวงสาธารณสุข พ.ศ. 2517
พระราชบัญญัติ โอนอำนาจหน้าที่ กิจการ ทรัพย์สิน หนี้ ข้าราชการ ลูกจ้าง และเงินงบประมาณของกรมการแพทย์และอนามัย และกรมส่งเสริมสาธารณสุข กระทรวงสาธารณสุข ไปเป็นของสำนักงานปลัดกระทรวง กรมการแพทย์ กรมควบคุมโรคติดต่อ",กฎหมายทั่วไป,พระราชบัญญัติ
kris_อพ006-1B-0001,พระราชบัญญัติอนุญาตให้รัฐบาลจ่ายเงินไปพลางก่อน พ.ศ. 2518,"[2/5/2518] พระราชบัญญัติอนุญาตให้รัฐบาลจ่ายเงินไปพลางก่อน พ.ศ. 2518
พระราชบัญญัติ อนุญาตให้รัฐบาลจ่ายเงินไปพลางก่อน พ.ศ. ๒๕๑๘ ภูมิพลอดุลยเดช ป.ร. ให้ไว้ ณ วันที่ ๒ พฤษภาคม พ.ศ. ๒๕๑๘ เป็นปีที่ ๓๐ ในรัชกาลปัจจุบัน พระบาทสมเด็จพระปรมินทรมหาภูมิพลอดุลยเดช มีพระบรมราชโองการโปรดเกล้า",กฎหมายทั่วไป,พระราชบัญญัติ
kris_อท048-1B-0001,พระราชบัญญัติโอนที่ดินซึ่งเป็นสาธารณสมบัติของแผ่นดิน ในท้องที่แขวงบุคคโล เขตธนบุรี กรุงเทพมหานคร ให้แก่องค์การคลังสินค้า พ.ศ. 2520,"[30/9/2520] พระราชบัญญัติโอนที่ดินซึ่งเป็นสาธารณสมบัติของแผ่นดิน ในท้องที่แขวงบุคคโล เขตธนบุรี กรุงเทพมหานคร ให้แก่องค์การคลังสินค้า พ.ศ. 2520
พระราชบัญญัติ โอนที่ดินซึ่งเป็นสาธารณสมบัติของแผ่นดิน ในท้องที่แขวงบุคคโล เขตธนบุรี กรุงเทพมหานคร ให้แก่องค์การคลังสินค้า พ.ศ. ๒๕๒๐ ภูมิพลอดุลยเดช ป.ร. ให้ไว้ ณ วันที่ ๑๐ กันยายน พ.ศ. ๒๕๒๐ เป็นปีที่ ๓๒ ในรัชกาล",กฎหมายทั่วไป,พระราชบัญญัติ
kris_อพ007-1B-0001,พระราชบัญญัติอนุญาตให้รัฐบาลจ่ายเงินไปพลางก่อน พ.ศ. 2521,"[14/2/2521] พระราชบัญญัติอนุญาตให้รัฐบาลจ่ายเงินไปพลางก่อน พ.ศ. 2521
พระราชบัญญัติ อนุญาตให้รัฐบาลจ่ายเงินไปพลางก่อน พ.ศ. ๒๕๒๑ ภูมิพลอดุลยเดช ป.ร. ให้ไว้ ณ วันที่ ๗ กุมภาพันธ์ พ.ศ. ๒๕๒๑ เป็นปีที่ ๓๓ ในรัชกาลปัจจุบัน พระบาทสมเด็จพระปรมินทรมหาภูมิพลอดุลยเดช มีพระบรมราชโองการโปรดเก",กฎหมายทั่วไป,พระราชบัญญัติ
kris_อท049-1B-0001,พระราชบัญญัติโอนที่ดินซึ่งเป็นสาธารณสมบัติของแผ่นดิน ในท้องที่ตำบลบุ่ง อำเภออำนาจเจริญ จังหวัดอุบลราชธานี ให้แก่คุณหญิงตุ่น โกศัลวิตร พ.ศ. 2521,"[17/5/2521] พระราชบัญญัติโอนที่ดินซึ่งเป็นสาธารณสมบัติของแผ่นดิน ในท้องที่ตำบลบุ่ง อำเภออำนาจเจริญ จังหวัดอุบลราชธานี ให้แก่คุณหญิงตุ่น โกศัลวิตร พ.ศ. 2521
พระราชบัญญัติ โอนที่ดินซึ่งเป็นสาธารณสมบัติของแผ่นดิน ในท้องที่ตำบลบุ่ง อำเภออำนาจเจริญ จังหวัดอุบลราชธานี ให้แก่คุณหญิงตุ่น โกศัลวิตร พ.ศ. ๒๕๒๑ ภูมิพลอดุลยเดช ป.ร. ให้ไว้ ณ วันที่ ๒๙ เมษายน พ.ศ. ๒๕๒๑ เป็นปีที่",กฎหมายทั่วไป,พระราชบัญญัติ
kris_อน001-1B-0002,พระราชบัญญัติโอนกิจการบริหารบางส่วนของเทศบาลเมืองนครศรีอยุธยา จังหวัดพระนครศรีอยุธยา ไปเป็นของสำนักงานปลัดกระทรวง กระทรวงสาธารณสุข พ.ศ. 2521,"[11/12/2521] พระราชบัญญัติโอนกิจการบริหารบางส่วนของเทศบาลเมืองนครศรีอยุธยา จังหวัดพระนครศรีอยุธยา ไปเป็นของสำนักงานปลัดกระทรวง กระทรวงสาธารณสุข พ.ศ. 2521
พระราชบัญญัติ โอนกิจการบริหารบางส่วนของเทศบาลเมืองนครศรีอยุธยา จังหวัดพระนครศรีอยุธยา ไปเป็นของสำนักงานปลัดกระทรวง กระทรวงสาธารณสุข พ.ศ. ๒๕๒๑ ภูมิพลอดุลยเดช ป.ร. ให้ไว้ ณ วันที่ ๓๐ พฤศจิกายน พ.ศ. ๒๕๒๑ เป็นปีที่",กฎหมายทั่วไป,พระราชบัญญัติ
kris_อท050-1B-0001,พระราชบัญญัติโอนที่ดินซึ่งเป็นสาธารณสมบัติของแผ่นดิน ในท้องที่ตำบลบางปลาสร้อย อำเภอเมืองชลบุรี จังหวัดชลบุรี ให้แก่ธนาคารกรุงเทพ จำกัด พ.ศ. 2522,"[2/3/2522] พระราชบัญญัติโอนที่ดินซึ่งเป็นสาธารณสมบัติของแผ่นดิน ในท้องที่ตำบลบางปลาสร้อย อำเภอเมืองชลบุรี จังหวัดชลบุรี ให้แก่ธนาคารกรุงเทพ จำกัด พ.ศ. 2522
พระราชบัญญัติ โอนที่ดินซึ่งเป็นสาธารณสมบัติของแผ่นดิน ในท้องที่ตำบลบางปลาสร้อย อำเภอเมืองชลบุรี จังหวัดชลบุรี ให้แก่ธนาคารกรุงเทพ จำกัด พ.ศ. ๒๕๒๒ ภูมิพลอดุลยเดช ป.ร. ให้ไว้ ณ วันที่ ๒๔ กุมภาพันธ์ พ.ศ. ๒๕๒๒ เป็น",กฎหมายทั่วไป,พระราชบัญญัติ
kris_อ0011-1B-0001,พระราชบัญญัติอาคารชุด พ.ศ. 2522,"[30/4/2522] พระราชบัญญัติอาคารชุด พ.ศ. 2522
พระราชบัญญัติแก้ไขเพิ่มเติมบทบัญญัติแห่งกฎหมายที่เกี่ยวกับความรับผิดในทางอาญาของผู้แทนนิติบุคคล พ.ศ. ๒๕๖๐   พระราชบัญญัติอาคารชุด (ฉบับที่ ๒) พ.ศ. ๒๕๓๔ พระราชบัญญัติอาคารชุด (ฉบับที่ ๓) พ.ศ. ๒๕๔๒ พระราชบัญญัติอ",กฎหมายทั่วไป,พระราชบัญญัติ
kris_อ0008-1B-0001,พระราชบัญญัติอาหาร พ.ศ. 2522,"[13/5/2522] พระราชบัญญัติอาหาร พ.ศ. 2522
*พระราชกฤษฎีกาแก้ไขบทบัญญัติให้สอดคล้องกับการโอนอำนาจหน้าที่ของส่วนราชการให้เป็นไปตามพระราชบัญญัติปรับปรุงกระทรวง ทบวง กรม พ.ศ. ๒๕๔๕ พ.ศ. ๒๕๔๕ ภูมิพลอดุลยเดช ป.ร. ให้ไว้ ณ วันที่ ๘ พฤษภาคม พ.ศ. ๒๕๒๒ เป็นปีที่ ๓",กฎหมายทั่วไป,พระราชบัญญัติ
kris_อ0015-1B-0003,พระราชบัญญัติโอนกรรมสิทธิ์ที่ดินของจุฬาลงกรณ์มหาวิทยาลัย ให้แก่สภากาชาดไทย พ.ศ. 2522,"[31/12/2522] พระราชบัญญัติโอนกรรมสิทธิ์ที่ดินของจุฬาลงกรณ์มหาวิทยาลัย ให้แก่สภากาชาดไทย พ.ศ. 2522
พระราชบัญญัติ โอนกรรมสิทธิ์ที่ดินของจุฬาลงกรณ์มหาวิทยาลัย ให้แก่สภากาชาดไทย พ.ศ. ๒๕๒๒ ภูมิพลอดุลยเดช ป.ร. ให้ไว้ ณ วันที่ ๒๔ ธันวาคม พ.ศ. ๒๕๒๒ เป็นปีที่ ๓๔ ในรัชกาลปัจจุบัน พระบาทสมเด็จพระปรมินทรมหาภูมิพลอดุลยเ",กฎหมายทั่วไป,พระราชบัญญัติ
kris_อพ008-1C-0001,พระราชกำหนดอนุญาตให้รัฐบาลจ่ายเงินไปพลางก่อน พ.ศ. 2523,"[25/4/2523] พระราชกำหนดอนุญาตให้รัฐบาลจ่ายเงินไปพลางก่อน พ.ศ. 2523
พระราชกำหนด อนุญาตให้รัฐบาลจ่ายเงินไปพลางก่อน พ.ศ. ๒๕๒๓ ภูมิพลอดุลยเดช ป.ร. ให้ไว้ ณ วันที่ ๒๓ เมษายน พ.ศ. ๒๕๒๓ เป็นปีที่ ๓๕ ในรัชกาลปัจจุบัน พระบาทสมเด็จพระปรมินทรมหาภูมิพลอดุลยเดช มีพระบรมราชโองการโปรดเกล้าฯ",กฎหมายทั่วไป,พระราชกำหนด
kris_อ0032-1B-0001,พระราชบัญญัติโอนกิจการบริหารโรงเรียนประชาบาลขององค์การบริหารส่วนจังหวัด และโรงเรียนประถมศึกษาของกรมสามัญศึกษา กระทรวงศึกษาธิการ ไปเป็นของสำนักงานคณะกรรมการการประถมศึกษาแห่งชาติ กระทรวงศึกษาธิการ พ.ศ. 2523,"[13/10/2523] พระราชบัญญัติโอนกิจการบริหารโรงเรียนประชาบาลขององค์การบริหารส่วนจังหวัด และโรงเรียนประถมศึกษาของกรมสามัญศึกษา กระทรวงศึกษาธิการ ไปเป็นของสำนักงานคณะกรรมการการประถมศึกษาแห่งชาติ กระทรวงศึกษาธิการ พ.ศ. 2523
พระราชบัญญัติโอนกิจการบริหารโรงเรียนประชาบาลขององค์การบริหารส่วนจังหวัด และโรงเรียนประถมศึกษาของกรมสามัญศึกษา กระทรวงศึกษาธิการ ไปเป็นของสำนักงานคณะกรรมการการประถมศึกษาแห่งชาติ กระทรวงศึกษาธิการ พ.ศ. ๒๕๒๓ โปรดด",กฎหมายทั่วไป,พระราชบัญญัติ
kris_อท052-1B-0001,พระราชบัญญัติโอนกรรมสิทธิ์ที่ราชพัสดุที่เป็นสาธารณสมบัติของแผ่นดินที่ใช้เพื่อประโยชน์ของแผ่นดินโดยเฉพาะ ในท้องที่แขวงอนุสาวรีย์ เขตบางเขน กรุงเทพมหานคร ให้แก่กรุงเทพมหานคร พ.ศ. 2524,"[28/9/2524] พระราชบัญญัติโอนกรรมสิทธิ์ที่ราชพัสดุที่เป็นสาธารณสมบัติของแผ่นดินที่ใช้เพื่อประโยชน์ของแผ่นดินโดยเฉพาะ ในท้องที่แขวงอนุสาวรีย์ เขตบางเขน กรุงเทพมหานคร ให้แก่กรุงเทพมหานคร พ.ศ. 2524
พระราชบัญญัติ โอนกรรมสิทธิ์ที่ราชพัสดุที่เป็นสาธารณสมบัติของแผ่นดิน ที่ใช้เพื่อประโยชน์ของแผ่นดินโดยเฉพาะ ในท้องที่ แขวงอนุสาวรีย์ เขตบางเขน กรุงเทพมหานคร ให้แก่กรุงเทพมหานคร พ.ศ. ๒๕๒๔ ภูมิพลอดุลยเดช ป.ร. ให้ไว",กฎหมายทั่วไป,พระราชบัญญัติ
kris_อท051-1B-0001,พระราชบัญญัติโอนกรรมสิทธิ์ที่ราชพัสดุที่เป็นสาธารณสมบัติของแผ่นดินที่ใช้เพื่อประโยชน์ของแผ่นดินโดยเฉพาะ ในท้องที่ตำบลยางหวาย อำเภอคอนสวรรค์ จังหวัดชัยภูมิ ให้แก่ นายลี ผลประเสริฐ พ.ศ. 2524,"[28/9/2524] พระราชบัญญัติโอนกรรมสิทธิ์ที่ราชพัสดุที่เป็นสาธารณสมบัติของแผ่นดินที่ใช้เพื่อประโยชน์ของแผ่นดินโดยเฉพาะ ในท้องที่ตำบลยางหวาย อำเภอคอนสวรรค์ จังหวัดชัยภูมิ ให้แก่ นายลี ผลประเสริฐ พ.ศ. 2524
พระราชบัญญัติ โอนกรรมสิทธิ์ที่ราชพัสดุที่เป็นสาธารณสมบัติของแผ่นดิน ที่ใช้เพื่อประโยชน์ของแผ่นดินโดยเฉพาะ ในท้องที่ตำบล ยางหวาย อำเภอคอนสวรรค์ จังหวัดชัยภูมิ ให้แก่ นายลี ผลประเสริฐ พ.ศ. ๒๕๒๔ ภูมิพลอดุลยเดช ป.ร",กฎหมายทั่วไป,พระราชบัญญัติ
kris_อน002-1B-0002,พระราชบัญญัติโอนกิจการ ทรัพย์สิน สิทธิ หนี้ และเงินงบประมาณของกรุงเทพมหานคร ในส่วนที่เกี่ยวกับงานประปาของเขตบางเขนและเขตบางกะปิ ไปเป็นของการประปานครหลวง พ.ศ. 2526,"[8/4/2526] พระราชบัญญัติโอนกิจการ ทรัพย์สิน สิทธิ หนี้ และเงินงบประมาณของกรุงเทพมหานคร ในส่วนที่เกี่ยวกับงานประปาของเขตบางเขนและเขตบางกะปิ ไปเป็นของการประปานครหลวง พ.ศ. 2526
พระราชบัญญัติ โอนกิจการ ทรัพย์สิน สิทธิ หนี้ และเงินงบประมาณของ กรุงเทพมหานคร ในส่วนที่เกี่ยวกับงานประปาของเขตบางเขน และเขตบางกะปิ ไปเป็นของการประปานครหลวง พ.ศ. ๒๕๒๖ ภูมิพลอดุลยเดช ป.ร. ให้ไว้ ณ วันที่ ๒๘ มีนาค",กฎหมายทั่วไป,พระราชบัญญัติ
kris_อท053-1B-0001,พระราชบัญญัติโอนกรรมสิทธิ์ที่ราชพัสดุที่เป็นสาธารณสมบัติของแผ่นดินที่ใช้เพื่อประโยชน์ของแผ่นดินโดยเฉพาะ ในท้องที่ตำบลเขื่อนอุบลรัตน์ อำเภออุบลรัตน์ จังหวัดขอนแก่น ให้แก่การไฟฟ้าฝ่ายผลิตแห่งประเทศไทย พ.ศ. 2526,"[28/4/2526] พระราชบัญญัติโอนกรรมสิทธิ์ที่ราชพัสดุที่เป็นสาธารณสมบัติของแผ่นดินที่ใช้เพื่อประโยชน์ของแผ่นดินโดยเฉพาะ ในท้องที่ตำบลเขื่อนอุบลรัตน์ อำเภออุบลรัตน์ จังหวัดขอนแก่น ให้แก่การไฟฟ้าฝ่ายผลิตแห่งประเทศไทย พ.ศ. 2526
พระราชบัญญัติ โอนกรรมสิทธิ์ที่ราชพัสดุที่เป็นสาธารณสมบัติของแผ่นดิน ที่ใช้เพื่อประโยชน์ของแผ่นดินโดยเฉพาะ ในท้องที่ตำบล เขื่อนอุบลรัตน์ อำเภออุบลรัตน์ จังหวัดขอนแก่น ให้แก่การไฟฟ้าฝ่ายผลิตแห่งประเทศไทย พ.ศ. ๒๕๒",กฎหมายทั่วไป,พระราชบัญญัติ
kris_อท054-1B-0001,พระราชบัญญัติถอนสภาพที่ดินอันเป็นสาธารณสมบัติของแผ่นดินสำหรับพลเมืองใช้ร่วมกัน ในท้องที่ตำบลฝายแก้ว อำเภอเมืองน่าน จังหวัดน่าน พ.ศ. 2526,"[29/6/2526] พระราชบัญญัติถอนสภาพที่ดินอันเป็นสาธารณสมบัติของแผ่นดินสำหรับพลเมืองใช้ร่วมกัน ในท้องที่ตำบลฝายแก้ว อำเภอเมืองน่าน จังหวัดน่าน พ.ศ. 2526
พระราชบัญญัติ ถอนสภาพที่ดินอันเป็นสาธารณสมบัติของแผ่นดินสำหรับพลเมือง ใช้ร่วมกัน ในท้องที่ตำบลฝายแก้ว อำเภอเมืองน่าน จังหวัดน่าน พ.ศ. ๒๕๒๖ ภูมิพลอดุลยเดช ป.ร. ให้ไว้ ณ วันที่ ๒๒ มิถุนายน พ.ศ. ๒๕๒๖ เป็นปีที่ ๓๘",กฎหมายทั่วไป,พระราชบัญญัติ
kris_อท056-1B-0001,พระราชบัญญัติโอนที่ดินซึ่งเป็นสาธารณสมบัติของแผ่นดิน ในท้องที่แขวงคลองจั่น เขตบางกะปิ กรุงเทพมหานคร ให้แก่การเคหะแห่งชาติ พ.ศ. 2526,"[24/10/2526] พระราชบัญญัติโอนที่ดินซึ่งเป็นสาธารณสมบัติของแผ่นดิน ในท้องที่แขวงคลองจั่น เขตบางกะปิ กรุงเทพมหานคร ให้แก่การเคหะแห่งชาติ พ.ศ. 2526
พระราชบัญญัติ โอนที่ดินซึ่งเป็นสาธารณสมบัติของแผ่นดิน ในท้องที่แขวงคลองจั่น เขตบางกะปิ กรุงเทพมหานคร ให้แก่การเคหะแห่งชาติ พ.ศ. ๒๕๒๖ ภูมิพลอดุลยเดช ป.ร. ให้ไว้ ณ วันที่ ๑๘ ตุลาคม พ.ศ. ๒๕๒๖ เป็นปีที่ ๓๘ ในรัชกาล",กฎหมายทั่วไป,พระราชบัญญัติ
kris_อท055-1B-0001,พระราชบัญญัติโอนที่ดินซึ่งเป็นสาธารณสมบัติของแผ่นดิน ในท้องที่ตำบลหนองหอย อำเภอเมืองเชียงใหม่ จังหวัดเชียงใหม่ ให้แก่การเคหะแห่งชาติ พ.ศ. 2526,"[24/10/2526] พระราชบัญญัติโอนที่ดินซึ่งเป็นสาธารณสมบัติของแผ่นดิน ในท้องที่ตำบลหนองหอย อำเภอเมืองเชียงใหม่ จังหวัดเชียงใหม่ ให้แก่การเคหะแห่งชาติ พ.ศ. 2526
พระราชบัญญัติ โอนที่ดินซึ่งเป็นสาธารณสมบัติของแผ่นดิน ในท้องที่ตำบลหนองหอย อำเภอเมืองเชียงใหม่ จังหวัดเชียงใหม่ ให้แก่การเคหะแห่งชาติ พ.ศ. ๒๕๒๖ ภูมิพลอดุลยเดช ป.ร. ให้ไว้ ณ วันที่ ๑๘ ตุลาคม พ.ศ. ๒๕๒๖ เป็นปีที่",กฎหมายทั่วไป,พระราชบัญญัติ
kris_อ0012-1B-0002,พระราชบัญญัติอ้อยและน้ำตาลทราย พ.ศ. 2527,"[8/8/2527] พระราชบัญญัติอ้อยและน้ำตาลทราย พ.ศ. 2527
พระราชบัญญัติว่าด้วยการปรับเป็นพินัย พ.ศ. ๒๕๖๕ พระราชบัญญัติอ้อยและน้ำตาลทราย (ฉบับที่ ๒) พ.ศ. ๒๕๖๕ ภูมิพลอดุลยเดช ป.ร. ให้ไว้ ณ วันที่ ๒๗ กรกฎาคม พ.ศ. ๒๕๒๗ เป็นปีที่ ๓๙ ในรัชกาลปัจจุบัน พระบาทสมเด็จพระปรมินทรม",กฎหมายทั่วไป,พระราชบัญญัติ
kris_อท058-1B-0001,พระราชบัญญัติโอนที่ดินซึ่งเป็นสาธารณสมบัติของแผ่นดิน ในท้องที่แขวงสายไหม เขตบางเขน กรุงเทพมหานคร ให้แก่กองทัพอากาศ พ.ศ. 2527,"[21/11/2527] พระราชบัญญัติโอนที่ดินซึ่งเป็นสาธารณสมบัติของแผ่นดิน ในท้องที่แขวงสายไหม เขตบางเขน กรุงเทพมหานคร ให้แก่กองทัพอากาศ พ.ศ. 2527
พระราชบัญญัติ โอนที่ดินซึ่งเป็นสาธารณสมบัติของแผ่นดิน ในท้องที่แขวงสายไหม เขตบางเขน กรุงเทพมหานคร ให้แก่กองทัพอากาศ พ.ศ. ๒๕๒๗ ภูมิพลอดุลยเดช ป.ร. ให้ไว้ ณ วันที่ ๓๐ กันยายน พ.ศ. ๒๕๒๗ เป็นปีที่ ๓๙ ในรัชกาลปัจจุบ",กฎหมายทั่วไป,พระราชบัญญัติ
kris_อท057-1B-0001,พระราชบัญญัติโอนที่ดินซึ่งเป็นสาธารณสมบัติของแผ่นดิน ในท้องที่ตำบลบางเสาธง อำเภอบางพลี จังหวัดสมุทรปราการ ให้แก่การเคหะแห่งชาติ พ.ศ. 2527,"[21/11/2527] พระราชบัญญัติโอนที่ดินซึ่งเป็นสาธารณสมบัติของแผ่นดิน ในท้องที่ตำบลบางเสาธง อำเภอบางพลี จังหวัดสมุทรปราการ ให้แก่การเคหะแห่งชาติ พ.ศ. 2527
พระราชบัญญัติ โอนที่ดินซึ่งเป็นสาธารณสมบัติของแผ่นดิน ในท้องที่ตำบลบางเสาธง อำเภอบางพลี จังหวัดสมุทรปราการ ให้แก่การเคหะแห่งชาติ พ.ศ. ๒๕๒๗ ภูมิพลอดุลยเดช ป.ร. ให้ไว้ ณ วันที่ ๓๐ กันยายน พ.ศ. ๒๕๒๗ เป็นปีที่ ๓๙ ใ",กฎหมายทั่วไป,พระราชบัญญัติ
kris_อท059-1B-0001,พระราชบัญญัติโอนที่ดินซึ่งเป็นสาธารณสมบัติของแผ่นดิน ในท้องที่แขวงลำปลาทิว เขตลาดกระบัง กรุงเทพมหานคร ให้แก่การนิคมอุตสาหกรรมแห่งประเทศไทย พ.ศ. 2529,"[26/12/2529] พระราชบัญญัติโอนที่ดินซึ่งเป็นสาธารณสมบัติของแผ่นดิน ในท้องที่แขวงลำปลาทิว เขตลาดกระบัง กรุงเทพมหานคร ให้แก่การนิคมอุตสาหกรรมแห่งประเทศไทย พ.ศ. 2529
พระราชบัญญัติ โอนที่ดินซึ่งเป็นสาธารณสมบัติของแผ่นดิน ในท้องที่แขวงลำปลาทิว เขตลาดกระบัง กรุงเทพมหานคร ให้แก่การนิคมอุตสาหกรรมแห่งประเทศไทย พ.ศ. ๒๕๒๙ ภูมิพลอดุลยเดช ป.ร. ให้ไว้ ณ วันที่ ๑๓ ธันวาคม พ.ศ. ๒๕๒๙ เป็",กฎหมายทั่วไป,พระราชบัญญัติ
kris_อท060-1B-0001,พระราชบัญญัติโอนที่ดินซึ่งเป็นสาธารณสมบัติของแผ่นดิน ในท้องที่ตำบลบางเตย อำเภอสามโคก จังหวัดปทุมธานี ให้แก่วัดบางเตยกลาง พ.ศ. 2529,"[26/12/2529] พระราชบัญญัติโอนที่ดินซึ่งเป็นสาธารณสมบัติของแผ่นดิน ในท้องที่ตำบลบางเตย อำเภอสามโคก จังหวัดปทุมธานี ให้แก่วัดบางเตยกลาง พ.ศ. 2529
พระราชบัญญัติ โอนที่ดินซึ่งเป็นสาธารณสมบัติของแผ่นดิน ในท้องที่ตำบลบางเตย อำเภอสามโคก จังหวัดปทุมธานี ให้แก่วัดบางเตยกลาง พ.ศ. ๒๕๒๙ ภูมิพลอดุลยเดช ป.ร. ให้ไว้ ณ วันที่ ๑๓ ธันวาคม พ.ศ. ๒๕๒๙ เป็นปีที่ ๔๑ ในรัชกาล",กฎหมายทั่วไป,พระราชบัญญัติ
kris_อท061-1B-0001,พระราชบัญญัติโอนกรรมสิทธิ์ที่ราชพัสดุที่เป็นสาธารณสมบัติของแผ่นดินที่ใช้เพื่อประโยชน์ของแผ่นดินโดยเฉพาะ ในท้องที่ตำบลกาฬสินธุ์ อำเภอเมืองกาฬสินธุ์ จังหวัดกาฬสินธุ์ ให้แก่เทศบาลเมืองกาฬสินธุ์ จังหวัดกาฬสินธุ์ พ.ศ. 2529,"[29/12/2529] พระราชบัญญัติโอนกรรมสิทธิ์ที่ราชพัสดุที่เป็นสาธารณสมบัติของแผ่นดินที่ใช้เพื่อประโยชน์ของแผ่นดินโดยเฉพาะ ในท้องที่ตำบลกาฬสินธุ์ อำเภอเมืองกาฬสินธุ์ จังหวัดกาฬสินธุ์ ให้แก่เทศบาลเมืองกาฬสินธุ์ จังหวัดกาฬสินธุ์ พ.ศ. 2529
พระราชบัญญัติ โอนกรรมสิทธิ์ที่ราชพัสดุที่เป็นสาธารณสมบัติของแผ่นดิน ที่ใช้เพื่อประโยชน์ของแผ่นดินโดยเฉพาะ ในท้องที่ตำบลกาฬสินธุ์ อำเภอเมืองกาฬสินธุ์ จังหวัดกาฬสินธุ์ ให้แก่เทศบาลเมืองกาฬสินธุ์ จังหวัดกาฬสินธุ์",กฎหมายทั่วไป,พระราชบัญญัติ
kris_อท063-1B-0001,พระราชบัญญัติโอนกรรมสิทธิ์ที่ราชพัสดุที่เป็นสาธารณสมบัติของแผ่นดินที่ใช้เพื่อประโยชน์ของแผ่นดินโดยเฉพาะ ในท้องที่ตำบลบางขนาก อำเภอบางน้ำเปรี้ยว จังหวัดฉะเชิงเทรา ให้แก่ นางพยงค์ เพ่งพินิจ พ.ศ. 2529,"[31/12/2529] พระราชบัญญัติโอนกรรมสิทธิ์ที่ราชพัสดุที่เป็นสาธารณสมบัติของแผ่นดินที่ใช้เพื่อประโยชน์ของแผ่นดินโดยเฉพาะ ในท้องที่ตำบลบางขนาก อำเภอบางน้ำเปรี้ยว จังหวัดฉะเชิงเทรา ให้แก่ นางพยงค์ เพ่งพินิจ พ.ศ. 2529
พระราชบัญญัติ โอนกรรมสิทธิ์ที่ราชพัสดุที่เป็นสาธารณสมบัติของแผ่นดิน ที่ใช้เพื่อประโยชน์ของแผ่นดินโดยเฉพาะ ในท้องที่ตำบลบางขนาก อำเภอบางน้ำเปรี้ยว จังหวัดฉะเชิงเทรา ให้แก่ นางพยงค์ เพ่งพินิจ พ.ศ. ๒๕๒๙ ภูมิพลอดุล",กฎหมายทั่วไป,พระราชบัญญัติ
kris_อท062-1B-0001,พระราชบัญญัติโอนที่ดินซึ่งเป็นสาธารณสมบัติของแผ่นดิน ในท้องที่อำเภอเมืองแพร่ จังหวัดแพร่ ให้แก่กรมการบินพาณิชย์ พ.ศ. 2529,"[31/12/2529] พระราชบัญญัติโอนที่ดินซึ่งเป็นสาธารณสมบัติของแผ่นดิน ในท้องที่อำเภอเมืองแพร่ จังหวัดแพร่ ให้แก่กรมการบินพาณิชย์ พ.ศ. 2529
พระราชบัญญัติ โอนที่ดินซึ่งเป็นสาธารณสมบัติของแผ่นดิน ในท้องที่อำเภอเมืองแพร่ จังหวัดแพร่ ให้แก่กรมการบินพาณิชย์ พ.ศ. ๒๕๒๙ ภูมิพลอดุลยเดช ป.ร. ให้ไว้ ณ วันที่ ๑๓ ธันวาคม พ.ศ. ๒๕๒๙ เป็นปีที่ ๔๑ ในรัชกาลปัจจุบัน",กฎหมายทั่วไป,พระราชบัญญัติ
kris_อน003-1B-0001,พระราชบัญญัติโอนกิจการบริหารบางส่วนของกรมตำรวจ กระทรวงมหาดไทย ไปเป็นของกรมการขนส่งทางบก กระทรวงคมนาคม พ.ศ. 2530,"[23/7/2530] พระราชบัญญัติโอนกิจการบริหารบางส่วนของกรมตำรวจ กระทรวงมหาดไทย ไปเป็นของกรมการขนส่งทางบก กระทรวงคมนาคม พ.ศ. 2530
พระราชบัญญัติ โอนกิจการบริหารบางส่วนของกรมตำรวจ กระทรวงมหาดไทย ไปเป็นของกรมการขนส่งทางบก กระทรวงคมนาคม พ.ศ. ๒๕๓๐ ภูมิพลอดุลยเดช ป.ร. ให้ไว้ ณ วันที่ ๑๓ กรกฎาคม พ.ศ. ๒๕๓๐ เป็นปีที่ ๔๒ ในรัชกาลปัจจุบัน พระบาทสมเด",กฎหมายทั่วไป,พระราชบัญญัติ
kris_อ0029-1B-0001,พระราชบัญญัติอนุญาโตตุลาการ พ.ศ. 2530 (ยกเลิก),"[12/8/2530] พระราชบัญญัติอนุญาโตตุลาการ พ.ศ. 2530 (ยกเลิก)
พระราชบัญญัติ อนุญาโตตุลาการ พ.ศ. ๒๕๓๐ (ยกเลิก) ภูมิพลอดุลยเดช ป.ร. ให้ไว้ ณ วันที่ ๑๙ กรกฎาคม พ.ศ. ๒๕๓๐ เป็นปีที่ ๔๒ ในรัชกาลปัจจุบัน พระบาทสมเด็จพระปรมินทรมหาภูมิพลอดุลยเดช มีพระบรมราชโองการโปรดเกล้า ฯ ให้ประ",กฎหมายทั่วไป,พระราชบัญญัติ
kris_อท064-1B-0001,พระราชบัญญัติโอนที่ดินซึ่งเป็นสาธารณสมบัติของแผ่นดิน ในท้องที่อำเภอชะอำ จังหวัดเพชรบุรี และอำเภอหัวหิน จังหวัดประจวบคีรีขันธ์ ให้แก่กรมการบินพาณิชย์ พ.ศ. 2530,"[1/10/2530] พระราชบัญญัติโอนที่ดินซึ่งเป็นสาธารณสมบัติของแผ่นดิน ในท้องที่อำเภอชะอำ จังหวัดเพชรบุรี และอำเภอหัวหิน จังหวัดประจวบคีรีขันธ์ ให้แก่กรมการบินพาณิชย์ พ.ศ. 2530
พระราชบัญญัติ โอนที่ดินซึ่งเป็นสาธารณสมบัติของแผ่นดิน ในท้องที่อำเภอชะอำ จังหวัดเพชรบุรี และอำเภอหัวหิน จังหวัดประจวบคีรีขันธ์ ให้แก่กรมการบินพาณิชย์ พ.ศ. ๒๕๓๐ ภูมิพลอดุลยเดช ป.ร. ให้ไว้ ณ วันที่ ๑๓ กรกฎาคม พ.ศ",กฎหมายทั่วไป,พระราชบัญญัติ
kris_อท067-1B-0001,พระราชบัญญัติโอนที่ดินซึ่งเป็นสาธารณสมบัติของแผ่นดิน ในท้องที่ตำบลท้ายบ้าน อำเภอเมืองสมุทรปราการ จังหวัดสมุทรปราการ ให้แก่การเคหะแห่งชาติ พ.ศ. 2531,"[14/12/2531] พระราชบัญญัติโอนที่ดินซึ่งเป็นสาธารณสมบัติของแผ่นดิน ในท้องที่ตำบลท้ายบ้าน อำเภอเมืองสมุทรปราการ จังหวัดสมุทรปราการ ให้แก่การเคหะแห่งชาติ พ.ศ. 2531
พระราชบัญญัติ โอนที่ดินซึ่งเป็นสาธารณสมบัติของแผ่นดิน ในท้องที่ตำบลท้ายบ้าน อำเภอเมืองสมุทรปราการ จังหวัดสมุทรปราการ ให้แก่การเคหะแห่งชาติ พ.ศ. ๒๕๓๑ ภูมิพลอดุลยเดช ป.ร. ให้ไว้ ณ วันที่ ๒๘ พฤศจิกายน พ.ศ. ๒๕๓๑ เป",กฎหมายทั่วไป,พระราชบัญญัติ
kris_อท066-1B-0001,พระราชบัญญัติโอนที่ดินซึ่งเป็นสาธารณสมบัติของแผ่นดิน ในท้องที่ตำบลแจระแม อำเภอเมืองอุบลราชธานี จังหวัดอุบลราชธานี ให้แก่นางป้อง คูณคำ พ.ศ. 2531,"[14/12/2531] พระราชบัญญัติโอนที่ดินซึ่งเป็นสาธารณสมบัติของแผ่นดิน ในท้องที่ตำบลแจระแม อำเภอเมืองอุบลราชธานี จังหวัดอุบลราชธานี ให้แก่นางป้อง คูณคำ พ.ศ. 2531
พระราชบัญญัติ โอนที่ดินซึ่งเป็นสาธารณสมบัติของแผ่นดิน ในท้องที่ตำบลแจระแม อำเภอเมืองอุบลราชธานี จังหวัดอุบลราชธานี ให้แก่นางป้อง คูณคำ พ.ศ. ๒๕๓๑ ภูมิพลอดุลยเดช ป.ร. ให้ไว้ ณ วันที่ ๒๘ พฤศจิกายน พ.ศ. ๒๕๓๑ เป็นปี",กฎหมายทั่วไป,พระราชบัญญัติ
kris_อท065-1B-0001,พระราชบัญญัติโอนกรรมสิทธิ์ที่ราชพัสดุที่เป็นสาธารณสมบัติของแผ่นดินที่ใช้เพื่อประโยชน์ของแผ่นดินโดยเฉพาะ ในท้องที่ตำบลกันตัง อำเภอกันตัง จังหวัดตรัง ให้แก่เทศบาลตำบลกันตัง จังหวัดตรัง พ.ศ. 2531,"[14/12/2531] พระราชบัญญัติโอนกรรมสิทธิ์ที่ราชพัสดุที่เป็นสาธารณสมบัติของแผ่นดินที่ใช้เพื่อประโยชน์ของแผ่นดินโดยเฉพาะ ในท้องที่ตำบลกันตัง อำเภอกันตัง จังหวัดตรัง ให้แก่เทศบาลตำบลกันตัง จังหวัดตรัง พ.ศ. 2531
พระราชบัญญัติ โอนกรรมสิทธิ์ที่ราชพัสดุที่เป็นสาธารณสมบัติของแผ่นดิน ที่ใช้เพื่อประโยชน์ของแผ่นดินโดยเฉพาะ ในท้องที่ตำบลกันตัง อำเภอกันตัง จังหวัดตรัง ให้แก่เทศบาลตำบลกันตัง จังหวัดตรัง พ.ศ. ๒๕๓๑ ภูมิพลอดุลยเดช",กฎหมายทั่วไป,พระราชบัญญัติ
kris_อท068-1B-0001,พระราชบัญญัติโอนที่ดินซึ่งเป็นสาธารณสมบัติของแผ่นดิน ในท้องที่ตำบลหลุบ อำเภอเมืองกาฬสินธุ์ จังหวัดกาฬสินธุ์ ให้แก่วัดป่าพุทธมงคล พ.ศ. 2533,"[30/8/2533] พระราชบัญญัติโอนที่ดินซึ่งเป็นสาธารณสมบัติของแผ่นดิน ในท้องที่ตำบลหลุบ อำเภอเมืองกาฬสินธุ์ จังหวัดกาฬสินธุ์ ให้แก่วัดป่าพุทธมงคล พ.ศ. 2533
พระราชบัญญัติ โอนที่ดินซึ่งเป็นสาธารณสมบัติของแผ่นดิน ในท้องที่ตำบลหลุบ อำเภอเมืองกาฬสินธุ์ จังหวัดกาฬสินธุ์ ให้แก่วัดป่าพุทธมงคล พ.ศ. ๒๕๓๓ ภูมิพลอดุลยเดช ป.ร. ให้ไว้ ณ วันที่ ๒๐ กรกฎาคม พ.ศ. ๒๕๓๓ เป็นปีที่ ๔๕",กฎหมายทั่วไป,พระราชบัญญัติ
kris_อท069-1B-0001,พระราชบัญญัติโอนที่ดินซึ่งเป็นสาธารณสมบัติของแผ่นดิน ในท้องที่ตำบลเมืองเดช อำเภอเดชอุดม จังหวัดอุบลราชธานี ให้แก่วัดเมืองเดช พ.ศ. 2533,"[6/9/2533] พระราชบัญญัติโอนที่ดินซึ่งเป็นสาธารณสมบัติของแผ่นดิน ในท้องที่ตำบลเมืองเดช อำเภอเดชอุดม จังหวัดอุบลราชธานี ให้แก่วัดเมืองเดช พ.ศ. 2533
พระราชบัญญัติ โอนที่ดินซึ่งเป็นสาธารณสมบัติของแผ่นดิน ในท้องที่ตำบลเมืองเดช อำเภอเดชอุดม จังหวัดอุบลราชธานี ให้แก่วัดเมืองเดช พ.ศ. ๒๕๓๓ ภูมิพลอดุลยเดช ป.ร. ให้ไว้ ณ วันที่ ๒๔ กรกฎาคม พ.ศ. ๒๕๓๓ เป็นปีที่ ๔๕ ในรั",กฎหมายทั่วไป,พระราชบัญญัติ
kris_อท070-1B-0001,พระราชบัญญัติโอนกรรมสิทธิ์ที่ราชพัสดุที่เป็นสาธารณสมบัติของแผ่นดินที่ใช้เพื่อประโยชน์ของแผ่นดินโดยเฉพาะ ในท้องที่ตำบลหนองอ้อ อำเภอบ้านโป่ง จังหวัดราชบุรี ให้แก่วัดหัวโป่ง และที่ธรณีสงฆ์วัดหัวโป่ง ในท้องที่ตำบลหนองอ้อ อำเภอบ้านโป่ง จังหวัดราชบุรี ให้แก่กระทรวงการคลัง พ.ศ. 2533,"[17/9/2533] พระราชบัญญัติโอนกรรมสิทธิ์ที่ราชพัสดุที่เป็นสาธารณสมบัติของแผ่นดินที่ใช้เพื่อประโยชน์ของแผ่นดินโดยเฉพาะ ในท้องที่ตำบลหนองอ้อ อำเภอบ้านโป่ง จังหวัดราชบุรี ให้แก่วัดหัวโป่ง และที่ธรณีสงฆ์วัดหัวโป่ง ในท้องที่ตำบลหนองอ้อ อำเภอบ้านโป่ง จังหวัดราชบุรี ให้แก่กระทรวงการคลัง พ.ศ. 2533
พระราชบัญญัติ โอนกรรมสิทธิ์ที่ราชพัสดุที่เป็นสาธารณสมบัติของแผ่นดิน ที่ใช้เพื่อประโยชน์ของแผ่นดินโดยเฉพาะ ในท้องที่ ตำบลหนองอ้อ อำเภอบ้านโป่ง จังหวัดราชบุรี ให้แก่วัดหัวโป่ง และที่ธรณีสงฆ์ วัดหัวโป่ง ในท้องที่ต",กฎหมายทั่วไป,พระราชบัญญัติ
kris_อ0006-1B-0001,พระราชบัญญัติองค์กรร่วมไทย-มาเลเซีย พ.ศ. 2533,"[22/1/2534] พระราชบัญญัติองค์กรร่วมไทย-มาเลเซีย พ.ศ. 2533
พระราชบัญญัติ องค์กรร่วมไทย-มาเลเซีย พ.ศ. ๒๕๓๓ ภูมิพลอดุลยเดช ป.ร. ให้ไว้ ณ วันที่ ๒๙ สิงหาคม พ.ศ. ๒๕๓๓ เป็นปีที่ ๔๕ ในรัชกาลปัจจุบัน พระบาทสมเด็จพระปรมินทรมหาภูมิพลอดุลยเดช มีพระบรมราชโองการโปรดเกล้าฯ ให้ประกา",กฎหมายทั่วไป,พระราชบัญญัติ
kris_อน004-1B-0001,พระราชบัญญัติโอนอำนาจหน้าที่และกิจการบริหารบางส่วนของสำนักงานปลัดกระทรวง กระทรวงอุตสาหกรรม ไปเป็นของสำนักงานเศรษฐกิจอุตสาหกรรม กระทรวงอุตสาหกรรม พ.ศ. 2534,"[4/9/2534] พระราชบัญญัติโอนอำนาจหน้าที่และกิจการบริหารบางส่วนของสำนักงานปลัดกระทรวง กระทรวงอุตสาหกรรม ไปเป็นของสำนักงานเศรษฐกิจอุตสาหกรรม กระทรวงอุตสาหกรรม พ.ศ. 2534
พระราชบัญญัติ โอนอำนาจหน้าที่และกิจการบริหารบางส่วนของสำนักงาน ปลัดกระทรวง กระทรวงอุตสาหกรรม ไปเป็นของ สำนักงานเศรษฐกิจอุตสาหกรรม กระทรวงอุตสาหกรรม พ.ศ. ๒๕๓๔ ภูมิพลอดุลยเดช ป.ร. ให้ไว้ ณ วันที่ ๒๑ สิงหาคม พ.ศ.",กฎหมายทั่วไป,พระราชบัญญัติ
kris_อท071-1B-0001,พระราชบัญญัติโอนกรรมสิทธิ์ที่ราชพัสดุที่เป็นสาธารณสมบัติของแผ่นดินที่ใช้เพื่อประโยชน์ของแผ่นดินโดยเฉพาะ ในท้องที่ตำบลตะโก อำเภอทุ่งตะโก จังหวัดชุมพร ให้แก่วัดเทพนิมิต ตำบลตะโก อำเภอทุ่งตะโก จังหวัดชุมพร พ.ศ. 2534,"[11/11/2534] พระราชบัญญัติโอนกรรมสิทธิ์ที่ราชพัสดุที่เป็นสาธารณสมบัติของแผ่นดินที่ใช้เพื่อประโยชน์ของแผ่นดินโดยเฉพาะ ในท้องที่ตำบลตะโก อำเภอทุ่งตะโก จังหวัดชุมพร ให้แก่วัดเทพนิมิต ตำบลตะโก อำเภอทุ่งตะโก จังหวัดชุมพร พ.ศ. 2534
พระราชบัญญัติ โอนกรรมสิทธิ์ที่ราชพัสดุที่เป็นสาธารณสมบัติของแผ่นดินที่ใช้เพื่อประโยชน์ ของแผ่นดินโดยเฉพาะ ในท้องที่ตำบลตะโก อำเภอทุ่งตะโก จังหวัดชุมพร ให้แก่วัดเทพนิมิต ตำบลตะโก อำเภอทุ่งตะโก จังหวัดชุมพร พ.ศ.",กฎหมายทั่วไป,พระราชบัญญัติ
kris_อน005-1B-0001,พระราชบัญญัติโอนอำนาจหน้าที่และกิจการบริหารของกรมการเมือง กับอำนาจหน้าที่และกิจการบริหารบางส่วนของกรมเศรษฐกิจและของกรมสารนิเทศ กระทรวงการต่างประเทศ ไปเป็นของกรมยุโรป กรมอเมริกาและแปซิฟิกใต้ กรมเอเชียตะวันออก หรือกรมเอเชียใต้ ตะวันออกกลางและแอฟริกา กระทรวงการต่างประเทศ พ.ศ. 2534,"[29/12/2534] พระราชบัญญัติโอนอำนาจหน้าที่และกิจการบริหารของกรมการเมือง กับอำนาจหน้าที่และกิจการบริหารบางส่วนของกรมเศรษฐกิจและของกรมสารนิเทศ กระทรวงการต่างประเทศ ไปเป็นของกรมยุโรป กรมอเมริกาและแปซิฟิกใต้ กรมเอเชียตะวันออก หรือกรมเอเชียใต้ ตะวันออกกลางและแอฟริกา กระทรวงการต่างประเทศ พ.ศ. 2534
พระราชบัญญัติ โอนอำนาจหน้าที่และกิจการบริหารของกรมการเมือง กับอำนาจหน้าที่และกิจการบริหารบางส่วนของกรมเศรษฐกิจ และของกรมสารนิเทศ กระทรวงการต่างประเทศ ไปเป็นของกรมยุโรป กรมอเมริกาและแปซิฟิกใต้ กรมเอเชียตะวันออก",กฎหมายทั่วไป,พระราชบัญญัติ
kris_อน007-1B-0001,พระราชบัญญัติโอนอำนาจหน้าที่และกิจการบริหารบางส่วนของกรมทะเบียนการค้า กระทรวงพาณิชย์ และของกรมศิลปากร กระทรวงศึกษาธิการ ไปเป็นของกรมทรัพย์สินทางปัญญา กระทรวงพาณิชย์ พ.ศ. 2535,"[4/3/2535] พระราชบัญญัติโอนอำนาจหน้าที่และกิจการบริหารบางส่วนของกรมทะเบียนการค้า กระทรวงพาณิชย์ และของกรมศิลปากร กระทรวงศึกษาธิการ ไปเป็นของกรมทรัพย์สินทางปัญญา กระทรวงพาณิชย์ พ.ศ. 2535
พระราชบัญญัติ โอนอำนาจหน้าที่และกิจการบริหารบางส่วนของกรมทะเบียนการค้า กระทรวงพาณิชย์ และของกรมศิลปากร กระทรวงศึกษาธิการ ไปเป็นของกรมทรัพย์สินทางปัญญา กระทรวงพาณิชย์ พ.ศ. ๒๕๓๕ ภูมิพลอดุลยเดช ป.ร. ให้ไว้ ณ วันที",กฎหมายทั่วไป,พระราชบัญญัติ
kris_อน006-1B-0001,พระราชบัญญัติโอนอำนาจหน้าที่และกิจการบริหารบางส่วนของสำนักงานส่งเสริมงานตุลาการ กระทรวงยุติธรรม ไปเป็นของกรมคุมประพฤติ กระทรวงยุติธรรม พ.ศ. 2535,"[14/3/2535] พระราชบัญญัติโอนอำนาจหน้าที่และกิจการบริหารบางส่วนของสำนักงานส่งเสริมงานตุลาการ กระทรวงยุติธรรม ไปเป็นของกรมคุมประพฤติ กระทรวงยุติธรรม พ.ศ. 2535
พระราชบัญญัติ โอนอำนาจหน้าที่และกิจการบริหารบางส่วน ของสำนักงานส่งเสริมงานตุลาการ กระทรวงยุติธรรม ไปเป็นของกรมคุมประพฤติ กระทรวงยุติธรรม พ.ศ. ๒๕๓๕ ภูมิพลอดุลยเดช ป.ร. ให้ไว้ ณ วันที่ ๑๓ มีนาคม พ.ศ. ๒๕๓๕ เป็นปีท",กฎหมายทั่วไป,พระราชบัญญัติ
kris_อท072-1B-0001,พระราชบัญญัติโอนที่ดินซึ่งเป็นสาธารณสมบัติของแผ่นดิน ในท้องที่ตำบลหัวหิน อำเภอหัวหิน จังหวัดประจวบคีรีขันธ์ ให้แก่สำนักงานทรัพย์สินส่วนพระมหากษัตริย์ พ.ศ. 2535,"[26/3/2535] พระราชบัญญัติโอนที่ดินซึ่งเป็นสาธารณสมบัติของแผ่นดิน ในท้องที่ตำบลหัวหิน อำเภอหัวหิน จังหวัดประจวบคีรีขันธ์ ให้แก่สำนักงานทรัพย์สินส่วนพระมหากษัตริย์ พ.ศ. 2535
พระราชบัญญัติ โอนที่ดินซึ่งเป็นสาธารณสมบัติของแผ่นดิน ในท้องที่ตำบลหัวหิน อำเภอหัวหิน จังหวัดประจวบคีรีขันธ์ ให้แก่สำนักงานทรัพย์สินส่วนพระมหากษัตริย์ พ.ศ. ๒๕๓๕ ภูมิพลอดุลยเดช ป.ร. ให้ไว้ ณ วันที่ ๒๕ กุมภาพันธ์",กฎหมายทั่วไป,พระราชบัญญัติ
kris_อท073-1B-0001,พระราชบัญญัติโอนที่ดินซึ่งเป็นสาธารณสมบัติของแผ่นดิน ในท้องที่ตำบลทุ่งสุขลา อำเภอศรีราชา และตำบลบางละมุง อำเภอบางละมุง จังหวัดชลบุรี ให้แก่การท่าเรือแห่งประเทศไทย พ.ศ. 2535,"[29/4/2535] พระราชบัญญัติโอนที่ดินซึ่งเป็นสาธารณสมบัติของแผ่นดิน ในท้องที่ตำบลทุ่งสุขลา อำเภอศรีราชา และตำบลบางละมุง อำเภอบางละมุง จังหวัดชลบุรี ให้แก่การท่าเรือแห่งประเทศไทย พ.ศ. 2535
พระราชบัญญัติ โอนที่ดินซึ่งเป็นสาธารณสมบัติของแผ่นดิน ในท้องที่ตำบลทุ่งสุขลา อำเภอศรีราชา และตำบลบางละมุง อำเภอบางละมุง จังหวัดชลบุรี ให้แก่การท่าเรือแห่งประเทศไทย พ.ศ. ๒๕๓๕ ภูมิพลอดุลยเดช ป.ร. ให้ไว้ ณ วันที่",กฎหมายทั่วไป,พระราชบัญญัติ
kris_อน008-1B-0001,พระราชบัญญัติโอนอำนาจหน้าที่และกิจการบริหารบางส่วนของกระทรวงมหาดไทย ไปเป็นของกระทรวงแรงงานและสวัสดิการสังคม พ.ศ. 2536,"[25/7/2536] พระราชบัญญัติโอนอำนาจหน้าที่และกิจการบริหารบางส่วนของกระทรวงมหาดไทย ไปเป็นของกระทรวงแรงงานและสวัสดิการสังคม พ.ศ. 2536
พระราชบัญญัติ โอนอำนาจหน้าที่และกิจการบริหารบางส่วนของกระทรวงมหาดไทย ไปเป็นของกระทรวงแรงงานและสวัสดิการสังคม พ.ศ. ๒๕๓๖ ภูมิพลอดุลยเดช ป.ร. ให้ไว้ ณ วันที่ ๑๙ กรกฎาคม พ.ศ. ๒๕๓๖ เป็นปีที่ ๔๘ ในรัชกาลปัจจุบัน พระบ",กฎหมายทั่วไป,พระราชบัญญัติ
kris_อท074-1B-0001,พระราชบัญญัติโอนที่ดินซึ่งเป็นสาธารณสมบัติของแผ่นดิน ในท้องที่ตำบลห้วยโป่ง และตำบลมาบตาพุด อำเภอเมืองระยอง จังหวัดระยอง ให้แก่การนิคมอุตสาหกรรมแห่งประเทศไทย พ.ศ. 2536,"[16/12/2536] พระราชบัญญัติโอนที่ดินซึ่งเป็นสาธารณสมบัติของแผ่นดิน ในท้องที่ตำบลห้วยโป่ง และตำบลมาบตาพุด อำเภอเมืองระยอง จังหวัดระยอง ให้แก่การนิคมอุตสาหกรรมแห่งประเทศไทย พ.ศ. 2536
พระราชบัญญัติ โอนที่ดินซึ่งเป็นสาธารณสมบัติของแผ่นดิน ในท้องที่ตำบลห้วยโป่ง และตำบลมาบตาพุด อำเภอเมืองระยอง จังหวัดระยอง ให้แก่การนิคมอุตสาหกรรมแห่งประเทศไทย พ.ศ. ๒๕๓๖ ภูมิพลอดุลยเดช ป.ร. ให้ไว้ ณ วันที่ ๒๘ พฤศ",กฎหมายทั่วไป,พระราชบัญญัติ
kris_อท075-1B-0001,พระราชบัญญัติโอนกรรมสิทธิ์ที่ราชพัสดุที่เป็นสาธารณสมบัติของแผ่นดินที่ใช้เพื่อประโยชน์ของแผ่นดินโดยเฉพาะ ในท้องที่ตำบลบ้านบึง อำเภอบ้านบึง จังหวัดชลบุรี ให้แก่นางสาวสกล บุญถนอม และนางสาวองุ่น เฮ้งตระกูล พ.ศ. 2537,"[24/8/2537] พระราชบัญญัติโอนกรรมสิทธิ์ที่ราชพัสดุที่เป็นสาธารณสมบัติของแผ่นดินที่ใช้เพื่อประโยชน์ของแผ่นดินโดยเฉพาะ ในท้องที่ตำบลบ้านบึง อำเภอบ้านบึง จังหวัดชลบุรี ให้แก่นางสาวสกล บุญถนอม และนางสาวองุ่น เฮ้งตระกูล พ.ศ. 2537
พระราชบัญญัติ โอนกรรมสิทธิ์ที่ราชพัสดุที่เป็นสาธารณสมบัติของแผ่นดินที่ใช้เพื่อประโยชน์ ของแผ่นดินโดยเฉพาะ ในท้องที่ตำบลบ้านบึง อำเภอบ้านบึง จังหวัดชลบุรี ให้แก่นางสาวสกล บุญถนอม และนางสาวองุ่น เฮ้งตระกูล พ.ศ. ๒",กฎหมายทั่วไป,พระราชบัญญัติ
kris_อน009-1B-0001,พระราชบัญญัติโอนอำนาจหน้าที่และกิจการบริหารของสถาบันสุขภาพจิต กระทรวงสาธารณสุข ไปเป็นของกรมสุขภาพจิต กระทรวงสาธารณสุข พ.ศ. 2537,"[2/12/2537] พระราชบัญญัติโอนอำนาจหน้าที่และกิจการบริหารของสถาบันสุขภาพจิต กระทรวงสาธารณสุข ไปเป็นของกรมสุขภาพจิต กระทรวงสาธารณสุข พ.ศ. 2537
พระราชบัญญัติ โอนอำนาจหน้าที่และกิจการบริหาร ของสถาบันสุขภาพจิต กระทรวงสาธารณสุข ไปเป็นของกรมสุขภาพจิต กระทรวงสาธารณสุข พ.ศ. ๒๕๓๗ ภูมิพลอดุลยเดช ป.ร. ให้ไว้ ณ วันที่ ๑๗ พฤศจิกายน พ.ศ. ๒๕๓๗ เป็นปีที่ ๔๙ ในรัชกาล",กฎหมายทั่วไป,พระราชบัญญัติ
kris_อน010-1B-0001,พระราชบัญญัติโอนอำนาจหน้าที่และกิจการบริหารของสำนักผังเมือง กระทรวงมหาดไทย ไปเป็นของกรมการผังเมือง กระทรวงมหาดไทย พ.ศ. 2537,"[31/12/2537] พระราชบัญญัติโอนอำนาจหน้าที่และกิจการบริหารของสำนักผังเมือง กระทรวงมหาดไทย ไปเป็นของกรมการผังเมือง กระทรวงมหาดไทย พ.ศ. 2537
พระราชบัญญัติ โอนอำนาจหน้าที่และกิจการบริหาร ของสำนักผังเมือง กระทรวงมหาดไทย ไปเป็นของกรมการผังเมือง กระทรวงมหาดไทย พ.ศ. ๒๕๓๗ ภูมิพลอดุลยเดช ป.ร. ให้ไว้ ณ วันที่ ๒๓ ธันวาคม พ.ศ. ๒๕๓๗ เป็นปีที่ ๔๙ ในรัชกาลปัจจุบ",กฎหมายทั่วไป,พระราชบัญญัติ
kris_อท076-1B-0001,พระราชบัญญัติโอนกรรมสิทธิ์ที่ราชพัสดุที่เป็นสาธารณสมบัติของแผ่นดินที่ใช้เพื่อประโยชน์ของแผ่นดินโดยเฉพาะ ในท้องที่ตำบลพระพุทธบาท อำเภอศรีเชียงใหม่ จังหวัดหนองคาย ให้แก่วัดหินหมากเป้ง และโอนที่ธรณีสงฆ์ วัดหินหมากเป้ง ในท้องที่ตำบลพระพุทธบาท อำเภอศรีเชียงใหม่ จังหวัดหนองคาย ให้แก่กระทรวงการคลัง พ.ศ. 2540,"[22/10/2540] พระราชบัญญัติโอนกรรมสิทธิ์ที่ราชพัสดุที่เป็นสาธารณสมบัติของแผ่นดินที่ใช้เพื่อประโยชน์ของแผ่นดินโดยเฉพาะ ในท้องที่ตำบลพระพุทธบาท อำเภอศรีเชียงใหม่ จังหวัดหนองคาย ให้แก่วัดหินหมากเป้ง และโอนที่ธรณีสงฆ์ วัดหินหมากเป้ง ในท้องที่ตำบลพระพุทธบาท อำเภอศรีเชียงใหม่ จังหวัดหนองคาย ให้แก่กระทรวงการคลัง พ.ศ. 2540
พระราชบัญญัติ โอนกรรมสิทธิ์ที่ราชพัสดุที่เป็นสาธารณสมบัติของแผ่นดินที่ใช้เพื่อประโยชน์ ของแผ่นดินโดยเฉพาะ ในท้องที่ตำบลพระพุทธบาท อำเภอศรีเชียงใหม่ จังหวัดหนองคาย ให้แก่วัดหินหมากเป้ง และโอนที่ธรณีสงฆ์ วัดหินหม",กฎหมายทั่วไป,พระราชบัญญัติ
kris_อ0016-1B-0001,พระราชบัญญัติองค์การบริหารส่วนจังหวัด พ.ศ. 2540,"[31/10/2540] พระราชบัญญัติองค์การบริหารส่วนจังหวัด พ.ศ. 2540
พระราชบัญญัติว่าด้วยการปรับเป็นพินัย พ.ศ. ๒๕๖๕ พระราชบัญญัติองค์การบริหารส่วนจังหวัด (ฉบับที่ ๒) พ.ศ. ๒๕๔๒ พระราชบัญญัติองค์การบริหารส่วนจังหวัด (ฉบับที่ ๓) พ.ศ. ๒๕๔๖ พระราชบัญญัติองค์การบริหารส่วนจังหวัด (ฉบับ",กฎหมายทั่วไป,พระราชบัญญัติ
kris_อน011-1B-0001,พระราชบัญญัติโอนอำนาจหน้าที่และกิจการบริหารบางส่วนของสำนักงานปลัดกระทรวง กระทรวงการต่างประเทศ ไปเป็นของกรมการกงสุล กระทรวงการต่างประเทศ พ.ศ. 2541,"[6/3/2541] พระราชบัญญัติโอนอำนาจหน้าที่และกิจการบริหารบางส่วนของสำนักงานปลัดกระทรวง กระทรวงการต่างประเทศ ไปเป็นของกรมการกงสุล กระทรวงการต่างประเทศ พ.ศ. 2541
พระราชบัญญัติ โอนอำนาจหน้าที่และกิจการบริหารบางส่วนของสำนักงานปลัดกระทรวง กระทรวงการต่างประเทศ ไปเป็นของกรมการกงสุล กระทรวงการต่างประเทศ พ.ศ. ๒๕๔๑ ภูมิพลอดุลยเดช ป.ร. ให้ไว้ ณ วันที่ ๒๑ กุมภาพันธ์ พ.ศ. ๒๕๔๑ เป็",กฎหมายทั่วไป,พระราชบัญญัติ
kris_อน012-1B-0001,พระราชบัญญัติโอนอำนาจหน้าที่และกิจการบริหารบางส่วนของสำนักเลขาธิการนายกรัฐมนตรี สำนักนายกรัฐมนตรี ไปเป็นของสำนักงานคณะกรรมการคุ้มครองผู้บริโภค สำนักนายกรัฐมนตรี พ.ศ. 2541,"[24/3/2541] พระราชบัญญัติโอนอำนาจหน้าที่และกิจการบริหารบางส่วนของสำนักเลขาธิการนายกรัฐมนตรี สำนักนายกรัฐมนตรี ไปเป็นของสำนักงานคณะกรรมการคุ้มครองผู้บริโภค สำนักนายกรัฐมนตรี พ.ศ. 2541
พระราชบัญญัติ โอนอำนาจหน้าที่และกิจการบริหารบางส่วน ของสำนักเลขาธิการนายกรัฐมนตรี สำนักนายกรัฐมนตรี ไปเป็นของสำนักงานคณะกรรมการคุ้มครองผู้บริโภค สำนักนายกรัฐมนตรี พ.ศ. ๒๕๔๑ ภูมิพลอดุลยเดช ป.ร. ให้ไว้ ณ วันที่ ๑",กฎหมายทั่วไป,พระราชบัญญัติ
kris_อท078-1B-0001,พระราชบัญญัติโอนที่ดินซึ่งเป็นสาธารณสมบัติของแผ่นดิน ในท้องที่ตำบลสันทราย อำเภอเมืองเชียงราย จังหวัดเชียงราย ให้แก่การเคหะแห่งชาติ พ.ศ. 2541,"[30/10/2541] พระราชบัญญัติโอนที่ดินซึ่งเป็นสาธารณสมบัติของแผ่นดิน ในท้องที่ตำบลสันทราย อำเภอเมืองเชียงราย จังหวัดเชียงราย ให้แก่การเคหะแห่งชาติ พ.ศ. 2541
พระราชบัญญัติ โอนที่ดินซึ่งเป็นสาธารณสมบัติของแผ่นดิน ในท้องที่ตำบลสันทราย อำเภอเมืองเชียงราย จังหวัดเชียงราย ให้แก่การเคหะแห่งชาติ พ.ศ. ๒๕๔๑ ภูมิพลอดุลยเดช ป.ร. ให้ไว้ ณ วันที่ ๒๑ ตุลาคม พ.ศ. ๒๕๔๑ เป็นปีที่ ๕๓",กฎหมายทั่วไป,พระราชบัญญัติ
kris_อท077-1B-0001,พระราชบัญญัติโอนที่ดินซึ่งเป็นสาธารณสมบัติของแผ่นดิน ในท้องที่ตำบลโพนทอง อำเภอเมืองกาฬสินธุ์ จังหวัดกาฬสินธุ์ ให้แก่นายเปรื่อง ยลวิลาศ พ.ศ. 2541,"[30/10/2541] พระราชบัญญัติโอนที่ดินซึ่งเป็นสาธารณสมบัติของแผ่นดิน ในท้องที่ตำบลโพนทอง อำเภอเมืองกาฬสินธุ์ จังหวัดกาฬสินธุ์ ให้แก่นายเปรื่อง ยลวิลาศ พ.ศ. 2541
พระราชบัญญัติ โอนที่ดินซึ่งเป็นสาธารณสมบัติของแผ่นดิน ในท้องที่ตำบลโพนทอง อำเภอเมืองกาฬสินธุ์ จังหวัดกาฬสินธุ์ ให้แก่นายเปรื่อง ยลวิลาศ พ.ศ. ๒๕๔๑ ภูมิพลอดุลยเดช ป.ร. ให้ไว้ ณ วันที่ ๒๑ ตุลาคม พ.ศ. ๒๕๔๑ เป็นปีที",กฎหมายทั่วไป,พระราชบัญญัติ
kris_อ0017-1B-0001,พระราชบัญญัติองค์การมหาชน พ.ศ. 2542,"[24/2/2542] พระราชบัญญัติองค์การมหาชน พ.ศ. 2542
พระราชบัญญัติ องค์การมหาชน พ.ศ. ๒๕๔๒ พระราชบัญญัติองค์การมหาชน (ฉบับที่ ๒) พ.ศ. ๒๕๕๙ ภูมิพลอดุลยเดช ป.ร. ให้ไว้ ณ วันที่ ๑๓ กุมภาพันธ์ พ.ศ. ๒๕๔๒ เป็นปีที่ ๕๔ ในรัชกาลปัจจุบัน พระบาทสมเด็จพระปรมินทรมหาภูมิพลอดุล",กฎหมายทั่วไป,พระราชบัญญัติ
kris_อท079-1B-0001,พระราชบัญญัติโอนกรรมสิทธิ์ที่ราชพัสดุที่เป็นสาธารณสมบัติของแผ่นดินที่ใช้เพื่อประโยชน์ของแผ่นดินโดยเฉพาะ ในท้องที่ตำบลหลังสวน อำเภอหลังสวน จังหวัดชุมพร ให้แก่เทศบาลตำบลหลังสวน จังหวัดชุมพร พ.ศ. 2542,"[27/5/2542] พระราชบัญญัติโอนกรรมสิทธิ์ที่ราชพัสดุที่เป็นสาธารณสมบัติของแผ่นดินที่ใช้เพื่อประโยชน์ของแผ่นดินโดยเฉพาะ ในท้องที่ตำบลหลังสวน อำเภอหลังสวน จังหวัดชุมพร ให้แก่เทศบาลตำบลหลังสวน จังหวัดชุมพร พ.ศ. 2542
พระราชบัญญัติ โอนกรรมสิทธิ์ที่ราชพัสดุที่เป็นสาธารณสมบัติของแผ่นดิน ที่ใช้เพื่อประโยชน์ของแผ่นดินโดยเฉพาะ ในท้องที่ตำบลหลังสวน อำเภอหลังสวน จังหวัดชุมพร ให้แก่เทศบาลตำบลหลังสวน จังหวัดชุมพร พ.ศ. ๒๕๔๒ ภูมิพลอดุล",กฎหมายทั่วไป,พระราชบัญญัติ
kris_ยล016-1B-0001,พระราชบัญญัติองค์กรจัดสรรคลื่นความถี่และกำกับกิจการวิทยุกระจายเสียง วิทยุโทรทัศน์ และกิจการโทรคมนาคม พ.ศ. 2543 (ยกเลิก),"[7/3/2543] พระราชบัญญัติองค์กรจัดสรรคลื่นความถี่และกำกับกิจการวิทยุกระจายเสียง วิทยุโทรทัศน์ และกิจการโทรคมนาคม พ.ศ. 2543 (ยกเลิก)
*พระราชกฤษฎีกาแก้ไขบทบัญญัติให้สอดคล้องกับการโอนอำนาจหน้าที่ของส่วนราชการให้เป็นไปตามพระราชบัญญัติปรับปรุงกระทรวง ทบวง กรม พ.ศ. ๒๕๔๕ พ.ศ. ๒๕๔๕ ภูมิพลอดุลยเดช ป.ร. ให้ไว้ ณ วันที่ ๒๕ กุมภาพันธ์ พ.ศ. ๒๕๔๓ เป็นปีท",กฎหมายทั่วไป,พระราชบัญญัติ
kris_อท080-1B-0001,พระราชบัญญัติโอนกรรมสิทธิ์ที่ราชพัสดุที่เป็นสาธารณสมบัติของแผ่นดินที่ใช้เพื่อประโยชน์ของแผ่นดินโดยเฉพาะ ในท้องที่ตำบลเทพกระษัตรี อำเภอถลาง จังหวัดภูเก็ต ให้แก่ทายาทของ นายถั่ว เมธา พ.ศ. 2543,"[10/3/2543] พระราชบัญญัติโอนกรรมสิทธิ์ที่ราชพัสดุที่เป็นสาธารณสมบัติของแผ่นดินที่ใช้เพื่อประโยชน์ของแผ่นดินโดยเฉพาะ ในท้องที่ตำบลเทพกระษัตรี อำเภอถลาง จังหวัดภูเก็ต ให้แก่ทายาทของ นายถั่ว เมธา พ.ศ. 2543
พระราชบัญญัติ โอนกรรมสิทธิ์ที่ราชพัสดุที่เป็นสาธารณสมบัติของแผ่นดิน ที่ใช้เพื่อประโยชน์ของแผ่นดินโดยเฉพาะ ในท้องที่ตำบลเทพกระษัตรี อำเภอถลาง จังหวัดภูเก็ต ให้แก่ทายาทของ นายถั่ว เมธา พ.ศ. ๒๕๔๓ ภูมิพลอดุลยเดช ป.",กฎหมายทั่วไป,พระราชบัญญัติ
kris_อท081-1B-0001,พระราชบัญญัติโอนที่ราชพัสดุที่เป็นสาธารณสมบัติของแผ่นดินที่ใช้เพื่อประโยชน์ของแผ่นดินโดยเฉพาะ ในท้องที่ตำบลเชียงบาน อำเภอเชียงคำ จังหวัดพะเยา ให้แก่นายสิงห์ ใจวังโลก พ.ศ. 2544,"[16/11/2544] พระราชบัญญัติโอนที่ราชพัสดุที่เป็นสาธารณสมบัติของแผ่นดินที่ใช้เพื่อประโยชน์ของแผ่นดินโดยเฉพาะ ในท้องที่ตำบลเชียงบาน อำเภอเชียงคำ จังหวัดพะเยา ให้แก่นายสิงห์ ใจวังโลก พ.ศ. 2544
พระราชบัญญัติ โอนที่ราชพัสดุที่เป็นสาธารณสมบัติของแผ่นดินที่ใช้ เพื่อประโยชน์ของแผ่นดินโดยเฉพาะ ในท้องที่ตำบลเชียงบาน อำเภอเชียงคำ จังหวัดพะเยา ให้แก่นายสิงห์ ใจวังโลก พ.ศ. ๒๕๔๔ ภูมิพลอดุลยเดช ป.ร. ให้ไว้ ณ วัน",กฎหมายทั่วไป,พระราชบัญญัติ
kris_อ0013-1B-0001,พระราชบัญญัติอนุญาโตตุลาการ พ.ศ. 2545,"[29/4/2545] พระราชบัญญัติอนุญาโตตุลาการ พ.ศ. 2545
พระราชบัญญัติ อนุญาโตตุลาการ พ.ศ. ๒๕๔๕ พระราชบัญญัติอนุญาโตตุลาการ (ฉบับที่ ๒) พ.ศ. ๒๕๖๒ ภูมิพลอดุลยเดช ป.ร. ให้ไว้ ณ วันที่ ๒๓ เมษายน พ.ศ. ๒๕๔๕ เป็นปีที่ ๕๗ ในรัชกาลปัจจุบัน พระบาทสมเด็จพระปรมินทรมหาภูมิพลอดุล",กฎหมายทั่วไป,พระราชบัญญัติ
kris_อ0019-1C-0001,พระราชกำหนดโอนสินทรัพย์บางส่วนในบัญชีสำรองพิเศษตามกฎหมายว่าด้วยเงินตรา พ.ศ. 2545,"[25/6/2545] พระราชกำหนดโอนสินทรัพย์บางส่วนในบัญชีสำรองพิเศษตามกฎหมายว่าด้วยเงินตรา พ.ศ. 2545
ประกาศสำนักนายกรัฐมนตรี เรื่อง พระราชกำหนดโอนทรัพย์สินบางส่วนในบัญชีสำรองพิเศษตามกฎหมายว่าด้วยเงินตรา พ.ศ. ๒๕๔๕ ภูมิพลอดุลยเดช ป.ร. ให้ไว้ ณ วันที่ ๒๓ มิถุนายน พ.ศ. ๒๕๔๕ เป็นปีที่ ๕๗ ในรัชกาลปัจจุบัน พระบาทสมเด",กฎหมายทั่วไป,พระราชกำหนด
kris_อท082-1B-0001,พระราชบัญญัติโอนที่ดินซึ่งเป็นสาธารณสมบัติของแผ่นดิน ในท้องที่แขวงวังทองหลาง เขตวังทองหลาง กรุงเทพมหานคร ให้แก่นายกวี อังศวานนท์ ผู้จัดการทรัพย์สินส่วนพระองค์ พ.ศ. 2545,"[1/10/2545] พระราชบัญญัติโอนที่ดินซึ่งเป็นสาธารณสมบัติของแผ่นดิน ในท้องที่แขวงวังทองหลาง เขตวังทองหลาง กรุงเทพมหานคร ให้แก่นายกวี อังศวานนท์ ผู้จัดการทรัพย์สินส่วนพระองค์ พ.ศ. 2545
พระราชบัญญัติ โอนที่ดินซึ่งเป็นสาธารณสมบัติของแผ่นดิน ในท้องที่แขวงวังทองหลาง เขตวังทองหลาง กรุงเทพมหานคร ให้แก่นายกวี อังศวานนท์ ผู้จัดการทรัพย์สินส่วนพระองค์ พ.ศ. ๒๕๔๕ ภูมิพลอดุลยเดช ป.ร. ให้ไว้ ณ วันที่ ๒๒ ก",กฎหมายทั่วไป,พระราชบัญญัติ
kris_อท083-1B-0001,พระราชบัญญัติโอนที่ดินซึ่งเป็นสาธารณสมบัติของแผ่นดิน ในท้องที่ตำบลเนินพระ อำเภอเมืองระยอง จังหวัดระยอง ให้แก่วัดโขดใต้ พ.ศ. 2546,"[13/10/2546] พระราชบัญญัติโอนที่ดินซึ่งเป็นสาธารณสมบัติของแผ่นดิน ในท้องที่ตำบลเนินพระ อำเภอเมืองระยอง จังหวัดระยอง ให้แก่วัดโขดใต้ พ.ศ. 2546
พระราชบัญญัติ โอนที่ดินซึ่งเป็นสาธารณสมบัติของแผ่นดิน ในท้องที่ตำบลเนินพระ อำเภอเมืองระยอง จังหวัดระยอง ให้แก่วัดโขดใต้ พ.ศ. ๒๕๔๖ ภูมิพลอดุลยเดช ป.ร. ให้ไว้ ณ วันที่ ๒๙ กันยายน พ.ศ. ๒๕๔๖ เป็นปีที่ ๕๘ ในรัชกาลปั",กฎหมายทั่วไป,พระราชบัญญัติ
kris_อน013-1B-0001,พระราชบัญญัติโอนอำนาจหน้าที่และกิจการบริหารบางส่วนของสำนักงานปลัดกระทรวง กระทรวงสาธารณสุข ไปเป็นของมหาวิทยาลัยศรีนครินทรวิโรฒ กระทรวงศึกษาธิการ พ.ศ. 2550,"[7/9/2550] พระราชบัญญัติโอนอำนาจหน้าที่และกิจการบริหารบางส่วนของสำนักงานปลัดกระทรวง กระทรวงสาธารณสุข ไปเป็นของมหาวิทยาลัยศรีนครินทรวิโรฒ กระทรวงศึกษาธิการ พ.ศ. 2550
พระราชบัญญัติ โอนอำนาจหน้าที่และกิจการบริหารบางส่วน ของสำนักงานปลัดกระทรวง กระทรวงสาธารณสุข ไปเป็นของ มหาวิทยาลัยศรีนครินทรวิโรฒ กระทรวงศึกษาธิการ พ.ศ. ๒๕๕๐ ภูมิพลอดุลยเดช ป.ร. ให้ไว้ ณ วันที่ ๓๐ สิงหาคม พ.ศ. ๒",กฎหมายทั่วไป,พระราชบัญญัติ
kris_อ0007-1B-0002,พระราชบัญญัติอากรรังนกอีแอ่น พ.ศ. 2540,"[14/10/2550] พระราชบัญญัติอากรรังนกอีแอ่น พ.ศ. 2540
พระราชบัญญัติ อากรรังนกอีแอ่น พ.ศ. ๒๕๔๐ ภูมิพลอดุลยเดช ป.ร. ให้ไว้ ณ วันที่ ๑๕ กันยายน พ.ศ. ๒๕๔๐ เป็นปีที่ ๕๒ ในรัชกาลปัจจุบัน พระบาทสมเด็จพระปรมินทรมหาภูมิพลอดุลยเดช มีพระบรมราชโองการโปรดเกล้าฯ ให้ประกาศว่า โด",กฎหมายทั่วไป,พระราชบัญญัติ
kris_อ0022-1B-0001,พระราชบัญญัติองค์การกระจายเสียงและแพร่ภาพสาธารณะแห่งประเทศไทย พ.ศ. 2551,"[14/1/2551] พระราชบัญญัติองค์การกระจายเสียงและแพร่ภาพสาธารณะแห่งประเทศไทย พ.ศ. 2551
พระราชบัญญัติแก้ไขเพิ่มเติมบทบัญญัติแห่งกฎหมายที่เกี่ยวกับความรับผิดในทางอาญาของผู้แทนนิติบุคคล พ.ศ. ๒๕๖๐ ภูมิพลอดุลยเดช ป.ร. ให้ไว้ ณ วันที่ ๕ มกราคม พ.ศ. ๒๕๕๑ เป็นปีที่ ๖๓ ในรัชกาลปัจจุบัน พระบาทสมเด็จพระปรมิ",กฎหมายทั่วไป,พระราชบัญญัติ
kris_อท084-1B-0001,พระราชบัญญัติโอนที่ดินซึ่งเป็นสาธารณสมบัติของแผ่นดิน ในท้องที่ตำบลห้วยโป่ง อำเภอเมืองระยอง จังหวัดระยอง ให้แก่การไฟฟ้าฝ่ายผลิตแห่งประเทศไทย พ.ศ. 2551,"[16/1/2551] พระราชบัญญัติโอนที่ดินซึ่งเป็นสาธารณสมบัติของแผ่นดิน ในท้องที่ตำบลห้วยโป่ง อำเภอเมืองระยอง จังหวัดระยอง ให้แก่การไฟฟ้าฝ่ายผลิตแห่งประเทศไทย พ.ศ. 2551
พระราชบัญญัติ โอนที่ดินซึ่งเป็นสาธารณสมบัติของแผ่นดิน ในท้องที่ตำบลห้วยโป่ง อำเภอเมืองระยอง จังหวัดระยอง ให้แก่การไฟฟ้าฝ่ายผลิตแห่งประเทศไทย พ.ศ. ๒๕๕๑ ภูมิพลอดุลยเดช ป.ร. ให้ไว้ ณ วันที่ ๕ มกราคม พ.ศ. ๒๕๕๑ เป็น",กฎหมายทั่วไป,พระราชบัญญัติ
kris_อ0023-1B-0001,พระราชบัญญัติองค์กรอัยการและพนักงานอัยการ พ.ศ. 2553,"[7/12/2553] พระราชบัญญัติองค์กรอัยการและพนักงานอัยการ พ.ศ. 2553
พระราชบัญญัติ องค์กรอัยการและพนักงานอัยการ พ.ศ. ๒๕๕๓ ภูมิพลอดุลยเดช ป.ร. ให้ไว้ ณ วันที่ ๓ ธันวาคม พ.ศ. ๒๕๕๓ เป็นปีที่ ๖๕ ในรัชกาลปัจจุบัน พระบาทสมเด็จพระปรมินทรมหาภูมิพลอดุลยเดช มีพระบรมราชโองการโปรดเกล้าฯ ให้",กฎหมายทั่วไป,พระราชบัญญัติ
kris_อ0018-1B-0001,พระราชบัญญัติองค์กรจัดสรรคลื่นความถี่และกำกับการประกอบกิจการวิทยุกระจายเสียง วิทยุโทรทัศน์ และกิจการโทรคมนาคม พ.ศ. 2553,"[19/12/2553] พระราชบัญญัติองค์กรจัดสรรคลื่นความถี่และกำกับการประกอบกิจการวิทยุกระจายเสียง วิทยุโทรทัศน์ และกิจการโทรคมนาคม พ.ศ. 2553
พระราชบัญญัติว่าด้วยการปรับเป็นพินัย พ.ศ. ๒๕๖๕ พระราชบัญญัติองค์กรจัดสรรคลื่นความถี่และกำกับการประกอบกิจการวิทยุกระจายเสียง วิทยุโทรทัศน์ และกิจการโทรคมนาคม (ฉบับที่ ๒) พ.ศ. ๒๕๖๐ พระราชบัญญัติองค์กรจัดสรรคลื่นค",กฎหมายทั่วไป,พระราชบัญญัติ
kris_อท085-1B-0002,พระราชบัญญัติโอนที่ราชพัสดุที่เป็นสาธารณสมบัติของแผ่นดินที่ใช้เพื่อประโยชน์ของแผ่นดินโดยเฉพาะ ในท้องที่ตำบลกมลาไสย อำเภอกมลาไสย จังหวัดกาฬสินธุ์ ให้แก่นางบุญมี ดอนเมือง และนางสวาท ดอนกระสินธุ์ พ.ศ. 2561,"[27/3/2561] พระราชบัญญัติโอนที่ราชพัสดุที่เป็นสาธารณสมบัติของแผ่นดินที่ใช้เพื่อประโยชน์ของแผ่นดินโดยเฉพาะ ในท้องที่ตำบลกมลาไสย อำเภอกมลาไสย จังหวัดกาฬสินธุ์ ให้แก่นางบุญมี ดอนเมือง และนางสวาท ดอนกระสินธุ์ พ.ศ. 2561
พระราชบัญญัติ โอนที่ราชพัสดุที่เป็นสาธารณสมบัติของแผ่นดินที่ใช้เพื่อประโยชน์ของแผ่นดินโดยเฉพาะ ในท้องที่ตำบลกมลาไสย อำเภอกมลาไสย จังหวัดกาฬสินธุ์ ให้แก่นางบุญมี ดอนเมือง และนางสวาท ดอนกระสินธุ์ พ.ศ. ๒๕๖๑ สมเด็จ",กฎหมายทั่วไป,พระราชบัญญัติ
kris_อ0027-1B-0001,พระราชบัญญัติเอกสิทธิ์และความคุ้มกันสำหรับองค์การระหว่างประเทศและการประชุมระหว่างประเทศในประเทศไทย พ.ศ. 2561,"[21/11/2561] พระราชบัญญัติเอกสิทธิ์และความคุ้มกันสำหรับองค์การระหว่างประเทศและการประชุมระหว่างประเทศในประเทศไทย พ.ศ. 2561
พระราชบัญญัติ เอกสิทธิ์และความคุ้มกันสำหรับองค์การระหว่างประเทศ และการประชุมระหว่างประเทศในประเทศไทย พ.ศ. ๒๕๖๑ สมเด็จพระเจ้าอยู่หัวมหาวชิราลงกรณ บดินทรเทพยวรางกูร ให้ไว้ ณ วันที่ ๑๘ พฤศจิกายน พ.ศ. ๒๕๖๑ เป็นปีที",กฎหมายทั่วไป,พระราชบัญญัติ
kris_อ0010-1B-0001,พระราชบัญญัติอุทยานแห่งชาติ พ.ศ. 2562,"[29/5/2562] พระราชบัญญัติอุทยานแห่งชาติ พ.ศ. 2562
พระราชบัญญัติว่าด้วยการปรับเป็นพินัย พ.ศ. ๒๕๖๕ พระบาทสมเด็จพระปรเมนทรรามาธิบดีศรีสินทรมหาวชิราลงกรณ พระวชิรเกล้าเจ้าอยู่หัว ให้ไว้ ณ วันที่ ๒๔ พฤษภาคม พ.ศ. ๒๕๖๒ เป็นปีที่ ๔ ในรัชกาลปัจจุบัน พระบาทสมเด็จพระปรเมน",กฎหมายทั่วไป,พระราชบัญญัติ
kris_อ0028-1C-0001,พระราชกำหนดโอนอัตรากำลังพลและงบประมาณบางส่วนของกองทัพบก กองทัพไทย กระทรวงกลาโหม ไปเป็นของหน่วยบัญชาการถวายความปลอดภัยรักษาพระองค์ ซึ่งเป็นส่วนราชการในพระองค์ พ.ศ. 2562,"[30/9/2562] พระราชกำหนดโอนอัตรากำลังพลและงบประมาณบางส่วนของกองทัพบก กองทัพไทย กระทรวงกลาโหม ไปเป็นของหน่วยบัญชาการถวายความปลอดภัยรักษาพระองค์ ซึ่งเป็นส่วนราชการในพระองค์ พ.ศ. 2562
พระราชกำหนด โอนอัตรากำลังพลและงบประมาณบางส่วน ของกองทัพบก กองทัพไทย กระทรวงกลาโหม ไปเป็นของหน่วยบัญชาการถวายความปลอดภัยรักษาพระองค์ ซึ่งเป็นส่วนราชการในพระองค์ พ.ศ. ๒๕๖๒  พระบาทสมเด็จพระปรเมนทรรามาธิบดีศรีสินทร",กฎหมายทั่วไป,พระราชกำหนด
kris_อง001-1B-0001,พระราชบัญญัติโอนงบประมาณรายจ่าย พ.ศ. 2563,"[20/7/2563] พระราชบัญญัติโอนงบประมาณรายจ่าย พ.ศ. 2563
พระราชบัญญัติ โอนงบประมาณรายจ่าย พ.ศ. ๒๕๖๓  พระบาทสมเด็จพระปรเมนทรรามาธิบดีศรีสินทรมหาวชิราลงกรณ พระวชิรเกล้าเจ้าอยู่หัว ให้ไว้ ณ วันที่ ๒๐ กรกฎาคม พ.ศ. ๒๕๖๓ เป็นปีที่ ๕ ในรัชกาลปัจจุบัน พระบาทสมเด็จพระปรเมนทรร",กฎหมายทั่วไป,พระราชบัญญัติ
kris_อ0031-1B-0001,พระราชบัญญัติอำนาจเรียกของคณะกรรมาธิการของสภาผู้แทนราษฎรและวุฒิสภา พ.ศ. 2568,"[5/6/2568] พระราชบัญญัติอำนาจเรียกของคณะกรรมาธิการของสภาผู้แทนราษฎรและวุฒิสภา พ.ศ. 2568
พระราชบัญญัติ อำนาจเรียกของคณะกรรมาธิการของสภาผู้แทนราษฎรและวุฒิสภา พ.ศ. ๒๕๖๘ พระบาทสมเด็จพระปรเมนทรรามาธิบดีศรีสินทรมหาวชิราลงกรณ พระวชิรเกล้าเจ้าอยู่หัว ให้ไว้ ณ วันที่ ๒ มิถุนายน พ.ศ. ๒๕๖๘ เป็นปีที่ ๑๐ ในรัช",กฎหมายทั่วไป,พระราชบัญญัติ
kris_อ0011-1B-0001,พระราชบัญญัติอาคารชุด พ.ศ. 2522,"[30/4/2522] พระราชบัญญัติอาคารชุด พ.ศ. 2522
พระราชบัญญัติแก้ไขเพิ่มเติมบทบัญญัติแห่งกฎหมายที่เกี่ยวกับความรับผิดในทางอาญาของผู้แทนนิติบุคคล พ.ศ. ๒๕๖๐   พระราชบัญญัติอาคารชุด (ฉบับที่ ๒) พ.ศ. ๒๕๓๔ พระราชบัญญัติอาคารชุด (ฉบับที่ ๓) พ.ศ. ๒๕๔๒ พระราชบัญญัติอ",กฎหมายทั่วไป,พระราชบัญญัติ
