oicpdf_00569,กฎหมายประกันภัย คปภ. 00569,"ประกาศคณะกรรมการกํากับและสงเสริมการประกอบธุรกิจประกันภัย
เรื่อง กําหนดใหบริษัทประกันวินาศภัยเปดทําการติดตอกับประชาชน ประจําป พ.ศ.2554
อาศัยอํานาจตามความในมาตรา 38 แหงพระราชบัญญัติประกันวินาศภัย พ.ศ.2535 และ
มาตรา 3 (1) แหงพระราชบัญญัติคณะกรรมการกํากับและสงเสริมการประกอบธุรกิจประกันภัย พ.ศ.2550
ประกอบกับมติที่ประชุมคณะกรรมการกํากับและสงเสริมการประกอบธุรกิจประกันภัย ครั้งที่ 9/2552
เมื่อวันที่ 28 กันยายน พ.ศ.2552 คณะกรรมการกํากับและสงเสริมการประกอบธุรกิจประกันภัย จึงออกประกาศไว
ดังตอไปนี้
ขอ 1 บริษัทประกันวินาศภัยตองเปดทาํ การติดตอกบั ประชาชนทกุ วัน เวนแตวนั หยุดประจํา
สัปดาห และวนั หยุดดังตอไปนี้ บริษัทจะเปดทําการก็ได
1. วันจันทร 3 มกราคม ชดเชยวันขึ้นปใหม
(วันเสารที่ 1 มกราคม)
2. วันศุกร 18 กุมภาพันธ วันมาฆบูชา
3. วันพุธ 6 เมษายน วันพระบาทสมเด็จพระพุทธยอดฟาจุฬาโลก
มหาราชและวันที่ระลึกมหาจักรีบรมราชวงศ
4. วันพุธ 13 เมษายน วันสงกรานต
5. วันพฤหัสบดี 14 เมษายน วันสงกรานต
6. วันศุกร 15 เมษายน วันสงกรานต
7. วันจันทร 2 พฤษภาคม ชดเชยวันแรงงานแหงชาติ
(วันอาทิตยที่ 1 พฤษภาคม)
8. วันพฤหัสบดี 5 พฤษภาคม วันฉัตรมงคล
9. วันอังคาร 17 พฤษภาคม วันวิสาขบูชา
10. วันศุกร 15 กรกฎาคม วันอาสาฬหบูชา
11. วันศุกร 12 สิงหาคม วันเฉลิมพระชนมพรรษา
สมเด็จพระนางเจาฯ พระบรมราชินีนาถ
12. วันจันทร 24 ตุลาคม ชดเชยวันปยมหาราช
(วันอาทิตยที่ 23 ตุลาคม)
-2-
13. วันจันทร 5 ธันวาคม วันเฉลิมพระชนมพรรษา
พระบาทสมเด็จพระเจาอยูหัว
14. วันจันทร 12 ธันวาคม ชดเชยวันพระราชทานรัฐธรรมนูญ
(วันเสารที่ 10 ธันวาคม)
ขอ 2 สาขาของบริษัทประกันวินาศภัยในจังหวัดนราธิวาส จังหวัดปตตานี จังหวัดยะลา และ
จังหวัดสตูล จะปดทําการในวันตรุษอีดิ้ลฟตริ (วันรายอปอซอ) ตามประกาศสํานักจุฬาราชมนตรีอีกหนึ่งวันก็ได
ขอ 3 เวลาเปดทําการของบริษัทประกันวินาศภัย ใหเปดทําการไมนอยกวาระยะเวลาตั้งแต
เวลา 08.30 น. ถึง 16.30 น. เวนแตวันเสารจะเปดทําการไมนอยกวาระยะเวลาตั้งแตเวลา 08.30 น. ถึง 12.00 น. ก็ได
ขอ 4 ในกรณีที่คณะรัฐมนตรีไดมีมติกําหนดใหมีวันหยุดราชการเปนกรณีพิเศษเพิ่มเติม
บริษัทจะปดทําการก็ได แตบริษัทตองจัดใหมีพนักงานที่มีหนาที่รับแจงอุบัติเหตุตรวจสอบอุบัติเหตุและเจรจา
ตกลงคาสินไหมทดแทนประจําอยูที่บริษัทและสํานักงานสาขาของบริษัทอยางเพียงพอ เพื่อใหการบริการและ
อํานวยความสะดวกแกผูเอาประกันภัย ผูรับประโยชนและผูไดรับความคุมครองตามกรมธรรมประกันภัย
ประกาศ ณ วนั ที่ 25 ส.ค. 2553
(นายสถิตย ลิ่มพงศพันธุ)
ปลัดกระทรวงการคลัง
ประธานคณะกรรมการกํากับและสงเสริมการประกอบธุรกิจประกันภัย
-3-
หมายเหตุ :- เหตุผลในการออกประกาศฉบับนี้ เพื่อใหบริษัทประกันวินาศภัยสามารถวางแผนระยะเวลาในการ
ดําเนินงานเกี่ยวกับการประกอบธุรกิจของบริษัทได",ประกันภัย,กฎหมาย คปภ.
oicpdf_00583,กฎหมายประกันภัย คปภ. 00583,"หนา ๕๙
เลม ๑๒๕ ตอนท ี่ ๒๗ ก ราชกิจจานุเบกษา ๕ กุมภาพันธ ๒๕๕๑
พระราชบัญญัติ
ประกันวินาศภัย (ฉบับที่ ๒)
พ.ศ. ๒๕๕๑
ภูมิพลอดุลยเดช ป.ร.
ใหไว ณ วนั ที่ ๒๗ มกราคม พ.ศ. ๒๕๕๑
เปนปที่ ๖๓ ในรัชกาลปจจุบัน
พระบาทสมเด็จพระปรมินทรมหาภูมิพลอดุลยเดช มีพระบรมราชโองการโปรดเกลา ฯ
ใหประกาศวา
โดยที่เปนการสมควรแกไขเพิ่มเติมกฎหมายวาดวยการประกันวินาศภัย
พระราชบัญญัตินี้มีบทบัญญัติบางประการเกี่ยวกับการจํากัดสิทธิและเสรีภาพของบุคคล
ซึ่งมาตรา ๒๙ ประกอบกับมาตรา ๔๑ มาตรา ๔๓ และมาตรา ๔๕ ของรัฐธรรมนูญแหง
ราชอาณาจักรไทย บัญญัติใหกระทําไดโดยอาศัยอํานาจตามบทบัญญัติแหงกฎหมาย
จึงทรงพระกรุณาโปรดเกลา ฯ ใหตราพระราชบัญญัติขึ้นไวโดยคําแนะนําและยินยอมของ
สภานิติบัญญัติแหงชาติ ดังตอไปนี้
มาตรา ๑ พระราชบัญญัตินี้เรียกวา “พระราชบัญญัติประกันวินาศภัย (ฉบับที่ ๒)
พ.ศ. ๒๕๕๑”
มาตรา ๒ พระราชบัญญัตินี้ใหใชบังคับตั้งแตวันถัดจากวันประกาศในราชกิจจานุเบกษา
เปนตนไป
หนา ๖๐
เลม ๑๒๕ ตอนท ี่ ๒๗ ก ราชกิจจานุเบกษา ๕ กุมภาพันธ ๒๕๕๑
มาตรา ๓ ใหยกเลิกความในบทนิยามคําวา “บริษัท” ในมาตรา ๔ แหงพระราชบัญญัติ
ประกันวินาศภัย พ.ศ. ๒๕๓๕ และใหใชความตอไปนี้แทน
““บริษัท” หมายความวา บริษัทมหาชนจํากัดที่ไดรับใบอนุญาตประกอบธุรกิจประกันวินาศภัย
ตามพระราชบัญญัตินี้ และหมายความรวมถึงสาขาของบริษัทประกันวินาศภัยตางประเทศที่ไดรับ
ใบอนุญาตประกอบธุรกิจประกันวินาศภัยในราชอาณาจักรตามพระราชบัญญัตินี้ดวย”
มาตรา ๔ ใหยกเลิกบทนิยามคําวา “เงินกองทุน” ในมาตรา ๔ แหงพระราชบัญญัติ
ประกันวินาศภัย พ.ศ. ๒๕๓๕
มาตรา ๕ ใหยกเลิกความในบทนิยามคําวา “กองทุน” ในมาตรา ๔ แหงพระราชบัญญัติ
ประกันวินาศภัย พ.ศ. ๒๕๓๕ และใหใชความตอไปนี้แทน
““กองทุน” หมายความวา กองทุนประกันวินาศภัย”
มาตรา ๖ ใหเพิ่มบทนิยามคําวา “คณะกรรมการ” ระหวางคําวา “นายหนาประกันวินาศภัย”
และ “กองทุน” ในมาตรา ๔ แหงพระราชบัญญัติประกันวินาศภัย พ.ศ. ๒๕๓๕
““คณะกรรมการ” หมายความวา คณะกรรมการกํากับและสงเสริมการประกอบธุรกิจ
ประกันภัย”
มาตรา ๗ ใหยกเลิกความในบทนิยามคําวา “นายทะเบียน” ในมาตรา ๔ แหงพระราชบญั ญตั ิ
ประกันวินาศภัย พ.ศ. ๒๕๓๕ และใหใชความตอไปนี้แทน
““นายทะเบียน” หมายความวา เลขาธิการคณะกรรมการกํากับและสงเสริมการประกอบธุรกิจ
ประกันภัย หรือผูซึ่งเลขาธิการคณะกรรมการกํากับและสงเสริมการประกอบธุรกิจประกันภัย
มอบหมาย”
มาตรา ๘ ใหยกเลิกความในมาตรา ๕ และมาตรา ๖ แหงพระราชบัญญัติประกันวินาศภัย
พ.ศ. ๒๕๓๕ และใหใชความตอไปนี้แทน
“มาตรา ๕ ใหรัฐมนตรีวาการกระทรวงการคลังรักษาการตามพระราชบัญญัตินี้ และใหมีอํานาจ
แตงตั้งพนักงานเจาหนาที่กับออกกฎกระทรวงกําหนดคาธรรมเนียมไมเกินอัตราในบัญชีทายพระราชบัญญัตินี้
และกําหนดกิจการอื่นเพื่อปฏิบัติการตามพระราชบัญญัตนิ ี้กับออกประกาศตามบทแหงพระราชบัญญัตินี้
กฎกระทรวงและประกาศนั้น เมื่อไดประกาศในราชกิจจานุเบกษาแลวใหใชบังคับได
หนา ๖๑
เลม ๑๒๕ ตอนท ี่ ๒๗ ก ราชกิจจานุเบกษา ๕ กุมภาพันธ ๒๕๕๑
มาตรา ๖ การประกอบธุรกิจประกันวินาศภัยจะกระทําไดเมื่อไดจัดตั้งขึ้นในรูปบริษัท
มหาชนจํากัดตามกฎหมายวาดวยบริษัทมหาชนจํากัด และโดยไดรับใบอนุญาตประกอบธุรกิจ
ประกันวินาศภัยจากรัฐมนตรีโดยอนุมัติคณะรัฐมนตรี
การขอรับใบอนุญาตประกอบธุรกิจประกันวินาศภัยตามวรรคหนึ่ง ใหผูเริ่มจัดตั้งบริษัทยื่น
คําขอรับใบอนุญาตตอรัฐมนตรี และเมื่อรัฐมนตรีโดยอนุมัติคณะรัฐมนตรีไดพิจารณาอนุมัติให
ประกอบธุรกิจประกันวินาศภัยแลว ใหผู",ประกันภัย,กฎหมาย คปภ.
oicpdf_00585,กฎหมายประกันภัย คปภ. 00585,"หนา ๑
เลม ๑๒๕ ตอนท ี่ ๒๖ ก ราชกิจจานุเบกษา ๑ กมุ ภาพันธ ๒๕๕๑
พระราชบัญญัติ
ประกันชีวิต (ฉบับที่ ๒)
พ.ศ. ๒๕๕๑
ภูมิพลอดุลยเดช ป.ร.
ใหไว ณ วนั ที่ ๒๗ มกราคม พ.ศ. ๒๕๕๑
เปนปที่ ๖๓ ในรัชกาลปจจุบัน
พระบาทสมเด็จพระปรมินทรมหาภูมิพลอดุลยเดช มีพระบรมราชโองการโปรดเกลา ฯ
ใหประกาศวา
โดยที่เปนการสมควรแกไขเพิ่มเติมกฎหมายวาดวยการประกันชีวิต
พระราชบัญญัตินี้มีบทบัญญัติบางประการเกี่ยวกับการจํากัดสิทธิและเสรีภาพของบุคคล
ซึ่งมาตรา ๒๙ ประกอบกับมาตรา ๔๑ มาตรา ๔๓ และมาตรา ๔๕ ของรัฐธรรมนูญ
แหงราชอาณาจักรไทย บัญญัติใหกระทําไดโดยอาศัยอํานาจตามบทบัญญัติแหงกฎหมาย
จึงทรงพระกรุณาโปรดเกลา ฯ ใหตราพระราชบัญญัติขึ้นไวโดยคําแนะนําและยินยอมของ
สภานิติบัญญัติแหงชาติ ดังตอไปนี้
มาตรา ๑ พระราชบัญญัตินี้เรียกวา “พระราชบญั ญัติประกันชีวิต (ฉบับที่ ๒) พ.ศ. ๒๕๕๑”
มาตรา ๒ พระราชบัญญัตินี้ใหใชบังคับตั้งแตวันถัดจากวันประกาศในราชกิจจานุเบกษา
เปนตนไป
หนา ๒
เลม ๑๒๕ ตอนท ี่ ๒๖ ก ราชกิจจานุเบกษา ๑ กมุ ภาพันธ ๒๕๕๑
มาตรา ๓ ใหยกเลิกความในบทนิยามคําวา “บริษัท” ในมาตรา ๕ แหงพระราชบัญญัติ
ประกันชีวิต พ.ศ. ๒๕๓๕ และใหใชความตอไปนี้แทน
““บริษัท” หมายความวา บริษัทมหาชนจํากัดที่ไดรับใบอนุญาตประกอบธุรกิจประกันชีวิต
ตามพระราชบัญญัตินี้ และหมายความรวมถึงสาขาของบริษัทประกันชีวิตตางประเทศที่ไดรับ
ใบอนุญาตประกอบธุรกิจประกันชีวิตในราชอาณาจักรตามพระราชบัญญัตินี้ดวย”
มาตรา ๔ ใหยกเลิกบทนิยามคําวา “เงินกองทุน” ในมาตรา ๕ แหงพระราชบัญญัติ
ประกันชีวิต พ.ศ. ๒๕๓๕
มาตรา ๕ ใหยกเลิกความในบทนิยามคําวา “กองทุน” ในมาตรา ๕ แหงพระราชบัญญัติ
ประกันชีวิต พ.ศ. ๒๕๓๕ และใหใชความตอไปนี้แทน
““กองทุน” หมายความวา กองทุนประกันชีวิต”
มาตรา ๖ ใหเพิ่มบทนิยามคําวา “คณะกรรมการ” ระหวางคําวา “นายหนาประกันชีวิต”
และ “กองทุน” ในมาตรา ๕ แหงพระราชบัญญัติประกันชีวิต พ.ศ. ๒๕๓๕
““คณะกรรมการ” หมายความวา คณะกรรมการกํากับและสงเสริมการประกอบธุรกิจ
ประกันภัย”
มาตรา ๗ ใหยกเลิกความในบทนิยามคําวา “นายทะเบียน” ในมาตรา ๕ แหงพระราชบญั ญตั ิ
ประกันชีวิต พ.ศ. ๒๕๓๕ และใหใชความตอไปนี้แทน
““นายทะเบียน” หมายความวา เลขาธิการคณะกรรมการกํากับและสงเสริมการประกอบธุรกิจ
ประกันภัย หรือผูซึ่งเลขาธิการคณะกรรมการกํากับและสงเสริมการประกอบธุรกิจประกันภัย
มอบหมาย”
มาตรา ๘ ใหยกเลิกความในมาตรา ๖ และมาตรา ๗ แหงพระราชบัญญัติประกันชีวิต
พ.ศ. ๒๕๓๕ และใหใชความตอไปนี้แทน
“มาตรา ๖ ใหรัฐมนตรีวาการกระทรวงการคลังรักษาการตามพระราชบัญญัตินี้ และใหมีอํานาจ
แตงตั้งพนักงานเจาหนาที่กับออกกฎกระทรวงกําหนดคาธรรมเนียมไมเกินอัตราในบัญชีทาย
พระราชบัญญัตินี้ และกําหนดกิจการอื่นเพื่อปฏิบัติการตามพระราชบัญญัตินี้กับออกประกาศตามบท
แหงพระราชบัญญัตินี้
กฎกระทรวงและประกาศนั้น เมื่อไดประกาศในราชกิจจานุเบกษาแลวใหใชบังคับได
หนา ๓
เลม ๑๒๕ ตอนท ี่ ๒๖ ก ราชกิจจานุเบกษา ๑ กมุ ภาพันธ ๒๕๕๑
มาตรา ๗ การประกอบธุรกิจประกันชีวิตจะกระทําไดเมื่อไดจัดตั้งขึ้นในรูปบริษัทมหาชนจํากัด
ตามกฎหมายวาดวยบริษัทมหาชนจํากัด และโดยไดรับใบอนุญาตประกอบธุรกิจประกันชีวิตจาก
รัฐมนตรีโดยอนุมัติคณะรัฐมนตรี
การขอรับใบอนุญาตประกอบธุรกิจประกันชีวิตตามวรรคหนึ่ง ใหผูเริ่มจัดตั้งบริษัทยื่นคําขอรับ
ใบอนุญาตตอรัฐมนตรี และเมื่อรัฐมนตรีโดยอนุมัติคณะรัฐมนตรีไดพิจารณาอนุมัติใหประกอบธุรกิจ
ประกันชีวิตแลว ใหผูเริ่มจัดตั้งบริษัทดําเนินการจดทะเบียนจัดตั้งบริษัทม",ประกันภัย,กฎหมาย คปภ.
oicpdf_00591,กฎหมายประกันภัย คปภ. 00591,"กฎกระทรวง
ฉบับที่ 3 (พ.ศ. 3538)
ออกตามความในพระราชบัญญัติประกันชีวิต พ.ศ. 2535
---------------
อาศัยอํานาจตามความในมาตรา 6 และมาตรา 7 วรรคสี่ แหงพระราชบัญญัติประกันชีวิต
พ.ศ. 2535 รัฐมนตรีวาการกระทรวงพาณิชยที่ออกกฎกระทรวงไวดังตอไปนี้
ขอ 1 ในการขอรับใบอนุญาตประกอบธุรกิจประกันชีวิต ใหบริษัทจํากัดหรือบริษัทมหาชน
จํากัด ซึ่งจัดตั้งขึ้นตามมาตรา 7 วรรคสอง แหงพระราชบัญญัติประกันชีวิต พ.ศ. 2535 เปนผูยื่นคํา
ขอรับใบอนุญาตประกอบธุรกิจประกันชีวิตตอรัฐมนตรี
ขอ 2 คําขอรับใบอนุญาตประกอบธุรกิจประกันชีวิตอยางนอยตองมีรายการดังตอไปนี้
(1) วัน เดือน ป ที่ยื่นคําขอรับใบอนุญาต
(2) ชื่อของบริษัทที่ยื่นคําขอรับใบอนุญาต
(3) สถานที่ตั้งสํานักงานใหญของบริษัทที่ยื่นคําขอรับใบอนุญาต และการไดมาซึ่ง
สิทธิในที่ดินและอาคารสํานักงานใหญ รวมทั้งคาใชจายแหงการไดมาทั้งหมด
(4) ทุน จํานวนหุน และมูลคาหุนทุกประเภทของบริษัทที่ยื่นคําขอรับใบอนุญาต
(5) ชื่อ และประวัติของผูเริ่มกอการบริษัทที่ยื่นคําขอรับใบอนุญาต
(6) แนวนโยบายและแผนงานเกี่ยวกับการประกอบธุรกิจประกันชีวิตของบริษัทที่
ยื่นคําขอรับใบอนุญาตระยะสั้นและระยะยาวไมนอยกวา 5 ปขางหนา เกี่ยวกับ
(6.1) แผนการรับประกันชีวิต รวมทั้งการรับเสี่ยงภัยไวเอง
(6.2) แผนการขยายสาขาทั้งในกรุงเทพมหานครและภูมิภาค
(6.3) แผนดานการเงิน
(6.4) แผนดานบุคลากร รวมทั้งการสรางบุคลากร
(6.5) แผนการบริหารงานดานการรวมทุนกับตางประเทศ
(7) ชื่อ ประวัติการทํางาน และคุณสมบัติของบุคคลที่จะไดรับแตงตั้งใหเปนเจา
หนาที่ฝายบริหารของบริษัทที่ยื่นคําขอรับอนุญาต
(8) คาใชจายทั้งหมดที่ตองใชในการจัดตั้งบริษัทที่ยื่นคําขอรับใบอนุญาตและคาด
วาจะตองใชในการตระเตรียมการจนถึงขั้นที่สามารถจะดําเนินการไดทันที เมื่อ
ไดรับอนุญาตใหประกอบธุรกิจประกันชีวิต
(9) เบี้ยประกันชีวิตที่คาดวาจะไดรับในระยะแรกรวมทั้งแหลงที่มา
ขอ 3 เอกสารหลักฐานดังตอไปนี้ตองแนบมาพรอมกับคําขอรับใบอนุญาต
(1) สําเนาใบสําคัญและหนังสือรับรองของนายทะเบียนหางหุนสวนบริษัทหรือนาย
ทะเบียนตามกฎหมายวาดวยบริษัทมหาชนจํากัด แลวแตกรณีแสดงวาการจด
ทะเบียนของบริษัทที่ยื่นคําขอรับใบอนุญาตเกี่ยวกับชื่อบริษัทที่ยื่นคําขอรับใบ
อนุญาต รายชื่อและอํานาจของกรรมการบริษัทที่ยื่นคําขอรับใบอนุญาต และที่
ตั้งสํานักงานใหญ
(2) สําเนาหนังสือบริคณหสนธิของบริษัทที่ยื่นคําขอรับใบอนุญาต
(3) สําเนารายงานการประชุมตั้งบริษัทที่ยื่นคําขอรับใบอนุญาต
(4) สําเนาขอบังคับของบริษัทที่ยื่นคําขอรับใบอนุญาต
(5) สําเนาทะเบียนผูถือหุนของบริษัทที่ยื่นคําขอรับใบอนุญาต
(6) หนังสือรับรองของนายทะเบียนหางหุนสวนบริษัทแสดงทุนจดทะเบียนและ
จํานวนทุนที่เรียกชําระแลวของบริษัทมหาชนที่ยื่นคําขอรับใบอนุญาต แลวแต
กรณี
(7) เอกสารแสดงฐานะทางการเงิน
(8) แบบและขอความของกรมธรรมประกันชีวิต และอัตราเบี้ยประกันชีวิตที่บริษัท
จะยื่นขอรับความเห็นชอบจากนายทะเบียนเพื่อประกอบการในครั้งแรก
ขอ 4 ใบอนุญาตประกอบธุรกิจประกันชีวิตใหเปนไปตามแนบทายกฎกระทรวงนี้
ใหไว ณ วันที่ 11 ธันวาคม พ.ศ. 2538
(ลงชื่อ) ชูชีพ หาญสวัสดิ์
(นายชูชีพ หาญสวัสดิ์)
รัฐมนตรีวาการกระทรวงพาณิชย
(ราชกิจจานุเบกษาฉบับกฤษฎีกา เลม 112 ตอนที่ 57 ก ลงวันที่ 30 ธันวาคม 2538)
(ครุฑ)
เลขที่ ............. / ...............
ใบอนุญาตประกอบธุรกิจประกันชีวิต
ใบอนุญาตฉบับนี้ออกใหเพื่อแสดงวา
บริษัท................................................................",ประกันภัย,กฎหมาย คปภ.
oicpdf_00592,กฎหมายประกันภัย คปภ. 00592,"กฎกระทรวง
ฉบับที่ 4 (พ.ศ. 2538)
ออกตามความในพระราชบัญญัติประกันชีวิต พ.ศ. 2535
--------------------
อาศัยอํานาจตามความในมาตรา 6 และมาตรา 8 วรรคสอง แหงพระราชบัญญัติประกัน
ชีวิต พ.ศ. 2535 รัฐมนตรีวาการกระทรวงพาณิชยออกกฎกระทรวงไวดังตอไปนี้
ขอ 1 บริษัทประกันชีวิตตางประเทศจะขอรับใบอนุญาตประกอบธุรกิจประกันชีวิต โดย
ตั้งเปนสาขาของบริษัทประกันชีวิตตางประเทศเพื่อประกอบธุรกิจประกันชีวิตตามกฎหมายวาดวย
การประกันชีวิตไดเฉพาะการตางประเทศเพื่อประกอบธุรกิจประกันชีวิตเทาที่บริษัทประกันชีวิต
ตางประเทศไดรับอนุญาต และบริษัทประกันชีวิตตางประเทศนั้นตองไดรับใบอนุญาตใหประกอบ
ธุรกิจประกันชีวิตมาแลวไมนอยกวาสามป
ขอ 2 บริษัทประกันชีวิตตางประเทศซึ่งประสงคจะขอรับใบอนุญาตประกอบธุรกิจประกัน
ชีวิตโดยตั้งเปนสาขาของบริษัทประกันชีวิตตางประเทศ ใหบริษัทประกันชีวิตตางประเทศนั้นยื่นคํา
ขอรับใบอนุญาตประกอบธุรกิจประกันชีวิตโดยตั้งเปนสาขาของบริษัทประกันชีวิตตางประเทศตอ
รัฐมนตรี
ขอ 3 คําขอรับใบอนุญาตประกอบธุรกิจประกันชีวิตโดยตั้งเปนสาขาของบริษัทประกัน
ชีวิตตางประเทศตามขอ 2 อยางนอยตองมีรายการดังตอไปนี้
(1) วัน เดือน ป ที่ยื่นคําขอรับใบอนุญาต
(2) ชื่อของบริษัทประกันชีวิตตางประเทศ
(3) สถานที่ตั้งสํานักงานสาขาในประเทศไทย
(4) แนวนโยบายและโครงการเกี่ยวกับการประกอบธุรกิจประกันชีวิตของสํานัก
งานสาขา
(5) ชื่อ ประวัติการทํางาน และคุณสมบัติของบุคคลที่จะไดรับการแตงตั้งใหเปน
ผูจัดการสาขา และเจาหนาที่ฝายบริหารสํานักงานสาขา
ทั้งนี้ ใหแนบเอกสารหลักฐานดังตอไปนี้มาพรอมกับคําขอดวย คือ
(1) สําเนาใบสําคัญและหนังสือรับรองการจดทะเบียนเปนนิติบุคคลของบริษัท
ประกันชีวิตตางประเทศ
(2) หนังสือมอบอํานาจใหบุคคลเปนผูจัดการสาขา
(3) สําเนาใบอนุญาตประกอบธุรกิจประกันชีวิตของสํานักงานใหญ
(4) เอกสารหลักฐานอื่นอันจําเปนตามที่รัฐมนตรีกําหนด
ขอ 4 ใบอนุญาตประกอบธุรกิจประกันชีวิตโดยตั้งเปนสาขาของบริษัทประกันชีวิตตาง
ประเทศใหเปนไปตามแนบทายกฎกระทรวงนี้
ใหไว ณ วันที่ 11 ธันวาคม พ.ศ. 2538
(ลงชื่อ) ชูชีพ หาญสวัสดิ์
(นายชูชีพ หาญสวัสดิ์)
รัฐมนตรีวาการกระทรวงพาณิชย
(ราชกิจจานุเบกษาฉบับฎีกา เลม 112 ตอนที่ 57 ก. ลงวันที่ 30 ธันวาคม 2538)
(ครุฑ)
เลขที่ ............ / ............
ใบอนุญาตประกอบธุรกิจประกันชีวิต
ใบอนุญาตฉบับนี้ออกใหเพื่อแสดงวา
บริษัท ....................................................................................... จํากัด
ไดรับอนุญาตใหตั้งสาขาในประเทศไทยโดยไดรับอนุญาตใหประกอบธุรกิจประกันชีวิต
ประเภท........................................................................................................
...................................................................................................................
ตามพระราชบัญญัติประกันชีวิต พ.ศ. 2535
ทั้งนี้ ภายใตเงื่อนไข ดังนี้
ใหไว ณ วันที่ .............................. พ.ศ. .............
...........................................
รัฐมนตรีวาการกระทรวงพาณิชย",ประกันภัย,กฎหมาย คปภ.
oicpdf_00598,กฎหมายประกันภัย คปภ. 00598,".
;,,: :
,:
RUn.
-m"", '-,,""""""_"""",
11~~n1t1~1U n""1""A m~n""i""i3J 111~n1 nUtt~~~"" Li'i'i3J 111~11""i~n DUfi"",inv 11~~n""n 11
~ IA A""'.I""'~A OA I ~A
t ~iJl1 tLUU n1~i'i"" L""""i'i 3Jf lU'!! iJ""U~ti'fl lJ""i~n""""D1 ~ tL~~ m""i~ i)""1 L""""i'i3JflUi'i1""fl t 11""
111o;i111ti J""t'3""i'i3JflU~1\1:;lJ~iJU i'i13J Lvi iJ""t91 iJ ""J1 11
Yl111~ f1r n::n1""1""lIm'n1nULL~::«-1 L~711n11""U7::n OU!',tl';)U7::n\1.1l FJ Llii 0 on
U7::n1f1 L~O-1 Va~nLnrn~ lnn11"" LL~::fjYl11L~U~lItlu~u7];}tl117::n\1.;1Y1 vi'O-11-'.1«-1L"":;LLn
~1ii'n-11\1.f1 rn::m711n1,.n1 nULL~::«-1 L~ ~lIm1U7::n OU1,i7tl';)U1::nM [J ~-11\1~. 22 lIn11 f11J
2551 LULL'f!1,rU
L~ O L"":;LUU LUYl111f11111LU ,j'O 8 LLV:-1U'::n1f1f1nL::m711m7n1nULL~::«-1L~'i1l
n17U7::n OU 1,i1tl ';)U1::n UIl [J"" UU YI'""n'- 1~ 11,j'1-11ii\1. ~ -10 OnU,.::n1 fln1Va UYI LLU Un11""« -1L -:U'; ~lI tlU
LL~::n1'1J 0 1-'.1L '3\1.~1tIl U «1 \1~. Ltl UL U-;11[ J LU UL~Ut{lItlUt1Vai'U70U ff111 Lq)E ~J Iii 0 ') LU
.J ..,.J'
~11JLLUUtlLLU UY11 [JU
::.r:: r i1 ""'~.1
11-3~t1""',:LLt11Jt1UL Ut1U~lJ
~ d 1 A
~-1 rn 1UY1 \./ L~EJU L~li1[JU VI.fI. 2551
~""'n'(
(\1.1-1';JUY11""U,1.7 nLt)nli)
L~1J1nn11""
"""",-"" ,
คปภ.
สํานักงานคณะกรรมการกํากับและสงเสริม
การประกอบธุรกิจประกันภัย(คปภ.)
แบบสงเงินสมทบ ของบริษัทประกันชีวิต สําหรับเจาพนักงาน
ใหแกสํานักงานคณะกรรมการกํากับและสงเสริมการประกอบธุรกิจประกันภัย (คปภ.) เลขทะเบียนรับ..........................ผูรับ.................................................
ก. ผูประกอบการ ใบเสร็จรับเงินเลขที่...........................................เลมที่.................................
บริษัท.................................................................................................. ลงวันที่..................................................................................................
ที่ตั้งสํานักงาน........................................................................................ จํานวนเงิน........................................................................................บาท
.......................................................................................................... (..........................................................................................................)
.......................................................................................................... ลงชื่อ.....................................................................................................
โทรศัพท......................................... โทรสาร........................................... วันที่......................................................................................................
ข. การยื่นเงินสมทบประจําไตรมาสที่ ....../ พ.ศ. ...........
ยื่นปกติ ยื่นเพิ่มเติมครั้งที่...............
ภายในกําหนด เกินกําหนดเวลา
ค. การคํานวณเงินสมทบ
ใชเกณฑสิทธิในการคํานวณเบี้ยประกันภัยรับโดยตรง
ใชเกณฑเงินสดในการคํานวณเบี้ยประกันภัยรับโดยตรง (ใหแนบแบบแสดงการปรับปรุงการคํานวณเบี้ยประกันภัยตามเกณฑเงินสดเปนตามเกณฑสิทธิ และขามไป 2.)
1. ยอดเบี้ยประกันภัยรับโดยตรงตามเกณฑสิทธิ หนวย: บาท
เบี้ยประกันภัยรับโดย",ประกันภัย,กฎหมาย คปภ.
oicpdf_00607,กฎหมายประกันภัย คปภ. 00607,"หนา ๓
เลม ๑๒๔ ตอนท ี่ ๔๙ ก ราชกิจจานุเบกษา ๓๑ สิงหาคม ๒๕๕๐
พระราชบัญญัติ
คณะกรรมการกํากับและสงเสริมการประกอบธุรกิจประกันภัย
พ.ศ. ๒๕๕๐
ภูมิพลอดุลยเดช ป.ร.
ใหไว ณ วนั ที่ ๒๘ สิงหาคม พ.ศ. ๒๕๕๐
เปนปที่ ๖๒ ในรชั กาลปจจุบัน
พระบาทสมเด็จพระปรมินทรมหาภูมิพลอดุลยเดช มีพระบรมราชโองการโปรดเกลา ฯ
ใหประกาศวา
โดยที่เปนการสมควรมีกฎหมายวาดวยคณะกรรมการกํากับและสงเสริมการประกอบธุรกิจ
ประกันภัย
จึงทรงพระกรุณาโปรดเกลา ฯ ใหตราพระราชบัญญัติขึ้นไวโดยคําแนะนําและยินยอมของ
สภานิติบัญญัติแหงชาติ ดังตอไปนี้
มาตรา ๑ พระราชบัญญัตินี้เรียกวา “พระราชบัญญัติคณะกรรมการกํากับและสงเสริม
การประกอบธุรกิจประกันภัย พ.ศ. ๒๕๕๐”
มาตรา ๒ พระราชบัญญัตินี้ใหใชบังคับตั้งแตวันถัดจากวันประกาศในราชกิจจานุเบกษา
เปนตนไป
มาตรา ๓ พระราชบัญญัติประกันวินาศภัย พ.ศ. ๒๕๓๕ พระราชบัญญัติประกันชีวิต
พ.ศ. ๒๕๓๕ และพระราชบัญญัติคุมครองผูประสบภัยจากรถ พ.ศ. ๒๕๓๕ ซึ่งแกไขเพิ่มเติม
โดยพระราชบัญญัติคุมครองผูประสบภัยจากรถ (ฉบับที่ ๒) พ.ศ. ๒๕๓๕ พระราชบัญญัติคุมครอง
หนา ๔
เลม ๑๒๔ ตอนท ี่ ๔๙ ก ราชกิจจานุเบกษา ๓๑ สิงหาคม ๒๕๕๐
ผูประสบภัยจากรถ (ฉบับที่ ๓) พ.ศ. ๒๕๔๐ และพระราชบัญญัติคุมครองผูประสบภัยจากรถ (ฉบบั ท ี่ ๔)
พ.ศ. ๒๕๕๐ และบรรดากฎกระทรวง ประกาศ ระเบียบ ขอบังคับ และคําสั่งที่ออกตามความใน
พระราชบัญญัติดังกลาวใหคงใชบังคับตอไป ทั้งนี้ เทาที่ไมขัดหรือแยงกับบทแหงพระราชบัญญัตินี้
เพื่อประโยชนแหงการนําพระราชบัญญัติ กฎกระทรวง ประกาศ ระเบียบ ขอบังคับและ
คําสั่งตามวรรคหนึ่งมาใชบังคับ ใหคําบางคําในพระราชบัญญัติ กฎกระทรวง ประกาศ ระเบียบ
ขอบังคับ และคําสั่งนั้น มีความหมายดังตอไปนี้
(๑) ในพระราชบัญญัติประกันวินาศภัย พ.ศ. ๒๕๓๕
คําวา “รัฐมนตรีวาการกระทรวงพาณิชย” ในมาตรา ๕ ใหหมายความถึง “รัฐมนตรีวาการ
กระทรวงการคลัง”
คําวา “รัฐมนตรี” ในมาตรา ๗ วรรคสาม มาตรา ๑๓ มาตรา ๑๖ มาตรา ๑๙ มาตรา ๒๓
มาตรา ๒๔ มาตรา ๒๘ มาตรา ๓๑ มาตรา ๓๒ มาตรา ๓๔ มาตรา ๓๖ มาตรา ๕๒ มาตรา ๕๓
มาตรา ๖๐ มาตรา ๖๒ มาตรา ๗๗ และมาตรา ๘๘ ใหหมายความถึง “คณะกรรมการกํากับและ
สงเสริมการประกอบธุรกิจประกันภัย”
คําวา “อธิบดีกรมการประกันภัย” ในมาตรา ๔ และมาตรา ๑๑๐ วรรคสี่ ใหหมายความถึง
“เลขาธิการคณะกรรมการกํากับและสงเสริมการประกอบธุรกิจประกันภัย”
คําวา “นายทะเบียน” ในมาตรา ๒๐ มาตรา ๒๑ มาตรา ๒๒ มาตรา ๓๗ มาตรา ๓๘
มาตรา ๓๙ มาตรา ๔๔ มาตรา ๔๖ มาตรา ๔๗ มาตรา ๔๘ มาตรา ๔๙ มาตรา ๕๐ มาตรา ๕๗
มาตรา ๖๓ มาตรา ๖๔ มาตรา ๖๖ มาตรา ๖๘ วรรคสอง และมาตรา ๗๐ ใหหมายความถึง
“คณะกรรมการกํากับและสงเสริมการประกอบธุรกิจประกันภัย”
คําวา “กรมการประกันภัย” ในมาตรา ๖๑ มาตรา ๘๒ มาตรา ๑๐๙ และมาตรา ๑๑๐
ใหหมายความถึง “สํานักงานคณะกรรมการกํากับและสงเสริมการประกอบธุรกิจประกนั ภัย”
คําวา “คณะกรรมการ” ในมาตรา ๓๑ (๑๗) ใหหมายความถึง “คณะกรรมการบริษัท”
คําวา “คณะกรรมการ” ในมาตรา ๑๑๑ ใหหมายความถึง “คณะกรรมการเปรียบเทียบ”
(๒) ในพระราชบัญญัติประกันชีวิต พ.ศ. ๒๕๓๕
คําวา “รัฐมนตรีวาการกระทรวงพาณิชย” ในมาตรา ๖ ใหหมายความถึง “รัฐมนตรีวาการ
กระทรวงการคลัง”
หนา ๕
เลม ๑๒๔ ตอนท ี่ ๔๙ ก ราชกิจจานุเบกษา ๓๑ สิงหาคม ๒๕๕๐
คําวา “รัฐมนตรี” ในมาตรา ๘ วรรคสาม มาตรา ๑๔ มาตรา ๑๗ มาตรา ๒๐ มาตรา ๒๓
มาตรา ๒๔ มาตรา ๒๘ มาตรา ๓๓ มาตรา ๓๕ มาตรา ๓๗ มาตรา ๔๗ มาตรา ๕๓ มาตรา ๕๔
มาตรา ๖๓ มาตรา ๖๕ มาตรา ๖๗ มาตรา ๘๒ และมาตรา ๙๓ ใหหมายความถึง “คณะกรรมการ
กํากับและสงเสริมการปร",ประกันภัย,กฎหมาย คปภ.
oicpdf_00608,กฎหมายประกันภัย คปภ. 00608,"คําสั่งนายทะเบียน
ที่ ๒๔/๒๕๕๑
เรื่อง ใหนิติบุคคลที่ประกอบธุรกิจนายหนาประกันชีวิต
ยื่นรายงานเกี่ยวกับผลของการประกอบธุรกิจ
………………………………………
อาศัยอํานาจตามความในมาตรา ๘๐ แหงพระราชบัญญัติประกันชีวิต พ.ศ.๒๕๓๕
นายทะเบียนจึงออกคําสั่ง ไวดังนี้
ขอ ๑ คําสั่งนี้เรียกวา “คําสั่งนายทะเบียนท ี่ ๒๔ /๒๕๕๑ เรื่อง ใหนิติบคุ คลทปี่ ระกอบธุรกิจ
นายหนาประกันชีวติ ยื่นรายงานเกี่ยวกบั ผลของการประกอบธุรกิจ”
ขอ ๒ คําสั่งนี้ใหใชบังคับตั้งแตวันที่ ๑ มกราคม พ.ศ.๒๕๕๒ เปนตนไป
ขอ ๓ ใหยกเลิกคําสั่งนายทะเบียนที่ ๑๗/๒๕๔๙ เรื่อง ใหนิติบุคคลที่ประกอบธุรกิจนายหนา
ประกันชีวิต ยื่นรายงานเกี่ยวกับผลของการประกอบธุรกิจ ลงวันที่ ๒๕ กันยายน พ.ศ.๒๕๔๙
ขอ ๔ ในคําสั่งนี้
“นายทะเบียน” หมายความวา นายทะเบียนตามกฎหมายวาดวยการประกันชีวิต
“นายหนาประกันชีวิต” หมายความวา นิติบุคคลผูชี้ชองหรือจัดการใหบุคคลทําสัญญา
ประกันชีวิตกับบริษัท โดยกระทําเพื่อบําเหน็จเนื่องจากการนั้น
“ธนาคาร” หมายความวา ธนาคารพาณิชย ตามกฎหมายวาดวยธุรกิจสถาบันการเงิน
รวมถึงธนาคารที่มีกฎหมายเฉพาะจัดตั้งขึ้นที่ประกอบธุรกิจภายในราชอาณาจักร
“บริษัทหลักทรัพย” หมายความวา บริษัทหลักทรัพยที่ไดรับอนุญาตจัดตั้งและจัดการ
กองทุนรวม ตามกฎหมายวาดวยหลักทรัพยและตลาดหลักทรัพย
ขอ ๕ ใหนายหนาประกันชีวิต ยกเวนประเภทธนาคารและบริษัทหลักทรัพยยื่นรายงาน
เกี่ยวกับผลของการประกอบธุรกิจ จํานวน ๒ ชุด ตามแบบงบการเงินที่อธิบดีกรมพัฒนาธุรกิจการคา
โดยความเห็นชอบของรัฐมนตรีวาการกระทรวงพาณิชยประกาศกําหนดตามพระราชบัญญัติการบัญชี
พ.ศ.๒๕๔๓ และแบบ รปช.๑ ทายประกาศนี้ ตอนายทะเบียนภายในหาเดือนนับแตวันสิ้นปบัญชี
-๒-
นายหนาประกันชีวิต ประเภทธนาคารและบริษัทหลักทรัพยใหยื่นรายงานเกี่ยวกับผลของ
การประกอบธุรกิจตามแบบรายงานรายไดและรายจายเฉพาะธุรกิจนายหนาประกันชีวิต จํานวน ๒ ชุด
ตามแบบ รปช.๒ ทายประกาศนี้ ตอนายทะเบียนภายในหาเดือนนับแตวันสิ้นปบัญชี
ขอ ๖ ใหนายหนาประกันชีวิตยื่นรายงานเกี่ยวกับผลของการประกอบธุรกิจตามแบบรายงาน
การจัดใหมีการประกันภัยโดยตรง จํานวน ๒ ชุด ตามแบบ นปช.๑ ทายประกาศนี้ ตอนายทะเบียนทุกรอบเดือน
ภายในสิ้นเดือนถัดไป ทั้งนี้ตั้งแตรอบเดือนมกราคม พ.ศ.๒๕๕๒ เปนตนไป
ขอ ๗ ใหนายหนาประกันชีวิต ประเภทที่ทําการชี้ชองหรือจัดการใหมีการประกันภัยตอ
ยื่นรายงานเกี่ยวกับผลของการประกอบธุรกิจตามแบบรายงานการจัดใหมีการประกันภัยตอ จํานวน ๒ ชุด
ตามแบบ นปช.๒ ทายประกาศนี้ ตอนายทะเบียนทุกรอบไตรมาส ภายในสิ้นไตรมาสถัดไป ทั้งนี้ตั้งแตรอบ
ไตรมาสแรกของป พ.ศ.๒๕๕๒ เปนตนไป
ขอ ๘ ใหนายหนาประกันชีวิตจัดสงรายงานเกี่ยวกับผลของการประกอบธุรกิจตามขอ ๕
ขอ ๖ และขอ ๗ ในรูปของสื่ออิเล็กทรอนิกสที่ไดพัฒนาโดยสํานักงานคณะกรรมการกํากับและสงเสริมการ
ประกอบธุรกิจประกันภัยและในรูปกระดาษ (Hard copy) ที่บันทึกขอมูลถูกตองตรงกันตามแบบที่แนบทาย
ประกาศนี้ โดยในการจัดสงรายงานในรูปของสื่ออิเล็กทรอนิกสนั้น หากขอมูลเบื้องตนไมผานการตรวจสอบ
จากระบบคอมพิวเตอรตามที่กําหนดไว ใหถือวานายหนาประกันชีวิตยังไมจัดสงรายงานใหแกนายทะเบียน
ขอ ๙ ทั้งนี้ตั้งแตวันที่ ๑ มกราคม พ.ศ.๒๕๕๒ ถึงวันที่ ๓๑ มีนาคม พ.ศ.๒๕๕๒ หากนายหนา
ประกันชีวิตรายใดไมสามารถจัดสงรายงานในรูปของสื่ออิเล็กทรอนิกสตามขอ ๘ ได ใหนายหนาประกันชีวิต
สงเฉพาะรายงานตามขอ ๘ ในรูปกระดาษ (Hard copy) อยางเดียวก็ได
สั่ง ณ วันที่ ๓๐ ตุลาคม พ.ศ. ๒๕๕๑
(ลงนาม) (นางจันทรา บ",ประกันภัย,กฎหมาย คปภ.
oicpdf_00627,กฎหมายประกันภัย คปภ. 00627,"ประกาศนายทะเบียน
เรื่อง หลักเกณฑ วิธีการ และเงื่อนไขการเปนตัวแทนสนับสนุนการขายหรือรับซื้อคืนหนวยลงทุน
อาศัยอํานาจตามความในขอ 3(29) และขอ 33/1 วรรคสองแหงประกาศกระทรวงพาณิชย
เรื่อง การลงทุนประกอบธุรกิจอื่นของบริษัทประกันชีวิต(ฉบับที่ 2) ลงวันที่ 3 เมษายน 2545
ซึ่งแกไขเพิ่มเติมตามประกาศกระทรวงพาณิชย เรื่อง การลงทุนประกอบธุรกิจอื่นของบริษัทประกันชีวิต
(ฉบับที่ 5) ลงวันที่ 9 มีนาคม 2547 นายทะเบียนประกาศกําหนด หลักเกณฑ วิธีการ และเงื่อนไข
การเปนตัวแทนสนับสนุนการขายหรือรับซื้อคืนหนวยลงทุน ไวดังตอไปนี้
ขอ 1. ในประกาศนี้
“นายทะเบียน” หมายความวา นายทะเบียนตามพระราชบัญญัติประกันชีวิต พ.ศ.
2535
“กรมธรรมประกันชีวิตควบการลงทุน (Unit - Linked Life Policy)” หมายความวา
กรมธรรมที่บริษัทประกันชีวิตออกใหผูเอาประกันภัย เพื่อเปนหลักฐานวาผูเอาประกันภัยและบริษัทประกันชีวิต
ไดมีการทําสัญญาประกันชีวิตและสัญญาการลงทุนในหนวยลงทุน โดยมีขอตกลงวาผูเอาประกันภัยจะชําระเงิน
คาเบี้ยประกันชีวิตใหแกบริษัทประกันชีวิตสําหรับการใหความคุมครองตอการมรณะหรือการจายเงินเมื่อมีการ
ทรงชีพและผูเอาประกันภัยจะชําระเงินคาหนวยลงทุนเพื่อการลงทุนในกองทุนรวมโดยผานบริษัทประกันชีวิต
ในฐานะตัวแทนสนับสนุน
“หนวยลงทุนควบคูกรมธรรม” หมายความวา หนวยลงทุนของกองทุนรวมที่ขาย
ควบคูไปกับการขายกรมธรรมประกันชีวิตในรูปแบบของกรมธรรมประกันชีวิตควบการลงทุน
“กองทุนรวม” หมายความวา กองทุนปดและกองทุนเปด
“บริษัท” หมายความวา บริษัทที่ไดรับใบอนุญาตประกอบธุรกิจประกันชีวิตตาม
พระราชบัญญัติประกันชีวิต พ.ศ. 2535
“บริษัทจัดการ” หมายความวา บริษัทหลักทรัพยที่ไดรับใบอนุญาตใหประกอบ
ธุรกิจหลักทรัพยประเภทการจัดการกองทุนรวมตามกฎหมายวาดวยหลักทรัพยและตลาดหลักทรัพย
“ขาย” ใหหมายความรวมถึง การเสนอขายดวย
“ตัวแทนสนับสนุน” หมายความวา บริษัทที่บริษัทจัดการตั้งใหเปนตัวแทนใน
การขายหรือรับซื้อคืนหนวยลงทุนควบคูกรมธรรม
-2-
“ตัวแทนสนับสนุนชวง” หมายความวา บุคคลซึ่งตัวแทนสนับสนุนตั้งใหเปน
ตัวแทนสนับสนุนชวงในการขายหรือรับซื้อคืนหนวยลงทุนควบคูกรมธรรม และกรมธรรมประกันชีวิต
ควบการลงทุน
“คําแนะนําเฉพาะเจาะจง” หมายความวา คําแนะนําที่ใหแกบุคคลใดบุคคลหนึ่ง
เพื่อความเหมาะสมกับวัตถุประสงคในการลงทุน ฐานะทางการเงิน หรือความตองการของบุคคลนั้น
“ผูจัดการ” หมายความวา บุคคลที่ไดรับมอบหมายจากคณะกรรมการของบริษัทให
เปนผูดูแลรับผิดชอบสูงสุดในการบริหารงาน ทั้งนี้ ไมวาจะเรียกชื่ออยางใดก็ตาม
“สถาบันฝกอบรม” หมายความวา สถาบันพัฒนาความรูตลาดทุนและสถาบัน
ฝกอบรมอื่นที่สํานักงาน ก.ล.ต.หรือนายทะเบียนใหการยอมรับ
“สํานักงาน ก.ล.ต.” หมายความวา สํานักงานคณะกรรมการกํากับหลักทรัพย
และตลาดหลักทรัพย
“สมาคม” หมายความวา สมาคมที่เกี่ยวเนื่องกับธุรกิจหลักทรัพยที่ไดรับอนุญาต
และจดทะเบียนกับสํานักงาน ก.ล.ต. โดยมีวัตถุประสงคเพื่อทําการสงเสริมและพัฒนาธุรกิจหลักทรัพยประเภท
ที่เกี่ยวกับการจัดการลงทุน
“บริการธุรกรรมทางอิเล็กทรอนิกส” หมายความวา การบริการธุรกรรมที่ใชวิธีการทาง
อิเล็กทรอนิกสทั้งหมดหรือแตบางสวน เชน เครื่องฝากถอนเงินอัตโนมัติ (automatic teller machine) บริการ
ธนาคารทางโทรศัพท(telebanking) อินเทอรเน็ต หรือสื่ออื่นใดที่มีลักษณะเดียวกันตามที่
สํานักงาน ก.ล.ต. หรือ นายทะเบียนประกาศกําหนด
“หนังสือชี้ชวน” หมายความวา หนังสือชี้ชวนตามกฎหมายวาดวยหลักทรัพยและตลาด
หลักทรัพยในสวนที่วา",ประกันภัย,กฎหมาย คปภ.
oicpdf_00628,กฎหมายประกันภัย คปภ. 00628,"ประกาศนายทะเบียน
เรื่อง ระเบียบปฏิบัติเกี่ยวกับการวางและการขอคืนเงินสํารองประกันภัย
----------------------
อาศัยอํานาจตามความในขอ 13 แหงประกาศกระทรวงพาณิชย เรื่อง การวางเงินสํารองประ
กันภัย ลงวันที่ 21 มีนาคม 2546 นายทะเบียนออกประกาศระเบียบปฏิบัติเกี่ยวกับการวางเงินสํารอง
ประกันภัยออกประกาศไว ดังตอไปนี้
ขอ 1 ในประกาศนี้
“ประกาศการวางเงินสํารองประกันภัย” หมายความวา ประกาศกระทรวงพาณิชย เรื่อง การ
วางเงินสํารองประกันภัย ลงวันที่ 21 มีนาคม พ.ศ. 2546
ขอ 2 การวางและการขอคืนเงินสํารองประกันภัย ใหบริษัทปฏิบัติตามขอกําหนดในประกาศนี้
ขอ 3 การวางเงินสํารองประกันภัย ใหบริษัทยื่นคําขอวางและขอคืนเงินสํารองประกันภัยตอ
นายทะเบียนตามแบบ สร. สร.1 สร.2 และอส.1 แนบทายประกาศนี้
ขอ 4 ทรัพยสินที่บริษัทจะนํามาวางไวกับนายทะเบียนเปนเงินสํารองประกันภัย บริษัทตองนํา
มาพรอมกับคําขอวางและขอคืนเงินสํารองประกันภัย โดยยื่นตอพนักงานเจาหนาที่ผูรับผิดชอบของ
สํานักประกันชีวิตและใหปฏิบัติ ดังตอไปนี้
4.1 เงินสดใหสงมอบตอพนักงานเจาหนาที่ตามจํานวนที่ระบุไวในคําขอวางและขอคืนเงิน
สํารองประกันภัย
4.2 พันธบัตรรัฐบาลไทย พันธบัตรองคการหรือรัฐวิสาหกิจ หรือตั๋วเงินคลังของกระทรวง
การคลัง และหุนกูหรือตราสารอื่นใด ที่มีกระทรวงการคลังค้ําประกันการชําระเงินตนและดอกเบี้ยทั้ง
จํานวนใหสงมอบตอพนักงานเจาหนาที่หากจะมีการเปลี่ยนแปลงใด ๆ เกี่ยวกับพันธบัตร ตั๋วเงินคลัง
หุนกูหรือตราสารอื่นใดดังกลาวจะตองไดรับความเห็นชอบเปนหนังสือจากนายทะเบียนกอน อนึ่งพันธ
บัตรหรือองคการหรือรัฐวิสาหกิจที่ไมมีกระทรวงการคลังค้ําประกัน บริษัทจะตองสงมอบพันธบัตร
พรอมทั้งหนังสือรับแจงการวางเงินสํารองประกันภัยตามแบบ สร.2 ดวย
4.3 ทรัพยสินตามขอ 4(3) (4) (5) (7) (8) และ (9) แหงประกาศการวางเงินสํารอง
ประกันภัย กอนนํามาวางเปนเงินสํารองประกันภัยบริษัทจะตองแจงตอผูออกเอกสารสิทธิ์ดังกลาวตาม
แบบ สร.1 แนบทายประกาศนี้ วาจะนําทรัพยสินนั้นมาวางไวกับนายทะเบียนเพื่อเปนเงินสํารองประ
กันภัยและหากมีการเปลี่ยนแปลงใด ๆ เกี่ยวกับทรัพยสินดังกลาวจะตองไดรับความเห็นชอบเปน
หนังสือจากประกาศนายทะเบียนกอน โดยใหบริษัทนําสําเนาหนังสือดังกลาวและหนังสือรับแจงการวาง
เงินสํารองประกันภัยตามแบบ สร.2 มาพรอมกับคําขอวางและขอคืนเงินสํารองประกันภัย โดยให
กรรมการผูมีอํานาจกระทําการแทนของบริษัทลงนาม พรอมทั้งประทับตราบริษัท
2
4.4 ทรัพยสินตามขอ 4(6) แหงประกาศการงางเงินสํารองประกันภัยใหนําโฉนดที่ดิน
พรอมทั้งแนบหนังสือประเมินราคาของกรมที่ดิน หรือของนายทะเบียน หรือของนิติบุคคลที่ประกอบ
ธุรกิจประเมินราคาอสังหาริมทรัพยตามรายชื่อที่นายทะเบียนประกาศกําหนดแลวแตกรณีมาพรอมกับ
โฉนดที่ดินดวย
4.5 ใหบริษัทแนบหลักฐานการประเมินราคา หรือใบจองซื้อหลักทรัพย หรือเอกสาร
ประกอบของการไดมาซึ่งหลักทรัพยแตละประเภทของทรัพยสินที่จะนํามาวางเปนเงินสํารองประกันภัย
พรอมคําขอตามขอ 3 ขางตน
ขอ 5 การขอคืนเงินสํารองประกันภัยใหบริษัทยื่นคําขอวางและขอคืนเงินสํารองประกันภัยตอ
นายทะเบียนตามแบบ สร.1 และอส.2 แนบทายประกาศนี้
ขอ 6 การขออนุญาตนําทรัพยสินที่วางเปนเงินสํารองประกันภัยไปตออายุใหกระทําไดแตตอง
สงมอบทรัพยสินที่ไดตออายุแลวคืนตอพนักงานเจาหนาที่ผูรับผิดชอบของสํานักประกันชีวิตภายใน
ระยะเวลาที่นายทะเบียนกําหนด มิฉะนั้นนายทะเบียนจะไมอนุญาตใหนําทรัพยสินที่วางเปนเงินสํารอง
ประกันภัยไปตออายุในครั้",ประกันภัย,กฎหมาย คปภ.
oicpdf_00636,กฎหมายประกันภัย คปภ. 00636,"ประกาศนายทะเบียน
เรื่อง การกําหนดอัตราเงินคาเวนคืนกรมธรรมประกันภัย
และเงื่อนไขการจายเงิน
-------------------
อาศัยอํานาจตามความในมาตรา 29 วรรคสอง และมาตรา 38(5) แหงพระราช
บัญญัติประกันชีวิต พ.ศ. 2535 นายทะเบียนประกาศกําหนดอัตราเงินคาเวนคืนกรมธรรมประกันภัย
และเงื่อนไขการจายเงินนั้น ดังนี้
ขอ 1 ใหกําหนดอัตราเงินคาเวนคืนกรมธรรมประกันภัยของการประกันชีวิตประเภท
สามัญ ประเภทอุตสาหกรรม และประเภทกลุม ที่ชําระเบี้ยประกันภัยเปนรายงวด งวดละเทา ๆ กัน
จากเงินสํารองประกันภัยปลายป สําหรับการประกันชีวิตแบบตลอดชีพ แบบสะสมทรัพย และแบบชั่ว
ระยะเวลา ตามตารางแนบทายประกาศนี้
ขอ 2 อัตราเงินคาเวนคืนกรมธรรมประกันภัยของการประกันชีวิตประเภทสามัญ
ประเภทอุตสาหกรรม และประเภทกลุม ที่ชําระเบี้ยประกันภัยครั้งเดียว ตองไมนอยกวาผลรวมของมูล
คาปจจุบันของจํานวนเงินเอาประกันภัยและผลประโยชนอื่น (ถามี) ที่บริษัทมีความผูกพันจะตองจาย
ในอนาคตนับแตวันครบรอบปกรมธรรมประกันภัยนั้นเปนตนไป
ขอ 3 การกําหนดเงินสํารองประกันภัยปลายป ตามขอ 1. ใหมีหลักเกณฑดังนี้
3.1 ใหใชวิธีคํานวณตามประกาศกระทรวงพาณิชย เรื่อง หลักเกณฑและวิธีการ
จัดสรรเบี้ยประกันภัยไวเปนเงินสํารองประกันภัยสําหรับกรมธรรมประกันภัยที่ยังมีความผูกพันอยู
ฉบับประกาศ ณ วันที่ 23 พฤษภาคม 2531
3.2 ใหใชอัตรามรณะตามตารางมรณะไทย 2540 แยกตามเพศ ที่แนบทาย
ประกาศนี้
ใหใชอัตรามรณะตามตารางมรณะไทย 2540 ประเภทสามัญ แยกตามเพศ
สําหรับการประกันชีวิตประเภทกลุม
3.3 ใหใชอัตราดอกเบี้ยรอยละหกตอป
ขอ 4 ใหใชอัตราเงินคาเวนคืนกรมธรรมประกันภัยตามขอ 1 เฉพาะแบบตลอดชีพ
และแบบสะสมทรัพยสําหรับการกําหนดหาอัตรามูลคาใชเงินสําเร็จ ของการประกันชีวิตประเภทสามัญ
ประเภทอุตสาหกรรม ประเภทกลุม และการประกันภัยแบบขยายเวลาของการประกันชีวิตประเภท
สามัญ ประเภทกลุมดังนี้
-2-
4.1 การประกันชีวิตประเภทสามัญ ประเภทอุตสาหกรรม และประเภทกลุม
ใหกําหนดอัตรามูลคาใชเงินสําเร็จจากสูตร
PU = CV/A
t t t
ให PU = อัตราคาใชเงินสําเร็จ ณ วันครบรอบปกรมธรรมประกันภัยของ
t
ปกรมธรรมประกันภัยนั้น
CV = อัตราเงินคาเวนคืนกรมธรรมประกันภัย ณ วันครบรอบป
t
กรมธรรมประกันภัยของปกรมธรรมประกันภัยนั้น
A = ผลรวมของมูลคาปจจุบันของจํานวนเงินเอาประกันภัยหรือผล
t
รวมของมูลคาปจจุบันของจํานวนเงินเอาประกันภัยและผลประโยชนอื่น (ถามี) ที่บริษัทมีความผูกพัน
จะตองจายในอนาคต นับแตวันครบรอบปกรมธรรมประกันภัยนั้นเปนตนไป หากมีเงินสวนที่เหลือให
จายคืนทันทีใหแกผูเอาประกันภัย
ปกรมธรรมประกันภัย
t =
4.2 การประกันภัยแบบขยายระยะเวลา ของการประกันชีวิตประเภทสามัญ
และประเภทกลุม
4.2.1 ใหใชอัตรามรณะไดไมเกินรอยละ 130 ของอัตรามรณะตามตา
รางมรณะไทย 2540 ประเภทสามัญ เพศชาย สําหรับการประกันชีวิตประเภทสามัญ เพศชาย
4.2.2 ใหใชอัตรามรณะไดไมเกินรอยละ 130 ของอัตรามรณะตามตา
รางมรณะไทย 2540 ประเภทสามัญ เพศหญิง สําหรับการประกันชีวิตประเภทสามัญ เพศหญิง
4.2.3 ใหกําหนดระยะเวลาที่ขยายจากสูตร
ระยะเวลาขยาย = CV/A
t t
ให CV = อัตราเงินคาเวนคืนกรมธรรมประกันภัย ณ วันครบรอบ
t
ปกรมธรรมประกันภัยของปกรมธรรมประกันภัยนั้น
A = ผลรวมของมูลคาปจจุบันของจํานวนเงินเอาประกันภัย
t
สําหรับแบบชั่วระยะเวลา
ทั้งนี้ระยะเวลาที่จะขยายไดเทาใดขึ้นอยูกับมูลคาเวนคืนกรมธรรมประกันภัย โดยไม
เกินระยะเวลาเอาประกันภัยเดิม หากจํานวนเงินคาเวนคืนกรมธรรมประกันภัยที่ใชคํานวณดังกล",ประกันภัย,กฎหมาย คปภ.
oicpdf_00640,กฎหมายประกันภัย คปภ. 00640,"ประกาศกระทรวงพาณิชย
เรื่อง การลงทุนประกอบธุรกิจอื่นของบริษัทประกันชีวิต (ฉบับที่ 3)
อาศัยอํานาจตามความในมาตรา 6 และมาตรา 28 แหงพระราชบัญญัติประกันชีวิต พ.ศ.
2535 รัฐมนตรีวาการกระทรวงพาณิชยออกประกาศไวดังตอไปนี้
ขอ 1 ประกาศนี้ใหใชบังคับตั้งแตวันถัดจากวันที่ประกาศในราชกิจจานุเบกษาเปนตนไป
ขอ 2 ในประกาศนี้
“ประกาศการลงทุน” หมายความวา ประกาศกระทรวงพาณิชย เรื่อง การลงทุน
ประกอบธุรกิจอื่นของบริษัทประกันชีวิต ลงวันที่ 20 ตุลาคม พ.ศ. 2547
ขอ 3 ใหยกเลิกนิยามคําวา “องคการหรือรัฐวิสาหกิจ” ในขอ 2 แหงประกาศการลงทุน และ
ใหใชความตอไปนี้แทน
““องคการหรือรัฐวิสาหกิจ” หมายความวา องคการหรือรัฐวิสาหกิจที่เปนนิติบุคคล
ซึ่งมีพระราชบัญญัติหรือพระราชกฤษฎีกาจัดตั้งขึ้น หรือองคกรปกครองสวนทองถิ่น เชน กรุงเทพมหานคร
เมืองพัทยา เทศบาล เปนตน หรือรัฐวิสาหกิจที่เปนบริษัทจํากัดตามหลักเกณฑ วิธีการ เงื่อนไข และรายชื่อที่
นายทะเบียนประกาศกําหนด”
ขอ 4 ใหเพิ่มความตอไปนี้เปน (8) ของขอ 4 แหงประกาศการลงทุน
“(8) ซื้อหุนกูซึ่งออกโดยนิติบุคคลที่จัดตั้งขึ้นตามกฎหมายตางประเทศ ที่ไดรับ
อนุญาตจากกระทรวงการคลังใหออกและเสนอขายหุนกูนั้นในประเทศไทย”
ขอ 5 ใหยกเลิกความในขอ 23 แหงประกาศการลงทุน และใหใชความตอไปนี้แทน
“ขอ 23 การใหกูยืมโดยมีอสังหาริมทรัพยจํานองเปนประกันการกูยืมตามขอ 3(15)
บริษัทจะใหกูยืมไดตามเงื่อนไขดังตอไปนี้
(1) การใหกูยืมเพื่อที่อยูอาศัย บริษัทจะใหกูยืมไดเฉพาะบุคคลธรรมดา
แตละรายไมเกินยี่สิบลานบาท เมื่อรวมกันทุกรายแลวตองไมเกินรอยละยี่สิบหาของสินทรัพยของบริษัท
ระยะเวลาการใหกูยืมไมเกินสามสิบป
(1.1) ถาจํานวนเงินกูยืมไมเกินสิบลานบาท บริษัทจะใหกูยืมไดเมื่อ
รวมกับเจาหนี้อื่น (ถามี) แลวตองไมเกินรอยละเกาสิบของราคาประเมินอสังหาริมทรัพยที่จํานองเปนประกัน
การกูยืม หรือราคาซื้อขายของโครงการจัดสรรที่อยูอาศัย
(1.2) ถาจํานวนเงินกูยืมเกินกวาสิบลานบาทแตไมเกินยี่สิบลานบาท
บริษัทจะใหกูยืมไดเมื่อรวมกับเจาหนี้อื่น (ถามี) แลวตองไมเกินรอยละเจ็ดสิบของราคาประเมิน
อสังหาริมทรัพยที่จํานองเปนประกันการกูยืม หรือราคาซื้อขายของโครงการจัดสรรที่อยูอาศัย
2
(2) การใหกูยืมนอกจาก (1) บริษัทจะใหกูยืมไดเมื่อรวมกับเจาหนี้อื่น
(ถามี) แลวตองไมเกินรอยละเจ็ดสิบของราคาประเมินอสังหาริมทรัพยที่จํานองเปนประกันการกูยืม
จํานวนเงินที่ใหกูยืมแตละรายไมเกินรอยละหาของสินทรัพยของบริษัท และเมื่อรวมกันทุกรายแลวตองไมเกิน
รอยละยี่สิบของสินทรัพยของบริษัท ระยะเวลาการใหกูยืมไมเกินยี่สิบป
ทั้งนี้ การใหกูยืมตาม (1) และ (2) รวมกันแลวตองไมเกินรอยละสามสิบหา
ของสินทรัพยของบริษัท และตองชําระดอกเบี้ยไมนอยกวาปละครั้ง ถามีระยะเวลาปลอดการชําระเงินตนคืน
ตองไมเกินหนึ่งในสี่ของระยะเวลาใหกูยืม เมื่อพนระยะเวลาปลอดการชําระเงินตนคืน หรือกรณีไมมี
ระยะเวลาปลอดการชําระเงินตนคืน จะตองชําระเงินตนคืนไมนอยกวาปละครั้ง อสังหาริมทรัพยที่จํานอง
เปนประกันการกูยืมตองจํานองเปนประกันลําดับหนึ่ง หรือรวมจํานองพรอมกับเจาหนี้อื่นเปนลําดับหนึ่ง
การใหกูยืมตาม (1) หามมีระยะเวลาปลอดการชําระเงินตนคืน
ถาเปนการจํานองที่ดินที่มีอาคารเปนสวนควบ หรือเปนการจํานองเฉพาะ
อาคาร อาคารนั้นจะตองมีการประกันวินาศภัย และใหบริษัทเปนผูรับประโยชนตามกรมธรรมประกันภัย
ตลอดระยะเวลาตามสัญญากูยืม”
ขอ 6 ใหยกเลิก",ประกันภัย,กฎหมาย คปภ.
oicpdf_00645,กฎหมายประกันภัย คปภ. 00645,"เอกสารแนบ 1
หลักเกณฑ วิธีการ และเงื่อนไขในการคํานวณเงินกองทุนสําหรับความเสยี่ ง
ดานการประกันภัย
คํานิยาม: สัญญาประกันภัยระยะยาว หมายความวา สัญญาประกันภัยที่มีระยะเวลาของสัญญา
เกินกวา 1 ป หรือสัญญาที่มีการรับรองการตออายุอัตโนมัติ ซึ่งบริษัทไมสามารถบอกเลิกสัญญา
และไมสามารถปรับเพิ่มหรือลดเบี้ยประกันภัย รวมถึงเปลี่ยนแปลงผลประโยชนใดๆ ตลอดอายุ
สัญญา
สัญญาประกันภัยระยะสั้น หมายความวา สัญญาประกันภัยที่ไมมีลักษณะหรือ
เงื่อนไขเชนเดียวกับสําหรับสัญญาประกันภัยระยะยาว
1. เงินกองทุนสําหรับความเสี่ยงดานการประกันภัย มีวัตถุประสงคเพื่อรองรับความ
เสี่ยงจากการประเมินสํารองประกันภัยต่ําเกินไปซึ่งอาจไมเพียงพอกับความเสียหายที่เกิดขึ้นจริง
และ/หรือในกรณีที่มีประสบการณคาสินไหมทดแทนสูงกวาจํานวนสํารองที่บริษัทประเมินไว ณ
ระดับความเชื่อมั่นเปอรเซ็นตไทลที่ 75
2. เงินกองทุนสําหรับความเสี่ยงดานการประกันภัย เทากับ ผลรวมของเงินกองทุน
สําหรับความเสี่ยงจากภาระผูกพันตามสัญญาประกันภัยระยะยาว และเงินกองทุนสําหรับความ
เสี่ยงจากภาระผูกพันตามสัญญาประกันภัยระยะสั้น
3. เงินกองทุนสําหรับความเสี่ยงจากภาระผูกพันตามสัญญาประกันภัยระยะยาว
เทากับ คาที่มากกวาระหวาง 3.1 กับ 3.2
3.1 ภาระผูกพันตามสัญญาประกันภัยระยะยาวสุทธิหลังการเอาประกันภัยตอ
ณ ระดับความเชื่อมั่นเปอรเซ็นตไทลที่ 95 หักดวย ภาระผูกพันตามสัญญาประกันภัยระยะยาว
สุทธิหลังการเอาประกันภัยตอ ณ ระดับความเชื่อมั่นเปอรเซ็นตไทลที่ 75 ซึ่งคํานวณดวยวิธี
สํารองประกันภัยแบบเบี้ยประกันภัยรวม (gross premium valuation) ตามหลักเกณฑที่กําหนด
ไวในประกาศคณะกรรมการกํากับและสงเสริมการประกอบธุรกิจประกันภัยวาดวยการประเมิน
ราคาทรัพยสินและหนี้สินของบริษัทประกันชีวิต
3.2 มูลคาเวนคืนเงินสด (cash value) รวมของทุกกรมธรรมประกันภัย หักดวย
มูลคาสํารองประกันภัยแบบเบี้ยประกันภัยรวมกอนการเอาประกันภัยตอที่คํานวณตามประกาศ
คณะกรรมการกํากับและสงเสริมการประกอบธุรกิจประกันภัยวาดวยการประเมินราคาทรัพยสิน
และหนี้สินของบริษัทประกันชีวิต
3.3 การคํานวณภาระผูกพันตามสัญญาประกันภัยระยะยาวสุทธิหลังการเอา
ประกันภัยตอ ณ ระดับความเชื่อมั่นเปอรเซ็นตไทลที่ 95
3.3.1 สําหรับกรมธรรมประกันภัยอื่นที่ไมเขาลักษณะตาม 3.3.2 และ
3.3.3 ใหใชวิธีการคํานวณสํารองประกันภัยแบบเบี้ยประกันภัยรวม (gross premium valuation)
ตามหลักเกณฑที่กําหนดไวในประกาศคณะกรรมการกํากับและสงเสริมการประกอบธุรกิจ
ประกันภัยวาดวยการประเมินราคาทรัพยสินและหนี้สินของบริษัทประกันชีวิต โดยใชสมมุติฐาน
- 2 -
ที่เปนคาประมาณการที่ดีที่สุดของภาระผูกพันตามสัญญาประกันภัยสุทธิหลังการเอาประกันภัย
ตอ และกําหนดใหใชคาเผื่อความผันผวนของแตละประเภทสมมุติฐาน ตามตารางดังตอไปนี้
ประเภทของ คาเผื่อความผนั ผวน
สมมุติฐาน ณ ระดับความเชื่อมั่นเปอรเซ็นตไทลที่ 95
1. อัตรามรณะ/อัตราการเจ็บปวย +/- รอยละ 28 ของคาประมาณการที่ดีที่สุด
2. คาใชจายในการ ดูแลกรมธรรมประกนั ภัย + รอยละ 10 ของคาประมาณการที่ดีที่สุด
3. อัตราการขาดอายุหรือเวนคืนกรมธรรมประกันภัย +/- รอยละ 40 ของคาประมาณการที่ดีที่สุด
3.3.2 สําหรับกรมธรรมประกันภัยกลุม ใหใชวิธีการคํานวณสํารอง
ประกันภัยแบบเบี้ยประกันภัยรวม (gross premium valuation) ตามหลักเกณฑที่กําหนดไวใน
ประกาศคณะกรรมการกํากับและสงเสริมการประกอบธุรกิจประกันภัยวาดวยการประเมินราคา
ทรัพยสินและหนี้สินของบริษัทประกันชีวิต โดยใชสมมุติฐานที่เปนค",ประกันภัย,กฎหมาย คปภ.
oicpdf_00649,กฎหมายประกันภัย คปภ. 00649,"ตารางแสดงการกําหนดอัตราเงินคาเวนคืนกรมธรรมประกันภัยของการประกันชวี ิต
ประเภทสามญั ประเภทอตุ สาหกรรม และประเภทกลุม ที่ชําระเบี้ยประกันภยั เปนรายงวด
งวดละเทา ๆ กัน
แบบของการ ระยะเวลา ณ วันครบรอบ อัตราเงินคาเวนคืนกรมธรรม
ประกันชีวติ ชําระ ปกรมธรรม ประกันภัยใหกําหนดเปน
เบี้ยประกันภยั รอยละของเงินสํารอง
ประกันภัยปลายป 
2 ป 1 ไมนอยกวารอยละ 90
แบบสะสมทรพั ย 2 ไมนอยกวารอยละ 100
หรือ 3 ป 1 ไมนอยกวารอยละ 80
แบบตลอดชีพ 2 ไมนอยกวารอยละ 90
3 ไมนอยกวารอยละ 100
4 ป 1 ไมนอยกวารอยละ 60
2 ไมนอยกวารอยละ 80
3 ไมนอยกวารอยละ 90
4 ไมนอยกวารอยละ 100
5-9 ป 1 ไมนอยกวารอยละ 30
2 ไมนอยกวารอยละ 50
3 ไมนอยกวารอยละ 80
4 ไมนอยกวารอยละ 90
5 เปนตนไป ไมนอยกวารอยละ 100
10–14 ป 1 ไมนอยกวารอยละ 10
2 ไมนอยกวารอยละ 50
3 ไมนอยกวารอยละ 80
4 ไมนอยกวารอยละ 90
5 เปนตนไป ไมนอยกวารอยละ 100
15 ป ขึ้นไป 1 กําหนดหรือไมก็ได
2 ไมนอยกวารอยละ 50
3 ไมนอยกวารอยละ 75
4 ไมนอยกวารอยละ 85
5 ไมนอยกวารอยละ 90
6 ไมนอยกวารอยละ 95
7 เปนตนไป ไมนอยกวารอยละ 100
ตารางแสดงการกําหนดอัตราเงินคาเวนคืนกรมธรรมประกันภัยของการประกันชวี ิต
ประเภทสามญั ประเภทอตุ สาหกรรม และประเภทกลุม ที่ชําระเบี้ยประกันภยั เปนรายงวด
งวดละเทา ๆ กัน (ตอ)
แบบของการ ระยะเวลา ณ วันครบรอบ อัตราเงินคาเวนคืนกรมธรรม
ประกันชีวติ ชําระ ปกรมธรรม ประกันภัยใหกําหนดเปน
เบี้ยประกันภยั รอยละของเงินสํารอง
ประกันภัยปลายป 
แบบชวั่ ระยะเวลา
- กรณีผูเอา ไมเกิน 15 ป 1 กําหนดหรือไมก็ได
ประกันภัยมีอายุ 2 ไมนอยกวารอยละ 50
เริ่มทําสัญญา 3 ไมนอยกวารอยละ 80
ประกันภัย 4 ไมนอยกวารอยละ 90
มากกวา 60 ป 5 เปนตนไป ไมนอยกวารอยละ 100
มากกวา 15 ป 1 กําหนดหรือไมก็ได
2 ไมนอยกวารอยละ 50
3 ไมนอยกวารอยละ 75
4 ไมนอยกวารอยละ 85
5 ไมนอยกวารอยละ 90
6 ไมนอยกวารอยละ 95
7 เปนตนไป ไมนอยกวารอยละ 100
แบบชวั่ ระยะเวลา
-กรณีผูเอา 20 ป ขึ้นไป 1 กําหนดหรือไมก็ได
ประกันภัยมีอายุ 2 ไมนอยกวารอยละ 50
เริ่มทําสัญญา 3 ไมนอยกวารอยละ 75
ประกันภัยตั้งแต 4 ไมนอยกวารอยละ 85
0–60 ป 5 ไมนอยกวารอยละ 90
6 ไมนอยกวารอยละ 95
7 เปนตนไป ไมนอยกวารอยละ 100",ประกันภัย,กฎหมาย คปภ.
oicpdf_00657,กฎหมายประกันภัย คปภ. 00657,"ที่ พณ 0508/ว. 68 สํานักนายทะเบียนคุมครองผูประสบภัยจากรถ
กรมการประกันภัย กระทรวงพาณิชย
18 มีนาคม 2536
เรื่อง ใหบริษัทแจงการบอกเลิกสัญญาประกันภัยรถ
เรียน
สิ่งที่สงมาดวย 1. แบบการบอกเลิกสัญญาของบริษัท
2. แบบการบอกเลิกสัญญาโดยผูเอาประกันภัย
3. แบบหนังสือนําสง
ตามกฎกระทรวงฉบับที่ 5 (พ.ศ. 2535) ออกตามความในพระราชบัญญัติคุมครองผูประสบภัยจากรถ พ.ศ. 2535
ลงวันที่ 17 กันยายน 2535 กําหนดใหบริษัทแจงการบอกเลิกสัญญาตอนายทะเบียนฯ ดังความละเอียดแจงแลว นั้น
เพื่อใหการบอกเลิกสัญญาประกันภัยรถเปนไปตามหลักเกณฑและวิธีการที่กฎหมายกําหนดและเพื่อใหการ
ปฏิบัติของบริษัทเปนไปในแนวทางเดียวกัน สํานักนายทะเบียนฯ เห็นควรใหบริษัทใชแบบการบอกเลิกสัญญา และแบบ
การแจงการบอกเลิกสัญญาตามตัวอยางที่แนบทายนี้ อนึ่งในกรณีที่บริษัทเปนผูบอกเลิกสัญญา เมื่อบริษัทไดแจงบอก
เลิกสัญญาแลวใหบริษัทสงสําเนาหนังสือพรอมทั้งสําเนาไปรษณียตอบรับตอนายทะเบียนฯ พรอมนี้ดวย
จึงเรียนมาเพื่อโปรดทราบ
ขอแสดงความนับถือ
(นายอํานวย ธัมมรัคคิต)
ผูอํานวยการสํานักนายทะเบียนฯ
สํานักนายทะเบียนฯ
โทร. 2794221
ตัวอยาง
บริษัท
วันที่
เรื่อง การบอกเลิกสัญญาประกันภัยรถ
เรียน นายทะเบียน
ตามกฎกระทรวงฉบับที่ 5 (พ.ศ. 2535) ออกตามความในพระราชบัญญัติคุมครองผูประสบภัยจากรถ พ.ศ.
2535 ลงวันที่ 17 กันยายน 2535 กําหนดใหบริษัทจะตองปฏิบัต ิ
1. ในกรณีที่บริษัทบอกเลิกกรมธรรมประกันภัยกอนครบกําหนดความคุมครองไมวาดวยเหตุใด บริษัทตองแจง
การบอกเลิกเปนหนังสือลวงหนาไมนอยกวาสามสิบวันไปยังผูเอาประกันภัยตามภูมิลําเนาที่ทราบครั้งสุดทาย โดยทาง
ไปรษณียลงทะเบียนตอบรับและบริษัทตองแจงการบอกเลิกนั้น ไปยังนายทะเบียนภายในเจ็ดวันนับแตวันที่บริษัทสง
หนังสือบอกเลิกไปยังผูเอาประกันภัย
2. ในกรณีผูเอาประกันภัยบอกเลิกกรมธรรมประกันภัยกอนครบกําหนดความคุมครองไมวาดวยเหตุใด ให
บริษัทแจงการบอกนั้นใหนายทะเบียนทราบเปนหนังสือภายในเจ็ดวันนับแตวันที่กรมธรรมประกันภัยสิ้นสุดความคุม
ครอง
เพื่อปฏิบัติตามกฎกระทรวงฉบับดังกลาว บริษัทจึงขอแจงการบอกเลิกสัญญาประกันภัยรถจํานวน..........ราย
ดังปรากฎตามรายละเอียดที่แนบ
จึงเรียนมาเพื่อโปรดทราบ
ขอแสดงความนับถือ
( )ลงชื่อ/ประทับตราสําคัญ
ตัวอยาง
บริษัท
หนังสือบอกเลิกสัญญาประกันภัยรถ
วันที่
เรื่อง บอกเลิกสัญญาประกันภัยรถ
เรียน
ตามที่บริษัทไดรับประกันภัยรถ หมายเลขทะเบียน................................ หมายเลขเครื่อง / หมายเลขตัว
ถัง..................................ของทานไว ตามกรมธรรมประกันภัยเลขที่................................ลงวันที่.............................ดัง
ความละเอียดแจงแลว นั้น
บริษัท มีความประสงคที่จะขอเลิกสัญญาประกันภัยฉบับดังกลาว โดยใหถือวาสัญญาประกันภัยฉบับนี้สิ้น
ผลบังคับเมื่อครบกําหนด 30 วัน นับแตวันที่ทานไดรับหนังสือนี้ และใหทานสงคือเครื่องหมายที่แสดงวามีการประกัน
ความเสียหายสําหรับผูประสบภัยจากรถแกนายทะเบียน หรือทําลายเครื่องหมายนั้นใหอยูในสภาพที่ใชไมไดภายใน 15
วัน นับแตวันครบกําหนดสามสิบวันที่บริษัทไดบอกเลิกกรมธรรมประกันภัย
จึงเรียนมาเพื่อโปรดทราบ
ขอแสดงความนับถือ
( )ลงชื่อ/ประทับตราสําคัญ
ตัวอยาง
บริษัท
วันที่
เรื่อง ผูเอาประกันภัยบอกเลิกสัญญาประกันภัยรถ
เรียน นายทะเบียน
ตามที่บริษัทไดรับประกันภัยรถ หมายเลขทะเบียน..........................................หมายเลขเครื่อง/หมายเลข
ตัวถัง.............................",ประกันภัย,กฎหมาย คปภ.
oicpdf_00661,กฎหมายประกันภัย คปภ. 00661,"LOGO
วิสัยทัศน พันธกิจ บทบาท และภารกิจ
ของสํานักงาน คปภ.
www.oic.or.th
วิสัยทัศน
เปนองคกรที่มุงมั่นเพื่อมีวิวัฒนาการอยางตอเนื่อง และเสริมสราง ใหระบบ
ประกันภัยเปนกลไกสรางหลักประกันความมั่นคงแกประชาชน และพรอมรับ
ความทาทายในอนาคต
พันธกิจ
(1) เสริมสรางความเชื่อมั่นและการเขาถึงระบบประกันภยั
(2) เสริมสรางเสถียรภาพระบบประกันภัย
(3) พัฒนากฎหมายและระบบการคุมครองสิทธิประโยชนแบบครบวงจร
(4) สงเสริมโครงสรางพื้นฐานดานการประกันภยั
บทบาท ภารกิจ สํานักงาน คปภ.
สํานักงานคณะกรรมการกํากับและสงเสริมการประกอบธุรกิจประกันภัย (สํานักงาน คปภ.)
พระราชบัญญัติคณะกรรมการกํากับและสงเสริมการประกอบธุรกิจประกันภัย มีผลบังคับใช
เมื่อวันที่ 1 กันยายน 2550 สงผลให กรมการประกันภัย ปรับเปลี่ยนสถานะองคกรจากสวนราชการ
เปนสํานักงานคณะกรรมการกํากับและสงเสริมการประกอบธุรกิจประกันภัย (คปภ.) มีฐานะเปน
หนวยงานของรัฐรูปแบบหนึ่ง ทําหนาที่กํากับดูแลสถาบันการเงิน มีลักษณะเชนเดียวกับ ธนาคาร
แหงประเทศไทย และสํานักงานคณะกรรมการกํากับหลักทรัพย และตลาดหลักทรัพย (กลต.) ภายใต
พรบ. ดังกลาว โครงสรางการกํากับดูแลธุรกิจประกันภัย ประกอบดวย
บทบาท ภารกิจ สํานักงาน คปภ.
คณะกรรมการกํากับและสงเสริมการประกอบธุรกิจประกันภัย ทําหนาที่กําหนดนโยบายการกํากับ
สงเสริม และพัฒนาธุรกิจประกันภัย ประกอบดวย
กรรมการโดยตําแหนง
นายอารีพงศ ภูชอุม ปลัดกระทรวงการคลัง
นางวัชรี วิมุกตายน ปลัดกระทรวงพาณิชย
นายประสาร ไตรรัตนวรกุล ผูวาการธนาคารแหงประเทศไทย
นายวรพลโสคติยานุรักษ เลขาธิการสํานักงานคณะกรรมการกํากับ
หลักทรัพยและตลาดหลักทรัพย
นายจิรชัย มูลทองโรย เลขาธิการคณะกรรมการคุมครองผูบริโภค
นายประเวช องอาจสิทธิกุล เลขาธิการ คปภ.
นายพยุงศกด ชาตสุทธผล ผูทรงคุณวุฒดานบรหารธุรกจ
นายโกวิทยโปษยานนท ผูทรงคุณวุฒิดานการเงิน
นางธาริษาวัฒนเกส ผูทรงคุณวุฒิดานเศรษฐศาสตร
บทบาท ภารกิจ สํานักงาน คปภ.
ศาสตราจารยพิเศษชูเกียรติ ประมูลผล ผูทรงคุณวุฒิดานการประกันภัย
นายการุณ กิตติสถาพร ผูทรงคุณวุฒิดานการประกันภัย
คณะกรรมการกํากับและสงเสริมการประกอบธุรกิจประกันภัย ทําหนาที่กําหนดนโยบายการกํากับ
สงเสริม และพัฒนาธุรกิจประกันภัย ประกอบดวย
กรรมการผูทรงคุณวุฒิ
นายวัฒนา รัตนวิจิตร ผูทรงคณุ วุฒิดานกฎหมาย
นายพยุงศักดิ์ ชาติสุทธิผล ผูทรงคุณวุฒิดานบริหารธุรกิจ
นายโกวิทยโปษยานนท ผูทรงคุณวุฒิดานการเงิน
นางธาริษาวัฒนเกส ผูทรงคุณวุฒิดานเศรษฐศาสตร
ศาสตราจารยพิเศษชูเกียรติ ประมูลผล ผูทรงคุณวุฒิดานการประกันภัย
นายการุณ กิตติสถาพร ผูทรงคุณวุฒิดานการประกันภัย
นายพยุงศกด ชาตสุทธผล ผูทรงคุณวุฒดานบรหารธุรกจ
นายโกวิทยโปษยานนท ผูทรงคุณวุฒิดานการเงิน
นางธาริษาวัฒนเกส ผูทรงคุณวุฒิดานเศรษฐศาสตร
บทบาท ภารกิจ สํานักงาน คปภ.
ศาสตราจารยพิเศษชูเกียรติ ประมูลผล ผูทรงคุณวุฒิดานการประกันภัย
นายการุณ กิตติสถาพร ผูทรงคุณวุฒิดานการประกันภัย
สํานักงานคณะกรรมการกํากับและสงเสริมการประกอบธุรกิจประกันภัย
มีลักษณะเปนหนวยงานของรัฐที่ไมเปน สวนราชการและไมเปนรัฐวิสาหกิจ มีฐานะเปนนิติ
บุคคล ทําหนาที่ดําเนินงานตามนโยบายที่กําหนดโดยคณะกรรมการกํากับและสงเสริมการประกอบธุรกิจ
ประกันภัย ตามภารกิจหลัก คือ การกํากับดูแล และสงเสริมพัฒนาธุรกิจประกันภัยใหมีประสิทธิภาพ
โปรงใส นาเชื่อถือ และคุมครองประชาชนใหไดรับสิทธิประโยชนจากการประกันภัยอยางครบถวน โดย
มีมาตรการหลักตามแผนพัฒนาการประกันภัย ฉบับที่",ประกันภัย,กฎหมาย คปภ.
oicpdf_00663,กฎหมายประกันภัย คปภ. 00663,"บริการหองสมุดสํานักงาน คปภ.
สามารถเขาใชงานสืบคนรายการหนังสือ
http://eservice.oic.or.th/eService/Search/Library/SearchLibrary.aspx
ติดตอหองสมุด
หองสมุดสํานักงาน คปภ. ชั้น 2 อาคารสถาบันวิทยาการประกันภัยระดับสูง ใหบริการขอมูลตาม
มาตรา 7 มาตรา 9 และมาตรา 11 แหงพระราชบัญญัติขอมูลขาวสารของราชการพ.ศ. 2540 และเอกสาร
ความรูดานการประกันภัยที่สําคัญซึ่งสํานักงาน คปภ. เผยแพรเปนประจํา
หองขอมูลขาวสารเปดใหบริการแกนักเรียน นิสิต นักศึกษาประชาชนทั่วไป หนวยงานตาง ๆ ทั้ง
ภาครัฐและเอกชน ตั้งแตวันจันทร-วันศุกรเวนวันหยุดธนาคาร ระหวางเวลา 8.30 น.-16.30 น.
หากตองการสอบถามรายละเอียดเพิ่มเติมโปรดติดตอหองสมุดสํานักงาน คปภ เลขที่ 22/79 ถนนรัชดาภิเษก
แขวงจันทรเกษม เขตจตุจักร กรุงเทพฯ 10900 โทรศัพท 0-2515-3999",ประกันภัย,กฎหมาย คปภ.
oicpdf_00664,กฎหมายประกันภัย คปภ. 00664,"ทานสามารถคลิ๊ก Link เพื่อเขาหาขอมูลกฎหมายไดจาก Link ขางลางนี้

กฎหมายการประกันชีวิต

กฎหมายประกันวินาศภัย

กฎหมายการประกันภัยรถยนต

พ.ร.บ. สํานักงาน คปภ.",ประกันภัย,กฎหมาย คปภ.
oicpdf_00697,กฎหมายประกันภัย คปภ. 00697,"หน้า ๓๐
เล่ม ๑๓๑ ตอนพิเศษ ๑๓๓ ง ราชกิจจานุเบกษา ๑๗ กรกฎาคม ๒๕๕๗
ประกาศคณะกรรมการกํากับและส่งเสริมการประกอบธุรกิจประกันภัย
เรื่อง หลักเกณฑ์ วิธีการ และเงื่อนไขในการรับเงิน การจ่ายเงิน การตรวจสอบ
และการควบคุมภายในของบริษัทประกันชีวิต
พ.ศ. ๒๕๕๗
ธุรกิจประกันภัยเป็นธุรกิจที่ตั้งอยู่บนพื้นฐานของความเชื่อมั่นและหลักความสุจริตใจต่อกันเป็นอย่างยิ่ง
และมีหน้าที่รับผิดชอบต่อผู้เอาประกันภัยและประชาชน เพื่อให้บริษัทประกันภัยมีระบบการบริหารจัดการ
หรือบรรษัทภิบาลที่ดี ส่งเสริมความมั่นคง มีความโปร่งใส และเสริมสร้างความเชื่อมั่นต่อผู้เอาประกันภัย
จึงเห็นควรกําหนดหลักเกณฑ์เกี่ยวกับการรับเงิน การจ่ายเงิน การตรวจสอบ และการควบคุมภายใน
เพื่อให้คณะกรรมการบริษัทประกันภัยมีบทบาทและหน้าที่รับผิดชอบในการจัดให้มีระบบการควบคุมภายใน
ที่มีประสิทธิภาพ สนับสนุนการตัดสินใจในการจัดการความเสี่ยงเพื่อป้องกันความเสียหายที่อาจเกิดขึ้นได้
อย่างทันกาล ซึ่งระบบการควบคุมภายในครอบคลุมถึงระบบการรับเงิน การจ่ายเงิน การตรวจสอบ
และการติดตามการปฏิบัติตามกฎหมาย โดยคณะกรรมการบริษัทและผู้บริหารระดับสูงมีหน้าที่ในการกําหนด
นโยบายเกี่ยวกับการควบคุมภายในและการบริหารความเสี่ยงที่บริษัทยอมรับได้ การจัดโครงสร้างองค์กร
การมอบหมายอํานาจหน้าที่และความรับผิดชอบ ระเบียบอํานาจดําเนินการ และการจัดสรรทรัพยากร
ทั้งด้านทรัพยากรบุคคล งบประมาณ และระบบเทคโนโลยีสารสนเทศให้เหมาะสมและเพียงพอ ในการนี้
บริษัทต้องจัดให้มีคณะกรรมการตรวจสอบที่เป็นอิสระ มีหน่วยงานตรวจสอบภายในและหน่วยงานดูแล
การปฏิบัติตามกฎหมาย เพื่อปฏิบัติงานสนับสนุนคณะกรรมการตรวจสอบ ซึ่งบริษัทสามารถว่าจ้าง
บุคคลภายนอกให้ปฏิบัติหน้าที่ในการตรวจสอบและติดตามการปฏิบัติตามกฎหมายได้ โดยคณะกรรมการบริษัท
ยังคงความรับผิดชอบในงานที่มอบหมายนั้นและต้องจัดให้มีระบบการควบคุมการปฏิบัติงาน การรายงาน
ที่มีประสิทธิภาพ และการดําเนินการปรับปรุงแก้ไขอย่างทันท่วงที
อาศัยอํานาจตามความในมาตรา ๓๘ (๑๑) แห่งพระราชบัญญัติประกันชีวิต พ.ศ. ๒๕๓๕
ซึ่งแก้ไขเพิ่มเติมโดยพระราชบัญญัติประกันชีวิต (ฉบับที่ ๒) พ.ศ. ๒๕๕๑ ประกอบกับมติที่ประชุม
คณะกรรมการกํากับและส่งเสริมการประกอบธุรกิจประกันภัย ครั้งที่ ๕/๒๕๕๖ เมื่อวันที่ ๒๒ มีนาคม
พ.ศ. ๒๕๕๖ คณะกรรมการกํากับและส่งเสริมการประกอบธุรกิจประกันภัยออกประกาศไว้ ดังต่อไปนี้
ข้อ ๑ ประกาศนี้เรียกว่า “ประกาศคณะกรรมการกํากับและส่งเสริมการประกอบธุรกิจประกันภัย
เรื่อง หลักเกณฑ์ วิธีการ และเงื่อนไขในการรับเงิน การจ่ายเงิน การตรวจสอบ และการควบคุมภายใน
ของบริษัทประกันชีวิต พ.ศ. ๒๕๕๗”
ข้อ ๒ ประกาศนี้ให้ใช้บังคับเมื่อพ้นกําหนดเก้าสิบวันนับแต่วันถัดจากวันประกาศในราชกิจจานุเบกษา
เป็นต้นไป
ข้อ ๓ ในประกาศนี้
หน้า ๓๑
เล่ม ๑๓๑ ตอนพิเศษ ๑๓๓ ง ราชกิจจานุเบกษา ๑๗ กรกฎาคม ๒๕๕๗
“นิติบุคคล” หมายความว่า บริษัทจํากัด บริษัทมหาชนจํากัด ห้างหุ้นส่วนจํากัด ห้างหุ้นส่วน
สามัญนิติบุคคล หรือนิติบุคคลอื่นซึ่งจัดตั้งขึ้นตามกฎหมายเฉพาะ หรือตามกฎหมายต่างประเทศ แต่ไม่รวมถึง
บริษัทตามกฎหมายว่าด้วยการประกันชีวิต และบริษัทตามกฎหมายว่าด้วยการประกันวินาศภัย
“บริษัท” หมายความว่า บริษัทที่ได้รับใบอนุญาตประกอบธุรกิจประกันชีวิตตามกฎหมายว่าด้วย
การประกันชีวิต และให้หมายความรวมถึงสาขาของบริษัทประกันชีวิตต่างประเทศที่ได้รับใบอนุญาต
ประกอบธุรกิจประกันชีวิตในราชอาณาจักรตามกฎหมายว่าด้วยการประกันชีวิต
“บริษัทใหญ่” หมายความว่า นิติบุคคลที่มีลักษณะใดลักษณะหนึ่ง ดังต่อไปนี้
(๑) นิติบุคคลที่มีอํานาจควบคุมกิจกา",ประกันภัย,กฎหมาย คปภ.
oicpdf_00707,กฎหมายประกันภัย คปภ. 00707,"ประกาศสํานกั งานคณะกรรมการกํากับและสงเสรมิ การประกอบธุรกิจประกนั ภัย
เรื่อง หลักเกณฑ วิธีการ และเงื่อนไข ในการขึ้นทะเบียนเปนตัวแทน และนายหนาขายกรมธรรม
ประกันชีวติ แบบยูนิเวอรแ ซลไลฟ (Universal Life Insurance)
พ.ศ. 2552
…………………………………
อาศัยอํานาจตามความในขอ 13 แหงประกาศคณะกรรมการกํากับและสงเสริมการ
ประกอบธุรกิจประกันภัย เรื่อง กําหนดหลักเกณฑ วิธีการออก การเสนอขายกรมธรรมประกันภัยและ
การปฏิบัติหนาที่ของตัวแทนประกันชีวิต นายหนาประกันชีวิต และธนาคาร พ.ศ.2551
ลงวันที่ 30 ธันวาคม พ.ศ.2551 นายทะเบียนออกประกาศไวดังนี้
ขอ 1. ใหยกเลิก
1.1 บทนิยามคําวา “ตัวแทนขายกรมธรรมประกันภัยแบบยูนิเวอรแซลไลฟ” ในขอ1 และ
ขอ 3 ขอ 4 สวนที่ 3 คุณสมบัติและลักษณะตองหามของตัวแทนขายกรมธรรมประกันภัยแบบยูนิเวอรแซลไลฟ
ขอ 11 ขอ 12 ขอ 13 ขอ 14 ขอ 17 ขอ 21 ขอ 24 ขอ 25 ขอ 26 และขอ 27 แหงประกาศนายทะเบียน
เรื่อง หลักเกณฑ วิธีการ และเงื่อนไขการออกและเสนอขายกรมธรรมประกันภัยแบบยูนิเวอรแซลไลฟ
(Universal Life Insurance) ลงวันที่ 9 พฤศจิกายน พ.ศ.2547
1.2 ประกาศนายทะเบียน เรื่อง หลักเกณฑ วิธีการ และเงื่อนไข ในการขอรับความเห็น
ชอบเปนตัวแทนขายกรมธรรมประกันภัยแบบยูนิเวอรแซลไลฟ ลงวันที่ 9 กุมภาพันธ พ.ศ.2548
1.3 ประกาศนายทะเบียน เรื่อง หลักเกณฑ วิธีการ และเงื่อนไข ในการออกและเสนอ
ขายกรมธรรมประกันภัยแบบยูนิเวอรแซลไลฟ (Universal Life Insurance) (ฉบับที่ 2) ลงวันที่ 9 กันยายน พ.ศ.
2548
ขอ 2. ในประกาศนี้
“กรมธรรมประกันชีวิตแบบยูนิเวอรแซลไลฟ” หมายความวา กรมธรรมประกันชีวิตที่
บริษัทประกันชีวิตออกใหแกผูเอาประกันภัย เพื่อเปนหลักฐานวาผูเอาประกันภัยและบริษัทประกันชีวิตไดมี
การทําสัญญาประกันชีวิต โดยมีขอตกลงวาผูเอาประกันภัยจะชําระเบี้ยประกันภัยที่ระบุในสัญญา รวมถึง
เบี้ยประกันภัยสวนที่เปนเงินออม (top-up) และบริษัทจะหักคาธรรมเนียมตางๆและคาความคุมครองตอ
การมรณกรรมจากกรมธรรมหรือความคุมครองอื่นๆและจะจายผลตอบแทนเปนคราวๆ (Crediting interest)
ตามที่ระบุในเอกสารประกอบการเสนอขาย โดยมีการรับประกันผลตอบแทนขั้นต่ํา
“ตัวแทนประกันชีวิตหรือนายหนาประกันชีวิตขายกรมธรรมประกันชีวิต
แบบยูนิเวอรแซลไลฟ” หมายความวา ตัวแทนประกันชีวิตหรือนายหนาประกันชีวิตที่ไดรับการขึ้นทะเบียนจาก
นายทะเบียนใหขายกรมธรรมประกันภัยแบบยูนิเวอรแซลไลฟ
“ขาย” หมายความวา การชักชวน ชี้ชอง หรือจัดการใหบุคคลทําสัญญาประกันชีวิต
กับบริษัท
- 2 -
ขอ 3. การขายกรมธรรมประกันชีวิตแบบยูนิเวอรแซลไลฟ ใหกระทําไดโดยตัวแทนประกันชีวิต
นายหนาประกันชีวิตขายกรมธรรมแบบยูนิเวอรแซลไลฟ ทั้งนี้บริษัทมีหนาที่กํากับดูแลใหตัวแทนปฏิบัติ
ใหเปนไปตามบทบัญญัติแหงพระราชบัญญัติประกันชีวิต พ.ศ. 2535 และที่แกไขเพิ่มเติม รวมถึงประกาศ
คําสั่ง และระเบียบที่เกี่ยวของ
สวนที่ 1
คุณสมบัตแิ ละลักษณะตอ งหามของตัวแทนประกันชีวิตหรือนายหนาประกันชีวติ
ขายกรมธรรมประกันชีวติ แบบยูนิเวอรแซลไลฟ 
ขอ 4. หามมิใหผูใดขายกรมธรรมประกันชีวิตแบบยูนิเวอรแซลไลฟ เวนแตเปนผูไดรับการ
ขึ้นทะเบียนเปนตัวแทนประกันชีวิตหรือนายหนาประกันชีวิตขายกรมธรรมประกันชีวิตแบบยูนิเวอรแซลไลฟ
ขอ 5. ผูขอความเห็นชอบเปนตัวแทนประกันชีวิตหรือนายหนาประกันชีวิตขายกรมธรรม
ประกันชีวิตแบบยูนิเวอรแซลไลฟตองมีคุณสมบัติดังตอไปนี้
5.1 เปนผูไดรับใบอนุญาตตัวแทนประกันชีวิตหรือนายหนาประกันชีวิตไมนอยกวา
6 เดือน
5.2 เปนผ",ประกันภัย,กฎหมาย คปภ.
oicpdf_00708,กฎหมายประกันภัย คปภ. 00708,".
.
c;>1Uft.
dlUf1~l\JYlru::f1""JJm,rllti\JU~::ri~La;JJ
m,u'::f1D\J~,i\~u,::ti\JiltJ(YluJ).)
u~~m ~dlif f)~lU ~ W~f)~~ ~ f)l~n 1 nu LLa~ ri~ Lf l'1 ~ m~u~~ f) fJU ij~n~u~~nuil u
,
L~fJ~ LLu um~ri~L1u fl~'\1U""lJ fJ~u'1ti'\1U~~nU~lw LLa~f)l~""lJ fJU1L1Ufl~'\1U
rilu~Lnu lU-ojlULtJUL1Ufl~'\1Udl'Hi'U~fJUfll~Ll1ifJUC9ifJ .,lu
.
Wl )J~~lif f)~lU ~ W::f)~~)J m~rll nu LLa:: ri~ Lfl~)J m~u~:: f) fJU D~n~u~~tluilU lrJ1
fJf Jf)U~::mY1 L~ fJ~ LLU U m ~ri~ L1U fl)J '\1U 'lJ fJ~U~,;""\1U~::tl'U:Si W LL~::f)l~'lJ a~l L~'Uf l)J'\1Uril'U~
Ln'Ul U-.jlfJL-I:J'UL~'U5)J'\1U~1""""::;U~aUfll)JL(1)a'Uvia ., ltJ a~l'U~ 3 L)J'\::IlfJ'U 25511tJLLalJ'U
.
L~ a~~l f) ~l if f)~1'U ~ ru:: f)~~)J m ~rll tl U LLa::ri~ L5~)Jm~U~~ f) auD~n~u~::tl'UiI U
lrJ1LLf)1'lJLLuum~rl~L~'U5)J'\1U L~ a 111L-I:J1'U t JV\1)J~11)J 1 'U-iia 8 LL~ ~U~~mY1~ru::f)~~)Jm~rllnu
.
LLa::rl~L5~)J m~tJ~::f) auD~n~u~::tl'UilfJ L~ a~ 'Hi ( f) Lf) ruotf i5m~ LL~:: -li V\~l L~'U5)J'\1U~U~,;""\1
.
tJ~::tl'U~iV\ rJIa ~~l rl~ 111 LLn ~l if f)~1'U ~ w~ f)~~)J f)l~rll flU Lta::rl~ L5'1)J f)l~U~::f) a U D~n~
tJ~::n'UilfJ a~l'U~ 22 )Jf)~1~)J 2551 ~~aaf)tJ~::mY1rll""""'UV\ttUUm~rl~L~'U5)J'\1U1:1~u1'H~
V\1)J LLU U~ LL'U UYll fJiI m f)U~,;""\11~a1 ~11)JU~::fl~ ~1 iiLL UU m~ri~ L~'U5 )J'\1U L&i)Jn fi'~51 )Jl~tl1 'lflrJ1
~~i'U\J 2551
"" """" ""
..,,~ijvr~LLvi~~ijL -I:J'UrJI1'Uu
ii'~ ru l'U~ 11 L(1)a'U tl'UfJlfJ'U ~.Y1. 2551
~'"" 7$7 (
~ ..
('Ul~~'U'\1~l u~rutlf)'\::I)
OJ
La'lJ15m~
แบบนาํ ส่งเงินสมทบ สาํ หรบั เจา้ พนกั งาน
คปภ.
ของบริษทั ประกนั ชีวิต เลขทะเบยี นรับ............................ผู้รับ.................................................
สาํนักงานคณะกรรมการกาํกับและส่งเสริม
การประกอบธุรกิจประกันภัย(คปภ.)
ก. ผูป้ ระกอบการ ใบเสรจ็ รับเงินเลขท่.ี.............................เล่มท่.ี.......................................
บริษัท................................................................................................ ลงวนั ท่.ี.............................................................................................
ท่ตี ้งั สาํ นักงาน..................................................................................... จาํ นวนเงิน...................................................................................บาท
........................................................................................................ (.....................................................................................................)
........................................................................................................ ลงช่ือ................................................................................................
โทรศัพท.์..................................... โทรสาร........................................... วนั ท่.ี................................................................................................
ข. การย่ืนเงินสมทบประจําไตรมาสท่ี ............./ พ.ศ. ................
ย่ืนปกติ ย่ืนเพ่ิมเตมิ คร้ังท่.ี..............
ภายในกาํ หนด เกนิ กาํ หนดเวลา
ค. การคํานวณเงินสมทบ
ใช้เกณฑส์ ทิ ธใิ นการคาํ นวณเบ้ียประกน",ประกันภัย,กฎหมาย คปภ.
oicpdf_00710,กฎหมายประกันภัย คปภ. 00710,"หน้า ๑๙
เล่ม ๑๒๘ ตอนพิเศษ ๖๒ ง ราชกิจจานุเบกษา ๓ มิถุนายน ๒๕๕๔
ประกาศคณะกรรมการกํากบั และส่งเสริมการประกอบธุรกิจประกันภยั
เรื่อง การลงทุนประกอบธุรกิจอื่นของบริษัทประกันวินาศภัย (ฉบับที่ ๒)
พ.ศ. ๒๕๕๔
ตามที่ได้มีประกาศกระทรวงพาณิชย์ เรื่อง การลงทุนประกอบธุรกิจอื่นของบริษัทประกัน
วินาศภัย ลงวันที่ ๑๗ พฤศจิกายน พ.ศ. ๒๕๔๗ และต่อมาได้มีประกาศคณะกรรมการกํากับ
และส่งเสริมการประกอบธุรกิจประกันภัย เรื่อง การลงทุนประกอบธุรกิจอื่นของบริษัทประกันวินาศภัย
พ.ศ. ๒๕๕๓ กําหนดประเภทการลงทุนที่ให้บริษัทประกันวินาศภัยสามารถลงทุนเพิ่มเติมได้ นั้น
อาศัยอํานาจตามความในมาตรา ๒๘ แห่งพระราชบัญญัติประกันวินาศภัย พ.ศ. ๒๕๓๕
และมาตรา ๓ (๑) แห่งพระราชบัญญัติคณะกรรมการกํากับและส่งเสริมการประกอบธุรกิจประกันภัย
พ.ศ. ๒๕๕๐ ประกอบมติที่ประชุมคณะกรรมการกํากับและส่งเสริมการประกอบธุรกิจประกันภัย
ครั้งที่ ๑๒/๒๕๕๓ เมื่อวันที่ ๑๗ พฤศจิกายน พ.ศ. ๒๕๕๓ และครั้งที่ ๓/๒๕๕๔ เมื่อวันที่
๒๒ มีนาคม พ.ศ. ๒๕๕๔ คณะกรรมการกํากับและส่งเสริมการประกอบธุรกิจประกันภัย
จึงออกประกาศไว้ ดังต่อไปนี้
ข้อ ๑ ประกาศนี้เรียกว่า “ประกาศคณะกรรมการกํากับและส่งเสริมการประกอบธุรกิจ
ประกันภัย เรื่อง การลงทุนประกอบธุรกิจอื่นของบริษัทประกันวินาศภัย (ฉบับที่ ๒) พ.ศ. ๒๕๕๔”
ข้อ ๒ ประกาศนี้ให้ใช้บังคับตั้งแต่วันถัดจากวันประกาศในราชกิจจานุเบกษาเป็นต้นไป
ข้อ ๓ ให้เพิ่มบทนิยามคําว่า “การทําธุรกิจติดต่อหรือแนะนําบริการของบริษัทหลักทรัพย์”
ระหว่างคําว่า “งานสนับสนุน” และ “อันดับความน่าเชื่อถือ” ในข้อ ๒ แห่งประกาศกระทรวง
พาณิชย์ เรื่อง การลงทุนประกอบธุรกิจอื่นของบริษัทประกันวินาศภัย ลงวันที่ ๑๗ พฤศจิกายน
พ.ศ. ๒๕๔๗
““การทําธุรกิจติดต่อหรือแนะนําบริการของบริษัทหลักทรัพย์” หมายความว่า การเผยแพร่
ข้อมูลและบริการของบริษัทหลักทรัพย์ให้แก่ลูกค้า และติดต่อชักชวนลูกค้าให้มาใช้บริการของบริษัท
หลักทรัพย์ เช่น การเปิดบัญชีเพื่อซื้อขายหลักทรัพย์กับบริษัทหลักทรัพย์รวมถึงการแจก รวบรวม
ตรวจสอบเอกสารคําขอ และหลักฐานประกอบในการเปิดบัญชีซื้อขายหลักทรัพย์”
ข้อ ๔ ให้เพิ่มความต่อไปนี้เป็น (๓๐) ของข้อ ๓ แห่งประกาศกระทรวงพาณิชย์ เรื่อง
การลงทุนประกอบธุรกิจอื่นของบริษัทประกันวินาศภัย ลงวันที่ ๑๗ พฤศจิกายน พ.ศ. ๒๕๔๗
“(๓๐) การทําธุรกิจติดต่อหรือแนะนําบริการของบริษัทหลักทรัพย์”
ข้อ ๕ ให้ยกเลิกความใน (๘) ของข้อ ๔ แห่งประกาศกระทรวงพาณิชย์ เรื่อง การลงทุน
ประกอบธุรกิจอื่นของบริษัทประกันวินาศภัย ลงวันที่ ๑๗ พฤศจิกายน พ.ศ. ๒๕๔๗ และให้ใช้ความ
ต่อไปนี้แทน
หน้า ๒๐
เล่ม ๑๒๘ ตอนพิเศษ ๖๒ ง ราชกิจจานุเบกษา ๓ มิถุนายน ๒๕๕๔
“(๘) ซื้อพันธบัตร หุ้นกู้ หรือตั๋วเงิน ซึ่งออกหรือค้ําประกันโดยองค์กรระหว่างประเทศ
รัฐบาลต่างประเทศ หรือรัฐวิสาหกิจต่างประเทศ หรือนิติบุคคลที่จัดตั้งขึ้นตามกฎหมายต่างประเทศ
โดยหลักทรัพย์ดังกล่าวได้รับอนุญาตจากกระทรวงการคลังหรือสํานักงานคณะกรรมการกํากับหลักทรัพย์
และตลาดหลักทรพั ย์แล้วแต่กรณีให้ออกหรือเสนอขายในประเทศไทย”
ข้อ ๖ ให้เพิ่มความต่อไปนี้เป็นข้อ ๕/๑ และข้อ ๕/๒ แห่งประกาศกระทรวงพาณิชย์
เรื่อง การลงทุนประกอบธุรกิจอื่นของบริษัทประกันวินาศภัย ลงวันที่ ๑๗ พฤศจิกายน พ.ศ. ๒๕๔๗
“ข้อ ๕/๑ บริษัทที่มีอัตราส่วนเงินกองทุนต่อเงินกองทุนที่ต้องดํารงตามกฎหมายน้อยกว่า
ร้อยละสามร้อย ห้ามมิให้ลงทุนประกอบธุรกิจดังต่อไปนี้ จนกว่าจะสามารถดํารงอัตราส่วนเงินกองทุน
ต่อเงินกองทุนที่ต้องดํารงตามกฎหมายไม่น้อยกว่าร้อยละสามร้อยติดต่อกันเป็นเวลาสามเดือน
(๑) ซื้อหุ้น ตามข้อ ๓ (๘)",ประกันภัย,กฎหมาย คปภ.
oicpdf_00711,กฎหมายประกันภัย คปภ. 00711,"..'
(-all1Jl)
u'j~m~n'j)Jm'ju'j~n'UJifJ
L~f)~ v "" ""
m 'jt9if )r Jll'Um 'jvJ f) n L~ 'UL L~~m 'j f.) .(i""JV I'U'U'nl~m 'j L~ 'U LLfi rofri f) m'ji'lfJ 1 'UD. 'jtiOJ:U'j~n 'U?1i{iJ
.
L~ f)cl~L~~)J l"";D'jtiOJ:u'j~n'U?1i{iJ~)Jl{iJ'jm'j 1 'Um'j,jf)~n'ULL~~u'jlUU'jl)Jm'jvJf)nL~'U
.
LL~~m'jt9if)rJll'Um'j~iiu~'U'U'nl~m'jL~'ULLfim'jfif)m'ji'lfJ (Anti-Money Laundering and Combating
the Financing of Terrorism: AML/CFT) Lft:J1'UU {iJl)J)Jl~'j~1'U~ln~LL~~L~f)u.tiu&i~1)JU'j~m~
n'j)Jm'ju'j~n'UJifJ L~f)~LL'U1'nl~u.tiu&il'Um'jrllnUVJLL~tiOJ:m'j~vi'lJf)~u~';;'nu'j~n'Uj{fJ (\lUU~ 2)
~~i'U~ 25 n'UfJlfJ'U 254 9 1..;rllVl'U{iJLL'U1'nl~u.tiu&i~lVl:;um'jrllnum'ju.tiu&i~1'U'lJf)~U~';;'nu'j~n'Uj{fJ
Lft :J11. UJ ~l )J)Jl~'jm'j,j f.)~.n'ULL~~U'jlUU'jl)Jm'jm'jvJ f)n L~1.JL~ f)~'U 1fJUlfJm'ju.tiu&i~1)JVI fin LntUi m'ji'oJ'n
~vn Al/m'j~'j10J:~f)ULWf)'n'jlu-lif)L,10J:0J:~~LnfJ1nU~n""Al (Know Your Customer/Customer Due Diligence:
KYC/CDD) 'lJf)~~f11u'Um'jL~1.J (Financial Institutions) LL~~VlU1fJq'jtiOJV: I'if)~tJ'j~nf)Ui'l)""1?1'W~1)J1-d
~f11u'Um'jL~'U (Designated Non-Financial Businesses and Professions,DNFBP) f1tU~-.11~1'UL~'1fJ)J
f111)J'Wi'f))J1f1'j~m'j Reports on the Observance of Standards and Codes rJll'U Anti-Money Laundering
and Combating the Financing of Terrorism: AML/CFT 'lJf)~U~';;'nu'j~n'UJifJa1.Ju'j~nf)uf/l1fJ~LL'n1.J
..v ""
I
LLfi""ro rff)i m'ji'lfJ 1 'UD.'jtiOJ:u'j~n'U?1i~ L~~O~J:fLJU i'f)fJLL-a1
f) 5U vi n'j)J m'ju 'j~n'Uj{ fJ~~L \ 1'U~)Jf 11'jU'j~ m ~VI.an Lnt Usv'f-1,U11 L ~ fJ1n um'ji""o""J'n 1?i'1~'U
"" "" ..
m'jL~'ULLfi r""o rffi) m'ji'lfJ 1 'U.D'jtiOJ:u'j~n'U-Hi~l?i'~n~111..;u~';;'nu'j~n'U?1i~ f) f) Lft :J'UL'UL1 'nl~u.tiu&i1{iJfJil10'U
oJ Of .%
~l)J'nLL1 .JU'nlfJU'j~m ~'U
u'j~m~ tU i1.J~ 1 3 n:w. 2550
~JI{
('Ul~'oJ'1.J'n'\jl! 'jtUqnM)
f)5uvin'j)Jm'ju'j~n1.JJifJ
,
c.c "",:
การประกันชีวิต
หลักเกณฑทั่วไปเกี่ยวกับนโยบายการรูจักตัวตนลูกคาและการตรวจสอบเพื่อทราบขอเท็จจริงเกยี่ วกบั ลูกคา
เพื่อการตอตานการฟอกเงิน
และการอุดหนุนทางการเงนิ แกผูกอการราย
หัวขอ หนา
1. คํานําและความเปนมา 2
2. ลักษณะของการฟอกเงิน 2
3. ลักษณะการเขา-ออกของเงินในธุรกิจประกันชีวิต 3
4. โอกาสในการใชธ ุรกิจประกันชีวิตเปนชองทางในกระบวนการฟอกเงิน 4
5. การพิสูจนทราบลูกคาสาํ หรับธุรกิจประกันชีวิต 4
6. การรูจักตัวตนลกู คาและตรวจสอบเพื่อทราบขอเท็จจริงเกี่ยวกับลูกคา (KYC/CDD) 5
7. การประเมินความเสยี่ งของลูกคา 5
8. การตรวจสอบเพื่อทราบขอเท็จจริงเกี่ยวกับลกู คาเพิ่มเตมิ (Enhanced CDD) 7
9. ระบบงานสนับสนุน 7
10. การรายงานธุรกรรมที่มีเหตุอันควรสงสัย (STR) 8
11. การจัดเก็บเอกสารและขอมูล 9
ภาคผนวก หนา
ก. คํายอ 11
ข. ตัวอยางของธุรกรรมที่มคี วามผดิ ปกต ิ 12
ค. กลมุ ประเทศที่มคี วามเสยี่ งสูง 13
ง. สรุปยอกระบวนการรายงานธุรกรรมที่มีเหตุอันควรสงสัย 14
หลักเกณฑทั่วไปเกี่ยวกับ
การรูจักตัวตนลกู คาและการตรวจสอบเพื่อทราบขอเท็จจริงเกี่ยวกับลกู คา
เพื่อการตอตานการฟอกเงิน
และการอุดหนุนทางการเงินแกผกู อการรายในธุรกิจประกันชีวิต
1. คํานําและความเปนมา
1.1 การฟอกเงินถือเปนอาชญากรรมระหวางประเทศ ซึ่งนานาประเทศไดใหความสําคัญเปนอยางยิ่ง โดยคณะทํางานเฉพาะกิจเพื่อดําเนินมาตรการ
ทางการเงินเ",ประกันภัย,กฎหมาย คปภ.
oicpdf_00714,กฎหมายประกันภัย คปภ. 00714,"-1-
ท้ายประกาศนายทะเบียน
เรื่อง หลักเกณฑ์การให้ความเห็นชอบแบบและข้อความการจ่ายผลประโยชน์ตามสัญญาตะกาฟุล
และอัตราเงินสมทบตะกาฟุลของสัญญาตะกาฟุล ที่ช าระเงินสมทบตะกาฟุลครั้งเดียว
พ.ศ. 2557
หลักเกณฑ์การให้ความเห็นชอบแบบและข้อความการจ่ายผลประโยชน์ตามสัญญาตะกาฟุล
และอัตราเงินสมทบตะกาฟุลของสัญญาตะกาฟุล ที่ช าระเงินสมทบตะกาฟุลครั้งเดียว พ.ศ. 2557 ท้ายประกาศ
นายทะเบียน ประกอบด้วย
1. หมวดที่ 1 หลักเกณฑ์การให้ความเห็นชอบแบบและข้อความการจ่ายผลประโยชน์ ตาม
สัญญาตะกาฟุล และอัตราเงินสมทบตะกาฟุลของสัญญาตะกาฟุล ที่ช าระเงินสมทบตะกาฟุลครั้งเดียว แบบสะสม
ทรัพย์ แบบตลอดชีพ และแบบชั่วระยะเวลา
1) ส่วนที่ 1 ข้อก าหนดการจ่ายผลประโยชน์ตามสัญญาตะกาฟุล
2) ส่วนที่ 2 องค์ประกอบในการก าหนดอัตราเงินสมทบตะกาฟุล
3) ส่วนที่ 3 สมุดอัตราเงินสมทบตะกาฟุล
4) ส่วนท ี่ 4 แบบและข้อความของสรุปสาระส าคัญโดยย่อ และข้อก าหนดการจ่าย
ผลประโยชน์ตามสัญญาตะกาฟุล
2. หมวดที่ 2 หลักเกณฑ์การให้ความเห็นชอบแบบและข้อความการจ่ายผลประโยชน์ ตาม
สัญญาตะกาฟุล และอัตราเงินสมทบตะกาฟุลของสัญญาตะกาฟุล ที่ช าระเงินสมทบตะกาฟุลครั้งเดียว แบบ
คุ้มครองสินเชื่อ
1) ส่วนที่ 1 ข้อก าหนดการจ่ายผลประโยชน์ตามสัญญาตะกาฟุล
2) ส่วนที่ 2 องค์ประกอบในการก าหนดอัตราเงินสมทบตะกาฟุล
3) ส่วนที่ 3 สมุดอัตราเงินสมทบตะกาฟุล
4) ส่วนที่ 4 แบบและข้อความของสรุปสาระส าคัญโดยย่อ และข้อก าหนดการจ่าย
ผลประโยชน์ตามสัญญาตะกาฟุล
3. หมวดที่ 3 การยื่นขอรับความเห็นชอบแบบและข้อความการจ่ายผลประโยชน์ตามสัญญา
ตะกาฟุล และอัตราเงินสมทบตะกาฟุล
-2-
หมวดที่ 1
หลักเกณฑ์การให้ความเห็นชอบแบบและข้อความการจ่ายผลประโยชน์ตามสัญญาตะกาฟุล
และอัตราเงินสมทบตะกาฟุลของสัญญาตะกาฟุล ที่ช าระเงินสมทบตะกาฟุลครั้งเดียว
แบบสะสมทรัพย์ แบบตลอดชีพ และแบบชั่วระยะเวลา
ส่วนที่ 1
ข้อก าหนดการจ่ายผลประโยชน์ตามสัญญาตะกาฟุล
ข้อ 1 ข้อก าหนดการจ่ายผลประโยชน์ตามสัญญาตะกาฟุล
(1) การก าหนดผลประโยชน์กรณีคุ้มครองการเสียชีวิต ให้บริษัทจ่ายผลประโยชน์กรณี
เสียชีวิตเป็นจ านวนเงินหลักประกันตะกาฟุล หรือเงินสมทบตะกาฟุลที่ช าระครั้งเดียว หรือเงินค่าเวนคืน
ตะกาฟุลแล้วแต่จ านวนใดจะมากกว่า
(2) การก าหนดผลประโยชน์กรณีมีชีวิตอยู่รอด (pure endownment) ห้ามก าหนดการ
จ่ายผลประโยชน์กรณีมีชีวิตอยู่รอด (pure endownment) อย่างเดียวโดยไม่มีการก าหนดผลประโยชน์กรณี
เสียชีวิต
-3-
ส่วนที่ 2
องค์ประกอบในการก าหนดอัตราเงินสมทบตะกาฟุล
ข้อ 2 การก าหนดอัตราเงินสมทบตะกาฟุลที่ใช้ส าหรับสัญญาตะกาฟุล ประเภทสามัญ
แบบสะสมทรัพย์ แบบตลอดชีพ และแบบชั่วระยะเวลา ส าหรับชีวิตเดี่ยว (single life) ที่ช าระเงินสมทบตะกาฟุล
ครั้งเดียว มีองค์ประกอบดังต่อไปนี้
(1) ให้ใช้อัตรามรณะร้อยละหนึ่งร้อยของอัตรามรณะตามตารางมรณะไทย 2551
ประเภทสามัญ แยกตามเพศ
(2) ให้ใช้อัตราค่าด าเนินการไม่ต่ ากว่าร้อยละสองต่อปีในการค านวณอัตราเงินสมทบ
ตะกาฟุล โดยมีสมมุติฐานกรณีให้จ่ายผลประโยชน์ ณ วันครบรอบปีสัญญาตะกาฟุล
(3) ให้ใช้อัตราค่าใช้จ่ายดังต่อไปนี้
(ก) สัญญาตะกาฟุล ที่ช าระเงินสมทบตะกาฟุลครั้งเดียว แบบตลอดชีพ และแบบ
สะสมทรัพย์ ให้ใช้อัตราค่าใช้จ่ายไม่เกินร้อยละสิบแปด ของอัตราเงินสมทบตะกาฟุล
(ข) สัญญาตะกาฟุล ที่ช าระเงินสมทบตะกาฟุลครั้งเดียว แบบชั่วระยะเวลา ให้ใช้
อัตราค่าด าเนินการไม่เกินร้อยละสี่สิบ ของอัตราเงินสมทบตะกาฟุลช าระเงินสมทบตะกาฟุลครั้งเดียว ส าหรับ
เพศชาย และไม่เกินร้อยละสี่สิบห้า ของอัตราเงินสมทบตะกาฟุลช าระเงินสมทบตะกาฟุลครั้งเดียว ส าหรับ
เพ",ประกันภัย,กฎหมาย คปภ.
oicpdf_00722,กฎหมายประกันภัย คปภ. 00722,"หน้า ๑๑๙
เล่ม ๑๓๐ ตอนพิเศษ ๑๖๒ ง ราชกิจจานุเบกษา ๒๒ พฤศจิกายน ๒๕๕๖
คําสั่งกระทรวงการคลัง
ที่ ๑๓๘๙/๒๕๕๖
เรื่อง ให้เลิกควบคุมบริษัท ฟินันซ่าประกันชีวิต จํากัด
ตามที่รัฐมนตรีว่าการกระทรวงการคลัง มีคําสั่งกระทรวงการคลัง ที่ ๔๗๗/๒๕๕๓ ลงวันที่
๒๖ เมษายน ๒๕๕๓ ให้ควบคุมบริษัท ฟินันซ่าประกันชีวิต จํากัด เนื่องจากบริษัท ฟินันซ่าประกันชีวิต
จํากัด ไม่สามารถแก้ไขฐานะหรือการดําเนินการเพื่อให้มีเงินกองทุนครบถ้วนตามท่ีกฎหมายกําหนด
จนถึงปัจจุบันฐานะและการดําเนินงานของบริษัทก็ยังไม่ดีขึ้น และคําสั่งกระทรวงการคลัง ที่ ๔๗๘/๒๕๕๓
ลงวันที่ ๒๖ เมษายน ๒๕๕๓ แต่งตั้งคณะกรรมการควบคุมบริษัท ฟินันซ่าประกันชีวิต จํากัด
เพื่อทําหน้าที่ดําเนินกิจการของบริษัทตามที่กฎหมายกําหนด นั้น
บัดนี้ คณะกรรมการควบคุมบริษัท ฟนิ ันซ่าประกันชีวิต จํากัด ได้รายงานว่า บริษัท ฟินันซ่า
ประกันชีวิต จํากัด สามารถดําเนินการแก้ไขปัญหาฐานะการเงินและการดําเนินการของบริษัท ฟินันซ่า
ประกันชีวิต จํากัด ให้กลับอยู่ในภาวะปกติ และสามารถดําเนินธุรกิจต่อไปได้ สมควรยกเลิก
การควบคุมบริษัทได้
อาศัยอํานาจตามความในมาตรา ๖๑ แห่งพระราชบัญญัติประกันชีวิต พ.ศ. ๒๕๓๕
และมาตรา ๖ แห่งพระราชบัญญัติประกันชีวิต พ.ศ. ๒๕๓๕ แก้ไขเพิ่มเติมโดยพระราชบัญญัติประกันชีวิต
(ฉบับที่ ๒) พ.ศ. ๒๕๕๑ รัฐมนตรีว่าการกระทรวงการคลังพิจารณาแล้วเห็นสมควร จึงสั่งให้เลิก
การควบคุมบริษัท ฟินันซ่าประกันชีวิต จํากัด
ทั้งนี้ เมื่อพ้นกําหนดสามวันทําการ นับแต่วันที่ลงนามในคําสั่งนี้
สั่ง ณ วันที่ ๒๑ ตุลาคม พ.ศ. ๒๕๕๖
กิตติรัตน์ ณ ระนอง
รัฐมนตรีว่าการกระทรวงการคลัง",ประกันภัย,กฎหมาย คปภ.
oicpdf_00730,กฎหมายประกันภัย คปภ. 00730,"หน้า ๒๕
เล่ม ๑๒๘ ตอนพิเศษ ๖๒ ง ราชกิจจานุเบกษา ๓ มิถุนายน ๒๕๕๔
ประกาศคณะกรรมการกํากบั และส่งเสริมการประกอบธุรกิจประกันภยั
เรื่อง การลงทุนประกอบธุรกิจอื่นของบริษัทประกันชีวิต (ฉบับที่ ๒)
พ.ศ. ๒๕๕๔
ตามที่ได้มีประกาศกระทรวงพาณิชย์ เรื่อง การลงทุนประกอบธุรกิจอื่นของบริษัทประกันชีวิต
ลงวันที่ ๒๐ ตุลาคม พ.ศ. ๒๕๔๗ และต่อมาได้มีประกาศคณะกรรมการกํากับและส่งเสริม
การประกอบธุรกิจประกันภัย เรื่อง การลงทุนประกอบธุรกิจอื่นของบริษัทประกันชีวิต พ.ศ. ๒๕๕๓
กําหนดประเภทการลงทุนท่ใี ห้บริษัทประกันชีวิตสามารถลงทุนเพิ่มเติมได้ นั้น
อาศัยอํานาจตามความในมาตรา ๒๘ แห่งพระราชบัญญัติประกันชีวิต พ.ศ. ๒๕๓๕
และมาตรา ๓ (๒) แห่งพระราชบัญญัติคณะกรรมการกํากับและส่งเสริมการประกอบธุรกิจประกันภัย
พ.ศ. ๒๕๕๐ ประกอบมติที่ประชุมคณะกรรมการกํากับและส่งเสริมการประกอบธุรกิจประกันภัย
ครั้งที่ ๑๒/๒๕๕๓ เมื่อวันที่ ๑๗ พฤศจิกายน พ.ศ. ๒๕๕๓ และครั้งที่ ๓/๒๕๕๔ เมื่อวันที่
๒๒ มีนาคม พ.ศ. ๒๕๕๔ คณะกรรมการกํากับและส่งเสริมการประกอบธุรกิจประกันภัย
จึงออกประกาศไว้ ดังต่อไปนี้
ข้อ ๑ ประกาศนี้เรียกว่า “ประกาศคณะกรรมการกํากับและส่งเสริมการประกอบธุรกิจ
ประกันภัย เรื่อง การลงทุนประกอบธุรกิจอื่นของบริษัทประกันชีวิต (ฉบับที่ ๒) พ.ศ. ๒๕๕๔”
ข้อ ๒ ประกาศนี้ให้ใช้บังคับตั้งแต่วันถัดจากวันประกาศในราชกิจจานุเบกษาเป็นต้นไป
ข้อ ๓ ให้เพิ่มบทนิยามคําว่า “การทําธุรกิจติดต่อหรือแนะนําบริการของบริษัทหลักทรัพย์”
ระหว่างคําว่า “งานสนับสนุน” และ “อันดับความน่าเชื่อถือ” ในข้อ ๒ แห่งประกาศกระทรวง
พาณิชย์ เรื่อง การลงทุนประกอบธุรกิจอื่นของบริษัทประกันชีวิต ลงวันที่ ๒๐ ตุลาคม พ.ศ. ๒๕๔๗
““การทําธุรกิจติดต่อหรือแนะนําบริการของบริษัทหลักทรัพย์” หมายความว่า การเผยแพร่
ข้อมูลและบริการของบริษัทหลักทรัพย์ให้แก่ลูกค้า และติดต่อชักชวนลูกค้าให้มาใช้บริการของบริษัท
หลักทรัพย์ เช่น การเปิดบัญชีเพื่อซื้อขายหลักทรัพย์กับบริษัทหลักทรัพย์รวมถึงการแจก รวบรวม
ตรวจสอบเอกสารคําขอ และหลักฐานประกอบในการเปิดบัญชีซื้อขายหลักทรัพย์”
ข้อ ๔ ให้เพิ่มความต่อไปนี้เป็น (๓๘) ของข้อ ๓ แห่งประกาศกระทรวงพาณิชย์ เรื่อง
การลงทุนประกอบธุรกิจอื่นของบริษัทประกันชีวิต ลงวันที่ ๒๐ ตุลาคม พ.ศ. ๒๕๔๗
“(๓๘) การทําธุรกิจติดต่อหรือแนะนําบริการของบริษัทหลักทรัพย์”
ข้อ ๕ ให้ยกเลิกความใน (๘) ของข้อ ๔ แห่งประกาศกระทรวงพาณิชย์ เรื่อง การลงทุน
ประกอบธุรกิจอื่นของบริษัทประกันชีวิต ลงวันที่ ๒๐ ตุลาคม พ.ศ. ๒๕๔๗ และให้ใช้ความต่อไปนี้แทน
“(๘) ซื้อพันธบัตร หุ้นกู้ หรือตั๋วเงิน ซึ่งออกหรือค้ําประกันโดยองค์กรระหว่างประเทศ
รัฐบาลต่างประเทศ หรือรัฐวิสาหกิจต่างประเทศ หรือนิติบุคคลที่จัดตั้งขึ้นตามกฎหมายต่างประเทศ
โดยหลักทรัพย์ดังกล่าวได้รับอนุญาตจากกระทรวงการคลังหรือสํานักงานคณะกรรมการกํากับหลักทรัพย์
และตลาดหลักทรัพย์แล้วแต่กรณีให้ออกหรือเสนอขายในประเทศไทย”
หน้า ๒๖
เล่ม ๑๒๘ ตอนพิเศษ ๖๒ ง ราชกิจจานุเบกษา ๓ มิถุนายน ๒๕๕๔
ข้อ ๖ ให้เพิ่มความต่อไปนี้เป็นข้อ ๕/๑ และข้อ ๕/๒ แห่งประกาศกระทรวงพาณิชย์
เรื่อง การลงทุนประกอบธุรกิจอื่นของบริษัทประกันชีวิต ลงวันที่ ๒๐ ตุลาคม พ.ศ. ๒๕๔๗
“ข้อ ๕/๑ บริษัทที่มีอัตราส่วนเงินกองทุนต่อเงินกองทุนที่ต้องดํารงตามกฎหมายน้อยกว่า
ร้อยละสามร้อย ห้ามมิให้ลงทุนประกอบธุรกิจดังต่อไปนี้ จนกว่าจะสามารถดํารงอัตราส่วนเงินกองทุน
ต่อเงินกองทุนที่ต้องดํารงตามกฎหมายไม่น้อยกว่าร้อยละสามร้อยติดต่อกันเป็นเวลาสามเดือน
(๑) ซื้อหุ้น ตามข้อ ๓ (๘)
(๒) ซื้อหน่วยลงทุน ตามข้อ ๓ (๘) เว้นแต่หน่วยลง",ประกันภัย,กฎหมาย คปภ.
oicpdf_00776,กฎหมายประกันภัย คปภ. 00776,"ตว.1
รูปถายขนาด
2.5 X 3 ซม.
จํานวน 2 รูป
(ถายไมเกิน 6 เดือน)
คําขอรับใบอนุญาตเปนตวั แทนประกนั วินาศภัย
(...) ขอรับครั้งแรก (...) ขาดตอขอรับใบอนุญาตใหม (...) ขอรับมากกวาหนึ่งบริษัท (...) ยายบริษัท (...) ใบแทนใบอนุญาต
เขียนท.ี่.......................................................................
วันที่..............เดือน..................................พ.ศ. ........................
เรียน นายทะเบียน
เลขประจําตวั ประชาชน
1. ขาพเจา..................................................
นามสกุล................................................
2. ขอรับใบอนุญาตเปน
( ) ตัวแทนประกันวินาศภยั
( ) ตัวแทนประกันวินาศภยั ประเภทสุขภาพและอุบตั เิ หตุสว นบุคคล
( ) ตัวแทนประกันวินาศภยั ประเภทประกันภัยความคมุ ครองตามพระราชบัญญัตคิ ุมครองผูประสบภัยจากรถ
( ) ตัวแทนประกันวินาศภยั สําหรับการประกันภัยรายยอย
ของบริษทั ..................................................................................................................................................
3. ที่อยูตามสาํ เนาทะเบียนบาน เลขที่.............หมูที่.................... ตรอก/ซอย....................................................
ถนน..................................... ตําบล/แขวง......................................อําเภอ/เขต............................................
จังหวัด....................... รหัสไปรษณีย.......................
4. ที่อยูที่สามารถติดตอได เลขที่.............หมูที่.................... ตรอก/ซอย............................................................
ถนน...................................... ตําบล/แขวง.....................................อําเภอ/เขต............................................
จังหวัด.................................................... รหัสไปรษณีย...................................โทรศัพท.............................
โทรศัพทเคลอื่ นที่...................................................e-mail…………………………………...…………..…..
5. วุฒิการศึกษาระดับ (cid:137) ต่ํากวาปริญญาตรี (cid:137) ปรญิ ญาตรี (cid:137) สูงกวาปริญญาตรี
6. ขอรับรองวา ขาพเจามีคุณสมบัติดังน ี้
6.1 บรรลุนติ ภิ าวะ
6.2 มีภูมิลําเนาในประเทศไทย
6.3 ไมเปนคนวิกลจรติ หรอื จิตฟนเฟอนไมสมประกอบ
6.4 ไมเคยตองโทษจําคุกโดยคําพิพากษาถึงที่สุดใหจําคุกในความผดิ เกี่ยวกับทรพั ยที่กระทําโดยทุจริต
เวนแตไดพนโทษมาแลว ไมน อยกวาหาปก อนวันขอรับใบอนุญาต
6.5 ไมเปน บคุ คลลมละลาย
6.6 ไมเปนนายหนาประกันวินาศภัย
6.7 ไมเคยถูกเพิกถอนใบอนุญาตเปนตัวแทนประกันวินาศภัยหรือใบอนุญาตเปนนายหนาประกันวินาศภัย
ในระยะเวลาหาปกอนวันขอรับใบอนุญาต
6.8 ไดรับการศึกษาวิชาประกันวินาศภัยจากสถาบันการศึกษาที่คณะกรรมการประกาศกําหนดหรือสอบ
ความรูเกี่ยวกับการประกันวินาศภัยไดตามหลักสูตรและวธิ ีการที่คณะกรรมการประกาศกําหนด
7. ปจจุบันเปนตวั แทนประกันวินาศภัยของ
บริษทั ........................................................................... ทะเบยี นเลขท.ี่................/.........................
บริษทั ........................................................................... ทะเบยี นเลขท.ี่................/.........................
เอกสารประกอบใบคําขอ
ขอรับครั้งแรก ขาดตอขอรับใบอนุญาตใหม
1. สําเนา",ประกันภัย,กฎหมาย คปภ.
oicpdf_00777,กฎหมายประกันภัย คปภ. 00777,"เอกสารแนบ 1
รายงานการดํารงเงนิ กองทนุ ประจาํ ป
บริษัท
ณ วันที่
คํารบั รองของบรษิ ัท
บริษัท ขอสงรายงานการดํารงเงินกองทุน ที่จัดทําขึ้นตามกรอบการดํารง
เงินกองทุนตามระดับความเสี่ยงภายใตพระราชบัญญัติประกันวินาศภัย พ.ศ. 2535 ซึ่งแกไขเพิ่มเติมโดยพระราชบัญญัติ
ประกันวินาศภัย (ฉบับที่ 2) พ.ศ. 2551 และขอรับรองวาขอมูลที่ใหแกผูสอบบัญชีรับอนุญาตและนักคณิตศาสตรประกันภัย
เพื่อใชในการคํานวณเงินกองทุนมีความถูกตองและสมบูรณ
ลายมือชอื่ (signature): __________________________________
ชื่อ (name): __________________________________
ประธานเจาหนาที่บริหาร/กรรมการผูจัดการ*
วันท ี่ (date): __________________________________
ลายมือชอื่ (signature): __________________________________
ชื่อ (name): __________________________________
กรรมการ**
วันท ี่ (date): __________________________________
ลายมือชอื่ (signature): __________________________________
ชื่อ (name): __________________________________
กรรมการ**
วันท ี่ (date): __________________________________
ประทบั ตราสําคัญ (ถามี)
* กรณีบริษัทที่เปนสาขาตางประเทศ หมายถึง ผจู ัดการสาขา
** ตามที่กําหนดโดยหนังสือบริคณหสนธิ
คํารบั รองของผูสอบบญั ชี
เรียน กรรมการบริษัท
ขาพเจาไดตรวจสอบรายงานการดํารงเงินกองทุนของบริษัท สําหรับ
รายงาน ณ วันที่ ซึ่งผูบริหารของกิจการมีหนาที่รับผิดชอบตอความถูกตองและความครบถวนของ
รายงานดังกลาว สวนขาพเจาเปนผูรับผิดชอบในการแสดงความเห็นตอรายงานการดํารงเงินกองทุนจากผลการตรวจสอบ
ของขาพเจา
ขาพเจาไดปฏิบัติงานตรวจสอบตามมาตรฐานการสอบบัญชีที่รับรองโดยทั่วไปในประเทศไทย ซึ่งกําหนดให
ขาพเจาตองวางแผนและปฏิบัติงานเพื่อใหไดความเชื่อมั่นอยางมีเหตุผลวา รายงานการดํารงเงินกองทุนแสดงขอมูลที่ขัดตอ
ขอเท็จจริงอันเปนสาระสําคัญหรือไม การตรวจสอบรวมถึงการใชวิธีการทดสอบหลักฐานประกอบรายการทั้งที่เปนจํานวนเงิน
และการเปดเผยขอมูลในรายงานการดํารงเงินกองทุน การประเมินความเหมาะสมของหลักการทางการบัญชี วิธีการ และ
สมมติฐานที่กิจการใช และการประมาณการที่สําคัญซึ่งผูบริหารเปนผูจัดทําขึ้น ตลอดจนการประเมินถึงความเหมาะสมของ
การจัดเตรียมรายงานการดํารงเงินกองทุนที่นําเสนอ ขาพเจาเชื่อวาการตรวจสอบดังกลาวใหขอสรุปที่เปนเกณฑอยาง
เหมาะสมในการแสดงความเห็นของขาพเจา
ขาพเจาเห็นวา รายงานการดํารงเงินกองทุนของบริษัท สําหรับรายงาน
ณ วันที่ ถูกจัดเตรียมอยางถูกตองตามที่ควรในสาระสําคัญทุกประการตามกรอบการดํารง
เงินกองทุนตามระดับความเสี่ยงภายใตพระราชบัญญัติประกันวินาศภัย พ.ศ. 2535 ซึ่งแกไขเพิ่มเติมโดยพระราชบัญญัติ
ประกันวินาศภัย (ฉบับที่ 2) พ.ศ. 2551
รายงานการดํารงเงินกองทุนนี้จัดทําขึ้นเพื่อวัตถุประสงคในการประเมินความเพียงพอของเงินกองทุนตาม
กฎหมายกําหนดเทานั้น จึงอาจไมเหมาะสมในการนําไปใชเพื่อวัตถุประสงคอยางอื่น
ลายมือชอื่ ผูสอบบัญช ี ________________
ชื่อผูสอบบัญชี ________________
ผูสอบบัญชีรบั อนุญาต เลขทะเบียน ________________
ที่อยขู องบริษทั ผูสอบบัญชี ________________
วันที่ของรายงานผูสอบบัญชี ________________
คํารบั รองของนักคณิตศาสตรป ระกนั ภัย
ขาพเจาไดดําเนินการประเมินภาระผูกพันตามสัญญาประกันภัยสําหรับการคํานวณเงินกองทุนสําหรับความ
เสี่ยงดานการประกันภัย ซึ่งเปนสวนหนึ่งของรายงานการดํารงเงินกองทุนของบริษัท
สําหรับรายงาน ณ วันที่ วาเปนไปตามประกาศคณะกรรมการ",ประกันภัย,กฎหมาย คปภ.
oicpdf_00782,กฎหมายประกันภัย คปภ. 00782,"รายงานจํานวนบุคลากรประกันภัย
บริษัท.............................จํากัด
ณ วันที่ 31 ธันวาคม 25........
1. ระดับผูบริหาร
ชาย หญิง
รายการ รวม
<=20 21-30 31-40 41-50 >50 <=20 21-30 31-40 41-50 >50
สูงกวาปริญญาตรี
ปริญญาตรี
ต่ํากวาปริญญาตรี
รวม
2. ระดับพนักงาน
ชาย หญิง
รายการ รวม
<=20 21-30 31-40 41-50 >50 <=20 21-30 31-40 41-50 >50
สูงกวาปริญญาตรี
ปริญญาตรี
ต่ํากวาปริญญาตรี
รวม
พนักงานบริการ
รวมทั้งส้นิ
3. ระดับพนักงาน
ฝาย/แผนก สูงกวาปริญญาตรี ปริญญาตรี ต่ํากวาปริญญาตรี รวม รวมทั้งหมด สํานักงาน
ชาย หญิง ชาย หญิง ชาย หญิง ชาย หญิง กทม. ตางจังหวัด
1.การตลาด
2.การรับประกันภัย
3.การลงทุน
4.การเงินและบัญชี
5.การจัดการสินไหมทดแทน
6.บริการลูกคา
7.งานคณิตศาสตรประกันภัย
8.อ่นื ๆ
รวม
1. ระดับพนักงานบริการ หมายถึง นักการภารโรง พนักงานขับรถ และตําแหนงงานระดับเดียวกัน/คลายกัน (พนักงานประจําของบริษัท)
2. บุคลากรประกันภัยนี้รวมถึงผูที่ปฏิบัติงานประจําสํานักงานสาขาของบริษัทดวย โดยใหแบงกลุมพนักงานประจําสํานักงานสาขาตามหนาที่ความรับผิดชอบ
3. การตลาด หมายรวมถึง การตลาด ฝายสงเสริมการขาย โฆษณา ประชาสัมพันธ
4. บริการลูกคา หมายรวมถึง call center และอื่น ๆ ดวย
รายงานการรับ - สงเงินจากธุรกรรมที่เกิดนอกราชอาณาจักร
บริษัท.........................................................
สําหรับงวด (cid:133) ครึ่งปแรก (cid:133) ครึ่งปหลัง พ.ศ. .......................
วัน เดือน ป ประเภท บริษัท จํานวนเงิน (หนวย : บาท)
ประเทศ
เงินที่สงออก เงินที่รับเขา ผูรับเงิน ผูสงเงิน ที่สงออก ที่รับเขา
รายงานการรับประกันภัยจําแนกตามชองทางการขาย เดือน ....................... ป ...............
บริษัท ..................................
หนวย (Unit) : 1,000 บาท (Baht)
ตัวแทน (Agent) นายหนา (Broker) ธนาคาร (Bancassurance) ขายตรง (Direct Marketing) ทางโทรศัพท (Tele Marketing) ชองทางอื่น (Others) รวมทั้งสิ้น ( Grand Total)
จํานวนกรมธรรม จํานวนเงิน เบี้ยประกันภัยรับ จํานวนกรมธรรม จํานวนเงิน เบี้ยประกันภัยรับ จํานวนกรมธรรม จํานวนเงิน เบี้ยประกันภัยรับ จํานวนกรมธรรม จํานวนเงิน เบี้ยประกันภัยรับ จํานวนกรมธรรม จํานวนเงิน เบี้ยประกันภัยรับ จํานวนกรมธรรม จํานวนเงิน เบี้ยประกันภัยรับ จํานวนกรมธรรม จํานวนเงิน เบี้ยประกันภัยรับ
รายการ
เอาประกันภัย โดยตรง เอาประกันภัย โดยตรง เอาประกันภัย โดยตรง เอาประกันภัย โดยตรง เอาประกันภัย โดยตรง เอาประกันภัย โดยตรง เอาประกันภัย โดยตรง
Number of Policies Sum Insured Direct Premiums Number of Policies Sum Insured Direct Premiums Number of Policies Sum Insured Direct Premiums Number of Policies Sum Insured Direct Premiums Number of Policies Sum Insured Direct Premiums Number of Policies Sum Insured Direct Premiums Number of Policies Sum Insured Direct Premiums
1. เบ้ยี ประกันภัยปแรก
First Year Premium
1.1 สามัญ Ordinary
- ตลอดชีพ
- สะสมทรัพย
- เฉพาะกาล
- อื่น ๆ
1.2 อุตสาหกรรม Industrial
1.3 กลุม Group
1.4 อุบัติเหตุสวนบุคคล (PA)
1.5 บํานาญ Pension
1.6 Universal Life
1.7 Unit-Link
รวม Total
2. เบ้ยี ประกันภัยปตอไป
Renewal Premium
1.1 สามัญ Ordinary
- ตลอดชีพ
- สะสมทรัพย
- เฉพาะกาล
- อื่น ๆ
1.2 อุตสาหกรรม Industrial
1.3 กลุม Group
1.4 บํานาญ Pension
1.5 Universal Life
1.6 Unit-Link
รวม Total
3. เบ้ยี ประกันภัยจายคร้งัเดียว
Singl",ประกันภัย,กฎหมาย คปภ.
oicpdf_00784,กฎหมายประกันภัย คปภ. 00784,"ชื่อ - ที่อยูบริษัท
ตารางกรมธรรมประกันภัย
รหัสบริษัท การประกันภัยอุบัติเหตุสําหรับรายยอย (ไมโคร อินชัวรันส) กรมธรรมประกันภัยเลขที่
(cid:136) สวนบุคคล (cid:136) กลุม
1. ผูเอาประกันภัย : ชื่อและที่อยู เลขประจําตัวประชาชน:
อาชีพ :
ชั้นอาชีพ :
อายุ :
2. ผูรับประโยชน : ชื่อและที่อยู ความสัมพันธกับผูเอาประกันภัย:
3. ระยะเวลาประกันภัย : เริ่มตนวันที่ เวลา น. สนิ้ สุดวันที่ เวลา 16.30 น.
4. จํานวนจํากัดความรับผิด : กรมธรรมประกันภัยนี้ใหการคุมครองเฉพาะผลของการบาดเจ็บทางรางกายในขอที่มีจํานวนเงินเอาประกันภัยระบุ
ไวเทานั้น
ขอตกลงคุมครอง จํานวนเงินเอาประกันภัย (บาท)
100,000
1. ผลประโยชนการเสียชีวิต การสูญเสียอวัยวะ สายตา หรือทุพพลภาพถาวรสิ้นเชิง
2. ผลประโยชน การเสียชีวิต การสูญเสียอวัยวะ สายตา หรือทุพพลภาพถาวรสิ้นเชิง จากอุบัติเหตุขณะ 50,000
ขับขี่หรือโดยสารรถจักรยานยนต
3. ผลประโยชนการชดเชยรายไดระหวางการเขารักษาตัวในโรงพยาบาล (ตอวัน) สูงสุดไมเกิน 20 วัน 200 บาท/วัน
ตลอดระยะเวลาประกันภัย (ขยายความคุมครองขณะขับขี่หรือโดยสารรถจักรยานยนต)
4. ผลประโยชนคาใชจายในการจัดการงานศพกรณีเสียชีวิตจากการบาดเจ็บหรือการเจ็บปวย (ยกเวน 10,000
กรณีเสียชีวิตจากการเจ็บปวยภายในระยะเวลา 180 วันแรก)
สวนลดเบี้ยประกันภัย
เบี้ยประกันภัยสุทธิ
อากรแสตมป
ภาษี
เบี้ยประกันภัยรวม
(cid:137) ตัวแทน (cid:137) นายหนาประกันภัยรายนี้ ใบอนุญาตเลขที่……………………………...... (cid:137) งานตรง
...................................................... ........................................................
วันทําสัญญาประกันภัย วันออกกรมธรรมประกันภัย
เพื่อเปนหลักฐาน บริษัท โดยผูมีอํานาจกระทําการแทนบริษัท ไดลงลายมือชื่อและประทับตราของบริษัทไวเปนสําคัญ ณ
สํานักงานของบริษัท
................................................ ................................................ ................................................
กรรมการ-Director กรรมการ-Director ผูรับมอบอํานาจ-Authorized Signature
กรมธรรมประกันภัยอุบตั ิเหตุสําหรับรายยอ ย (ไมโครอินชัวรันส)
โดยการเชื่อถือขอแถลงในใบคําขอเอาประกันภัยซึ่งเปนสวนหนึ่งของกรมธรรมประกันภัยนี้และ
เพื่อเปนการตอบแทนเบี้ยประกันภัยที่ผูเอาประกันภัยตองชําระภายใตขอบังคับ เงื่อนไขทั่วไป ขอตกลง
คุมครอง ขอยกเวนและเอกสารแนบทายแหงกรมธรรมประกันภัย บริษัทใหสัญญากับผูเอาประกันภัย
ดังตอไปนี้
หมวดที่ 1 คําจํากัดความ
ถอยคําและคําบรรยายซึ่งมีความหมายเฉพาะที่ไดใหไวในสวนใดก็ตามของกรมธรรมประกันภัยจะ
ถือเปนความหมายเดียวกันทั้งหมด ไมวาจะปรากฏในสวนใดก็ตาม เวนแตจะไดกําหนดไวเปนอยางอื่นใน
กรมธรรมประกันภัย
1.1 กรมธรรมประกันภัย หมายถึง ตารางกรมธรรมประกันภัย ตารางผลประโยชน เงื่อนไข
ขอตกลงคุมครอง ขอยกเวน ขอกําหนด เอกสารแนบทาย
ขอระบุพิเศษ ขอรับรอง และใบสลักหลังกรมธรรม
ประกันภัย ซึ่งถือเปนสวนหนึ่งแหงสัญญาประกันภัย
1.2 บริษัท หมายถึง บริษัทที่ออกกรมธรรมประกันภัยนี้
1.3 ผูเอาประกันภัย หมายถึง บุคคลที่ระบุชื่อเปนผูเอาประกันภัยในตารางกรมธรรม
ประกันภัยนี้ และ/หรือเอกสารแนบซึ่งเปนบุคคลที่ไดรับ
ความคุมครองตามกรมธรรมประกันภัยนี้
1.4 อุบัติเหตุ หมายถึง เหตุการณที่เกิดขึ้นอยางฉับพลัน จากปจจัยภายนอก
รางกายและทําใหเกิดผลที่ผูเอาประกันภัยมิไดเจตนาหรือ
มุงหวัง
1.5 การบาดเจ็บ หมายถึง การบาดเจ็บทางรางกาย อันเปนผล",ประกันภัย,กฎหมาย คปภ.
oicpdf_00785,กฎหมายประกันภัย คปภ. 00785,"ทายคําสั่งนายทะเบียน เรื่อง หลักเกณฑการใหความเห็นชอบแบบ ขอความและ
อัตราเบี้ยประกันภัยกรมธรรมประกันภัยอุบัติเหตสุ วนบุคคล กรณีชําระเบยี้ ประกันภัยรายป
และกรณีชําระเบี้ยประกนั ภัย รายเดือน โดยหักบัญชีธนาคารหรือบัตรเครดิต
ประกอบดวย
สวนที่ 1 ใบคําขอเอาประกันภัย แบบและขอความกรมธรรมประกนั ภัยอุบัติเหตสุ วนบคุ คล
กรณีชําระเบยี้ ประกันภัยรายป และกรณชี ําระเบยี้ ประกันภัยรายเดือน โดยหัก
บัญชีธนาคารหรือบัตรเครดติ
สวนท ี่ 2 สมุดอัตราเบี้ยประกันภัย สําหรับกรมธรรมป ระกันภัยอุบตั ิเหตสุ วนบุคคล
กรณีชําระเบยี้ ประกันภัยรายป และกรณชี ําระเบยี้ ประกันภัยรายเดือน โดยหัก
บัญชีธนาคารหรือบัตรเครดติ
สวนท ี่ 3 การยื่นขอรับความเห็นชอบใบคําขอเอาประกันภัย แบบและขอความและอัตรา
เบี้ยประกันภยั สําหรับกรมธรรมประกนั ภัยอุบัติเหตสุ วนบคุ คล กรณีชําระเบยี้
ประกันภัยรายป และกรณชี ําระเบยี้ ประกันภัยรายเดือนโดยหักบัญชีธนาคาร
หรือบัตรเครดติ
สวนที่ 1
ใบคําขอเอาประกันภัย แบบและขอความกรมธรรมประกันภัยอุบัติเหตุสว นบุคคล กรณีชําระ
เบี้ยประกันภยั รายป และกรณีชําระเบยี้ ประกันภัยรายเดือน โดยหักบัญชีธนาคารหรือบัตรเครดติ
ขอ 1 ใบคําขอเอาประกันภัยกรมธรรมประกันภัยอุบัตเิ หตุสวนบุคคล กรณีเสนอขายกรมธรรม
ประกันภัยผานตัวแทนประกันชีวติ หรือนายหนาประกันชีวติ
ขอ 2 แบบและขอความกรมธรรมประกันภัยอุบัตเิ หตุสว นบคุ คล
2.1 กรณีเสนอขายกรมธรรมประกันภัยผา นตัวแทนประกันชีวติ หรือนายหนาประกันชีวติ
1) แบบและขอความกรมธรรมประกันภัยอุบตั ิเหตสุ วนบุคคล (กรณีชําระเบี้ยประกันภัยรายป)
2) แบบและขอความกรมธรรมประกันภัยอุบัตเิ หตุสว นบุคคล (กรณีชําระเบี้ยประกันภยั
รายเดือน โดยหักบัญชธี นาคารหรือบัตรเครดิต)
2.2 กรณีเสนอขายกรมธรรมประกันภัยผา นทางโทรศพั ท
1) แบบและขอความกรมธรรมประกนั ภัยอุบตั ิเหตสุ วนบุคคล (กรณีชําระเบี้ยประกันภัยรายป)
2) แบบและขอความกรมธรรมประกันภัยอุบัตเิ หตุสว นบุคคล (กรณีชําระเบี้ยประกันภยั
รายเดือน โดยหักบัญชธี นาคารหรือบัตรเครดิต)
ขอ 1 ใบคําขอเอาประกันภัยกรมธรรมประกันภัยอุบัติเหตุสว นบุคคล กรณีเสนอขาย
กรมธรรมประกันภัยผานตัวแทนประกันชีวิต หรือนายหนาประกันชีวติ
ใบคําขอเอาประกันภัย
กรมธรรมประกันภัยอุบัติเหตุสวนบุคคล (cid:137) กรณีชําระเบี้ยประกันภัยรายป (cid:137) กรณีชําระเบี้ยประกันภัยรายเดือน
1. ผูขอเอาประกันภัย: ชื่อ __________________________________________________อายุ ______ โทร ________________โทรมือถือ ______________
ที่อยู ________________________________________________________________________ รหัสไปรษณีย __________________________________
(cid:137) บัตรประชาชน (cid:137) บัตรขาราชการ (cid:137) ใบสําคัญประจําตัวคนตางดาว (cid:137) หนังสือเดินทาง
เลขที่ _________________________ออกให ณ เขต หรือ อําเภอ _______________________ จังหวัด ____________________ประเทศ _______________
อายุ (ป) วัน เดือน ปเกิด ความสูง (ซม) น้ําหนัก (กก) สัญชาติ
อาชีพปจจุบัน ____________________________________________________________ ตําแหนง __________________________________________
ลักษณะงานที่ทําโดยสังเขป ____________________________________________________________ ชั้นอาชีพ _______________________________
เงินเดือน/คาจาง ปล ะ _______________________ บาท แหลงที่มา/หนวยงาน ______________________________________________________
2. ผูรับประโ",ประกันภัย,กฎหมาย คปภ.
oicpdf_00788,กฎหมายประกันภัย คปภ. 00788,"คําสั่งนายทะเบียน
ที่ 1 /2552
เรื่อง ใหบริษัทเปดเผยขอมูลเกี่ยวกับฐานะการเงินและผลการดาํ เนินงานของบริษัทประกันชีวิต
---------------------
อาศัยอํานาจตามความในมาตรา 46/1 แหงพระราชบัญญัติประกันชีวิต พ.ศ. 2535 ซึ่งแกไข
เพิ่มเติมโดยพระราชบัญญัติประกันชีวิต (ฉบับที่ 2) พ.ศ. 2551 ประกอบกับประกาศคณะกรรมการกํากับและ
สงเสริมการประกอบธุรกิจประกันภัย เรื่อง หลักเกณฑ วิธีการ และเงื่อนไขในการเปดเผยขอมูลเกี่ยวกับฐานะ
การเงินและผลการดําเนินงานของบริษัทประกันชีวิต พ.ศ. 2551 ฉบับลงวันที่ 9 ธันวาคม พ.ศ. 2551
นายทะเบียนจึงออกคําสั่ง ไวดังนี้
ขอ 1 คําสั่งนี้เรียกวา “คําสั่งนายทะเบียนที่ 1/2552 เรื่อง ใหบริษัทเปดเผยขอมูลเกี่ยวกับ
ฐานะการเงินและผลการดําเนินงานของบริษัทประกันชีวิต”
ขอ 2 คําสั่งนี้ใหใชบังคับตั้งแตวันที่ 31 มีนาคม พ.ศ. 2552 เปนตนไป
ขอ 3 ในคําสั่งนี้
“บริษัท” หมายความวา บริษัทประกันชีวิตตามกฎหมายวาดวยการประกันชีวิต
ขอ 4 ใหบริษัทเปดเผยขอมูล ตามแบบ ปผช.1 แนบทายคําสั่งนี้ โดยใหมีรายละเอียด ดังนี้
4.1 ฐานะการเงิน โดยใหเปดเผยฐานะการเงินรายปที่ผานการตรวจสอบจากผูสอบบัญชี
โดยเปรียบเทียบกับระยะเวลาเดียวกันของปที่ผานมา และฐานะการเงินรายไตรมาสที่ผานการสอบทานจาก
ผูสอบบัญชี โดยเปรียบเทียบกับระยะเวลาเดียวกันของปที่ผานมา
ทั้งนี้ในขณะที่บริษัทยังไมมีการนําสงงบการเงินรายไตรมาสที่ผานการสอบทานจาก
ผูสอบบัญชีตอคณะกรรมการกํากับและสงเสริมการประกอบธุรกิจประกันภัยตามความในมาตรา 43 (1)
แหงพระราชบัญญัติประกันชีวิต พ.ศ. 2535 ซึ่งแกไขเพิ่มเติมโดยพระราชบัญญัติประกันชีวิต (ฉบับที่ 2) พ.ศ. 2551
ใหบริษัทเปดเผยรายงานเกี่ยวกับฐานะการเงินและกิจการของบริษัทประจําเดือน มีนาคม มิถุนายน และ
กันยายน แทน
การเปดเผยขอมูลฐานะการเงินใหมีรายละเอียด ดังนี้
4.1.1 งบดุล และสถานะเงินกองทุน ประกอบดวย
(1) สินทรัพย
(2) หนี้สิน
-2-
(3) สวนของผูถือหุน
(4) เงินกองทุน
(5) เงินกองทุนที่ตองดํารงตามกฎหมาย
(6) อัตราสวนเงินกองทุนตอเงินกองทุนที่ตองดํารงตามกฎหมาย
4.1.2 อัตราสวนทางการเงิน ไดแก อัตราสวนสินทรัพยลงทุนตอเงินสํารองประกันภัย
4.2 ผลการดําเนินงานรายป และผลการดําเนินงานสะสมรายไตรมาส โดยใหมีรายละเอียด ดังนี้
4.2.1 งบกําไรขาดทุน ประกอบดวย
(1) รายได
(2) รายจาย
(3) กําไร (ขาดทุน) สุทธิ
4.2.2 งบกระแสเงินสด ประกอบดวย
(1) กระแสเงินสดไดมา (ใชไป) จากกิจกรรมดําเนินงาน
(2) กระแสเงินสดไดมา (ใชไป) จากกิจกรรมลงทุน
(3) กระแสเงินสดไดมา (ใชไป) จากกิจกรรมจัดหาเงิน
(4) เงินสดเพิ่มขึ้น (ลดลง) สุทธิ
4.2.3 สดั สวนรอยละของเบี้ยประกันภัยรับโดยตรงแยกตามประเภทของการรับประกันภัย
4.3 การรับประกันภัย การจายคาสินไหมทดแทน หรือผลประโยชนตามกรมธรรมประกันภัย
และวิธีการติดตอกับบริษัท โดยใหมีรายละเอียด ดังนี้
4.3.1 ขั้นตอน ระยะเวลา เอกสาร และวิธีการในการขอเอาประกันภัย
4.3.2 ขั้นตอน ระยะเวลา เอกสาร และวิธีการในการขอรับคาสินไหมทดแทน หรือผลประโยชน
ตามกรมธรรมประกันภัย
4.3.3 วิธีการติดตอบริษัท และหนวยงานที่เกี่ยวของ กรณีมีขอพิพาทหรือเรื่อง
รองเรียน
ขอ 5 ใหบริษัทเปดเผยขอมูลฐานะการเงินและผลการดําเนินงานรายไตรมาส ภายในสี่สิบหาวัน
นับจากวันสิ้นไตรมาสนั้น
ใหบริษัทเปดเผยขอมูลฐานะการเงินและผลการดําเนินงานรายป ภายในหาเดือน นับแต
วันสิ้นสุดรอบระยะเวลาบัญชี
ในกรณีที่บริษัทมีอัตราสวนเงินกองทุนตอเงินกองทุนที่ตองดํารงตามกฎหมาย ต่ํากวารอยละ
รอย ระหวางไต",ประกันภัย,กฎหมาย คปภ.
oicpdf_00790,กฎหมายประกันภัย คปภ. 00790,"คําสั่งนายทะเบียน
ที่ 13/2541
เรื่อง ใหเพิ่มเติมเอกสารแนบทายกรมธรรมประกันภัยที่บริษัทประกันชีวิต
ออกใหกับผูเอาประกันภัย
------------------
ดวยนายทะเบ ียนไดพิจารณาแลว เห็นสมควรเพิ่มเอกสารแนบทายกรมธรรม
ประกันภัยที่บริษัทประกันชีวิตออกใหกับผูเอาประกันภัย ทั้งนี้เพื่อใหผูเอาประกันภัย ผูรับประโยชน
ตามกรมธรรมประกันภัยหรือทายาทโดยธรรมของผูเอาประกันภัย ไดรับเงินตามกรมธรรมประกันภัย
ดวยความรวดเร็ว
อาศ ัยอํานาจตามความในมาตรา 29 วรรคสอง แหงประกาศกระทรวงพาณิชย พ.ศ.
2535 นายทะเบียนมีคําสั่งดังตอไปนี้
ขอ 1 ใหบริษทั ออกเอกสารแนบทายกรมธรรมประกันภัยใหแกผูเอาประกันภัย โดย
มีขอความแนบทายคําสั่งนี้ ทั้งนี้ใหรวมถึงผูเอาประกันภัยที่บริษัทไดรับประกันภัยไวกอนวันที่คําสั่งนี้มี
ผลใชบังคับดวย
ขอ 2 คําสั่งนี้ใหใชบังคับตั้งแตวันที่ 1 มีนาคม 2541 เปนตนไป
สั่ง ณ วันที่ 2 มีนาคม 2541
พิพรรธน อินทรศัพท
(นายพิพรรธน อินทรศัพท)
อธิบดีกรมการประกันภัย
นายทะเบียน
บริษัท....................................................................................
บันทึกสลักหลังแนบทายกรมธรรมประกันภัย
ขอ 1. โดยบันทึกสลักหลังแนบทายกรมธรรมประกันภัยนี้ บริษัทสัญญาวาเมื่อผูเอาประกันภัย
ผูรับประโยชนหรือทายาทโดยธรรมของผูเอาประกันภัย ยื่นคําเรียกรองตอบริษัทเพื่อ
(1) ขอเวนคืนกรมธรรมประกันภัยเพื่อรับมูลคาเงินสด
(2) กูยืมเงินโดยมีกรมธรรมประกันภัยเปนประกัน
(3) ใหบริษัทจายเงินหรือคาสินไหมทดแทนการประกันภัยอุบัติเหตุ (ในกรณีไมเสียชีวิต)
การประกันสุขภาพ หรือ คารักษาพยาบาล
(4) ใหบริษัทจายเงินตามกรมธรรมประกันภัยนอกจาก (1) (2) และ (3) แตไมรวมถึงการ
จายเงินตามขอ 2
การย ื่นคําเรียกรองดังกลาว สามารถยื่นได ณ สํานักงานใหญของบริษัท หรือสํานัก
งานสาขาขาของบริษัททุกแหง
การจ ายตาม (1) บริษัทจะจายไมเกิน 20 วัน นับแตวันที่บริษัทไดร ับคําเรียกรอง
การจ ายตาม (2) บริษัทจะจายไมเกิน 15 วัน นับแตวันที่บริษัทไดรับคําเรียกรอง
การจ ายตาม (3) และ (4) บริษัทจะจายไมเกิน 15 วัน นับแตวันที่บริษัทไดรับ
คําเร ียกรอง
การน ับระยะเวลา 20 วัน หรือ 15 วัน ดังกลาว ใหนับตั้งแตวันที่บริษัทไดรับเอกสาร
ประกอบการพิจารณาจายครบถวนแลว
ขอ 2 ในกรณีการจายเงินเนื่องจากกรมธรรมประกันภัยครบกําหนดและการจายเงินปนผล บริษัทจะ
จายใหแกผูเอาประกันภัยไมเกิน 15 วัน นับแตวันที่บริษัทจะตองจาย
ขอ 3 ในกรณีที่บริษัทจายลาชากวาระยะเวลาที่กําหนดไวในขอ 1 หรือระยะเวลาที่ขยายออกไปตามขอ
4 บริษัทจะจายดอกเบี้ยใหอีกรอยละ 12 ตอป ของจํานวนเงินที่ตองจาย
ขอ 4 ในกรณีที่มีเหตุอันควรสงสัยวา การเรียกรองเพื่อใหบริษัทชดใชตามกรมธรรมประกันภัยตามขอ
1(3) และ (4) ไมเปนไปตามขอตกลงคุมครองในกรมธรรมประกันภัย ระยะเวลาที่กําหนดไว
อาจขยายออกไปไดตามความจําเปน แตทั้งนี้จะไมเกิน 90 วัน นับแตวันที่บริษัทไดรับเอกสาร
ครบถวนแลว
ภาระในการพ ิสูจนวา การเรียกรองเพื่อใหบริษัทชดใช ไมเปนไปตามขอตกลงใน
กรมธรรมประกันภัย เปนหนาที่ของบริษัทที่จะหาหลักฐานเพิ่มเติม ในการนี้ผูเอาประกันภัยหรือผูรับ
ประโยชนตองใหขอเท็จจริงและใหความสะดวกแกบริษัทตามสมควร
ขอ 5 เอกสารประกอบการพิจารณาการจายที่ตองยื่นตอบริษัทมีดังตอไปนี้
(ก) การเวนคืนกรมธรรมประกันภัยเพื่อรับมูลคาเงินสด และการกูยืมเงินโดยมีกรมธรรมประกันภัย
เปนประกัน
(1) กรมธรรมประกันภัย
(2) แบบฟอรมใบขอก",ประกันภัย,กฎหมาย คปภ.
oicpdf_00791,กฎหมายประกันภัย คปภ. 00791,"รายงานบัญชีรายชื่อผูถือหุน
บริษัท.............................จํากัด
ณ31 ธันวาคม....................
ตารางที่ 1
จํานวนหุนทั้งหมด มูลคาหุนละ ทุนบริษัท (หุนสามัญ) ทุนบริษัท (หุนบุริมสิทธิ) ผูถือหุนสามัญ ผูถือหุนบุริมสิทธิ
หุนสามัญ หุนบุริมสิทธิ หุนสามัญ หุนบุริมสิทธิ จดทะเบียน ชําระแลว จดทะเบียน ชําระแลว
ไทย ตางชาติ ไทย ตางชาติ
คน จํานวนหุนที่ถือ คน จํานวนหุนที่ถือ คน จํานวนหุนที่ถือ คน จํานวนหุนที่ถือ
ตารางที่ 2
รายชื่อผูถือหุนบุริมสิทธิ สัญชาติ จํานวนหุนที่ถือ
1. รายละเอียดผูถือหุน
2. รายละเอียดผูถือหุนตางชาติที่ถือหุนในบริษัท
ตารางที่3
รายละเอียดของเงื่อนไข/สิทธิ ของหุนบุริมสิทธิที่ตางจากหุนสามัญ
มีจํานวน_________________________ ขอ ดังนี้
ขอ 1 _____________________________
ขอ 2 _____________________________
ขอ 3 _____________________________
ขอ 4 _____________________________
ขอ 5 _____________________________",ประกันภัย,กฎหมาย คปภ.
oicpdf_00803,กฎหมายประกันภัย คปภ. 00803,"ประกาศนายทะเบียน
เรื่อง กําหนดแบบคําขออนุญาตเปดสาขา ยายที่ตั้งสํานักงานใหญ
หรือสํานักงานสาขา หรือเลิกสาขาของบริษัทประกันวินาศภัย
พ.ศ.๒๕๕๑
..................................................
อาศัยอํานาจตามความในมาตรา ๑๖ วรรคหนึ่ง แหงพระราชบัญญัติประกันวินาศภัย
พ.ศ.๒๕๓๕ ซึ่งแกไขเพิ่มเติมโดยพระราชบัญญัติประกันวินาศภัย (ฉบับที่ ๒) พ.ศ.๒๕๕๑ ประกอบประกาศ
คณะกรรมการกํากับและสงเสริมการประกอบธุรกิจประกันภัย เรื่อง หลักเกณฑ วิธีการและเงื่อนไขในการ
ขออนุญาตเปดสาขา ยายที่ตั้งสํานักงานใหญ หรือสํานักงานสาขา หรือเลิกสาขาของบริษัทประกันวินาศภัย
พ.ศ.๒๕๕๑ ฉบับลงวันที่ ๓ กรกฎาคม พ.ศ.๒๕๕๑ นายทะเบียน จึงออกประกาศ ไวดังนี้
ขอ ๑ ประกาศนี้เรียกวา “ประกาศนายทะเบียน เรื่อง กําหนดแบบคําขออนุญาตเปด
สาขา ยายที่ตั้งสํานักงานใหญ หรือสํานักงานสาขา หรือเลิกสาขาของบริษัทประกันวินาศภัย พ.ศ.๒๕๕๑”
ขอ ๒ ประกาศนี้ใหใชบังคับตั้งแตบัดนี้เปนตนไป
ขอ ๓ ในประกาศนี้
“ประกาศคณะกรรมการ” หมายความถึง ประกาศคณะกรรมการกํากับและสงเสริมการ
ประกอบธุรกิจประกันภัย เรื่อง หลักเกณฑ วิธีการและเงื่อนไขในการขออนุญาตเปดสาขา ยายที่ตั้ง
สํานักงานใหญ หรือสํานักงานสาขา หรือเลิกสาขาของบริษัทประกันวินาศภัย พ.ศ.๒๕๕๑ ฉบับลงวันที่
๓ กรกฎาคม พ.ศ.๒๕๕๑
ขอ ๔ ใหแบบคําขออนุญาตมี ๗ แบบ ดังตอไปนี้
๔.๑ แบบคําขออนุญาตใหเปดสาขา หรือสาขายอยเพื่อประกอบธุรกิจประกัน
วินาศภัย ตามขอ ๗ ของประกาศคณะกรรมการใหเปนไปตามแบบทายประกาศนี้
๔.๒ แบบคําขอรับใบอนุญาตใหเปดสาขา หรือสาขายอยเพื่อประกอบธุรกิจประกัน
วินาศภัย ตามขอ ๘ วรรคสองของประกาศคณะกรรมการใหเปนไปตามแบบทายประกาศนี้
สําหรับบุคลคลผูมีอํานาจจัดการสาขา หรือสาขายอยและพนักงานใหกรอก
หนังสือรับรองคุณสมบัติตามแบบทายประกาศนี้
๔.๓ แบบคําขออนุญาตเปดสาขาเฉพาะเพื่อบริการชดใชคาสินไหมทดแทน
ตามขอ ๙ ของประกาศคณะกรรมการใหเปนไปตามแบบทายประกาศนี้
-๒-
๔.๔ แบบคําขอใบแทนใบอนุญาตเปดสาขาเพื่อประกอบธุรกิจประกันวินาศภัย
สําหรับกรณีที่ใบอนุญาตสาขาฉบับเดิมสูญหาย ชํารุด เปลี่ยนชื่อบริษัท ชื่อสาขา และเปลี่ยนแปลงเลข
ที่ตั้งสํานักงานสาขาตามขอ ๑๒ ของประกาศคณะกรรมการใหเปนไปตามแบบทายประกาศนี้
๔.๕ แบบคําขออนุญาตยายที่ตั้งสํานักงานใหญหรือสํานักงานสาขา หรือสาขา
ยอย หรือสาขาเฉพาะเพื่อบริการชดใชคาสินไหมทดแทน ตามขอ ๒๑ ของประกาศคณะกรรมการให
เปนไปตามแบบทายประกาศนี้
๔.๖ แบบคําขออนุญาตเปลี่ยนแปลงประเภทสาขา ตามขอ ๒๓ ของประกาศ
คณะกรรมการใหเปนไปตามแบบทายประกาศนี้
๔.๗ แบบคําขออนุญาตเลิกสํานักงานสาขา หรือสาขายอย หรือสาขาเฉพาะเพื่อ
บริการชดใชคาสินไหมทดแทน ตามขอ ๒๖ ของประกาศคณะกรรมการใหเปน ไปตามแบบทายประกาศนี้
ขอ ๕ แบบใบอนุญาตใหเปดสาขาประกอบธุรกิจประกันวินาศภัย ใหเปนไปตามแบบ
ทายประกาศนี้
ขอ ๖ การขออนุญาตเปดสาขา ยายที่ตั้งสํานักงานใหญหรือสํานักงานสาขา หรือเลิก
สาขาของบริษัทประกันวินาศภัย หรือขอใบแทนใบอนุญาตใหบริษัทยื่นคําขอตามขอ ๔ ที่ฝายกํากับ
กิจกรรมทางการเงินและการลงทุน สํานักงานคณะกรรมการกํากับและสงเสริมการประกอบธุรกิจ
ประกันภัย
ประกาศ ณ วันที่ ๒๕ กรกฎาคม พ.ศ. ๒๕๕๑
(นางจันทรา บูรณฤกษ)
เลขาธิการ
คณะกรรมการกํากับและสงเสริมการประกอบธุรกิจประกันภัย
นายทะเบียน
หมายเหตุ :- เหตุผลที่ออกประกาศฉบับนี้ เนื่องจากพระราชบัญญัติประกันวินาศภัย พ.ศ.๒๕๓๕
ซึ่งแกไขเพิ่มเติมโดยพระราชบัญญัติประกันวินาศภัย (ฉบับที่ ๒) พ.ศ.๒๕๕๑ ประกอบประกาศ
คณะกรรมการกํากับและสงเ",ประกันภัย,กฎหมาย คปภ.
oicpdf_00833,กฎหมายประกันภัย คปภ. 00833,"อัตราเบี้ยประกันอัคคีภัยตามลักษณะของภัย
อัตราเบี้ยประกันภัย (ตอจํานวนเงินเอาประกันภัยหนึ่งพนั บาท)
รหัส ลักษณะของภัย สถานที่ใชเปน อัตราเบี้ยประกันภัย ขอ
ช้นั 1 ช้นั 2 ช้นั 3 รับรองท ี่
ข้นั ตา่ํ ขั้นสูง ข้นั ตา่ํ ขั้นสูง ขั้นตา่ํ ข้นั สูง
- กระสอบปาน โรงงาน
1001 โกดังเก็บปอ 20.79 24.46 29.07 34.20 36.38 42.80 -
1002 โกดังเก็บกระสอบปาน 1.82 2.14 3.92 4.61 5.81 6.84 -
1003 กาแฟ ราน 1.29 1.52 2.79 3.28 4.16 4.89 -
- เครื่องบิน โรงเก็บ
1004 ไมประกอบการพนสี 1.53 1.81 3.67 4.32 5.49 6.46 14
1005 ประกอบการพนสี 2.06 2.42 4.56 5.37 6.86 8.08
- โกดังหรือคลังสินคาขายสง
1006 เก็บสินคาไมมีอันตราย 2.02 2.38 4.89 5.75 6.38 7.51 48
1007 เก็บสินคาอนั ตรายตามขอรบั รอง 49 2.91 3.42 7.03 8.27 10.50 12.35 49
1008 เก็บสินคาอนั ตรายตามขอรบั รอง 50 3.19 3.75 7.71 9.07 9.69 11.40 50
(ไมรวมถึงการเก็บปอและนนุ )
1009 เก็บสินคาอนั ตรายตามขอรบั รอง 51 11.35 13.35 16.84 19.81 21.44 25.22 51
(รวมทั้งการเก็บปอและนุนที่อดั เปนเบล)
1010 เก็บสินคาอนั ตรายโดยไมมขี อรับรองใด ๆ 22.13 26.03 29.84 35.10 34.76 40.90 -
1011 เก็บเฉพาะเหล็กเสน เสนลวดหนาม แผนสังกะสี 1.01 1.19 2.34 2.76 3.47 4.09 47
แผนอะลูมิเนียม เหล็กแผน แผนกระเบอื้ งซีเมนต 
ทอประปา (ซึ่งมิไดบรรจุในหีบ หอ หรือลัง)
1012 คลีนิก 0.85 1.00 1.86 2.19 2.79 3.28 -
1013 คอกมา 1.29 1.52 2.79 3.28 5.85 6.89 -
1
รหัส ลักษณะของภัย สถานที่ใชเปน อัตราเบี้ยประกันภัย ขอ
ช้นั 1 ช้นั 2 ช้นั 3 รับรองท ี่
ข้นั ตา่ํ ขั้นสูง ข้นั ตา่ํ ขั้นสูง ขั้นตา่ํ ข้นั สูง
1014 คาบาเรทหรือไนทคลับ 2.02 2.38 4.72 5.56 7.43 8.74 -
- สโตรหรอื รานคา ยอ ย
1015 มีขอรับรองที่ 48 1.74 2.04 4.00 4.70 6.02 7.08 48
1016 มีขอรับรองที่ 49 (ไมรวมการเก็บปอและนนุ ) 2.83 3.33 7.11 8.36 10.17 11.97 49
1017 จํานํา โรงรับ 1.25 1.47 2.79 3.28 4.16 4.89 44
1018 โทรศัพท ชุมสาย 0.89 1.05 1.86 2.19 2.79 3.28 -
1019 ซักรีดหรอื ซักแหง โรง - ราน 1.62 1.90 3.67 4.32 5.49 6.46 -
1020 ดดั ผม หรือหอ งเสริมสวย ราน - หอง 1.25 1.47 2.79 3.28 4.16 4.89 -
1021 เด็ก สถานรับเลี้ยง 0.81 0.95 1.86 2.19 2.83 3.33 -
- ตลาด
1022 ภายในตลาดไมมีการกั้นหอ ง 1.33 1.57 2.95 3.47 4.40 5.18 5
1023 ภายในตลาดกั้นหองดวยวัสดุทนไฟหรือกึ่งทนไฟ 2.14 2.52 4.76 5.61 7.11 8.36 6
- ถังเก็บน้ํามันเชอื้ เพลิง (Petroleum Tank)
1024 ตามขอรับรองที่ 7 ต่ําสดุ 0.97 สูงสุด 1.14 7
1025 ตามขอรับรองที่ 8 ต่ําสดุ 2.06 สูงสุด 2.42 8
1026 นอกเหนือจากรหัส 1024 และ 1025 ต่ําสดุ 3.11 สูงสุด 3.66 -
1027 ถายรปู ราน 1.62 1.90 3.67 4.32 5.49 6.46 -
1028 ทันตแพทย  คลีนิค 0.85 1.00 1.86 2.19 2.79 3.28 -
1029 ธนาคาร สํานักงาน 0.81 0.95 1.86 2.19 2.87 3.37 -
1030 น้ํามัน สถานอี ดั ฉดี และบริการ 1.78 2.09 4.32 5.08 5.85 6.89 9
1031 บันเทิง สถาน 2.50 2.95 5.98 7.03 14.74 17.34 -
2
รหัส ลักษณะของภัย สถานที่ใชเปน อัตราเบี้ยประกันภัย ขอ
ช้นั 1 ช้นั 2 ช้นั 3 รับรองท ี่
ข้นั ตา่ํ ขั้นสูง ข้นั ตา่ํ ขั้นสูง ขั้นตา่ํ ข้นั สูง
1032 บานอยอู าศัย 0.81 0.81 1.85 1.85 3.06 3.06 -
1033 บาร  2.02 2.38 4.80 5.65 7.15 8.41 -
1034 บิลเลียด หอง 1.49 1.76 3.43 4.04 5.13 6.03 53
1035 โบวลลิ่ง สถาน 1.17 1.38 2.79 3.28 4.16 4.89 -
1036 โบสถ  0.85 1.00 1.86 2.19 2.79 3.28 -
1037 ประปา การ 1.13 1.3",ประกันภัย,กฎหมาย คปภ.
oicpdf_00843,กฎหมายประกันภัย คปภ. 00843,"เอกสารประกอบแสดงรายละเอียดการประกันภัย
เอกสารประกอบนี้ใหถือเปน สวนหนึ่งของกรมธรรมประกันภัยฉบับน ี้(เลขที่...........................)
ซึ่งมีผลบังคับใชตั้งแตว ันที่............................... ถึงวันที่..................................
ยกตวั อยางรายละเอียดทจี่ ะตอ งระบุลงในเอกสารประกอบนี้ ไดแก 
- รายละเอียดทรัพยสินที่เอาประกันภัย และจาํ นวนเงินเอาประกันภัย
- รายละเอียดการประกันภัยรวม
- รายละเอียดเอกสารแนบทายตางๆ เชน เอกสารแนบทายภัยเพิ่มเติมแตล ะภัย
- รายละเอียดความเสียหายสวนแรกที่ผูเอาประกันภัยจะตองรับผิดสําหรับแตละภยั
- เงื่อนไขพิเศษตางๆ
เปนตน
แบบ อค. 1.00
เอกสารแนบทายคุมครองความสูญเสียหรือความเสียหายอันเกิดขึ้นจากลมพายุ
เอกสารแนบทา ยนี้ ใหถือเปน สวนหนึ่งของกรมธรรมประกันภัยฉบับน ี้
เนื่องจากบรษิ ทั ไดรับเบี้ยประกันภัยเพิ่มเตมิ จึงเปนที่ตกลงกันวา หมวดความคุมครอง ภายใต
กรมธรรมประกันภยั นี้ ไดขยายรวมถึงความสูญเสียหรือความเสียหายตอทรัพยสินทไี่ ดเอาประกันภัยไวอัน
เกิดขึ้นจากลมพายุ ทั้งนี้รวมถึง
1. ความเสียหายของทรัพยสินที่เอาประกันภยั จากน้ําในทะเล ทะเลสาบ หรือมหาสมุทร ซึ่งถกู
พัดหรือหอบมาพรอมกับลมพายุแลว ทําใหเกิดคลื่นซัดเขา ทวมชายฝง
2. ความเสียหายของทรัพยสินภายในตวั อาคารที่ไดเอาประกันภยั ไว เนื่องจากน้ําฝน น้ําคาง
แข็ง หิมะ ทราย หรือฝุนละอองที่ผานเขาไปภายในอาคาร ตามรองแตกราวของอาคารสิ่งปลูกสราง ซึ่งไดรับ
ความเสยี หายอนั เกิดจากลมพายุโดยตรงเทานั้น
3. ความเสียหายของทรัพยสินภายในตวั อาคารที่ไดเอาประกันภยั ไว เนื่องจากน้ําจากเครอื่ ง
พรมน้ําหรือทอ น้ําอื่นๆ ซึ่งไดรับความเสยี หายจากลมพายุโดยตรงเทานั้น
อยางไรก็ตามบริษัทไมตองรับผิดในความสูญเสียหรือความเสียหายโดยตรงหรือโดยทางออมที่
(1) เกิดจากคลื่นใตน้ํา (Tidal Wave) หรือสึนามิ (Tsunami) และ/หรือน้ําหนุน (High Water)
และ/หรือน้ําทไี่ หลลน (Overflow) และ/หรอื น้ําทวม
(2) เกิดขึ้นกับทรัพยสินที่เคลื่อนยายได ซึ่งเกบ็ อยูในอาคารโปรง หรืออาคารที่มีผนังดานใดดาน
หนึ่งเปดโลง หรือเก็บอยกู ลางแจง ไมว าจะมีการปกคลมุ ดวยผาใบ หรือวัสดุปกคลุมใดๆ หรือไมว าจะอยู
ภายในเตน็ ทกต็ าม
อนึ่ง ผูเอาประกันภยั จะตองรบั ผิดในความเสียหายสว นแรกตามที่ระบุในเอกสารประกอบแสดง
รายละเอียดการประกันภัย
ทั้งนี้ การขยายความคุมครองภายใตเอกสารแนบทายนี้ ใหใ ชขอยกเวน เงื่อนไขทั่วไป และ
ขอความอื่นๆ ในกรมธรรมประกันภัยฉบบั นี้บังคับตามเดิม เวน แตไดม ีการระบุไวเปนอยางอื่นใน
เอกสารแนบทา ยนี้เทานั้น
แบบ อค.1.01
เอกสารแนบทายคุมครองความสูญเสียหรือความเสียหายอันเกิดขึ้นจาก
การเฉี่ยวและหรือการชนของยวดยานพาหนะ
เอกสารแนบทา ยนี้ ใหถือเปน สวนหนึ่งของกรมธรรมประกันภัยฉบับน ี้
เนื่องจากบรษิ ทั ไดรับเบี้ยประกันภัยเพิ่มเตมิ จึงเปนที่ตกลงกันวา หมวดความคุมครอง ภายใต
กรมธรรมประกันภยั นี้ ไดขยายรวมถึงความสูญเสียหรือความเสียหายตอทรัพยสินทไี่ ดเอาประกันภัยไว
รวมทั้ง รั้ว กําแพง และประตู อันเกิดขนึ้ จากการเฉี่ยวและหรือการชนของยวดยานพาหนะหรือสัตวพาหนะ
เชน ชาง มา ววั ควาย เปนตน ทั้งนี้รวมถึงการเฉี่ยว ชน และหรือหลนทับโดยสินคาหรือทรัพยสินที่บรรทุก
มากับยวดยานพาหนะหรือสตั วพาหนะ
คําวา “ยวดยานพาหนะ” ในเอกสารแนบทา ยนี้ ไมรวมถึงอากาศยาน
อยางไรก็ตาม บริษัทไมตองรับผิดในความสูญเสียหรือความเสียหายตอ ทรัพยสินที่เอา
ประกันภัยอนั เกิดขึ",ประกันภัย,กฎหมาย คปภ.
oicpdf_00868,กฎหมายประกันภัย คปภ. 00868,"พระราชบัญญัติประกนั ชีวติ
พ.ศ. ๒๕๓๕
ภมู ิพลอดุลยเดช ป.ร.
ให้ไว้ ณ วันท่ ี ๔ เมษายน พ.ศ. ๒๕๓๕
เป็นปีท่ ี ๔๗ ในรัชกาลปัจจุบัน
พระบาทสมเดจ็ พระปรมินทรมหาภมู ิพลอดุลยเดช มีพระบรมราชโองการโปรดเกล้าฯ ให้ประกาศว่า
โดยท่เี ป็นการสมควรปรับปรงุ กฎหมายว่าด้วยการประกนั ชีวิต
จึงทรงพระกรุณาโปรดเกล้าฯ ให้ตราพระราชบัญญัติข้นึ ไว้โดยคาํ แนะนาํ และยนิ ยอมของสภานิติ
บัญญัติแห่งชาต ิ ทาํ หน้าท่รี ัฐสภา ดังต่อไปน้ี
มาตรา ๑ พระราชบัญญัตนิ ้ีเรียกว่า “พระราชบัญญัติประกนั ชีวิต พ.ศ. ๒๕๓๕”
มาตรา ๒ พระราชบัญญัตนิ ้ีให้ใช้บังคบั ต้ังแต่วันถดั จากวันประกาศในราชกจิ จานุเบกษาเป็นต้นไป
มาตรา ๓ ให้ยกเลิกพระราชบัญญัติประกนั ชีวิต พ.ศ. ๒๕๑๐
มาตรา ๔ พระราชบัญญัตนิ ้ีมิให้ใช้บังคบั แก่การประกอบธุรกจิ ประกนั ชีวิตของธนาคารออมสนิ ตาม
กฎหมายว่าด้วยธนาคารออมสนิ
มาตรา ๕ ในพระราชบัญญัติน้ี
“บริษัท” หมายความว่า บริษัทจาํ กดั หรือบริษัทมหาชนจาํ กดั ท่ไี ด้รับใบอนุญาตประกอบธุรกจิ
ประกนั ชีวิตตามพระราชบัญญัติน้ี และหมายความรวมถงึ สาขาของบริษัทประกนั ชีวติ ต่างประเทศท่ไี ด้รับ
ใบอนุญาตประกอบธุรกจิ ประกนั ชีวิตในราชอาณาจักรตามพระราชบญั ญัตนิ ้ีด้วย
“สาํ นักงานใหญ่” หมายความรวมถงึ สาํ นักงานสาขาของบริษัทประกนั ชีวิตต่างประเทศท่ไี ด้รับ
ใบอนุญาตประกอบธุรกจิ ประกนั ชีวิตในราชอาณาจักรตามพระราชบญั ญัตนิ ้ีด้วย
“การประกอบธุรกจิ ประกนั ชีวิต” หมายความรวมถงึ การประกอบธุรกจิ ประกนั ต่อด้วย
“เงินกองทุน” หมายความว่า ทรัพย์สนิ ส่วนท่เี กนิ กว่าหน้ีสนิ ของบริษัทตามราคาประเมินทรัพย์สนิ
และหน้ีสนิ ของบริษัทท่ปี ระเมินตามพระราชบัญญัติน้ี
2
“ตัวแทนประกนั ชีวิต” หมายความว่า ผู้ซ่ึงบริษัทมอบหมายให้ทาํ การชักชวนให้บุคคลทาํ
สญั ญาประกนั ชีวิตกบั บริษัท
“นายหน้าประกนั ชีวิต” หมายความว่า ผู้ช้ีช่องหรือจัดการให้บุคคลทาํ สญั ญาประกนั ชีวิตกบั บริษัท
โดยกระทาํ เพ่ือบาํ เหนจ็ เน่ืองจากการน้ัน
“กองทุน” หมายความว่า กองทุนเพ่ือการพัฒนาธุรกจิ ประกนั ชีวิต
“พนักงานเจ้าหน้าท่”ี หมายความว่า ผู้ซ่ึงรัฐมนตรีแต่งต้ังให้ปฏบิ ตั ิการตามพระราชบัญญัติน้ี
“นายทะเบียน” หมายความว่า เลขาธิการคณะกรรมการกํากบั และส่งเสริมการประกอบธุรกิจ
ประกนั ภยั หรือผู้ซ่ึงเลขาธิการคณะกรรมการกํากบั และส่งเสริมการประกอบธุรกิจประกนั ภยั มอบหมาย
“รัฐมนตรี” หมายความว่า รัฐมนตรีผู้รักษาการตามพระราชบัญญัตนิ ้ี
มาตรา ๖ ให้รัฐมนตรีว่าการกระทรวงการคลงั รักษาการตามพระราชบัญญัติน้ี และให้มีอาํ นาจ
แต่งต้ังพนักงานเจ้าหน้าท่กี บั ออกกฎกระทรวงกาํ หนดค่าธรรมเนียมไม่เกนิ อตั ราในบญั ชีท้ายพระราชบัญญัติ
น้ี และกาํ หนดกจิ การอ่นื เพ่ือปฏบิ ัติการตามพระราชบัญญัติน้ี กบั ออกประกาศตามบทแห่งพระราชบัญญัตนิ ้ี
กฎกระทรวงและประกาศน้นั เม่ือได้ประกาศในราชกจิ จานุเบกษาแล้วให้ใช้บังคบั ได้
หมวด ๑
บริษัท
มาตรา ๗ ภายใต้บังคับมาตรา ๘ การประกอบธุรกจิ ประกนั ชีวิตจะกระทาํ ได้เม่ือได้จัดต้ังข้นึ ในรปู
บริษัทจาํ กดั ตามประมวลกฎหมายแพ่งและพาณชิ ย์ หรือบริษัทมหาชนจาํ กดั ตามกฎหมายว่าด้วยบริษัท
มหาชนจาํ กดั และโดยได้รับใบอนุญาตประกอบธุรกจิ ประกนั ชีวิตจากรัฐมนตรีโดยอนุมัติคณะรัฐมนตรี
การจัดต้ังบริษัทจาํ กดั หรือบริษัทมหาชนจาํ กดั ตามวรรคหน่ึงต้องได้รับความเหน็ ชอบจากรัฐมนตรี
โดยอนุมตั ิคณะรัฐมนตรี ในการน้ีจะกาํ หนดเง่ือนไขให้ปฏบิ ัติก่อนให้ความเหน็ ชอบกไ็ ด้
เม่ือได้จดทะเบียนเป็นบริษัทจาํ กดั หรือบริษัทมหาชนจาํ กดั และได้วางหลักทรัพย์ประกนั ตามมาตรา
๒๐ กบั ท้งั ได้ดาํ รงไว้ซ่ึงเงินกองทุนตามม",ประกันภัย,กฎหมาย คปภ.
oicpdf_00873,กฎหมายประกันภัย คปภ. 00873,"(คูฉบับ)
ประกาศกรมการประกันภัย
เรื่อง แนวทางปฏิบัติในการกํากับดูแลกิจการที่ดีของบริษัทประกันภัย (ฉบับที่ 2)
เพื่อใหธุรกิจประกันภัยไทยสามารถแขงขันไดอยางมีประสิทธิภาพ เพิ่มมูลคาและความ
มั่นคงของกิจการในระยะยาว และมีสวนเกื้อหนุนเสริมสรางใหระบบเศรษฐกิจและสังคมของประเทศมี
เสถียรภาพและยั่งยืน คณะกรรมการสงเสริมยกระดับธรรมาภิบาลในธุรกิจประกันภัยอันประกอบดวยผูแทน
จากภาครัฐและภาคเอกชนไดรวมกันพิจารณากําหนดแนวทางปฏิบัติในการกํากับดูแลกิจการที่ดีของบริษัท
ประกันภัยเพื่อสงเสริมธรรมาภิบาลของบริษัทประกันภัยในเรื่อง การตรวจสอบภายในของบริษัทประกันภัย
การควบคุมภายในของบริษัทประกันภัย การกํากับการปฏิบัติงานของบริษัทประกันภัย และการเปดเผย
ขอมูลสูสาธารณะของบริษัทประกันภัย เสร็จเรียบรอยแลว
อธิบดีกรมการประกันภัยจึงเห็นสมควรประกาศแนวทางปฏิบัติในการกํากับดูแลกิจการที่ดี
ของบริษัทประกันภัยดังกลาว ใหบริษัทประกันวินาศภัยและบริษัทประกันชีวิตถือเปนแนวทางปฏิบัติ ตามที่
แนบทายประกาศนี้
ประกาศ ณ วันที่ กันยายน พ.ศ. 2549
(นางสาวพจนีย ธนวรานิช)
อธิบดีกรมการประกันภัย
16 สิงหาคม 2549
แนวทางปฏิบัติในเรื่องการตรวจสอบภายในของบริษัทประกันภัย(Internal Audit)
บริษัทประกันภัยควรจัดใหมีการตรวจสอบภายใน เพื่อใหมีการประเมินผลการดําเนินงานของบริษัท
อยางอิสระ อันจะชวยผูปฏิบัติงานในองคกรใหทํางานในหนาที่ความรับผิดชอบของแตละคนไดอยางมีประ
สิทธิภาพและบรรลุวัตถุประสงคขององคกร
การตรวจสอบภายในของบริษัท อาจกระทําโดยหนวยงานดังตอไปนี้
1. หนวยงานตรวจสอบภายในของบริษัทหรือหนวยงานตรวจสอบภายในของกลุมบริษัท
2. ผูตรวจสอบภายในจากภายนอกกิจการ (Outsource)
หนวยงานตรวจสอบภายในของบริษัทหรือหนวยงานตรวจสอบภายในของกลุมบริษัท
ผูที่จะปฏิบัติงานตรวจสอบภายในของบริษัทประกันภัยตองประกอบดวยคุณสมบัติขั้นพื้นฐาน ดังนี้
กฎบัตร (Charter) กําหนดภารกิจหรือขอกําหนดเกี่ยวกับวัตถุประสงค อํานาจ หนาที่ ความรับผิด
ชอบ และการปฏิบัติงานตรวจสอบของหนวยงานตรวจสอบภายใน เปนลายลักษณอักษร
ความเปนอิสระ (Independence)
ผูตรวจสอบภายใน ควรมีความเปนอิสระในการตรวจสอบกิจการตางๆ ขององคกร ความเปนอิสระ
ของผูตรวจสอบภายในวัดไดจากเสรีภาพในการปฏิบัติงานตรวจสอบ ตามมาตรฐานการประกอบวิชาชีพ
ตรวจสอบภายใน ผูตรวจสอบภายในสามารถใชวิจารณญาณที่เปนกลาง ปราศจากอคติ มีความอิสระในการ
เขาถึงทรัพยสิน สมุดบัญชี เอกสารตางๆ และสอบถามเจาหนาที่เกี่ยวกับเรื่องที่ทําการตรวจสอบ นอกจากนี้
ผูตรวจสอบภายในควรมีอํานาจอยางเพียงพอในการรายงานผลการตรวจสอบ พรอมขอเสนอแนะโดย
ปราศจากการแทรกแซงของฝายบริหารหรือบุคคลหนึ่งบุคคลใด
การที่ผูตรวจสอบภายในมีความเปนอิสระในการตรวจสอบอยางเพียงพอ จะมีผลทําใหการปฏิบัติ
งานตรวจสอบภายในเปนไปโดยมีประสิทธิภาพ บรรลุเปาหมาย หรือแผนการตรวจสอบที่วางไว และคุณภาพ
ของงานโดยเฉพาะผลการตรวจสอบจะสอดคลองกับเหตุการณหรือขอเท็จจริงที่เกิดขึ้น จึงสามารถใหขอ
เสนอแนะที่มีประโยชนตอการแกไขปรับปรุงองคกร
ตามมาตรฐานการประกอบวิชาชีพตรวจสอบภายในที่ The Institute of Internal Auditors หรือ IIA
กําหนดขึ้น ไดกลาวถึงความเปนอิสระของผูตรวจสอบภายใน ดังนี้
1. สถานภาพในองคกร (Organizational Status)
2. ความมีใจเปนอิสระ (Objectivity)
1. สถานภาพในองคกร (Organizational Status)
1.1 สถานภาพในองคกรของหนวยงานตรวจสอบภายใน ควรอยูในระดับสูงพอที่จะทําให
สามารถปฏิบัติหนาที่ตรวจสอบใหสําเร็จลุลวงไปได
1.2 ผูตรวจสอ",ประกันภัย,กฎหมาย คปภ.
oicpdf_00875,กฎหมายประกันภัย คปภ. 00875,"-
:
(~""i).UU)
U~~fll~fl~~fll~U~~flUflfl
L~ f} -3 LUL 1't11-3UfiuGi1U m~fil flU c"";Ll Lati ~ m~~~""lJ f} -3U'iM'tU1 ~~flUfl fl
L~ f)1 rru~n~u~~nutifll 't1rJ~l~l~f)LL'li-3'lil'rUJ i f)cil~~U~~~'t15.f11'\ALj ~ 6J6JalPilLLa~A116J
.""
.""
ifu A~'lJf) ~n~m~1 U')""~fl~fll1 LLa~~51uLti f)r1U..\J.L ~""16J~{1~1l1"")""::uLu~ ~~~n~LLa~-5~A6J'fl)J~ U~~L't 1A~
L~(ir J')"".f11L'\LAaj ::&~fj\JA W~fl')""~6Jm')""5L~~ ""16JrJn~~v1'Uu')""~6Ja11 J \iUJu l ')""n-.vu~~n\Jtifal \JU')""::ffl) UrJi1rJ ~ LL't1 \J
"" ""
-I ""' ""' .J.J ""' ~ ~ .I ""'""' .I ~ ""'~1 .,1 1 "" ""'~"" .J
u')""::n\J.f1rJ't1LnrJ1nun~~6Jm')""u~~'t1u')""::n\J.f1rJ LLa~LL\J1't11~uJjUc;1 \JL')""f}~ A~~~')""l~ ~fU~6JUc;1 r1\Jl't1
co'"" "" "" L;:t'
LW~~'L)"" rJU')""fJrJLLa1
'lJf) ~u""1';;'t1u')""::n\JtirvJ1 '~na 11 L~ f)u""1,;{'t1u')""::n\J1\JAl tifJLLa~U~';;'t1u')""::n\J:ai11cf ); 1LtJ \JL\LJ 1't11~u!iUGci ;116J~
"" ""
LL\J""J't11rJu')""::mAU
""
.
"" .1 "",.J.,'i ')
~: :~ "", u')""~mA fU ~1'.!"""""" /'/ .tf~\1"""".fl6J '\~.A. 2549
~ / ~')iff [1) i),., JV
(
\Jl~~11'\Aj""a,d,' \JruJ1 ..:1')~""1\J'lf)
f)5U~n')""6Jnl'j'tI')""::n\J1TrJ
""
.
i
-
คูมือกรรมการบริษัทประกันภัย
บทที่ 1
บทบาทและหนาที่ของคณะกรรมการ
กรรมการเปนบุคคลที่ไดรับการแตงตั้งจากผูถือหุนใหทําหนาที่สอดสองดูแลการปฏิบัติหนาที่
ของฝายบริหาร ซึ่งฝายบริหารนั้นคือผูที่ไดรับมอบหมายใหจัดการงานประจําวันขององคกร ตาม
นโยบายที่คณะกรรมการกําหนดไว นอกจากนี้ กรรมการยังเปนตัวกลางระหวางผูถือหุนกับ
ฝายบริหารและทําหนาที่เพื่อประโยชนสูงสุดขององคกร ดังนั้น ในการตัดสินใจดําเนินการใดๆ คณะ
กรรมการควรกระทําอยางมีเหตุผลและมีอิสระภายในกรอบจริยธรรมที่ดี และควรคํานึงถึงประโยชน
ของบริษัทประกันภัยเปนสําคัญ โดยทั่วไป คณะกรรมการมีบทบาทใน 2 ดานหลัก คือ ดานการ
ปฏิบัติการ และดานการกํากับดูแล
บทบาทของคณะกรรมการดานปฏิบัติการ
1. การกําหนดกลยุทธ
เนื่องจากคณะกรรมการไมไดทําหนาที่บริหารงานประจําวัน แตจะมอบหมายใหฝาย
บริหารและเจาหนาที่ของบริษัทประกันภัยทําหนาที่ดังกลาว คณะกรรมการจึงตองจัดใหมีแผนระยะ
สั้นที่แสดงถึงเปาหมายที่ชัดเจนและสามารถวัดผลได และจัดใหมีแผนระยะยาวที่แสดงถึงวิสัยทัศน
และแนวคิดในการดําเนินธุรกิจโดยรวมและอนาคตของบริษัทประกันภัย รวมทั้งใหฝายบริหาร
ประเมินผลการปฏิบัติงานอยางสม่ําเสมอ และนําผลการดําเนินงานที่เบี่ยงเบนไปนําเสนอตอคณะ
กรรมการ และกําหนดใหฝายบริหารจัดหาขอมูลอื่นที่เปนประโยชนในการวางแผนและกําหนด
นโยบายแกคณะกรรมการเพื่อใชวิเคราะหปญหา สาเหตุ และพิจารณาตัดสินใจปรับปรุงกลยุทธหรือ
แผนธุรกิจใหเหมาะสมตอไป
2. การกําหนดนโยบาย
คณะกรรมการตองกําหนดนโยบายและแนวทางปฏิบัติเพื่อใหฝายบริหารนําแผน
กลยุทธทั้งระยะสั้นและระยะยาวไปปฏิบัติได สรางความชัดเจนเกี่ยวกับทิศทางในดานการดําเนินกิจ
การ และใชเปนเครื่องมือในการสื่อสารระหวางคณะกรรมการและฝายบริหาร นโยบายควรยืดหยุน
และสามารถปรับปรุงใหสอดคลองกับสถานการณทางธุรกิจได ครอบคลุมงานธุรกิจ เมื่อคณะ
กรรมการกําหนดนโยบายสําหรับบริษัทประกันภัยแลว ควรจัดใหมีการชี้แจงหรือมีระบบการถายทอด
ขอมูลใหบุคลากรทุกระดับขององคกร เพื่อสรางความเขาใจใหตรงกันและทําใหการดําเนินงานสอด
คลองกับนโยบายที่กําหนด นอกจากนี้ จะตองมีการทบทวนปรับปรุงนโยบายเปน ครั้งคราว เพื่อให
ทันกับเหตุการณที่เปลี่ยนแปลงไป
2
3. การคัดเลือกและถอดถอนบุคลากรฝ",ประกันภัย,กฎหมาย คปภ.
oicpdf_00911,กฎหมายประกันภัย คปภ. 00911,"ท้ายคําสั่งนายทะเบียน
ใบคําขอเอาประกันชีวิตสาํ หรบั กรมธรรม์ประกันชีวติ แบบคุ้มครองสินเชื่อ ชาํ ระเบยี้ ประกันภยั ครั้งเดยี ว ประเภทสามัญ
แบบ........................................ (แบบไม่ตรวจสขุ ภาพ)
ชื่อบริษัท .......................................... ใบคําขอเอาประกันชีวิตเลขที่ .................
ที่ตั้งทําการ ...................................... กรมธรรม์ประกันภยั เลขที่ ......................
คําเตือนของสํานักงานคณะกรรมการกาํ กับและ
.........................................................
ส่งเสริมการประกอบธุรกจิ ประกันภัย ผู้ขอเอา
ประกันชีวิตต้องตอบคําถามตามความเป็นจริงทุก
ข้อ การปกปิดขอ้ เท็จจริงใดๆอาจจะเปน็ เหตุให้
สาขา............................
บริษัทผู้รับประกันชีวิตปฏิเสธไม่จ่ายเงินค่าสินไหม
ทด แทนตามส ัญญาประกัน ชีวิตตามป ระมวล
กฎหมายแพ่งและพาณิชย์มาตรา 865
ส่วนที่ 1 คําถามเกี่ยวกับข้อมูลส่วนบุคคลของผู้ขอเอาประกันภยั และรายละเอียดการขอเอาประกันภัย
1. ชื่อและนามสกลุ ของผู้ขอเอาประกันภัย ......................................................ชื่อและนามสกุลเดิม................................................
(cid:1) (cid:1)
เพศ ชาย หญิง เชื้อชาติ ............................. สัญชาติ ........................... ศาสนา......................
(cid:1) (cid:1) (cid:1) (cid:1)
สถานภาพ โสด สมรส หม้าย หย่า
อายุ ..........ปี เกิดวันที่ ..........เดือน ...........................พ.ศ. ...............
(cid:1) (cid:1) (cid:1)
เอกสารที่ใช้แสดง บัตรประจําตัวประชาชน ทะเบียนบ้าน อื่นๆ ......................................................
เลขประจําตัวประชาชนหรือเลขหนังสือเดินทางในกรณีที่เป็นคนต่างด้าว..........................วันบตั รหมดอายุ..............................
ชื่อภรรยา/สามี ...........................................................................................................................................................
ชื่อสถาบันการเงิน....................................................... เลขที่คําขอสินเชื่อ/เลขที่การอนุมัตสิ ินเชื่อ ......................................
จํานวนเงินกู้ ................................................. บาท อัตราดอกเบี้ยเงินกู้ยืม ...............................................................
วันที่ผู้ขอเอาประกันภัยประสงค์จะให้บริษัทเริ่มต้นให้ความคุ้มครอง* .................................................................................
กู้เพื่อซื้อ..........................(ให้ระบุรายการทรัพย์สินที่จะกู้ยืมเงินจากสถาบันการเงินอย่างเฉพาะเจาะจง)...............................
ราคาทรัพยส์ ินที่ซื้อ ......................................................................................................................................................
*วันที่เริ่มต้นให้ความคุ้มครอง ให้ผู้ขอเอาประกันภัยระบุโดยอ้างอิงจากวันที่คาดว่ามีการทําสัญญากู้ยืมเงิน หรือวันที่ได้รับเงินกู้)
2. ท่านมีการทําสัญญาประกันชีวิต หรืออยู่ระหว่างการขอเอาประกนั ชีวิต เพื่อคุ้มครองสินเชื่อตามข้อ 1. กับบริษัทนี้หรือบริษัทอื่นหรือไม่
(cid:1) (cid:1)
ไม่มี มี ดังนี้
บริษัท จํานวนเงินเอาประกันภัย ขณะนี้สญั ญามีผล
(บาท) บังคับหรือไม ่
คําเตือน คําถามนี้บริษัทถือเป็นสาระสําคัญในการพิจารณารับประกันสําหรับกรมธรรม์ประกันชีวิต แบบคุ้มครอ",ประกันภัย,กฎหมาย คปภ.
oicpdf_00911,กฎหมายประกันภัย คปภ. 00911,"ท้ายค าสั่งนายทะเบียน
ชื่อบริษัท
ที่อยู่
ตารางกรมธรรม์
หากผู้เอาประกันภัยยังไม่ได้ท าสัญญากู้ยืมเงิน ผู้เอาประกันภัยสามารถขอยกเลิกกรมธรรม์ได้
ภายใน 30 วันนับแต่วันที่ได้รับกรมธรรม์จากบริษัท
การประกันชีวิตใช้อัตราดอกเบี้ยร้อยละ…2…ต่อปี ในการค านวณเบี้ยประกันภัย
แบบประกันภัย จ านวนเงินเอาประกันภัย เบี้ยประกันภัย ระยะเวลาเอา
เริ่มต้น (บาท) (บาท) ประกันภัย (ปี)
ประกันชีวิต………. ………………….. ………………….. …………………..
ข้อก าหนดการจ่ายเงินของกรมธรรม์ เงื่อนไขทั่วไปซึ่งปรากฏในหน้าต่อ ๆ ไป รวมทั้ง
ส าเนา ใบค าขอเอาประกันชีวิต ใบแถลงสุขภาพ ข้อแถลงเพิ่มเติม บันทึกเพิ่มเติม บันทึกสลักหลังต่างๆ ให้
ถือเป็นส่วนหนึ่งของกรมธรรม์นี้ เพื่อเป็นหลักฐาน บริษัทโดยกรรมการผู้มีอ านาจกระท าการแทนบริษัท
ได้ท าสัญญาประกันภัยและออกกรมธรรม์พร้อมทั้งลงนามและประทับตราบริษัทไว้ในกรมธรรม์ฉบับนี้
เป็นส าคัญ ณ ส านักงานใหญ่ของบริษัท วันที่ …..….. เดือน ……………………… พ.ศ. …….….
วันที่เริ่มต้นความคุ้มครอง ....... “วันที่ผู้เอาประกันภัยประสงค์จะให้บริษัทเริ่มต้นให้ความคุ้มครองซึ่ง
ระบุไว้ในใบค าขอเอาประกันภัย หรือวันที่ผู้เอาประกันภัยได้ระบุไว้ในการขอแก้ไขวันเริ่มต้นความ
คุ้มครอง หรือวันที่บริษัทหรือตัวแทนประกันชีวิตของบริษัทได้รับข้อเสนอการรับประกันภัยใหม่
(counter offer) แล้วแต่วันใดจะเกิดขึ้นหลังสุด”................
ลงชื่อ ………………………… ลงชื่อ …………………………
กรรมการ กรรมการ
หมายเหตุ ในหน้านี้ ให้บริษัทพิมพ์ตามทางธุรกิจ แต่อย่างน้อยต้องมีข้อความตามที่ระบุไว้นี้
หากเป็นส านักงานสาขาของบริษัทประกันชีวิตต่างประเทศก็ให้เปลี่ยนจากค าว่า
“ส านักงานใหญ่ของบริษัท” เป็นส านักงานสาขา และค าว่า “กรรมการ” ก็ให้เปลี่ยนเป็นผู้จัดการสาขาแทน
- 2 -
ชื่อบริษัท
ที่อยู่
สรุปสาระส าคัญโดยย่อ
แบบ........................................
ช าระเบี้ยประกันภัยครั้งเดียว
ส าหรับคุ้มครองชีวิตและทุพพลภาพถาวรสิ้นเชิง
1. ผลประโยชน์และข้อยกเว้น
1.1 กรณีเสียชีวิต
ในกรณีที่ผู้เอาประกันภัยเสียชีวิต และบริษัทได้รับหลักฐานพิสูจน์การมรณกรรมของผู้เอาประกันภัย
ตามแบบและวิธีการที่บริษัทก าหนดจนครบถ้วนแล้ว บริษัทจะจ่ายจ านวนเงินผลประโยชน์เท่ากับ
จ านวนเงินเอาประกันภัยของเดือนที่ผู้เอาประกันภัยเสียชีวิต ตามจ านวนที่ได้ระบุไว้ในตารางแสดง
จ านวนเงินเอาประกันภัยที่ลดลงให้แก่ผู้รับประโยชน์หลัก ซึ่งจ านวนเงินดังกล่าวจะไม่เกินจ านวนหนี้
ทผี่ ู้เอาประกันภัยค้างช าระอยู่กับผู้รับประโยชน์หลัก ณ เวลานั้น หากมีจ านวนเงินเอาประกันภัยเหลืออยู่
บริษัทจะจ่ายให้แก่ผู้รับประโยชน์รองตามที่ระบุไว้ในสัญญาประกันภัย ในอัตราส่วนตามที่ระบุไว้ หรือเท่าๆ
กันหากมิได้ระบุอัตราส่วนไว้ เว้นแต่ในภายหลังได้มีการเปลี่ยนแปลงผู้รับประโยชน์รอง และผู้เอาประกันภัยได้
แจ้งเป็นลายลักษณ์อักษรให้บริษัททราบถึงการเปลี่ยนแปลงดังกล่าวพร้อมเอกสารประกอบตามที่บริษัทระบุ
บริษัทสามารถเลือกใช้เงื่อนไขการจ่ายผลประโยชน์กรณีทุพพลภาพถาวรสิ้นเชิงเงื่อนไขใด
เงื่อนไขหนึ่ง ดังต่อไปนี้
เงื่อนไขที่ 1
1.2 กรณีทุพพลภาพถาวรสิ้นเชิง
1.2.1 ในกรณีที่ผู้เอาประกันภัยตกเป็นบุคคลทุพพลภาพถาวรสิ้นเชิง และการทุพพลภาพนั้น
เกิดขึ้นต่อเนื่องเป็นเวลาไม่น้อยกว่า 180 วัน บริษัทจะจ่ายร้อยละ 50 ของจ านวนเงินเอาประกันภัยของ
เดือนที่ผู้เอาประกันภัยเริ่มต้นการทุพพลภาพถาวรสิ้นเชิงตามตารางจ านวนเงินเอาประกันภัยที่ลดลง
1.2.2 หากผู้เอาประกันภัยยังคงทุพพลภาพถาวรสิ้นเชิงต่อเนื่องอีกไม่น้อยกว่า 180 วัน
นับถัดจากวันครบก าหนด 180 วันตามข้",ประกันภัย,กฎหมาย คปภ.
oicpdf_00975,กฎหมายประกันภัย คปภ. 00975,"ส ำนักงำนคณะกรรมกำรกฤษฎีกำ
ส ำนักงำนคณะกรรมกำรกฤษฎีกำ ส ำนักงำพนรคะณระำกชรบรมัญกญำรัตกิ ฤษฎีกำ ส ำนักงำนคณะกรรมกำรกฤษฎีกำ
ประก ันชีวิต
ส ำนักงำนคณะกรรมกำรกฤษฎีกำ พ .ศ. ๒ ๕ ๓ ๕ ส ำนักงำนคณะกรรมกำรกฤษฎีกำ
ส ำนักงำนคณะกรรมกำรกฤษฎีกำ ส ำนักงำนคณะกรรมกำรกฤษฎีกำ ส ำนักงำนคณะกรรมกำรกฤษฎีกำ
ภูมิพลอดุลยเดช ป.ร.
ส ำนักงำนคณะกรรมกำรกฤษฎีกำ ส ำนักงำนคณะกรรมกำรกฤษฎีกำ
ให้ไว้ ณ วันที่ ๔ เมษำยน พ.ศ. ๒๕๓๕
ส ำนักงำนคณะกรรมกำรกฤษฎีกำ เสป ำ็นนปักงีทำี่ น๔ค๗ณ ะใกนรรรัชมกกำำลรกปฤัจษจฎุบีกันำ ส ำนักงำนคณะกรรมกำรกฤษฎีกำ
ส ำนพักรงะำนบคำณทะสกมรเรดม็จกพำรรกะฤปษรฎมีกินำท รมหำ ภ ูม ิพ ล สอ ำดนุลักยงำเดนชคณ มะีพกรระรมบกรำมรรกำฤชษโฎอีกงำก ำรโปรดเกล้ำฯ
ให้ประกำศว่ำ
ส ำนักงำนคณะกรรมกำรกฤษฎีกำ ส ำนักงำนคณะกรรมกำรกฤษฎีกำ ส ำนักงำนคณะกรรมกำรกฤษฎีกำ
โดยที่เป็นกำรสมควรปรับปรุงกฎหมำยว่ำด้วยกำรประกันชีวิต
ส ำนักงำนคณะกรรมกำรกฤษฎีกำ ส ำนักงำนคณะกรรมกำรกฤษฎีกำ
ส ำนักงำนคณะกรรมกำรกฤจษึงฎทีกรำ ง พระก ร ุณ ำ โ ปสร ำนดักเกงำลน้ำคฯณ ใะหก้ตรรรมำกพำรระกรฤำษชฎบีกัญำ ญ ัต ิข ึ้น ไ ว ้โ ด ยสค ำน ำักแงนำะนนคณ ำแะลกะรรยมินกยำอรกมฤษฎีกำ
ของสภำนิติบัญญัติแห่งชำติ ท ำหน้ำที่รัฐสภำ ดังต่อ ไปนี้
ส ำน ักงำนคณะกรรมกำรกฤษฎีกำ ส ำนักงำนคณะกรรมกำรกฤษฎีกำ
มำตรำ ๑ พระรำชบัญญัตินี้เรียกว่ำ “พระรำชบัญญัติประกันชีวิต พ.ศ. ๒๕๓๕”
ส ำนักงำนคณะกรรมกำรกฤษฎีกำ ส ำนักงำนคณะกรรมกำรกฤษฎีกำ ส ำนักงำนคณะกรรมกำรกฤษฎีกำ
มำตรำ ๒๑ พระรำชบัญญัตินี้ให้ใช้บังคับตั้งแต่วันถัดจำกวันประกำศในรำชกิจจำ
ส ำนักงำนคณะกรรมกำรกฤษฎีกำ ส ำนักงำนคณะกรรมกำรกฤษฎีกำ
นุเบกษำเป็นต้นไป
ส ำนักงำนคณะกรรมกำรกฤ ษฎีกำ ส ำนักงำนคณะกรรมกำรกฤษฎีกำ ส ำนักงำนคณะกรรมกำรกฤษฎีกำ
มำตรำ ๓ ให้ยกเลิกพระรำชบัญญ ัติประกันชีวิต พ.ศ. ๒๕๑๐
ส ำน กั งำนคณะกรรมกำรกฤษฎีกำ ส ำนักงำนคณะกรรมกำรกฤษฎีกำ
มำตรำ ๔ พระรำชบัญญัตินี้มิให้ใช้บังคับแก่กำรประกอบธุรกิจประกันชีวิตของ
ส ำนักงำนคณะกรรมกำรกฤษฎีกำ ส ำนักงำนคณะกรรมกำรกฤษฎีกำ ส ำนักงำนคณะกรรมกำรกฤษฎีกำ
ธนำคำรออมสินตำมกฎหมำยว่ำด้วยธนำคำรออมสิน
ส ำนักงำนคณะกรรมกำรกฤษฎีกำ ส ำนักงำนคณะกรรมกำรกฤษฎีกำ
มำตรำ ๕ ในพระรำชบัญญัตินี้
ส ำนักงำนคณะกรรมกำรกฤ“ษบฎีกรำิษ ัท”๒ ห ม ำ ย คส ำวนำักมงวำ่ำน คบณระิษกัรทรมมกหำำรชกนฤษจฎ ำีกกำัด ท ี่ ไ ด ้ร ับ ใ บ อ สน ำนุญักำงตำนปครณะะกกอรรบมธกุรำกรกิจฤษฎีกำ
ประกันชีวิตตำมพระรำชบัญญัตินี้ และหมำยควำม รวมถึงสำขำของบริษัทประกันชีวิตต่ำงประเทศที่
ได้รับใบอนุญำตส ำปนรักะงกำอนคบณธุระกกริจรปมรกะำกรกันฤชษีวฎิตีกใำน รำชอ ำ ณ ำ จ ัก สร ำตนำักมงำพนรคะณระำกชรบรัญมกญำัตรกินฤี้ดษ้วฎยีก ำ
“ส ำนักงำนใหญ่” หมำยควำมรวมถึงส ำนักงำนสำขำของบริษัทประกันชีวิต
ส ำนักงำนคณะกรรมกำรกฤษฎีกำ ส ำนักงำนคณะกรรมกำรกฤษฎีกำ ส ำนักงำนคณะกรรมกำรกฤษฎีกำ
ต่ำงประเทศที่ได้รับใบอนุญำตประกอบธุรกิจประกันชีวิตในรำชอำณำจักรตำมพระรำชบัญญัตินี้ด้วย
“กำรประกอบธุรกิจประกันชีวิต” หมำยควำมรวมถึงกำรประกอบธุรกิจประกันต่อด้วย
ส ำนักงำนคณะกรรมกำรกฤษฎีกำ ส ำนักงำนคณะกรรมกำรกฤษฎีกำ
“เงินกองทุน”๓ (ยกเลิก)
ส ำนักงำ น ค ณ ะ ก ร ร ม ก ำ ร ก ฤ ษ ฎ ีก ำ ส ำนักงำนคณะกรรมกำรกฤษฎีกำ ส ำนักงำนคณะกรรมกำรกฤษฎีกำ
๑ รำชกิจจำนุเบกษำ เล่ม ๑๐๙/ตอนท ี่ ๔๖/หน้ำ ๑/๑๐ เมษำยน ๒๕๓๕
๒ มำตรำ ๕ นิยำมค ำว่ำ “บริษัท” แ ก้ไขเพิ่มเติมโดยพระรำชบัญญัติประกันชีวิต (ฉบับที่ ๒)
พ.ศ. ๒๕๕๑
- ๒ - ส ำนักงำนคณะกรรมกำรกฤษฎีกำ
“ตัวแทนประกันชีวิต” หมำยควำมว่ำ ผู้ซึ่งบริษัทมอบหมำยให้ท ำกำรชักชวนให้
สำ นกับง",ประกันภัย,กฎหมาย คปภ.
oicpdf_00976,กฎหมายประกันภัย คปภ. 00976,"ส ำนักงำนคณะกรรมกำรกฤษฎีกำ
ส ำนักงำนคณะกรรมกำรกฤษฎีกำ ส ำนักงำพนรคะณระำกชรบรมัญกญำรัตกิ ฤษฎีกำ ส ำนักงำนคณะกรรมกำรกฤษฎีกำ
ประกันว ินำศภัย
ส ำนักงำนคณะกรรมกำรกฤษฎีกำ พ .ศ. ๒ ๕ ๓ ๕ ส ำนักงำนคณะกรรมกำรกฤษฎีกำ
ส ำนักงำนคณะกรรมกำรกฤษฎีกำ ส ำนักงำนคณะกรรมกำรกฤษฎีกำ ส ำนักงำนคณะกรรมกำรกฤษฎีกำ
ภูมิพลอดุลยเดช ป.ร.
ส ำนักงำนคณะกรรมกำรกฤษฎีกำ ส ำนักงำนคณะกรรมกำรกฤษฎีกำ
ให้ไว้ ณ วันที่ ๔ เมษำยน พ.ศ. ๒๕๓๕
ส ำนักงำนคณะกรรมกำรกฤษฎีกำ เสป ำ็นนปักงีทำี่ น๔ค๗ณ ะในกรรรัชมกกำำลรกปฤัจษจฎุบีกันำ ส ำนักงำนคณะกรรมกำรกฤษฎีกำ
ส ำนพักรงะำนบคำณทสะกมรเรดม็จกพำรรกะฤปษรฎมีกินำท รมหำ ภ ูม ิพ ล สอ ำดนุลักยงเำดนชค ณมะีพกรระรบมกรำมรรกำฤชษโฎอีกงกำ ำรโปรดเกล้ำฯ
ให้ประกำศว่ำ
ส ำนักงำนคณะกรรมกำรกฤษฎีกำ ส ำนักงำนคณะกรรมกำรกฤษฎีกำ ส ำนักงำนคณะกรรมกำรกฤษฎีกำ
โดยที่เป็นกำรสมควรปรับปรุงกฎหมำยว่ำด้วยกำรประกันวินำศภัย
ส ำนักงำนคณะกรรมกำรกฤษฎีกำ ส ำนักงำนคณะกรรมกำรกฤษฎีกำ
ส ำนักงำนคณะกรรมกำรกฤจษึงฎทีกำร ง พระ ก ร ุณ ำ สโ ำปนรักดงำเกนคลณ้ำฯะก ใรหรม้ตกรำำรกพฤรษะฎรีกำำช บ ัญ ญ ัต ิข ึ้น สไว ำน้โดักงยำคน คำณแนะกะรนร มำกแำลระกฤษฎีกำ
ยินยอมของสภำนิติบัญญัติแห่งชำติ ท ำหน้ำที่รัฐสภ ำ ดังต่อไปนี้
ส ำน ักงำนคณะกรรมกำรกฤษฎีกำ ส ำนักงำนคณะกรรมกำรกฤษฎีกำ
มำตรำ ๑ พระรำชบัญญัตินี้เรียกว่ำ “พระรำชบัญญัติประกันวินำศภัย พ.ศ. ๒๕๓๕”
ส ำนักงำนคณะกรรมกำรกฤษฎีกำ ส ำนักงำนคณะกรรมกำรกฤษฎีกำ ส ำนักงำนคณะกรรมกำรกฤษฎีกำ
มำตรำ ๒๑ พระรำชบัญญัตินี้ให้ใช้บังคับตั้งแต่วันถัดจำกวันประกำศในรำชกิจจำ
ส ำนักงำนคณะกรรมกำรกฤษฎีกำ ส ำนักงำนคณะกรรมกำรกฤษฎีกำ
นุเบกษำเป็นต้นไป
ส ำนักงำนคณะกรรมกำรกฤ ษฎีกำ ส ำนักงำนคณะกรรมกำรกฤษฎีกำ ส ำนักงำนคณะกรรมกำรกฤษฎีกำ
มำตรำ ๓ ให้ยกเลิกพระรำชบัญญ ัติประกันวินำศภัย พ.ศ. ๒๕๑๐
ส ำน กั งำนคณะกรรมกำรกฤษฎีกำ ส ำนักงำนคณะกรรมกำรกฤษฎีกำ
มำตรำ ๔ ในพระรำชบัญญัตินี้
ส ำนักงำนคณะกรรมกำรกฤษฎีกำ ส ำนักงำนคณะกรรมกำรกฤษฎีกำ ส ำนักงำนคณะกรรมกำรกฤษฎีกำ
“วินำศภัย” หมำยควำมว่ำ ควำมเสียหำยอย่ำงใด ๆ บรรดำที่จะพึงประมำณเป็น
เงินได้ และหมำยควำมรวมถึงควำมสูญเสียในสิทธิ ผลประโยชน์ หรือรำยได้ด้วย
ส ำนักงำนคณะกรรมกำรกฤษฎีกำ ส ำนักงำนคณะกรรมกำรกฤษฎีกำ
“บริษัท”๒ หมำยควำมว่ำ บริษัทมหำชนจ ำกัดที่ได้รับใบอนุญำตประกอบธุรกิจ
ส ำนักงำปนรคะณกะันกรวรินมำกศำรภกัยฤตษฎำมีกำพ ระรำ ช บ ัญ ญ สั ำตนินักี้ งแำนลคะณหะมกำรยรมคกวำำรมกฤรษวฎมีกถำึง ส ำ ข ำ ข อ ง บ สร ำิษนัทักงปำรนะคกณันะกวรินรำมศกำภรัยกฤษฎีกำ
ต่ำงประเทศที่ได้รับใบอนุญำตประกอบธุรกิจประกันว ินำศภัยในรำชอำณำจักรตำมพระรำชบัญญัตินี้ด้วย
ส ำน“ักสง ำำนนคักณงะำกนรใรหมญกำ่”รก หฤษมฎำีกยำค วำมร ว ม ถ ึง สส ำ ำนนักักงงำำนนคสณำะขกำรรขมอกงำบรกรฤิษษัทฎปีกำร ะกันวินำศภัย
ต่ำงประเทศที่ได้รับใบอนุญำตประกอบธุรกิจประกันวินำศภัยในรำชอำณำจักรตำมพระรำชบัญญัตินี้ด้วย
ส ำนักงำนคณะกรรมกำรกฤษฎีกำ ส ำนักงำนคณะกรรมกำรกฤษฎีกำ ส ำนักงำนคณะกรรมกำรกฤษฎีกำ
“กำรประกอบธุรกิจประกันวินำศภัย” หมำยควำมรวมถึงกำรประกอบธุรกิจประกัน
ต่อด้วย
ส ำนักงำนคณะกรรมกำรกฤษฎีกำ ส ำนักงำนคณะกรรมกำรกฤษฎีกำ
“เงินกองทุน”๓ (ยกเลิก)
ส ำนักงำ น ค ณ ะ ก ร ร ม ก ำ ร ก ฤ ษ ฎ ีก ำ ส ำนักงำนคณะกรรมกำรกฤษฎีกำ ส ำนักงำนคณะกรรมกำรกฤษฎีกำ
๑ รำชกิจจำนุเบกษำ เล่ม ๑๐๙/ตอนท ี่ ๔๖/หน้ำ ๓๓/๑๐ เมษำยน ๒๕๓๕
๒ มำตรำ ๔ นิยำมค ำว่ำ “บริษัท” แก้ไข เพิ่มเติมโดยพระรำชบัญญัติประกันวินำศภัย (ฉบับที่ ๒) พ.ศ.
๒๕๕๑
- ๒ - ส ำนักงำนคณะกรรมกำรกฤษฎีกำ
“ตัวแทนประกันวินำศภัย",ประกันภัย,กฎหมาย คปภ.
oicpdf_00980,กฎหมายประกันภัย คปภ. 00980,"รหสั จงั หวดั รหสั เขต
01 เขตพระนคร
02 เขตดสุ ติ
03 เขตหนองจอก
04 เขตบางรกั
05 เขตบางเขน
06 เขตบางกะปิ
07 เขตปทุมวนั
08 เขตป้อมปราศตั รพู า่ ย
09 เขตพระโขนง
10 เขตมนี บุรี
11 เขตลาดกระบงั
12 เขตยานนาวา
13 เขตสมั พนั ธวงศ์
14 เขตพญาไท
15 เขตธนบุรี
16 เขตบางบอกใหญ่
17 เขตหว้ ยขวาง
18 เขตคลองสาน
19 เขตตลงิ0 ชนั
20 เขตบางกอกน้อย
10 กรงุ เทพมหานคร
21 เขตบางขนุ เทยี น
22 เขตภาษเีจรญิ
23 เขตหนองแขม
24 เขตราษฎรบ์ ูรณะ
25 เขตบางพลดั
26 เขตดนิ แดง
27 เขตบงึ กุ่ม
28 เขตสาธร
29 เขตบางช0อื
30 เขตจตุจกั ร
31 เขตบางคอแหลม
32 เขตประเวศ
33 เขตคลองเตย
34 เขตสวนหลวง
35 เขตจอมทอง
36 เขตดอนเมอื ง
37 เขตราชเทวี
38 เขตลาดพรา้ ว
39 เขตวฒั นา
40 เขตบางแค
รหสั จงั หวดั รหสั เขต
41 เขตหลกั ส0ี
42 เขตสายไหม
43 เขตคนั นายาว
44 เขตสะพานสงู
45 เขตวงั ทองหลาง
10 กรงุ เทพมหานคร
46 เขตคลองสามวา
47 เขตบางนา
48 เขตทววี ฒั นา
49 เขตทุ่งครุ
50 เขตบางบอน
รหสั จงั หวดั รหสั อาํ เภอ เมืองชนั(cid:17) 1 เมืองชนั(cid:17) 2 เมืองชนั(cid:17) 3
เมอื ง ทุกเขต (Block) ตามแผนทเ(cid:30)ีขตการรบั ประกนั ภยั ถอื เป็นเขตธรรมดาทวั(cid:30)ไป
01
F เขตอนั ตรายชนั"" ก.
02 บางบ่อ ทุกเขต (Block) ตามแผนทเ(cid:30)ีขตการรบั ประกนั ภยั ถอื เป็นเขตธรรมดาทวั(cid:30)ไป
03 บางพลี ทุกเขต (Block) ตามแผนทเ(cid:30)ีขตการรบั ประกนั ภยั ถอื เป็นเขตธรรมดาทวั(cid:30)ไป
11 สมทุ รปราการ
04 พระประแดง ทุกเขต (Block) ตามแผนทเ(cid:30)ีขตการรบั ประกนั ภยั ถอื เป็นเขตธรรมดาทวั(cid:30)ไป
05 พระสมทุ รเจดยี ์ ทุกเขต (Block) ตามแผนทเ(cid:30)ีขตการรบั ประกนั ภยั ถอื เป็นเขตธรรมดาทวั(cid:30)ไป
06 บางเสาธง ทุกเขต (Block) ตามแผนทเ(cid:30)ีขตการรบั ประกนั ภยั ถอื เป็นเขตธรรมดาทวั(cid:30)ไป
อ(cid:30)นื ๆ ทงั"" หมด
01 เมอื ง ทุกเขต (Block) ตามแผนทเ(cid:30)ีขตการรบั ประกนั ภยั ถอื เป็นเขตธรรมดาทวั(cid:30)ไป
02 บางกรวย ทุกเขต (Block) ตามแผนทเ(cid:30)ีขตการรบั ประกนั ภยั ถอื เป็นเขตธรรมดาทวั(cid:30)ไป
03 บางใหญ่ ทุกเขต (Block) ตามแผนทเ(cid:30)ีขตการรบั ประกนั ภยั ถอื เป็นเขตธรรมดาทวั(cid:30)ไป
12 นนทบุรี 04 บางบวั ทอง ทุกเขต (Block) ตามแผนทเ(cid:30)ีขตการรบั ประกนั ภยั ถอื เป็นเขตธรรมดาทวั(cid:30)ไป
05 ไทรน้อย ทุกเขต (Block) ตามแผนทเ(cid:30)ีขตการรบั ประกนั ภยั ถอื เป็นเขตธรรมดาทวั(cid:30)ไป
06 ปากเกรด็ ทุกเขต (Block) ตามแผนทเ(cid:30)ีขตการรบั ประกนั ภยั ถอื เป็นเขตธรรมดาทวั(cid:30)ไป
อ(cid:30)นื ๆ ทงั"" หมด
01 เมอื ง ทุกเขต (Block) ตามแผนทเ(cid:30)ีขตการรบั ประกนั ภยั ถอื เป็นเขตธรรมดาทวั(cid:30)ไป
คลองหลวง ทุกเขต (Block) ตามแผนทเ(cid:30)ีขตการรบั ประกนั ภยั ถอื เป็นเขตธรรมดาทวั(cid:30)ไป
02
ต.คลองหน(cid:30)ึง คลองหลวง ทุกเขต (Block) ตามแผนทเ(cid:30)ีขตการรบั ประกนั ภยั ถอื เป็นเขตธรรมดาทวั(cid:30)ไป
ธญั บุรี ทุกเขต (Block) ตามแผนทเ(cid:30)ีขตการรบั ประกนั ภยั ถอื เป็นเขตธรรมดาทวั(cid:30)ไป
03
ทต.ประชาธปิ ตั ย ์ธญั บุรี ทุกเขต (Block) ตามแผนทเ(cid:30)ีขตการรบั ประกนั ภยั ถอื เป็นเขตธรรมดาทวั(cid:30)ไป
13 ปทุมธานี 04 หนองเสอื เขตอําเภอ
05 ลาดหลุมแกว้ เขตอําเภอ
ลําลูกกา เขตอําเภอ
06
ทต.คคู ต ลําลูกกา ทุกเขต (Block) ตามแผนทเ(cid:30)ีขตการรบั ประกนั ภยั ถอื เป็นเขตธรรมดาทวั(cid:30)ไป
07 สามโคก เขตอําเภอ
อ(cid:30)นื ๆ ทงั"" หมด
01 พระนครศรอี ยธุ ยา ทุกเขต (Block) ตามแผนทเ(cid:30)ีขตการรบั ประกนั ภยั ถอื เป็นเขตธรรมดาทวั(cid:30)ไป
เขตอําเภอ
ท่าเรอื
02",ประกันภัย,กฎหมาย คปภ.
oicpdf_03045,กฎหมายประกันภัย คปภ. 03045,"หน้า ๑
เล่ม ๑๓๓ ตอนพิเศษ ๕๗ ง ราชกิจจานุเบกษา ๗ มีนาคม ๒๕๕๙
ระเบียบสํานักงานคณะกรรมการกํากับและส่งเสริมการประกอบธุรกิจประกันภัย
ว่าด้วยการไกล่เกลี่ยข้อพิพาทด้านการประกันภัย
พ.ศ. ๒๕๕๙
เพื่อเพิ่มประสิทธิภาพการคุ้มครองสิทธิประโยชน์ประชาชนด้านการประกันภัย ให้ได้รับ
ความคุ้มครองตามกรมธรรม์ประกันภัยและเพิ่มศักยภาพในการบริหารจัดการด้านสินไหมทดแทน
ให้มีประสิทธิภาพสูงสุด และเป็นการเพิ่มทางเลือกอีกทางหนึ่งให้กับประชาชนที่จะระงับข้อพิพาท
ด้านการประกันภัย โดยผู้ไกล่เกลี่ยที่เป็นผู้ชํานาญการ อาศัยอํานาจตามความในมาตรา ๓๖/๑
แห่งพระราชบัญญัติประกันวินาศภัย พ.ศ. ๒๕๓๕ แก้ไขเพิ่มเติมโดยพระราชบัญญัติประกันวินาศภัย
(ฉบับที่ ๒) พ.ศ. ๒๕๕๑ และมาตรา ๓๗/๑ แห่งพระราชบัญญัติประกันชีวิต พ.ศ. ๒๕๓๕ แก้ไขเพิ่มเติม
โดยพระราชบัญญัติประกันชีวิต (ฉบับที่ ๒) พ.ศ. ๒๕๕๑ ประกอบมาตรา ๓๒ (๒) แห่งพระราชบัญญัติ
คณะกรรมการกํากับและส่งเสริมการประกอบธุรกิจประกันภัย พ.ศ. ๒๕๕๐ และมติที่ประชุมคณะกรรมการ
กํากับและส่งเสริมการประกอบธุรกิจประกันภัย ครั้งที่ ๒/๒๕๕๙ เมื่อวันที่ ๒๗ กุมภาพันธ์ ๒๕๕๙
สํานักงานคณะกรรมการกํากับและส่งเสริมการประกอบธุรกิจประกันภัย จึงออกระเบียบไว้ ดังนี้
ข้อ ๑ ระเบียบนี้เรียกว่า “ระเบียบสํานักงานคณะกรรมการกํากับและส่งเสริมการประกอบ
ธุรกิจประกันภัย ว่าด้วยการไกล่เกลี่ยข้อพิพาทด้านการประกันภัย พ.ศ. ๒๕๕๙”
ข้อ ๒ ระเบียบนี้ให้ใชบ้ ังคับตั้งแต่วันถัดจากวันประกาศในราชกิจจานุเบกษาเป็นต้นไป
ข้อ ๓ บทนิยาม
“สํานักงาน” หมายความว่า สํานักงานคณะกรรมการกํากับและส่งเสริมการประกอบธุรกิจประกันภัย
“เลขาธิการ” หมายความว่า เลขาธิการคณะกรรมการกํากับและส่งเสริมการประกอบธุรกิจประกันภัย
หรือผู้ซึ่งเลขาธิการคณะกรรมการกํากับและส่งเสริมการประกอบธุรกิจประกันภัยมอบหมาย
“นายทะเบียน” หมายความว่า เลขาธิการคณะกรรมการกํากับและส่งเสริมการประกอบธุรกิจ
ประกันภัย หรือผู้ซึ่งเลขาธิการคณะกรรมการกํากับและส่งเสริมการประกอบธุรกิจประกันภัยมอบหมาย
“เจ้าหน้าที่” หมายความว่า พนักงานสํานักงาน ที่มีหน้าที่หรือได้รับมอบหมายให้มีหน้าที่
ในการพิจารณาข้อร้องเรียนและดําเนินการไกล่เกลี่ยข้อพิพาทด้านการประกันภัย
“ผู้ไกล่เกลี่ย” หมายความว่า ผู้ชํานาญการด้านกฎหมายว่าด้วยการประกันภัย หรือด้านอื่น ๆ
ที่เกี่ยวข้อง ซึ่งเป็นบุคคลภายนอก ทั้งนี้ รวมถึงคณะผู้ไกล่เกลี่ยด้วย ในกรณีที่มีการแต่งตั้งผู้ไกล่เกลี่ย
มากกว่าหนึ่งคนในข้อพิพาทเรื่องใด ๆ ที่ขึ้นทะเบียนรายชื่อผู้ชํานาญการและได้รับการแต่งตั้งให้ทําหน้าที่
เป็นผู้ไกล่เกลี่ยตามระเบียบนี้
“ผู้ร้องเรียน” หมายความว่า ผู้มีสิทธิได้รับชําระหนี้ตามสัญญาประกันภัยที่ยื่นคําร้อง
ต่อสํานักงาน ไม่ว่าจะยื่นโดยตรง หรือผ่านช่องทางต่าง ๆ ของสํานักงาน หรือหน่วยงานอื่นที่มีหน้าที่
รับเรื่องร้องเรียน ของประชาชนและสํานักงานได้รับเรื่องร้องเรียนดังกล่าว
หน้า ๒
เล่ม ๑๓๓ ตอนพิเศษ ๕๗ ง ราชกิจจานุเบกษา ๗ มีนาคม ๒๕๕๙
“ข้อพิพาท” หมายความว่า ข้อร้องเรียนเกี่ยวกับการประกันภัย การจ่ายค่าสินไหมทดแทน
การชดใช้เงินหรือประโยชน์อื่นใดตามสัญญาประกันภัย
“คําร้อง” หมายความว่า การกระทําด้วยวิธีการใด ๆ ที่ผู้ร้องเรียน ยื่นขอความเป็นธรรม
ต่อสํานักงาน ไม่ว่าจะยื่นโดยตรง หรือผ่านช่องทางต่าง ๆ ของสํานักงาน หรือหน่วยงานอื่นที่มีหน้าที่
รับเรื่องร้องเรียนของประชาชน และสํานักงานได้รับเรื่องร้องเรียนดังกล่าว
“บริษัท” หมายความว่า บริษัทตามกฎหมายว่าด้วยการประกันวินาศภัย และบริษัทตามกฎหมาย
ว่าด้วยการประกันชีวิต
“คู่กรณี” หมายความว่า ผู้ร้อง",ประกันภัย,กฎหมาย คปภ.
oicpdf_00430,กฎหมายประกันภัย คปภ. 00430,"พระราชบญั ญตั ิ
คุม้ ครองผปู้ ระสบภยั จากรถ
พ.ศ. ๒๕๓๕
ภูมิพลอดุลยเดช ป.ร.
ใหไ้ ว ้ณ วนั ที่ ๒ เมษายน พ.ศ. ๒๕๓๕
เป็นปีที่ ๔๗ ในรัชกาลปัจจุบนั
พระบาทสมเดจ็ พระปรมินทรมหาภูมิพลอดุลยเดช มีพระบรมราชโองการโปรดเกลา้ ฯ ใหป้ ระกาศวา่
โดยที่เป็นการสมควรมีกฎหมายวา่ ดว้ ยการคุม้ ครองผปู้ ระสบภยั จากรถ
จึงทรงพระกรุณาโปรดเกลา้ ฯ ใหต้ ราพระราชบญั ญตั ิข้ึนไวโ้ ดยคาํ แนะนาํ และยนิ ยอมของสภานิติ
บญั ญตั ิแห่งชาติ ทาํ หนา้ ที่รัฐสภา ดงั ต่อไปน้ี
มาตรา ๑ พระราชบญั ญตั ิน้ีเรียกวา่ “พระราชบญั ญตั ิคุม้ ครองผปู้ ระสบภยั จากรถ พ.ศ. ๒๕๓๕”
มาตรา ๒[๑] พระราชบญั ญตั ิน้ีใหใ้ ชบ้ งั คบั เมื่อพน้ กาํ หนดสามร้อยหกสิบวนั นบั แต่วนั ประกาศในราช
กิจจานุเบกษาเป็นตน้ ไป
มาตรา ๓ บรรดาบทกฎหมาย กฎ และขอ้ บงั คบั อื่นที่มีบญั ญตั ิไวแ้ ลว้ ในพระราชบญั ญตั ิน้ีหรือซ่ึงขดั
หรือแยง้ กบั บทแห่งพระราชบญั ญตั ิน้ี ใหใ้ ชพ้ ระราชบญั ญตั ิน้ีแทน
มาตรา ๔ ในพระราชบญั ญตั ิน้ี
“รถ”[๒] หมายความวา่ รถตามกฎหมายวา่ ดว้ ยรถยนต ์รถตามกฎหมายวา่ ดว้ ยการขนส่งทางบก
รถยนตร์ทหารตามกฎหมายวา่ ดว้ ยรถยนตร์ทหาร และหมายความรวมถึงรถอื่นตามที่กาํ หนดในกฎกระทรวง”
“เจา้ ของรถ” หมายความวา่ ผซู้ ่ึงมีกรรมสิทธ์ิในรถหรือผมู้ ีสิทธิครอบครองรถตามสญั ญาเช่าซ้ือ และ
หมายความรวมถึงผนู้ าํ รถที่จดทะเบียนในต่างประเทศเขา้ มาใชใ้ นราชอาณาจกั รเป็นการชวั่ คราวดว้ ย
“ผปู้ ระสบภยั ” หมายความวา่ ผซู้ ่ึงไดร้ ับอนั ตรายต่อชีวิต ร่างกายหรืออนามยั เนื่องจากรถที่ใชห้ รืออยู่
ในทางหรือเนื่องจากสิ่งที่บรรทุกหรือติดต้งั ในรถน้นั และหมายความรวมถึงทายาทโดยธรรมของผปู้ ระสบภยั
2
ซ่ึงถึงแก่ความตายดว้ ย
“ความเสียหาย” หมายความวา่ ความเสียหายต่อชีวิต ร่างกายหรืออนามยั อนั เกิดจากรถ
“ผซู้ ่ึงอยใู่ นรถ” หมายความวา่ ผซู้ ่ึงอยใู่ นหรือบนหรือส่วนใดส่วนหน่ึงของรถ และหมายความรวมถึงผู้
ซ่ึงกาํ ลงั ข้ึนหรือกาํ ลงั ลงจากรถน้นั ดว้ ย
“บริษทั ” หมายความวา่ บริษทั ตามกฎหมายวา่ ดว้ ยการประกนั วินาศภยั ที่ไดร้ ับใบอนุญาตใหป้ ระกอบ
กิจการประเภทประกนั ภยั รถ
“ค่าเสียหายเบ้ืองตน้ ”[๓] หมายความวา่ คา่ รักษาพยาบาล ค่าใชจ้ ่ายอนั จาํ เป็นเกี่ยวกบั การรักษาพยาบาล
ค่าปลงศพ ค่าใชจ้ ่ายเกี่ยวกบั การจดั การศพ รวมท้งั ค่าเสียหายและค่าใชจ้ ่ายที่จาํ เป็นอยา่ งอื่นเพื่อบรรเทาความ
เดือดร้อนของผปู้ ระสบภยั ในเบ้ืองตน้ ท้งั น้ี ตามรายการและจาํ นวนเงินที่กาํ หนดในกฎกระทรวงที่ออกตาม
มาตรา ๒๐ วรรคสอง”
“เครื่องหมาย”[๔] (ยกเลิก)
“คณะกรรมการ”[๕] หมายความวา่ คณะกรรมการคุม้ ครองผปู้ ระสบภยั จากรถ
“นายทะเบียน” หมายความวา่ เลขาธิการคณะกรรมการกาํ กบั และส่งเสริมการประกอบธุรกจิ ประกนั ภัย
หรือผซู้ ่ึงเลขาธิการคณะกรรมการกาํ กบั และส่งเสริมการประกอบธุรกจิ ประกนั ภัยมอบหมายโดยประกาศใน
ราชกิจจานุเบกษา
“กองทุน” หมายความวา่ กองทุนทดแทนผปู้ ระสบภยั
“รัฐมนตรี” หมายความวา่ รัฐมนตรีผรู้ ักษาการตามพระราชบญั ญตั ิน้ี
มาตรา ๕[๖] ใหร้ ัฐมนตรีวา่ การกระทรวงการคลงั รักษาการตามพระราชบญั ญตั ิน้ี และใหม้ ีอาํ นาจออก
กฎกระทรวงและประกาศเพื่อปฏิบตั ิการตามพระราชบญั ญตั ิน้ี
กฎกระทรวงและประกาศน้นั เมื่อไดป้ ระกาศในราชกิจจานุเบกษาแลว้ ใหใ้ ชบ้ งั คบั ได ้
มาตรา ๖[๗] ใหม้ ีคณะกรรมการคณะหน่ึง เรียกวา่ “คณะกรรมการคุม้ ครองผปู้ ระสบภยั จากรถ”
ประกอบดว้ ยปลดั กระทรวงการคลงั เป็นประธาน ผแู้ ทนกระทรวงกลาโหม ผแู้ ทนกระทรวงพาณชิ ย์ ผแู้ ทน
กระทรวงคมนาคม ผแู้ ทนกระทรวงสาธารณสุข ผแู้ ทนทบวงมหาวิทยาลยั ผแู้ ทนกรมป้องกนั แ",ประกันภัย,กฎหมาย คปภ.
oicpdf_00583,กฎหมายประกันภัย คปภ. 00583,"หนา ๕๙
เลม ๑๒๕ ตอนท ี่ ๒๗ ก ราชกิจจานุเบกษา ๕ กุมภาพันธ ๒๕๕๑
พระราชบัญญัติ
ประกันวินาศภัย (ฉบับที่ ๒)
พ.ศ. ๒๕๕๑
ภูมิพลอดุลยเดช ป.ร.
ใหไว ณ วนั ที่ ๒๗ มกราคม พ.ศ. ๒๕๕๑
เปนปที่ ๖๓ ในรัชกาลปจจุบัน
พระบาทสมเด็จพระปรมินทรมหาภูมิพลอดุลยเดช มีพระบรมราชโองการโปรดเกลา ฯ
ใหประกาศวา
โดยที่เปนการสมควรแกไขเพิ่มเติมกฎหมายวาดวยการประกันวินาศภัย
พระราชบัญญัตินี้มีบทบัญญัติบางประการเกี่ยวกับการจํากัดสิทธิและเสรีภาพของบุคคล
ซึ่งมาตรา ๒๙ ประกอบกับมาตรา ๔๑ มาตรา ๔๓ และมาตรา ๔๕ ของรัฐธรรมนูญแหง
ราชอาณาจักรไทย บัญญัติใหกระทําไดโดยอาศัยอํานาจตามบทบัญญัติแหงกฎหมาย
จึงทรงพระกรุณาโปรดเกลา ฯ ใหตราพระราชบัญญัติขึ้นไวโดยคําแนะนําและยินยอมของ
สภานิติบัญญัติแหงชาติ ดังตอไปนี้
มาตรา ๑ พระราชบัญญัตินี้เรียกวา “พระราชบัญญัติประกันวินาศภัย (ฉบับที่ ๒)
พ.ศ. ๒๕๕๑”
มาตรา ๒ พระราชบัญญัตินี้ใหใชบังคับตั้งแตวันถัดจากวันประกาศในราชกิจจานุเบกษา
เปนตนไป
หนา ๖๐
เลม ๑๒๕ ตอนท ี่ ๒๗ ก ราชกิจจานุเบกษา ๕ กุมภาพันธ ๒๕๕๑
มาตรา ๓ ใหยกเลิกความในบทนิยามคําวา “บริษัท” ในมาตรา ๔ แหงพระราชบัญญัติ
ประกันวินาศภัย พ.ศ. ๒๕๓๕ และใหใชความตอไปนี้แทน
““บริษัท” หมายความวา บริษัทมหาชนจํากัดที่ไดรับใบอนุญาตประกอบธุรกิจประกันวินาศภัย
ตามพระราชบัญญัตินี้ และหมายความรวมถึงสาขาของบริษัทประกันวินาศภัยตางประเทศที่ไดรับ
ใบอนุญาตประกอบธุรกิจประกันวินาศภัยในราชอาณาจักรตามพระราชบัญญัตินี้ดวย”
มาตรา ๔ ใหยกเลิกบทนิยามคําวา “เงินกองทุน” ในมาตรา ๔ แหงพระราชบัญญัติ
ประกันวินาศภัย พ.ศ. ๒๕๓๕
มาตรา ๕ ใหยกเลิกความในบทนิยามคําวา “กองทุน” ในมาตรา ๔ แหงพระราชบัญญัติ
ประกันวินาศภัย พ.ศ. ๒๕๓๕ และใหใชความตอไปนี้แทน
““กองทุน” หมายความวา กองทุนประกันวินาศภัย”
มาตรา ๖ ใหเพิ่มบทนิยามคําวา “คณะกรรมการ” ระหวางคําวา “นายหนาประกันวินาศภัย”
และ “กองทุน” ในมาตรา ๔ แหงพระราชบัญญัติประกันวินาศภัย พ.ศ. ๒๕๓๕
““คณะกรรมการ” หมายความวา คณะกรรมการกํากับและสงเสริมการประกอบธุรกิจ
ประกันภัย”
มาตรา ๗ ใหยกเลิกความในบทนิยามคําวา “นายทะเบียน” ในมาตรา ๔ แหงพระราชบญั ญตั ิ
ประกันวินาศภัย พ.ศ. ๒๕๓๕ และใหใชความตอไปนี้แทน
““นายทะเบียน” หมายความวา เลขาธิการคณะกรรมการกํากับและสงเสริมการประกอบธุรกิจ
ประกันภัย หรือผูซึ่งเลขาธิการคณะกรรมการกํากับและสงเสริมการประกอบธุรกิจประกันภัย
มอบหมาย”
มาตรา ๘ ใหยกเลิกความในมาตรา ๕ และมาตรา ๖ แหงพระราชบัญญัติประกันวินาศภัย
พ.ศ. ๒๕๓๕ และใหใชความตอไปนี้แทน
“มาตรา ๕ ใหรัฐมนตรีวาการกระทรวงการคลังรักษาการตามพระราชบัญญัตินี้ และใหมีอํานาจ
แตงตั้งพนักงานเจาหนาที่กับออกกฎกระทรวงกําหนดคาธรรมเนียมไมเกินอัตราในบัญชีทายพระราชบัญญัตินี้
และกําหนดกิจการอื่นเพื่อปฏิบัติการตามพระราชบัญญัตนิ ี้กับออกประกาศตามบทแหงพระราชบัญญัตินี้
กฎกระทรวงและประกาศนั้น เมื่อไดประกาศในราชกิจจานุเบกษาแลวใหใชบังคับได
หนา ๖๑
เลม ๑๒๕ ตอนท ี่ ๒๗ ก ราชกิจจานุเบกษา ๕ กุมภาพันธ ๒๕๕๑
มาตรา ๖ การประกอบธุรกิจประกันวินาศภัยจะกระทําไดเมื่อไดจัดตั้งขึ้นในรูปบริษัท
มหาชนจํากัดตามกฎหมายวาดวยบริษัทมหาชนจํากัด และโดยไดรับใบอนุญาตประกอบธุรกิจ
ประกันวินาศภัยจากรัฐมนตรีโดยอนุมัติคณะรัฐมนตรี
การขอรับใบอนุญาตประกอบธุรกิจประกันวินาศภัยตามวรรคหนึ่ง ใหผูเริ่มจัดตั้งบริษัทยื่น
คําขอรับใบอนุญาตตอรัฐมนตรี และเมื่อรัฐมนตรีโดยอนุมัติคณะรัฐมนตรีไดพิจารณาอนุมัติให
ประกอบธุรกิจประกันวินาศภัยแลว ใหผู",ประกันภัย,กฎหมาย คปภ.
oicpdf_00784,กฎหมายประกันภัย คปภ. 00784,"ชื่อ - ที่อยูบริษัท
ตารางกรมธรรมประกันภัย
รหัสบริษัท การประกันภัยอุบัติเหตุสําหรับรายยอย (ไมโคร อินชัวรันส) กรมธรรมประกันภัยเลขที่
(cid:136) สวนบุคคล (cid:136) กลุม
1. ผูเอาประกันภัย : ชื่อและที่อยู เลขประจําตัวประชาชน:
อาชีพ :
ชั้นอาชีพ :
อายุ :
2. ผูรับประโยชน : ชื่อและที่อยู ความสัมพันธกับผูเอาประกันภัย:
3. ระยะเวลาประกันภัย : เริ่มตนวันที่ เวลา น. สนิ้ สุดวันที่ เวลา 16.30 น.
4. จํานวนจํากัดความรับผิด : กรมธรรมประกันภัยนี้ใหการคุมครองเฉพาะผลของการบาดเจ็บทางรางกายในขอที่มีจํานวนเงินเอาประกันภัยระบุ
ไวเทานั้น
ขอตกลงคุมครอง จํานวนเงินเอาประกันภัย (บาท)
100,000
1. ผลประโยชนการเสียชีวิต การสูญเสียอวัยวะ สายตา หรือทุพพลภาพถาวรสิ้นเชิง
2. ผลประโยชน การเสียชีวิต การสูญเสียอวัยวะ สายตา หรือทุพพลภาพถาวรสิ้นเชิง จากอุบัติเหตุขณะ 50,000
ขับขี่หรือโดยสารรถจักรยานยนต
3. ผลประโยชนการชดเชยรายไดระหวางการเขารักษาตัวในโรงพยาบาล (ตอวัน) สูงสุดไมเกิน 20 วัน 200 บาท/วัน
ตลอดระยะเวลาประกันภัย (ขยายความคุมครองขณะขับขี่หรือโดยสารรถจักรยานยนต)
4. ผลประโยชนคาใชจายในการจัดการงานศพกรณีเสียชีวิตจากการบาดเจ็บหรือการเจ็บปวย (ยกเวน 10,000
กรณีเสียชีวิตจากการเจ็บปวยภายในระยะเวลา 180 วันแรก)
สวนลดเบี้ยประกันภัย
เบี้ยประกันภัยสุทธิ
อากรแสตมป
ภาษี
เบี้ยประกันภัยรวม
(cid:137) ตัวแทน (cid:137) นายหนาประกันภัยรายนี้ ใบอนุญาตเลขที่……………………………...... (cid:137) งานตรง
...................................................... ........................................................
วันทําสัญญาประกันภัย วันออกกรมธรรมประกันภัย
เพื่อเปนหลักฐาน บริษัท โดยผูมีอํานาจกระทําการแทนบริษัท ไดลงลายมือชื่อและประทับตราของบริษัทไวเปนสําคัญ ณ
สํานักงานของบริษัท
................................................ ................................................ ................................................
กรรมการ-Director กรรมการ-Director ผูรับมอบอํานาจ-Authorized Signature
กรมธรรมประกันภัยอุบตั ิเหตุสําหรับรายยอ ย (ไมโครอินชัวรันส)
โดยการเชื่อถือขอแถลงในใบคําขอเอาประกันภัยซึ่งเปนสวนหนึ่งของกรมธรรมประกันภัยนี้และ
เพื่อเปนการตอบแทนเบี้ยประกันภัยที่ผูเอาประกันภัยตองชําระภายใตขอบังคับ เงื่อนไขทั่วไป ขอตกลง
คุมครอง ขอยกเวนและเอกสารแนบทายแหงกรมธรรมประกันภัย บริษัทใหสัญญากับผูเอาประกันภัย
ดังตอไปนี้
หมวดที่ 1 คําจํากัดความ
ถอยคําและคําบรรยายซึ่งมีความหมายเฉพาะที่ไดใหไวในสวนใดก็ตามของกรมธรรมประกันภัยจะ
ถือเปนความหมายเดียวกันทั้งหมด ไมวาจะปรากฏในสวนใดก็ตาม เวนแตจะไดกําหนดไวเปนอยางอื่นใน
กรมธรรมประกันภัย
1.1 กรมธรรมประกันภัย หมายถึง ตารางกรมธรรมประกันภัย ตารางผลประโยชน เงื่อนไข
ขอตกลงคุมครอง ขอยกเวน ขอกําหนด เอกสารแนบทาย
ขอระบุพิเศษ ขอรับรอง และใบสลักหลังกรมธรรม
ประกันภัย ซึ่งถือเปนสวนหนึ่งแหงสัญญาประกันภัย
1.2 บริษัท หมายถึง บริษัทที่ออกกรมธรรมประกันภัยนี้
1.3 ผูเอาประกันภัย หมายถึง บุคคลที่ระบุชื่อเปนผูเอาประกันภัยในตารางกรมธรรม
ประกันภัยนี้ และ/หรือเอกสารแนบซึ่งเปนบุคคลที่ไดรับ
ความคุมครองตามกรมธรรมประกันภัยนี้
1.4 อุบัติเหตุ หมายถึง เหตุการณที่เกิดขึ้นอยางฉับพลัน จากปจจัยภายนอก
รางกายและทําใหเกิดผลที่ผูเอาประกันภัยมิไดเจตนาหรือ
มุงหวัง
1.5 การบาดเจ็บ หมายถึง การบาดเจ็บทางรางกาย อันเปนผล",ประกันภัย,กฎหมาย คปภ.
oicpdf_00843,กฎหมายประกันภัย คปภ. 00843,"เอกสารประกอบแสดงรายละเอียดการประกันภัย
เอกสารประกอบนี้ใหถือเปน สวนหนึ่งของกรมธรรมประกันภัยฉบับน ี้(เลขที่...........................)
ซึ่งมีผลบังคับใชตั้งแตว ันที่............................... ถึงวันที่..................................
ยกตวั อยางรายละเอียดทจี่ ะตอ งระบุลงในเอกสารประกอบนี้ ไดแก 
- รายละเอียดทรัพยสินที่เอาประกันภัย และจาํ นวนเงินเอาประกันภัย
- รายละเอียดการประกันภัยรวม
- รายละเอียดเอกสารแนบทายตางๆ เชน เอกสารแนบทายภัยเพิ่มเติมแตล ะภัย
- รายละเอียดความเสียหายสวนแรกที่ผูเอาประกันภัยจะตองรับผิดสําหรับแตละภยั
- เงื่อนไขพิเศษตางๆ
เปนตน
แบบ อค. 1.00
เอกสารแนบทายคุมครองความสูญเสียหรือความเสียหายอันเกิดขึ้นจากลมพายุ
เอกสารแนบทา ยนี้ ใหถือเปน สวนหนึ่งของกรมธรรมประกันภัยฉบับน ี้
เนื่องจากบรษิ ทั ไดรับเบี้ยประกันภัยเพิ่มเตมิ จึงเปนที่ตกลงกันวา หมวดความคุมครอง ภายใต
กรมธรรมประกันภยั นี้ ไดขยายรวมถึงความสูญเสียหรือความเสียหายตอทรัพยสินทไี่ ดเอาประกันภัยไวอัน
เกิดขึ้นจากลมพายุ ทั้งนี้รวมถึง
1. ความเสียหายของทรัพยสินที่เอาประกันภยั จากน้ําในทะเล ทะเลสาบ หรือมหาสมุทร ซึ่งถกู
พัดหรือหอบมาพรอมกับลมพายุแลว ทําใหเกิดคลื่นซัดเขา ทวมชายฝง
2. ความเสียหายของทรัพยสินภายในตวั อาคารที่ไดเอาประกันภยั ไว เนื่องจากน้ําฝน น้ําคาง
แข็ง หิมะ ทราย หรือฝุนละอองที่ผานเขาไปภายในอาคาร ตามรองแตกราวของอาคารสิ่งปลูกสราง ซึ่งไดรับ
ความเสยี หายอนั เกิดจากลมพายุโดยตรงเทานั้น
3. ความเสียหายของทรัพยสินภายในตวั อาคารที่ไดเอาประกันภยั ไว เนื่องจากน้ําจากเครอื่ ง
พรมน้ําหรือทอ น้ําอื่นๆ ซึ่งไดรับความเสยี หายจากลมพายุโดยตรงเทานั้น
อยางไรก็ตามบริษัทไมตองรับผิดในความสูญเสียหรือความเสียหายโดยตรงหรือโดยทางออมที่
(1) เกิดจากคลื่นใตน้ํา (Tidal Wave) หรือสึนามิ (Tsunami) และ/หรือน้ําหนุน (High Water)
และ/หรือน้ําทไี่ หลลน (Overflow) และ/หรอื น้ําทวม
(2) เกิดขึ้นกับทรัพยสินที่เคลื่อนยายได ซึ่งเกบ็ อยูในอาคารโปรง หรืออาคารที่มีผนังดานใดดาน
หนึ่งเปดโลง หรือเก็บอยกู ลางแจง ไมว าจะมีการปกคลมุ ดวยผาใบ หรือวัสดุปกคลุมใดๆ หรือไมว าจะอยู
ภายในเตน็ ทกต็ าม
อนึ่ง ผูเอาประกันภยั จะตองรบั ผิดในความเสียหายสว นแรกตามที่ระบุในเอกสารประกอบแสดง
รายละเอียดการประกันภัย
ทั้งนี้ การขยายความคุมครองภายใตเอกสารแนบทายนี้ ใหใ ชขอยกเวน เงื่อนไขทั่วไป และ
ขอความอื่นๆ ในกรมธรรมประกันภัยฉบบั นี้บังคับตามเดิม เวน แตไดม ีการระบุไวเปนอยางอื่นใน
เอกสารแนบทา ยนี้เทานั้น
แบบ อค.1.01
เอกสารแนบทายคุมครองความสูญเสียหรือความเสียหายอันเกิดขึ้นจาก
การเฉี่ยวและหรือการชนของยวดยานพาหนะ
เอกสารแนบทา ยนี้ ใหถือเปน สวนหนึ่งของกรมธรรมประกันภัยฉบับน ี้
เนื่องจากบรษิ ทั ไดรับเบี้ยประกันภัยเพิ่มเตมิ จึงเปนที่ตกลงกันวา หมวดความคุมครอง ภายใต
กรมธรรมประกันภยั นี้ ไดขยายรวมถึงความสูญเสียหรือความเสียหายตอทรัพยสินทไี่ ดเอาประกันภัยไว
รวมทั้ง รั้ว กําแพง และประตู อันเกิดขนึ้ จากการเฉี่ยวและหรือการชนของยวดยานพาหนะหรือสัตวพาหนะ
เชน ชาง มา ววั ควาย เปนตน ทั้งนี้รวมถึงการเฉี่ยว ชน และหรือหลนทับโดยสินคาหรือทรัพยสินที่บรรทุก
มากับยวดยานพาหนะหรือสตั วพาหนะ
คําวา “ยวดยานพาหนะ” ในเอกสารแนบทา ยนี้ ไมรวมถึงอากาศยาน
อยางไรก็ตาม บริษัทไมตองรับผิดในความสูญเสียหรือความเสียหายตอ ทรัพยสินที่เอา
ประกันภัยอนั เกิดขึ",ประกันภัย,กฎหมาย คปภ.
oicpdf_00868,กฎหมายประกันภัย คปภ. 00868,"พระราชบัญญัติประกนั ชีวติ
พ.ศ. ๒๕๓๕
ภมู ิพลอดุลยเดช ป.ร.
ให้ไว้ ณ วันท่ ี ๔ เมษายน พ.ศ. ๒๕๓๕
เป็นปีท่ ี ๔๗ ในรัชกาลปัจจุบัน
พระบาทสมเดจ็ พระปรมินทรมหาภมู ิพลอดุลยเดช มีพระบรมราชโองการโปรดเกล้าฯ ให้ประกาศว่า
โดยท่เี ป็นการสมควรปรับปรงุ กฎหมายว่าด้วยการประกนั ชีวิต
จึงทรงพระกรุณาโปรดเกล้าฯ ให้ตราพระราชบัญญัติข้นึ ไว้โดยคาํ แนะนาํ และยนิ ยอมของสภานิติ
บัญญัติแห่งชาต ิ ทาํ หน้าท่รี ัฐสภา ดังต่อไปน้ี
มาตรา ๑ พระราชบัญญัตนิ ้ีเรียกว่า “พระราชบัญญัติประกนั ชีวิต พ.ศ. ๒๕๓๕”
มาตรา ๒ พระราชบัญญัตนิ ้ีให้ใช้บังคบั ต้ังแต่วันถดั จากวันประกาศในราชกจิ จานุเบกษาเป็นต้นไป
มาตรา ๓ ให้ยกเลิกพระราชบัญญัติประกนั ชีวิต พ.ศ. ๒๕๑๐
มาตรา ๔ พระราชบัญญัตนิ ้ีมิให้ใช้บังคบั แก่การประกอบธุรกจิ ประกนั ชีวิตของธนาคารออมสนิ ตาม
กฎหมายว่าด้วยธนาคารออมสนิ
มาตรา ๕ ในพระราชบัญญัติน้ี
“บริษัท” หมายความว่า บริษัทจาํ กดั หรือบริษัทมหาชนจาํ กดั ท่ไี ด้รับใบอนุญาตประกอบธุรกจิ
ประกนั ชีวิตตามพระราชบัญญัติน้ี และหมายความรวมถงึ สาขาของบริษัทประกนั ชีวติ ต่างประเทศท่ไี ด้รับ
ใบอนุญาตประกอบธุรกจิ ประกนั ชีวิตในราชอาณาจักรตามพระราชบญั ญัตนิ ้ีด้วย
“สาํ นักงานใหญ่” หมายความรวมถงึ สาํ นักงานสาขาของบริษัทประกนั ชีวิตต่างประเทศท่ไี ด้รับ
ใบอนุญาตประกอบธุรกจิ ประกนั ชีวิตในราชอาณาจักรตามพระราชบญั ญัตนิ ้ีด้วย
“การประกอบธุรกจิ ประกนั ชีวิต” หมายความรวมถงึ การประกอบธุรกจิ ประกนั ต่อด้วย
“เงินกองทุน” หมายความว่า ทรัพย์สนิ ส่วนท่เี กนิ กว่าหน้ีสนิ ของบริษัทตามราคาประเมินทรัพย์สนิ
และหน้ีสนิ ของบริษัทท่ปี ระเมินตามพระราชบัญญัติน้ี
2
“ตัวแทนประกนั ชีวิต” หมายความว่า ผู้ซ่ึงบริษัทมอบหมายให้ทาํ การชักชวนให้บุคคลทาํ
สญั ญาประกนั ชีวิตกบั บริษัท
“นายหน้าประกนั ชีวิต” หมายความว่า ผู้ช้ีช่องหรือจัดการให้บุคคลทาํ สญั ญาประกนั ชีวิตกบั บริษัท
โดยกระทาํ เพ่ือบาํ เหนจ็ เน่ืองจากการน้ัน
“กองทุน” หมายความว่า กองทุนเพ่ือการพัฒนาธุรกจิ ประกนั ชีวิต
“พนักงานเจ้าหน้าท่”ี หมายความว่า ผู้ซ่ึงรัฐมนตรีแต่งต้ังให้ปฏบิ ตั ิการตามพระราชบัญญัติน้ี
“นายทะเบียน” หมายความว่า เลขาธิการคณะกรรมการกํากบั และส่งเสริมการประกอบธุรกิจ
ประกนั ภยั หรือผู้ซ่ึงเลขาธิการคณะกรรมการกํากบั และส่งเสริมการประกอบธุรกิจประกนั ภยั มอบหมาย
“รัฐมนตรี” หมายความว่า รัฐมนตรีผู้รักษาการตามพระราชบัญญัตนิ ้ี
มาตรา ๖ ให้รัฐมนตรีว่าการกระทรวงการคลงั รักษาการตามพระราชบัญญัติน้ี และให้มีอาํ นาจ
แต่งต้ังพนักงานเจ้าหน้าท่กี บั ออกกฎกระทรวงกาํ หนดค่าธรรมเนียมไม่เกนิ อตั ราในบญั ชีท้ายพระราชบัญญัติ
น้ี และกาํ หนดกจิ การอ่นื เพ่ือปฏบิ ัติการตามพระราชบัญญัติน้ี กบั ออกประกาศตามบทแห่งพระราชบัญญัตนิ ้ี
กฎกระทรวงและประกาศน้นั เม่ือได้ประกาศในราชกจิ จานุเบกษาแล้วให้ใช้บังคบั ได้
หมวด ๑
บริษัท
มาตรา ๗ ภายใต้บังคับมาตรา ๘ การประกอบธุรกจิ ประกนั ชีวิตจะกระทาํ ได้เม่ือได้จัดต้ังข้นึ ในรปู
บริษัทจาํ กดั ตามประมวลกฎหมายแพ่งและพาณชิ ย์ หรือบริษัทมหาชนจาํ กดั ตามกฎหมายว่าด้วยบริษัท
มหาชนจาํ กดั และโดยได้รับใบอนุญาตประกอบธุรกจิ ประกนั ชีวิตจากรัฐมนตรีโดยอนุมัติคณะรัฐมนตรี
การจัดต้ังบริษัทจาํ กดั หรือบริษัทมหาชนจาํ กดั ตามวรรคหน่ึงต้องได้รับความเหน็ ชอบจากรัฐมนตรี
โดยอนุมตั ิคณะรัฐมนตรี ในการน้ีจะกาํ หนดเง่ือนไขให้ปฏบิ ัติก่อนให้ความเหน็ ชอบกไ็ ด้
เม่ือได้จดทะเบียนเป็นบริษัทจาํ กดั หรือบริษัทมหาชนจาํ กดั และได้วางหลักทรัพย์ประกนั ตามมาตรา
๒๐ กบั ท้งั ได้ดาํ รงไว้ซ่ึงเงินกองทุนตามม",ประกันภัย,กฎหมาย คปภ.
oicpdf_00014,กฎหมายประกันภัย คปภ. 00014,"หนา ๒๓
เลม ๑๒๖ ตอนท ี่ ๙๗ ก ราชกิจจานุเบกษา ๒๕ ธันวาคม ๒๕๕๒
กฎกระทรวง
กําหนดความเสียหายที่จะใหไดรับคาเสียหายเบื้องตน จํานวนเงินคาเสียหายเบื้องตน
การรองขอรับและการจายคาเสียหายเบื้องตน
พ.ศ. ๒๕๕๒
อาศัยอํานาจตามความในมาตรา ๕ แหงพระราชบัญญัติคุมครองผูประสบภัยจากรถ
พ.ศ. ๒๕๓๕ ซึ่งแกไขเพิ่มเติมโดยพระราชบัญญัติคุมครองผูประสบภัยจากรถ (ฉบับที่ ๓)
พ.ศ. ๒๕๔๐ และมาตรา ๒๐ วรรคสอง แหงพระราชบัญญัติคุมครองผูประสบภัยจากรถ พ.ศ. ๒๕๓๕
อันเปนกฎหมายที่มีบทบัญญัติบางประการเกี่ยวกับการจํากัดสิทธิและเสรีภาพของบุคคล ซึ่งมาตรา ๒๙
ประกอบกับมาตรา ๔๑ และมาตรา ๔๓ ของรัฐธรรมนูญแหงราชอาณาจักรไทย บัญญัติใหกระทําได
โดยอาศัยอํานาจตามบทบัญญัติแหงกฎหมาย รัฐมนตรีวาการกระทรวงการคลังออกกฎกระทรวงไว
ดังตอไปนี้
ขอ ๑ ใหยกเลิกกฎกระทรวงกําหนดความเสียหายที่จะใหไดรับคาเสียหายเบื้องตน
จํานวนเงินคาเสียหายเบื้องตน และการรองขอรับและการจายคาเสียหายเบื้องตน พ.ศ. ๒๕๔๗
ขอ ๒ คาเสียหายที่จะใหไดรับคาเสียหายเบื้องตน มีดังตอไปนี้
(๑) คาใชจายในกรณีความเสียหายตอรางกาย ไดแก
(ก) คายาและคาเวชภัณฑที่ใชในการบําบัดรักษา
(ข) คาอวัยวะเทียมและอุปกรณในการบําบัดรักษา รวมทั้งคา ซอมแซม
(ค) คาบริการทางการแพทย คาตรวจ และคาวิเคราะหโรค ทั้งนี้ ไมรวมถึงคาจาง
พยาบาลพิเศษและคาบริการอื่นทํานองเดียวกัน
(ง) คาหองและคาอาหารตลอดเวลาที่เขารับการรักษาพยาบาลในสถานพยาบาล
(จ) คาพาหนะนําผูประสบภัยไปสถานพยาบาล
หนา ๒๔
เลม ๑๒๖ ตอนท ี่ ๙๗ ก ราชกิจจานุเบกษา ๒๕ ธันวาคม ๒๕๕๒
(๒) คาใชจายในกรณีความเสียหายตอชีวิต ไดแก
(ก) คาปลงศพ
(ข) คาใชจายเกี่ยวกับการจัดการศพ
ขอ ๓ จํานวนเงินคาเสียหายเบื้องตน ใหเปนไปดังตอไปนี้
(๑) จํานวนเทาที่จายจริงแตไมเกินหนึ่งหมื่นหาพันบาท สําหรับความเสียหายตอรางกาย
ตามขอ ๒ (๑)
ในกรณีที่ผูประสบภัยไดรับความเสียหายตอรางกายอยางหนึ่งอยางใด ดังตอไปนี้ ใหมีสิทธิ
ไดรับเงินคาเสียหายเบื้องตนจํานวนสามหมื่นหาพันบาทดวย
(ก) ตาบอด
(ข) หูหนวก
(ค) เปนใบหรือเสียความสามารถในการพูด หรือลิ้นขาด
(ง) เสียอวัยวะสืบพันธุ หรือความสามารถสืบพันธุ
(จ) เสียแขน ขา มือ เทา หรอื นิ้ว
(ฉ) เสียอวัยวะอื่นใด
(ช) จิตพิการอยางติดตัว
(ซ) ทุพพลภาพอยางถาวร
(๒) จํานวนสามหมื่นหาพันบาท สําหรับความเสียหายตอชีวิตตามขอ ๒ (๒)
ขอ ๔ ในกรณีที่ผูประสบภัยไดรับความเสียหายดังตอไปนี้ ใหไดรับเงินคาเสียหาย
เบื้องตนรวมกันแลวตองไมเกินหาหมื่นบาท
(๑) ไดรับความเสียหายตามขอ ๒ (๑) ตอมาไดรับความเสียหายตามขอ ๒ (๒)
(๒) ไดรับความเสียหายตอรางกายอยางหนึ่งอยางใดตามขอ ๓ (๑) วรรคสอง ตอมาไดรับ
ความเสียหายตามขอ ๒ (๒)
(๓) ไดรับความเสียหายตามขอ ๒ (๑) ตอมาไดรับความเสียหายตอรางกายอยางหนึ่งอยางใด
ตามขอ ๓ (๑) วรรคสอง และขอ ๒ (๒)
ขอ ๕ การรองขอรับคาเสียหายเบื้องตนตอบริษัทที่รับประกันภัย ใหยื่นคํารองขอ
ตามแบบที่นายทะเบียนกําหนด และตองมีหลักฐานดังตอไปนี้
หนา ๒๕
เลม ๑๒๖ ตอนท ี่ ๙๗ ก ราชกิจจานุเบกษา ๒๕ ธันวาคม ๒๕๕๒
(๑) ความเสียหายตอรางกาย
(ก) ใบเสร็จรับเงินหรือหลักฐานการแจงหนี้เกี่ยวกับการรักษาพยาบาลในกรณีที่มีการ
รักษาพยาบาลในสถานพยาบาลตามขอ ๒ (๑)
(ข) สําเนาบัตรประจําตัวหรือหลักฐานอื่นใดที่ทางราชการเปนผูออกให สําเนา
ใบสําคัญประจําตัวคนตางดาวหรือสําเนาหนังสือเดินทาง หรือหลักฐานอื่นใดที่นายทะเบียนประกาศ
กําหนดซ่งึ สามารถพิสูจนไดวาผูที",ประกันภัย,กฎหมาย คปภ.
oicpdf_00017,กฎหมายประกันภัย คปภ. 00017,"หนา ๒๘
เลม ๑๒๖ ตอนท ี่ ๙๗ ก ราชกิจจานุเบกษา ๒๕ ธันวาคม ๒๕๕๒
กฎกระทรวง
กําหนดหลักเกณฑ วิธีการ และเงื่อนไขการรองขอรับ
คาเสียหายเบื้องตนจากกองทุนและการจายคาเสียหายเบื้องตนจากกองทุน
พ.ศ. ๒๕๕๒
อาศัยอํานาจตามความในมาตรา ๕ แหงพระราชบัญญัติคุมครองผูประสบภัยจากรถ
พ.ศ. ๒๕๓๕ ซึ่งแกไขเพิ่มเติมโดยพระราชบัญญัติคุมครองผูประสบภัยจากรถ (ฉบับที่ ๓)
พ.ศ. ๒๕๔๐ และมาตรา ๒๑ และมาตรา ๓๕ วรรคสอง แหงพระราชบัญญัติคุมครองผูประสบภัยจากรถ
พ.ศ. ๒๕๓๕ อันเปนกฎหมายท่ีมีบทบัญญัติบางประการเกี่ยวกับการจํากัดสิทธิและเสรีภาพของบุคคล
ซึ่งมาตรา ๒๙ ประกอบกับมาตรา ๔๑ และมาตรา ๔๓ ของรัฐธรรมนูญแหงราชอาณาจักรไทย
บัญญัติใหกระทําไดโดยอาศัยอํานาจตามบทบัญญัติแหงกฎหมาย รัฐมนตรีวาการกระทรวงการคลัง
ออกกฎกระทรวงไว ดังตอไปนี้
ขอ ๑ ใหยกเลิกกฎกระทรวงกําหนดหลักเกณฑ วิธีการ และเงื่อนไขการรองขอรับ
คาเสียหายเบื้องตนจากกองทุนและการจายคาเสียหายเบื้องตนจากกองทุน พ.ศ. ๒๕๔๕
ขอ ๒ ในกรณีที่บริษัทที่รับประกันภัยไมจายคาเสียหายเบื้องตนตามมาตรา ๒๐ หรือจาย
คาเสียหายเบื้องตนใหแกผูประสบภัยไมครบจํานวนที่ตองจาย ใหผูประสบภัยแจงตอสํานักงานกองทุน
ทดแทนผูประสบภัย พรอมขอเท็จจริง ดังตอไปนี้
(๑) ชื่อบริษัทที่รับประกันภัย และหมายเลขกรมธรรมประกันภัย
(๒) จํานวนเงินคาเสียหายเบื้องตนที่ประสงคไดรับ
(๓) วันที่ไปยื่นขอรับคาเสียหายเบื้องตนจากบริษัทที่รับประกันภัย
หนา ๒๙
เลม ๑๒๖ ตอนท ี่ ๙๗ ก ราชกิจจานุเบกษา ๒๕ ธันวาคม ๒๕๕๒
หากผูประสบภัยไมสามารถแจงได ใหสถานพยาบาลที่รักษาผูประสบภัยทายาทหรือญาติ
หรือผูมีสวนไดเสียของผูประสบภัยในกรณีที่ผูประสบภัยเกิดความเสียหายตอรางกาย หรือทายาท
โดยธรรมของผูประสบภัยในกรณีที่ผูประสบภัยถึงแกความตาย แลวแตกรณี แจงแทนได
ขอ ๓ เมื่อมีกรณีตามมาตรา ๒๓ เกิดขึ้น และผูประสบภัยไมอาจขอรับคาเสียหาย
เบื้องตนจากเจาของรถซึ่งมิไดจัดใหมีการประกันความเสียหายหรือจากบริษัทที่รับประกันภัยได
ผูประสบภัยอาจยื่นคํารองขอรับคาเสียหายเบื้องตนตอสํานักงานกองทุนทดแทนผูประสบภัยตามแบบ
ที่นายทะเบียนกําหนด และตองมีหลักฐานดังตอไปนี้
(๑) ความเสียหายตอรางกาย
(ก) ใบเสร็จรับเงินหรือหลักฐานการแจงหนี้เกี่ยวกับการรักษาพยาบาลในกรณีที่มีการ
รักษาพยาบาลในสถานพยาบาล
(ข) สําเนาบัตรประจําตัวหรือหลักฐานอื่นใดที่ทางราชการเปนผูออกให สําเนา
ใบสําคัญประจําตัวคนตางดาวหรือสําเนาหนังสือเดินทาง หรือหลักฐานอื่นใดที่นายทะเบียนประกาศ
กําหนดซึ่งสามารถพิสูจนไดวาผูที่มีชื่อในหลักฐานนั้นเปน ผูประสบภัย แลวแตกรณี
(ค) สําเนาบันทึกประจําวันของพนักงานสอบสวน
ในกรณีที่ผูประสบภัยไดรับความเสียหายตอรางกายอยางหนึ่งอยางใด จนเปนเหตุใหมีสิทธิ
ไดรับเงินคาเสียหายเบื้องตนเพิ่มขึ้นอีกจํานวนสามหมื่นหาพันบาท นอกจากตองยื่นหลักฐานตาม
(ก) (ข) และ (ค) แลว ใหยื่นใบรับรองแพทยหรือความเห็นแพทยหรือหลักฐานอื่นใดที่ระบุวา
เปนผูประสบภัยซึ่งไดรับความเสียหายตอรางกายดังกลาวดวย
(๒) ความเสียหายตอชีวิต
(ก) สําเนามรณบัตร หรือหลักฐานอื่นใดที่นายทะเบียนประกาศกําหนด ซึ่งสามารถ
พิสูจนไดวาผูที่มีชื่อในหลักฐานนั้นเปนผูประสบภัย
(ข) สําเนาบันทกึ ประจําวันของพนักงานสอบสวน
ในกรณีที่ผูประสบภัยถึงแกความตายภายหลังจากการเขารับการรักษาพยาบาลในสถานพยาบาล
นอกจากตองยื่นหลักฐานตาม (๒) แลว ใหยื่นหลักฐานตาม (๑) ดวย
ขอ ๔ บุคคลผูมีสิทธิรองขอรับคาเสียหายเบื้องตน มีดังตอไปนี้
(",ประกันภัย,กฎหมาย คปภ.
oicpdf_00023,กฎหมายประกันภัย คปภ. 00023,"กฎกระทรวง
ฉบับที่ ๑๖ ( พ.ศ. ๒๕๔๓ )
ออกตามความในพระราชบัญญัติคุมครอง
ผูประสบภัยจากรถ
พ.ศ. ๒๕๓๕
อาศัยอํานาจตามความในมาตรา ๕ และมาตรา ๘ (๔) แหงพระราชบัญญัติคุม
ครองผูประสบภัยจากรถ พ.ศ. ๒๕๓๕ รัฐมนตรีวาการกระทรวงพาณิชย ออก
กฎกระทรวงไว ดังตอไปนี้
ใหรถของหนวยงานธุรการขององคกรที่จัดตั้งขึ้นตามรัฐธรรมนูญและหนวยงาน
ราชการที่เปนอิสระขององคกรใด ๆ ตามที่ระบุไวในรัฐธรรมนูญ ไดรับยกเวนไมตองจัด
ใหมีการประกันความเสียหายตามมาตรา ๗
ใหไว ณ วันที่ ๑๗ กุมภาพันธ พ.ศ. ๒๕๔๓
(ลงชื่อ) นายศุภชัย พานิชภักดิ์
( นายศุภชัย พานิชภักดิ์ )
รัฐมนตรีวาการกระทรวงพาณิชย
ประกาศในราชกิจจานุเบกษา ฉบับกฤษฎีกา เลมที่ ๑๓๗ ตอนที่ ๑๑ ก
วันที่ ๒๕ กุมภาพันธ ๒๕๔๓",ประกันภัย,กฎหมาย คปภ.
oicpdf_00024,กฎหมายประกันภัย คปภ. 00024,"กฎกระทรวง
ฉบับที่ 15 (พ.ศ. 2542)
ออกตามความในพระราชบัญญัติคุมครองผูประสบภัยจากรถ พ.ศ. 2535
อาศัยอํานาจตามความในมาตรา 5 และมาตรา 36 แหงพระราชบัญญัติคุมครองผูประสบภัยจาก
รถ พ.ศ. 2535 ซึ่งแกไขเพิ่มเติมโดยพระราชบัญญัติคุมครองผูประสบภัยจากรถ (ฉบับที่ 3) พ.ศ. 2540
รัฐมนตรีวาการกระทรวงพาณิชย ออกกฎกระทรวงไว ดังตอไปนี้
ขอ 1 ใหยกเลิกความในวรรคหนึ่งของขอ 2 แหงกฎกระทรวง ฉบับที่ 13 (พ.ศ. 2541) ออกตาม
ความในพระราชบัญญัติคุมครองผูประสบภัยจากรถ พ.ศ. 2535 และใหใชความตอไปนี้แทน
“ขอ 2 ใหบริษัทจายเงินสมทบใหแกกองทุนทดแทนผูประสบภัยภายในสามสิบวันนับแตวันสิ้น
รอบสามเดือนในอัตรารอยละหนึ่งจุดหาของเบี้ยประกันภัยที่ไดรับจากผูเอาประกันภัยตามพระราชบัญญัติ
คุมครองผูประสบภัยจากรถ พ.ศ. 2535”
ขอ 2 กฎกระทรวงนี้ใหใชบังคับตั้งแตวันที่ 1 มกราคม พ.ศ. 2542 เปนตนไป
ใหไว ณ วันที่ 11 กุมภาพันธ พ.ศ. 2542
นายศุภชัย พานิชภักดิ์
รัฐมนตรีวาการกระทรวงพาณิชย
จัดพิมพ 9 พ.ค. 2542",ประกันภัย,กฎหมาย คปภ.
oicpdf_00027,กฎหมายประกันภัย คปภ. 00027,"กฎกระทรวง
ฉบับที่ 5 (พ.ศ. 2535)
ออกตามความในพระราชบัญญัติคุมครองผูประสบภัยจากรถ พ.ศ. 2535
อาศัยอํานาจตามความในมาตรา 5 และมาตรา 13 วรรคสองแหงพระราชบัญญัติ
คุมครองผูประสบภัยจากรถ พ.ศ. 2535 รัฐมนตรีวาการกระทรวงพาณิชยออกกฎกระทรวงไว
ดังตอไปนี้
ขอ 1 ในกรณีของบริษัทบอกเลิกกรมธรรมประกันภัยกอนครบกําหนดความคุมครองไม
วาดวยเหตุใด บริษัทตองแจงการบอกเลิกเปนหนังสือลวงหนาไมนอยกวาสามสิบวัน ไปยังผูเอา
ประกันภัยตามภูมิลําเนาที่ทราบครั้งสุดทาย โดยทางไปรษณียลงทะเบียนตอบรับและบริษัทตอง
แจงการบอกเลิกนั้นไปยังนายทะเบียนภายในเจ็ดวันนับแตวันที่บริษัทสงหนังสือบอกเลิกไปยังผู
เอาประกันภัย
ขอ 2 ในกรณีผูเอาประกันภัยบอกเลิกกรมธรรมประกันภัยกอนครบกําหนดความคุม
ครองไมวาดวยเหตุใด ใหบริษัทแจงการบอกนั้นใหนายทะเบียนทราบเปนหนังสือภายในเจ็ดวัน
นับแตวันที่กรมธรรมประกันภัยสิ้นสุดความคุมครอง
ขอ 3 เมื่อไดมีการบอกเลิกสัญญาประกันภัยตามขอ 1 หรือ 2 แลวแตกรณี ใหเจาของรถ
นั้นสงคืนเครื่องหมายที่แสดงวามีการประกันความเสียหายสําหรับผูประสบภัยจากรถแกนาย
ทะเบียนหรือทําลายเครื่องหมายนั้นใหอยูในสภาพที่ใชไมไดภายในกําหนดเวลา ดังตอไปนี้
(1) กําหนดเวลาสิบหาวันนับแตวันครบกําหนดสามสิบวันที่บริษัทไดเลิก
กรมธรรมประกันภัยตามขอ 1
(2) กําหนดเวลาสิบหาวันนับแตวันที่ผูเอาประกันภัยบอกเลิกกรมธรรมประกันภัย
ตามขอ 2
ขอ 4 กฎกระทรวงนี้ใหใชบังคับตั้งแตวันที่ 6 ตุลาคม พ.ศ. 2535
ใหไว ณ วันที่ 17 กันยายน พ.ศ. 2535
นายอมเรศ ศิลาออน
รัฐมนตรีวาการกระทรวงพาณิชย
ราชกิจจานุเบกษา เลมที่ 109 ตอนที่ 104 วันที่ 30 กันยายน 2535
จัดพิมพ 9 พ.ค. 2542",ประกันภัย,กฎหมาย คปภ.
oicpdf_00028,กฎหมายประกันภัย คปภ. 00028,"กฎกระทรวง
ฉบับที่ 3 (พ.ศ. 2535)
ออกตามความในพระราชบัญญัติคุมครองผูประสบภัยจากรถ พ.ศ. 2535
อาศัยอํานาจตามความในมาตรา 5 และมาตรา 10 แหงพระราชบัญญัติคุมครองผู
ประสบภัยจากรถ พ.ศ. 2535 รัฐมนตรีวาการกระทรวงพาณิชยออกกฎกระทรวงไว ดังตอไปนี้
ขอ 1 เมื่อบริษัทไดรับประกันภัยตามพระราชบัญญัติคุมครองผูประสบภัยจากรถ พ.ศ.
2535 หรือรับประกันภัยที่ครอบคลุมหลักเกณฑและวิธีการที่กําหนดตามพระราชบัญญัติคุม
ครองผูประสบภัยจากรถ พ.ศ. 2535 แลว ใหบริษัทออกใบเสร็จรับเงิน กรมธรรมประกันภัย และ
เครื่องหมายใหกับเจาของรถ
สําหรับบริษัทที่ไดรับประกันภัยตามวรรคหนึ่งไวแลวกอนวันที่กฎกระทรวงนี้ใชบังคับ
ใหบริษัทออกเครื่องหมายใหแกเจาของรถภายในหกสิบวันนับแตวันที่กฎกระทรวงนี้ใชบังคับ
ขอ 2 การแตงตั้งตัวแทนประกันวินาศภัยของบริษัทโดยใหมีอํานาจทําสัญญาประกัน
วินาศภัยเพื่อคุมครองผูประสบภัยจากรถและรับเบี้ยประกันภัยในนามของบริษัท ใหบริษัทสง
สําเนาหนังสือแตงตั้งตัวแทนประกันวินาศภัยไปยังนายทะเบียนผูมีอํานาจหนาที่แหงทองที่นั้น
ภายในกําหนดเวลา ดังนี้
(1) ถาเปนการแตงตั้งกอนวันที่ 6 ตุลาคม พ.ศ. 2535 ใหบริษัทสงสําเนาหนังสือ
แตงตั้งตัวแทนประกันวินาศภัยไปยังนายทะเบียน ภายในวันที่ 6 ตุลาคม พ.ศ. 2535
(2) ถาเปนการแตงตั้งหลังวันที่ 6 ตุลาคม พ.ศ. 2535 ใหบริษัทสงสําเนาหนังสือ
แตงตั้งตัวแทนประกันวินาศภัยไปยังนายทะเบียน ภายในหาวันทําการนับแตวันที่แตงตั้ง
ขอ 3 ในจังหวัดที่บริษัทมีตัวแทนประกันวินาศภัยตามขอ 2 ไปดําเนินการรับประกันภัย
บริษัทตองจัดใหมีเจาหนาที่ของบริษัทเพื่อบริการและจายคาสินไหมทดแทนใหแกผูประสบภัย
ใหไว ณ วันที่ 17 กันยายน พ.ศ. 2535
นายอมเรศ ศิลาออน
รัฐมนตรีวาการกระทรวงพาณิชย
ราชกิจจานุเบกษา เลมที่ 109 ตอนที่ 104 วันที่ 30 กันยายน 2535
จัดพิมพ 9 พ.ค. 2542",ประกันภัย,กฎหมาย คปภ.
oicpdf_00029,กฎหมายประกันภัย คปภ. 00029,"กฎกระทรวง
ฉบับที่ 2 (พ.ศ. 2535)
ออกตามความในพระราชบัญญัติคุมครองผูประสบภัยจากรถ พ.ศ. 2535
อาศัยอํานาจตามความในมาตรา 5 และมาตรา 9 แหงพระราชบัญญัติคุมครองผูประสบภัยจาก
รถ พ.ศ. 2535 รัฐมนตรีวาการกระทรวงพาณิชยออกกฎกระทรวงไว ดังตอไปนี้
ขอ 1 เจาของรถซึ่งไมมีภูมิลําเนาหรือถิ่นที่อยูในราชอาณาจักร จะนํารถที่จดทะเบียนในตาง
ประเทศเขามาใชในราชอาณาจักรเปนการชั่วคราว ตองจัดใหมีการประกันความเสียหายสําหรับผูประสบ
ภัย โดยเอาประกันภัยไวกับบริษัทเพื่อคุมครองความรับผิดตอชีวิตหรือรางกายของผูประสบภัยอันเกิดจาก
การใชรถนั้นหรืออยูในทางหรือจากสิ่งที่บรรทุกหรือติดตั้งในรถนั้น โดยมีจํานวนเงินเอาประกันภัยตอคน
และตอความเสียหายที่เกิดขึ้นตอครั้งไมนอยกวาจํานวนที่กําหนดไวในกฎกระทรวงซึ่งออกตามความใน
มาตรา 7 วรรคสอง แหงพระราชบัญญัติคุมครองผูประสบภัยจากรถ พ.ศ. 2535
ขอ 2 การเอาประกันภัยตามขอ 1 ตองมีระยะเวลาประกันภัยไมนอยกวาระยะเวลาที่รถนั้นอยูใน
ราชอาณาจักร
ขอ 3 เมื่อมีการนํารถออกนอกราชอาณาจักร ใหเจาของรถนั้นสงคืนเครื่องหมายแสดงวามีการ
ประกันความเสียหายสําหรับผูประสบภัยจากรถใหแกพนักงานเจาหนาที่ตรวจคนเขาเมืองที่รถนั้นออก เวน
แตรถที่เจาของรถนําเขาออกราชอาณาจักรเปนประจําและการประกันภัยนั้น ยังไมสิ้นสุดระยะเวลาเอา
ประกันภัย
ขอ 4 กฎกระทรวงนี้ใหใชบังคับตั้งแตวันที่ 6 ตุลาคม พ.ศ. 2535 เปนตนไป
ใหไว ณ วันที่ 17 กันยายน พ.ศ. 2535
(ลงชื่อ) อมเรศ ศิราออน
(นายอมเรศ ศิราออน)
รัฐมนตรีวาการกระทรวงพาณิชย
(ราชกิจจานุเบกษา เลมที่ 109 ตอนที่ 104 วันที่ 30 กันยายน 2535)
จัดพิมพ 9 พ.ค. 2542",ประกันภัย,กฎหมาย คปภ.
oicpdf_00038,กฎหมายประกันภัย คปภ. 00038,"ประกาศกระทรวงพาณิชย
เรื่อง หลักเกณฑและวิธีการรับประกันความเสียหายสําหรับผูประสบภัยจากรถ
อาศัยอํานาจตามความในมาตรา 5 และมาตรา 10 แหงพระราชบัญญัติคุมครองผูประสบ
ภัยจากรถ พ.ศ. 2535 ซึ่งแกไขเพิ่มเติมโดยพระราชบัญญัติคุมครองผูประสบภัยจากรถ (ฉบับที่ 3)
พ.ศ. 2540 รัฐมนตรีวาการกระทรวงพาณิชย โดยคําแนะนําของคณะกรรมการคุมครองผูประสบ
ภัยจากรถ ประกาศกําหนดหลักเกณฑและวิธีการรับประกันความเสียหายสําหรับผูประสบภัยจาก
รถ ไวดังตอไปนี้
ขอ 1 เมื่อบริษัทไดรับประกันความเสียหายสําหรับผูประสบภัยจากรถตามพระราช
บัญญัติคุมครองผูประสบภัยจากรถ พ.ศ. 2535 แลว ใหบริษัทออกใบเสร็จรับเงิน กรมธรรมประ
กันภัย และเครื่องหมายใหกับเจาของรถ
ขอ 2 ประกาศนี้ใหมีผลบังคับตั้งแตวันถัดจากวันประกาศในราชกิจจานุเบกษาเปนตนไป
ประกาศ ณ วันที่ 29 ตุลาคม พ.ศ. 2541
นายไพฑูรย แกวทอง
รัฐมนตรีชวยวาการฯ รักษาราชการแทน
รัฐมนตรีวาการกระทรวงพาณิชย
จัดพิมพ 9 พ.ค. 2542",ประกันภัย,กฎหมาย คปภ.
oicpdf_00091,กฎหมายประกันภัย คปภ. 00091,"หนา ๔๒
เลม ๑๒๒ ตอนพิเศษ ๖๔ ง ราชกิจจานุเบกษา ๑๑ สิงหาคม ๒๕๔๘
คําสั่งนายทะเบียน
ที่ ๖/๒๕๔๘
เรื่อง ใหใชแบบ ขอความกรมธรรมประกันภัย ตลอดจนพิกัดอัตราเบี้ยประกันภัยรถยนต
ที่แกไขปรับปรุงแทนแบบ ขอความกรมธรรมประกันภัย พิกัดอัตราเบี้ยประกันภัยที่ถูกยกเลิก
เพื่อใหแบบ ขอความกรมธรรมประกันภัย และพิกัดอัตราเบี้ยประกันภัยรถยนตมีความเหมาะสม
กับสภาวการณในปจจุบัน และสอดคลองกับสภาพความเสี่ยงภัยที่แทจริง
อาศัยอํานาจตามความในมาตรา ๒๙ วรรคสอง และมาตรา ๓๐ วรรคสอง แหงพระราชบัญญัติ
ประกันวินาศภัย พ.ศ. ๒๕๓๕ นายทะเบียนจึงมีคําสั่ง ดังนี้
ขอ ๑ ใหยกเลิก
(๑) แบบและขอความกรมธรรมประกันภัยรถยนต รวมทั้งเอกสารประกอบ เอกสารแนบทาย
ที่ใชบังคับอยูกอนวันที่คําสั่งนี้มีผลบังคับ
(๒) พิกัดอัตราเบี้ยประกันภัย สําหรับการประกันภัยรถยนตที่ใชบังคับอยูกอนวันที่คําสั่งนี้
มีผลบังคับ
ขอ ๒ ใหใชแบบและขอความกรมธรรมประกันภัยรถยนต รวมทั้งเอกสารประกอบ
เอกสารแนบทาย ที่แนบทา ยคําสั่งนี้แทนแบบและขอความที่ถูกยกเลิกตาม ขอ ๑ (๑)
ขอ ๓ ใหใชพิกัดอัตราเบี้ยประกันภัยรถยนตที่แนบทายคําสั่งนี้แทนพิกัดอัตราเบี้ยประกันภัย
ที่ถูกยกเลิกตามขอ ๑ (๒)
ขอ ๔ คําสั่งนี้ใหมีผลบังคับสําหรับกรมธรรมประกันภัยรถยนตที่มีระยะเวลาประกันภัย
เริ่มตนตั้งแตวันที่ ๑ กรกฎาคม พ.ศ. ๒๕๔๘ เปนตนไป
สั่ง ณ วันที่ ๑๓ พฤษภาคม พ.ศ. ๒๕๔๘
พจนีย ธนวรานิช
อธิบดีกรมการประกันภัย
นายทะเบียน
ข
เอกสารแนบทา ยคําสั่งนายทะเบียน ท ี่ 6/2548
ลงวันที่ 13 พฤษภาคม 2548
จํานวน 209 หนา
แบบ ขอความกรมธรรมประกันภัยรถยนต เอกสารประกอบ
เอกสารแนบทาย
และพิกัดอัตราเบี้ยประกันภยั รถยนต (ภาคสมัครใจ)
ป 2548
สารบัญ
หนา
คําสั่งนายทะเบียน ที่ 6/2548 ลงวันที่ 13 พฤษภาคม พ.ศ. 2548 ก
สวนที่ 1 : กรมธรรมประกันภัยรถยนต และเอกสารแนบทาย 1
กรมธรรมประกันภัยประเภท 1 2
- คําขอเอาประกันภัยรถยนต  3
- ตารางกรมธรรมประกันภยั รถยนต 4
- เงื่อนไขความคุมครอง 5
กรมธรรมประกันภัยประเภท 2 19
- คําขอเอาประกันภัยรถยนต  20
- ตารางกรมธรรมประกันภยั รถยนต 21
- เงื่อนไขความคุมครอง 22
กรมธรรมประกันภัยประเภท 3 33
- คําขอเอาประกันภัยรถยนต  34
- ตารางกรมธรรมประกันภยั รถยนต 35
- เงื่อนไขความคุมครอง 36
เอกสารแนบทายกรมธรรมประกันภัย 45
- ร.ย.01 การประกันภัยอุบตั เิ หตุสวนบคุ คล 46
- ร.ย.02 การประกันภัยคา รักษาพยาบาล 50
- ร.ย.03 การประกันตัวผูขับขี่ 52
- ร.ย.04 การขยายอาณาเขต 54
- ร.ย.05 การขยายระยะเวลาประกันภัย 55
- ร.ย.06 การประกันภัยการคา รถยนต (ปายแดง) 56
- ร.ย.07 การประกันภัยการคา รถยนต (ผูขับขี่ระบุชื่อ) 57
- ร.ย.08 การเพิ่มความคุมครอง 58
- ร.ย.09 การเพิ่มจํานวนรถยนตที่เอาประกนั ภัย 59
- ร.ย.10 การลดจํานวนรถยนตที่เอาประกนั ภัย 60
- ร.ย.11 การเลิกกรมธรรมประกันภัย 61
- ร.ย.12 การเลิกความคุมครอง 62
- ร.ย.13 การลดเบี้ยประกันภัยประวัตดิ ี 63
- ร.ย.14 การกําหนดความเสียหายสวนแรก 64
2
- ร.ย.15 การหยุดใชรถยนต  65
- ร.ย.16 การเริ่มใชรถยนตหลังวันแจงหยุดการใช 66
- ร.ย.17 การแกรายการรถยนต  67
- ร.ย.18 การแกไขอัตราเบี้ยประกันภัย 68
- ร.ย.19 การเปลี่ยนระยะเวลาประกันภัย 69
- ร.ย.20 การเปลี่ยนจํานวนเงินจํากดั ความรบั ผิด 70
- ร.ย.21 การเปลี่ยนจํานวนเงินความเสียหายสวนแรก 71
- ร.ย.22 การเปลี่ยนแปลงการใชรถยนต  72
- ร.ย.23 การเปลี่ยนแปลงผูเอาประกันภัย ชอื่ ที่อยู อาชีพ 73
- ร.ย.24 การจายคาสินไหมทดแทนแกผูรับประโยชน  74
- ร",ประกันภัย,กฎหมาย คปภ.
oicpdf_00125,กฎหมายประกันภัย คปภ. 00125,"ตช.1
รูปถายขนาด
2.5 X 3 ซม.
จํานวน 2 รูป
(ถายไมเกิน 6 เดือน)
คําขอรับใบอนุญาตเปนตวั แทนประกนั ชีวิต
(...) ขอรับครั้งแรก (...) ขาดตอขอรับใบอนุญาตใหม (...) ขอรับมากกวาหนึ่งบริษัท (...) ยายบริษัท (...) ใบแทนใบอนุญาต
เขียนท.ี่.......................................................................
วันที่..............เดือน..................................พ.ศ. ........................
เรียน นายทะเบียน
เลขประจําตวั ประชาชน
1. ขาพเจา..................................................
นามสกุล................................................
2. ขอรับใบอนุญาตเปน
( ) ตัวแทนประกันชวี ิต ( ) ตัวแทนประกันชวี ิตสาํ หรับการประกันภัยรายยอย
ของบริษทั ..................................................................................................................................................
3. ที่อยูตามสาํ เนาทะเบียนบาน เลขที่.............หมูที่.................... ตรอก/ซอย....................................................
ถนน..................................... ตําบล/แขวง......................................อําเภอ/เขต............................................
จังหวัด....................... รหัสไปรษณีย.......................
4. ที่อยูที่สามารถติดตอได  เลขที่.............หมูที่.................... ตรอก/ซอย............................................................
ถนน...................................... ตําบล/แขวง.....................................อําเภอ/เขต............................................
จังหวัด.................................................... รหัสไปรษณีย...................................โทรศัพท.............................
โทรศัพทเคลอื่ นที่...................................................e-mail…………………………………...…………..…….
5. วุฒิการศึกษาระดับ (cid:137) ต่ํากวาปริญญาตรี (cid:137) ปริญญาตรี (cid:137) สูงกวาปริญญาตรี
6. ขอรับรองวา ขาพเจามีคุณสมบัติดังน ี้
6.1 บรรลุนติ ภิ าวะ
6.2 มีภูมลิ ําเนาในประเทศไทย
6.3 ไมเปนคนวิกลจรติ หรอื จิตฟนเฟอนไมสมประกอบ
6.4 ไมเคยตองโทษจําคุกโดยคําพิพากษาถึงที่สุดใหจําคุกในความผดิ เกี่ยวกับทรพั ยที่กระทําโดยทุจริต
เวนแตไดพนโทษมาแลว ไมน อยกวาหาปก อนวันขอรับใบอนุญาต
6.5 ไมเปนบคุ คลลมละลาย
6.6 ไมเปนนายหนาประกันชีวติ
6.7 ไมเคยถูกเพิกถอนใบอนุญาตเปนตัวแทนประกันชีวิตหรือใบอนุญาตเปนนายหนาประกันชีวิต
ในระยะเวลาหาปกอนวันขอรับใบอนุญาต
6.8 ไดรับการศึกษาวิชาประกันชวี ิตจากสถาบันการศึกษาที่คณะกรรมการประกาศกําหนดหรือสอบความรู
เกี่ยวกับการประกันชีวิตไดตามหลักสูตรและวิธีการที่คณะกรรมการประกาศกําหนด
7. ปจจุบันเปนตวั แทนประกันชีวติ ของ
บริษทั ........................................................................... ทะเบยี นเลขท.ี่................/.........................
บริษทั ........................................................................... ทะเบยี นเลขท.ี่................/.........................
เอกสารประกอบใบคําขอ
ขอรับครั้งแรก ขาดตอขอรับใบอนุญาตใหม
1. สําเนาบัตรประจําตวั ประชาชน 1. สําเนาทะเบียนบาน (กรณีเปลี่ยนที่อยู)
2. สําเนาทะเบียนบาน 2. สําเนาเอกสารที่เกี่ยวของกับการเปลยี่ นชื่อ และ/หรือ
3. สําเนาเอกสารที่เกี่ยวของกับการเปลยี่",ประกันภัย,กฎหมาย คปภ.
oicpdf_00144,กฎหมายประกันภัย คปภ. 00144,"หน้า ๗
เล่ม ๑๓๐ ตอนพิเศษ ๑๐๙ ง ราชกิจจานุเบกษา ๓๐ สิงหาคม ๒๕๕๖
ประกาศสํานักงานคณะกรรมการกํากับและส่งเสริมการประกอบธุรกิจประกันภัย
เรื่อง กําหนดกรณีที่ถือว่ากรรมการ ผู้จัดการ บุคคลซึ่งมีอํานาจกระทําการแทนบริษัทประกันชีวิต
หรือที่ปรึกษาของบริษัทประกันชีวิต มีประวัติเสียหายหรือดําเนินกิจการใดที่มีลักษณะที่แสดงถึง
การขาดความรับผิดชอบหรือความรอบคอบเยี่ยงผู้ประกอบวิชาชีพในฐานะเช่นนั้น
จักต้องมีตามวิสัยและพฤติการณ ์
พ.ศ. ๒๕๕๖
เพื่อกําหนดกรอบในการพิจารณากรณีที่ถือว่ากรรมการ ผู้จัดการ บุคคลซึ่งมีอํานาจกระทํา
การแทนบริษัท หรือที่ปรึกษาของบริษัทมีประวัติเสียหายหรือดําเนินกิจการใดที่มีลักษณะที่แสดงถึง
การขาดความรับผิดชอบหรือความรอบคอบเยี่ยงผู้ประกอบวิชาชีพในฐานะเช่นนั้นจักต้องมีตามวิสัย
และพฤติการณ์ ตามความในมาตรา ๓๕ (๘) แห่งพระราชบัญญัติประกันชีวิต พ.ศ. ๒๕๓๕ ซึ่งแก้ไข
เพิ่มเติมโดยพระราชบัญญัติประกันชีวิต (ฉบับที่ ๒) พ.ศ. ๒๕๕๑ ประกอบกับมติที่ประชุม
คณะกรรมการกํากับและส่งเสริมการประกอบธุรกิจประกันภัย ครั้งที่ ๙/๒๕๕๕ เมื่อวันที่ ๒๓
พฤศจิกายน พ.ศ. ๒๕๕๕ สํานักงานคณะกรรมการกํากับและส่งเสริมการประกอบธุรกิจประกันภัย
จึงออกประกาศไว้ ดังต่อไปนี้
ข้อ ๑ ประกาศนี้เรียกว่า “ประกาศสํานักงานคณะกรรมการกํากับและส่งเสริมการประกอบ
ธุรกิจประกันภัย เรื่อง กําหนดกรณีที่ถือว่ากรรมการ ผู้จัดการ บุคคลซึ่งมีอํานาจกระทําการแทนบริษัท
ประกันชีวิต หรือที่ปรึกษาของบริษัทประกันชีวิต มีประวัติเสียหายหรือดําเนินกิจการใดที่มีลักษณะ
ที่แสดงถึงการขาดความรับผิดชอบหรือความรอบคอบเยี่ยงผู้ประกอบวิชาชีพในฐานะเช่นนั้นจักต้องมี
ตามวิสัยและพฤติการณ์ พ.ศ. ๒๕๕๖”
ข้อ ๒ ประกาศนี้ให้ใช้บังคับตั้งแต่วนั ถัดจากวันประกาศในราชกิจจานุเบกษาเป็นต้นไป
ข้อ ๓ ในประกาศนี้
“บุคคลซึ่งมีอํานาจกระทําการแทน” หมายความว่า
(๑) รองผู้จัดการ ผู้ช่วยผู้จัดการ หรือผู้ซึ่งมีตําแหน่งเทียบเท่าที่เรียกชื่ออย่างอื่น
(๒) บุคคลซึ่งบริษัททําสัญญาให้มีอํานาจในการบริหารงานทั้งหมดหรือบางส่วน
(๓) บุคคลที่ตามพฤติการณ์มีอํานาจควบคุมหรือครอบงําผู้จัดการหรือกรรมการ หรือการจัดการ
ของบริษัท ให้ปฏิบัติตามคําสั่งของตนในการกําหนดนโยบายหรือการดําเนินงานของบริษัท
“ที่ปรึกษา” หมายความว่า บุคคลที่ทําหน้าที่เปรียบเสมือนกรรมการ ผู้จัดการ รองผู้จัดการ
หรือผู้ช่วยผู้จัดการ รวมไปถึงบุคคลที่มีลักษณะดังกล่าวแต่เรียกชื่ออย่างอื่นด้วย อย่างไรก็ตาม
ไม่รวมถึงบุคคลที่รับจ้างทํางานให้แก่บริษัท โดยมีลักษณะของงานที่ใช้ความรู้ความสามารถพิเศษ
หน้า ๘
เล่ม ๑๓๐ ตอนพิเศษ ๑๐๙ ง ราชกิจจานุเบกษา ๓๐ สิงหาคม ๒๕๕๖
ด้านเทคนิค หรือใช้ความชํานาญเฉพาะด้าน เช่น ที่ปรึกษางานบัญชี ที่ปรึกษากฎหมาย ที่ปรึกษา
เทคโนโลยีสารสนเทศ ที่ปรึกษาด้านภาษี ที่ปรึกษาด้านภาษา ที่ปรึกษาด้านการสื่อสารองค์กร
“สํานักงาน” หมายความว่า สํานักงานคณะกรรมการกํากับและส่งเสริมการประกอบธุรกิจ
ประกันภัย
“บริษัท” หมายความว่า บริษัทประกันชีวิตตามกฎหมายว่าด้วยการประกันชีวิต และ
ให้หมายความรวมถึงสาขาของบริษัทประกันชีวิตต่างประเทศที่ได้รับใบอนุญาตประกอบธุรกิจประกันชีวิต
ในราชอาณาจักรตามกฎหมายว่าด้วยการประกันชีวิต
ข้อ ๔ ให้ถือว่ากรรมการ ผู้จัดการ บุคคลซึ่งมีอํานาจกระทําการแทนบริษัท หรือที่ปรึกษา
ของบริษัท มีประวัติเสียหายหรือดําเนินกิจการใดที่มีลักษณะที่แสดงถึงการขาดความรับผิดชอบหรือ
ความรอบคอบเยี่ยงผู้ประกอบวิชาชีพในฐานะเช่นนั้นจักต้องมีตามวิสัยและพฤติการณ์ ซึ่งรวมถึงแต่ไม่จํากัด
เฉพาะกรณีดังต่อไปนี้
(๑) เคยต้องคําพิพากษาถ",ประกันภัย,กฎหมาย คปภ.
oicpdf_00152,กฎหมายประกันภัย คปภ. 00152,".
~ to~
.
flUn.
""""""-'-""'-
.~""""')
tJ1""::m ~~m::n1""1""3J n11""n1 nULL~::ti"" L6f73Jn 11""tJ1"":: n eJUi i1""n""i) tJ 1""::n ""n U
q
.,J 0 .:t 4 a.- A A a.- ft I a.- ~A
L1 ""eJ"" n1~""~ tLUU LL~: :'-1 U m,-6f 3J~ 't1::LU U""Ln U1 nu ii1""n""i)'!Je J""U'-H't1lJ1""::n""D1 G1
q q
~. \9d'd'G)
f)1r;(FJa1\t1';J1iI1aJ~11aJ1\taJ11i111 ~o LLV:-1~1::11""lfururu~1J1::n\t:nlli1 ~.~. 1!:Jclmcl 1J1::ntJtJ
2J11i111 m (1!:J) LLV:-1~1::11""lfutyty~~m::n11aJm1ri1nuLL~::~-1LR'iaJm11J1::nf)tJ!i1n';J'J1::nullFJ ~.~. 1!:Jcl<i!o
, , .., ""
tJ1::nf)UnuaJ~,;1J1::""lfaJ~m::n11aJm1ri1nu LL~::~-1 LR'iaJm11J1::nf)U!i1n';J1J1::n\t1l FJ ~7-1'; ,"",/1!:J clclG) Lii f)1'-1.';
, ~
mo ijt1U1FJU ~.~. !:JclclG) ~m::n112Jn11ri1nuLL~::~-1L~aJm11J1::nf)U!i1n';J1J1::nUllFJ~-1f)f)n1J1::m~11 i-1d
~ ~
,] f) G) 1J1::m~dL1FJn11 ""1J1::m~~nI.::n11aJ m1ri1 nuLL~::~-1 LR'iaJm11J1::n f)tJ!i1n';J1J1::nuT1 EJ
~
L""4f)-1 ri1~UIiI LL1JULL~::11F Jn11RaJ~'Y\::LU FJ\tL~ FJ1nU!i1n';J""lJ f)-1tJ'i~'Y\1J1::n\t:nlli1 ~. ~. !:J clclG)""
~ ,
., .1 .,t~ ~ .,... ~::. ,~.,t :'1 ., ~. I
""lJf ) !:J ]j1::m~\t ~~ ~""lfU-1~UIiI-1 LLIiIU~\tL]j\tIil\t ~]j
,]f) m 1';;FJnLfjn1J1::n1~\t1 FJ'Y\::LU FJ\t L~f)-1 ri1~UIiI LL1JU LL~::11 FJn11RaJ~'Y\::LU FJUL~FJ1nU!i1n';J
, ~
""1Jf)-11J'i~'Y\1J1::nu:nl~ ~-11U~!:Jcl nUFJ1FJ\t ~.~. 1!:Jcl~~
,]f) ~
~ ,
,t
~1aJLLUU 1i1-1\t
(G») L'iaJliI't1::LUF J\tn11~u1J1::n\t1l FJ1J1::Lll't1R1aJru LLUU 'Y\U.""lf. G).( i)
~ ..
(!:J) mJ~liI 't1::LUFJUm1~1J1J1::n\tllFJ1J1::Lll't1alilR1~~n11aJ LLUU 't1u. ""If.(i).1!:J
(m) Ra~Jl iI't1::LUFJ\tm17u1J1::nUllFJ1J1::Lll't1n~aJ ~ LLUU 't1U.""lf.G).m
(~) Ra~Jl iI't1::LUFJ\tn11~u1J1::n\tllFJaU~L~~ IiI~1UU~~ ~~ ~ LLUU 'Y\U.""lf.(i).<i:'
1
..""'.1 ~ ~. ~ ~I ~ ~ '- .¥
(cl) mJ~liI 't1::LUFJ\tmnU]j1::nWlFJR1~1U ~1-1m ~]j1::nWl FJf~) UIiIL~IiI~Lf)aa1't11 LLtJU 't1u. ""If.G).cl
('""') RaJliI't1::LUFJ\tm1~u1J1::n\tllFJ!iia LLUU't1iJ.""lf.!:J.G)
~
(~) RaJliI't1::LUFJ\tm1La11J1::n\tllFJ!iia LLUU't1U.""lf.!:J.1!:J
~
(fii) RaJliI't1::LUF JUn11-;J1 FJL ':3\t1il1aJn1aJ!i113J1J1::nUll FJ-aJ1n1.n11aJ LLUU 't1u. ""If.m. G)
~
(~) RaJliI't1::LU FJ\tm1-;J1 FLJ ':3\t1il1aJn1aJ!i113J1J1::n\t1l FJ-~1Uri1~ Ulil LLtJU 't1U.""lf. m.1!:J
,
(G)O) RaJliI't1::LUF J\tm1-;J1 FJL':3\tLtJ\t-111i11i11La~J a u 1""lJn1aJ !i113J1J1::nUll FJ-rJ-L1a j~1Uri1~UIiI
~
LL1JU't1U.""lf.m.m
(i) G»)R aJliI't1::LUF JUn11-;J1 FLJ ':3uIiI13Jn1aJ!i113J1J1::n\t1l FJ-f)U~ L~ 1iI LL~::'t1~~~1l1~
, ~ ~ ,
LLUU 'Y\U.""lf.m.~
I, '
\
(G>1!I) fi2J,~ 'Yl::Lfl£Jum~~1£JL~U~12Jn~2Jti~~3fu~::n""iI£J-nl1U1::nU~f11~ , LLtItI 'Yltl.1I'.m.~
(G>m) fi~~'Yl::Lfl£Jum~~1£JL~""U1Ulty~12Jn12Jti113fu1::n""iI£J LLtItI 'Yltl.1I'.m. ~
-.A ..A
(G><L') fi2J,~'Yl::LtI £JUnl~,;)l £JL -1""L 1""~~L-1Ufi~ LLtItI 'Yltl.1I'.m.~
(G>cl) fi2J,~ 'Yl::Lfl £JUnl1~1 £JL~~~12Jn12Jti~~3fu~::n~iI £JU~::Lf1'Yln~2J, LLtl1.J 'Yl1.J.""D'.m. w'
(G>~ ) fi2J,~'Yl::LflrJ~m~~l£JL~~~l2JL~DU L""lJn12Jti~13fu1::n~iI£J~u LL1.J1.J'Y ltl. ""D'.m. ~
(G>d) mJC~iI 'Yl::Lfl£J""~lRU L""'2J'Yl~LL'Yl""ff1""'1t1 1~1-1m,.u1::nw1 rJD,t I~ L~~ ~LEtD D1'Yl1 LL1.J1.'YJ ltl. ""D'.m.(i)o
(G>w') mJ, CiI'Yl::Lfl £J""nl~~lrJ(-i""Cill2Jn12J1j1""13fu~:",ประกันภัย,กฎหมาย คปภ.
oicpdf_00157,กฎหมายประกันภัย คปภ. 00157,"ประกาศคณะกรรมการกํากับและสงเสริมการประกอบธุรกิจประกันภัย
เรื่อง กําหนดหลักเกณฑ วิธีการออก การเสนอขายกรมธรรมประกันภัย
และการปฏบิ ัติหนาที่ของตวั แทนประกันชีวติ นายหนาประกันชีวิต และธนาคาร
พ.ศ. 2551
..............................
อาศัยอํานาจตามความในมาตรา 38 (5) และมาตรา 70/2 แหงพระราชบัญญัติประกันชีวิต
พ.ศ. 2535 ซึ่งแกไขเพิ่มเติมโดยพระราชบัญญัติประกันชีวิต (ฉบับที่ 2) พ.ศ. 2551 ประกอบกับมติที่
ประชุมคณะกรรมการกํากับและสงเสริมการประกอบธุรกิจประกันภัย ครั้งที่ 9/2551 เมื่อวันที่ 24
กันยายน พ.ศ. 2551 คณะกรรมการกํากับและสงเสริมการประกอบธุรกิจประกันภัย จึงออกประกาศ
ไวดังนี้
ขอ 1 ประกาศนี้เรียกวา “ประกาศคณะกรรมการกํากับและสงเสริมการประกอบธุรกิจ
ประกันภัย เรื่อง กําหนดหลักเกณฑ วิธีการออก การเสนอขายกรมธรรมประกันภัย และการปฏิบัติหนาที่
ของตัวแทนประกันชีวิต นายหนาประกันชีวิต และธนาคาร พ.ศ. 2551”
ขอ 2 ประกาศนี้ใหใชบังคับตั้งแตวันที่ 1 มกราคม พ.ศ. 2552 เปนตนไป
หมวด 1
ความทั่วไป
ขอ 3 ในประกาศนี้
“สํานักงาน” หมายความวา สํานักงานคณะกรรมการกํากับและสงเสริมการประกอบ
ธุรกิจประกันภัย
“นายทะเบียน” หมายความวา เลขาธิการคณะกรรมการกํากับและสงเสริมการประกอบ
ธุรกิจประกันภัยหรือผูซึ่งเลขาธิการคณะกรรมการกํากับและสงเสริมการประกอบธุรกิจประกันภัย
มอบหมาย
“บริษัท” หมายความวา บริษัทประกันชีวิตตามกฎหมายวาดวยการประกันชีวิต
“ตัวแทนประกันชีวิต” หมายความวา ตัวแทนประกันชีวิตตามกฎหมายวาดวยการประกัน
ชีวิต
“นายหนาประกันชีวิต” หมายความวา นายหนาประกันชีวิตตามกฎหมายวาดวยการประกัน
ชีวิต
-2-
“ธนาคาร” หมายความวา ธนาคารที่ไดรับใบอนุญาตเปนนายหนาประกันชีวิต ตามกฎหมาย
วาดวยการประกันชีวิต
“ผูมุงหวัง” หมายความวา ผูที่ตัวแทนประกันชีวิต หรือนายหนาประกันชีวิตชักชวน
หรือชี้ชอง หรือจัดการใหทําประกันชีวิต
“การเสนอขายกรมธรรมประกันภัย” ในกรณีบริษัท หมายความวา การเชิญชวนให
ผูมุงหวังทําประกันภัย ในกรณีที่กระทําโดยตัวแทนประกันชีวิต หมายความวา การชักชวนผูมุงหวังให
ทําสัญญาประกันภัยกับบริษัท ในกรณีที่กระทําโดยนายหนาประกันชีวิตและธนาคาร หมายความวา
การชี้ชองหรือจัดการใหผูมุงหวังทําสัญญาประกันภัยกับบริษัท
ขอ 4 ในการออกและเสนอขายกรมธรรมประกันภัย ใหบริษัทปฏิบัติใหเปนไปตาม
ประกาศนี้
ขอ 5 การปฏิบัติหนาที่ของตัวแทนประกันชีวิต หรือนายหนาประกันชีวิตใหเปนไป
ตามหลักเกณฑ วิธีการและเงื่อนไขที่กําหนดใหตัวแทนประกันชีวิต หรือนายหนาประกันชีวิตตอง
ปฏิบัติ หรือละเวนการปฏิบัติภายใตการจัดการของบริษัทในประกาศนี้
ขอ 6 ตัวแทนประกันชีวิต หรือนายหนาประกันชีวิต ฝาฝนไมปฏิบัติใหเปนไปตาม
ประกาศนี้อาจเปนเหตุใหนายทะเบียนมีคําสั่งเพิกถอนใบอนุญาตเปนตัวแทนประกันชีวิต หรือใบอนุญาต
เปนนายหนาประกันชีวิต แลวแตกรณีตามความในมาตรา 81 แหงพระราชบัญญัติประกันชีวิต
พ.ศ. 2535 ซึ่งแกไขเพิ่มเติมโดยพระราชบัญญัติประกันชีวิต (ฉบับที่ 2) พ.ศ. 2551
หมวด 2
การออกกรมธรรมประกนั ภัย
ขอ 7 เมื่อบริษัทไดรับคําขอเอาประกันภัย พรอมเบี้ยประกันภัยของผูมุงหวัง หากบริษัท
พิจารณาตอบตกลงรับประกันภัยรายใด ใหบริษัทสงมอบกรมธรรมประกันภัยอันมีเนื้อความตองตาม
สัญญาใหแกผูเอาประกันภัย โดยบริษัทจะตองแนบเอกสารสรุปเงื่อนไขความคุมครอง ขอยกเวนตาม
กรมธรรมประกันภัยไปพรอมกับกรมธรรมประกันภัยนั้น
กรณีเปนการรับประกันภัยกลุม ใหบริษัทสงมอบกรมธรรมประกันภัยและ
เอกสารตามวรรคหนึ่ง ให",ประกันภัย,กฎหมาย คปภ.
oicpdf_00176,กฎหมายประกันภัย คปภ. 00176,"ประกาศคณะกรรมการกํากับและสงเสริมการประกอบธุรกิจประกันภัย
เรื่อง กําหนดใหบริษัทประกันชวี ิตเปด ทําการติดตอกับประชาชน ประจําป พ.ศ.2554
อาศัยอํานาจตามความในมาตรา 39 แหงพระราชบัญญัติประกันชีวิต พ.ศ.2535 และมาตรา 3
(2) แหงพระราชบัญญัติคณะกรรมการกํากับและสงเสริมการประกอบธุรกิจประกันภัย พ.ศ.2550 ประกอบกับมติ
ที่ประชุมคณะกรรมการกํากับและสงเสริมการประกอบธุรกิจประกันภัย ครั้งที่ 9/2552 เมื่อวันที่ 28 กันยายน
พ.ศ.2552 คณะกรรมการกํากับและสงเสริมการประกอบธุรกิจประกันภัย จึงออกประกาศไว ดังตอไปนี้
ขอ 1 บริษัทประกันชีวิตตองเปดทําการติดตอกับประชาชนทุกวัน เวนแตวันหยุดประจําสัปดาห
และวันหยุดดังตอไปนี้ บริษัทจะเปดทําการก็ได
1. วันจันทร 3 มกราคม ชดเชยวันขึ้นปใหม
(วันเสารที่ 1 มกราคม)
2. วันศุกร 18 กุมภาพันธ วันมาฆบูชา
3. วันพุธ 6 เมษายน วันพระบาทสมเด็จพระพุทธยอดฟาจุฬาโลก
มหาราชและวันที่ระลึกมหาจักรีบรมราชวงศ 
4. วันพุธ 13 เมษายน วันสงกรานต
5. วันพฤหัสบดี 14 เมษายน วันสงกรานต
6. วันศุกร 15 เมษายน วันสงกรานต
7. วันจันทร 2 พฤษภาคม ชดเชยวันแรงงานแหงชาติ
(วันอาทิตยที่ 1 พฤษภาคม)
8. วันพฤหัสบดี 5 พฤษภาคม วันฉัตรมงคล
9. วันอังคาร 17 พฤษภาคม วันวิสาขบูชา
10. วันศุกร 15 กรกฎาคม วันอาสาฬหบูชา
11. วันศุกร 12 สิงหาคม วันเฉลิมพระชนมพรรษา
สมเด็จพระนางเจาฯ พระบรมราชินีนาถ
12. วันจันทร 24 ตุลาคม ชดเชยวันปยมหาราช
(วันอาทิตยที่ 23 ตุลาคม)
-2-
13. วันจันทร 5 ธันวาคม วันเฉลิมพระชนมพรรษา
พระบาทสมเด็จพระเจาอยูหัว
14. วันจันทร 12 ธันวาคม ชดเชยวันพระราชทานรัฐธรรมนูญ
(วันเสารที่ 10 ธันวาคม)
ขอ 2 สาขาของบริษัทประกันชีวิตในจังหวัดนราธิวาส จังหวัดปตตานี จังหวัดยะลา และจังหวัดสตูล
จะปดทําการในวันตรุษอีดิ้ลฟตริ (วันรายอปอซอ) ตามประกาศสํานักจุฬาราชมนตรีอีกหนึ่งวันก็ได
ขอ 3 เวลาเปดทําการของบริษัทประกันชีวิต ใหเปดทําการไมนอยกวาระยะเวลาตั้งแตเวลา 08.30 น.
ถึง 16.30 น. เวนแตวันเสารจะเปดทําการไมนอยกวาระยะเวลาตั้งแตเวลา 08.30 น. ถึง 12.00 น. ก็ได
ขอ 4 ในกรณีที่คณะรัฐมนตรีไดมีมติกําหนดใหมีวันหยุดราชการเปนกรณีพิเศษเพิ่มเติม
บริษัทจะปดทําการก็ได แตบริษัทตองจัดใหมีพนักงานที่มีหนาที่รับแจงเหตุและพนักงานเจรจาตกลงใชเงินตาม
กรมธรรมประกันภัยประจําอยูที่บริษัทและสํานักงานสาขาของบริษัทอยางเพียงพอ เพื่อใหการบริการและ
อํานวยความสะดวกแกผูเอาประกันภัยและผูรับประโยชน
ประกาศ ณ วนั ที่ 25 ส.ค. 2553
(นายสถิตย ลิ่มพงศพันธุ)
ปลัดกระทรวงการคลัง
ประธานคณะกรรมการกํากับและสงเสริมการประกอบธุรกิจประกันภัย
-3-
หมายเหตุ :- เหตุผลในการออกประกาศฉบับนี้ เพื่อใหบริษัทประกันชีวิตสามารถวางแผนระยะเวลาในการ
ดําเนินงานเกี่ยวกับการประกอบธุรกิจของบริษัทได",ประกันภัย,กฎหมาย คปภ.
oicpdf_00194,กฎหมายประกันภัย คปภ. 00194,"หน้า ๕๑
เล่ม ๑๓๐ ตอนพิเศษ ๑๒๗ ง ราชกิจจานุเบกษา ๑ ตุลาคม ๒๕๕๖
ประกาศคณะกรรมการกํากบั และส่งเสริมการประกอบธุรกิจประกันภยั
เรื่อง หลักเกณฑ์และวิธีการในการประกาศหรือโฆษณาการฝ่าฝืน
หรือไม่ปฏิบัติตามกฎหมายว่าด้วยการประกันชีวิต
พ.ศ. ๒๕๕๖
อาศัยอํานาจตามความในมาตรา ๑๑๗/๒ แห่งพระราชบัญญัติประกันชีวิต พ.ศ. ๒๕๓๕
ซึ่งแก้ไขเพิ่มเติมโดยพระราชบัญญัติประกันชีวิต (ฉบับที่ ๒) พ.ศ. ๒๕๕๑ ประกอบกับมติที่ประชุม
คณะกรรมการกํากับและส่งเสริมการประกอบธุรกิจประกันภัย ครั้งที่ ๙/๒๕๕๕ เมื่อวันที่ ๒๓ พฤศจิกายน
พ.ศ. ๒๕๕๕ คณะกรรมการกํากับและส่งเสริมการประกอบธุรกิจประกันภัยออกประกาศไว้
ดังต่อไปนี้
ข้อ ๑ ประกาศนี้เรียกว่า “ประกาศคณะกรรมการกํากับและส่งเสริมการประกอบธุรกิจประกันภัย
เรื่อง หลักเกณฑ์และวิธีการในการประกาศหรือโฆษณาการฝ่าฝืนหรือไม่ปฏิบัติตามกฎหมายว่าด้วย
การประกันชีวิต พ.ศ. ๒๕๕๖”
ข้อ ๒ ให้ยกเลิกประกาศคณะกรรมการกํากับและส่งเสริมการประกอบธุรกิจประกันภัย
เรื่อง หลักเกณฑ์และวิธีการในการประกาศหรือโฆษณาการฝ่าฝืนหรือไม่ปฏิบัติตามกฎหมายว่าด้วย
การประกันชีวิต พ.ศ. ๒๕๕๒ ลงวันที่ ๑๑ กันยายน พ.ศ. ๒๕๕๒
ข้อ ๓ ประกาศนี้ให้ใช้บงั คับตั้งแต่วันถัดจากวันประกาศในราชกิจจานุเบกษาเป็นต้นไป
ข้อ ๔ ในประกาศนี้
“สํานักงาน” หมายความว่า สํานักงานคณะกรรมการกํากับและส่งเสริมการประกอบธุรกิจ
ประกันภัย
“บริษัท” หมายความว่า บริษัทประกันชีวิตตามกฎหมายว่าด้วยการประกันชีวิต และให้
หมายความรวมถึงสาขาของบริษัทประกันชีวิตต่างประเทศท่ีได้รับใบอนุญาตประกอบธุรกิจประกันชีวิต
ในราชอาณาจักรตามกฎหมายว่าด้วยการประกันชีวิต
“ตัวแทนประกันชีวิต” หมายความว่า ผู้ซึ่งบริษัทมอบหมายให้ทําการชักชวนให้บุคคลทําสัญญา
ประกันภัยกับบริษัท
“นายหน้าประกันชีวิต” หมายความว่า ผู้ชี้ช่องหรือจัดการให้บุคคลทําสัญญาประกันภัยกับบริษัท
โดยกระทําเพื่อบําเหน็จเนื่องจากการนั้น
“นักคณิตศาสตร์ประกันภัย” หมายความว่า ผู้ได้รับใบอนุญาตเป็นนักคณิตศาสตร์ประกันภัย
จากนายทะเบียนตามกฎหมายว่าด้วยการประกันชีวิต
“คณะกรรมการเปรียบเทียบ” หมายความว่า คณะกรรมการเปรียบเทียบที่รัฐมนตรีว่าการ
กระทรวงการคลังแต่งตั้งตามกฎหมายว่าด้วยการประกันชีวิต
หน้า ๕๒
เล่ม ๑๓๐ ตอนพิเศษ ๑๒๗ ง ราชกิจจานุเบกษา ๑ ตุลาคม ๒๕๕๖
ข้อ ๕ ในกรณีที่บริษัท ตัวแทนประกันชีวิต นายหน้าประกันชีวิต หรือนักคณิตศาสตร์
ประกันภัยผู้ใด กระทําการอันเป็นการฝ่าฝืนหรือไม่ปฏิบัติตามบทบัญญัติแห่งพระราชบัญญัตินี้ หรือ
กฎกระทรวงหรือประกาศที่ออกตามความในพระราชบัญญัตินี้ ให้สํานักงานมีอํานาจประกาศหรือ
โฆษณาการฝ่าฝืนหรือไม่ปฏิบัติตามดังกล่าว โดยระบุรายละเอียดการฝ่าฝืนหรือไม่ปฏิบัติตามรวมทั้ง
ชื่อบุคคลที่เกี่ยวข้องให้ประชาชนทราบ ตามหลักเกณฑ์และวิธีการที่กําหนดไว้ในประกาศนี้
ข้อ ๖ ให้สํานักงานประกาศหรือโฆษณาการฝ่าฝืนหรือไม่ปฏิบัติตามกฎหมายของบริษัท
ตัวแทนประกันชีวิต นายหน้าประกันชีวิต หรือนักคณิตศาสตร์ประกันภัย ในเว็บไซต์ของสํานักงาน
และจัดทําเป็นเอกสารข่าวเพื่อเผยแพร่ต่อสื่อมวลชนในแขนงต่างๆ ให้ประชาชนทราบทั่วกัน ในกรณี
ดังต่อไปนี้
(๑) กรณีที่บริษัทดํารงเงินกองทุนไม่ครบถ้วนตามมาตรา ๒๗ แห่งพระราชบัญญัติประกันชีวิต
พ.ศ. ๒๕๓๕ และที่แก้ไขเพิ่มเติม ให้สํานักงานประกาศหรือโฆษณาโดยระบุชื่อบริษัท จํานวนเงินกองทุน
ที่บริษัทดํารงไม่ครบถ้วนตามที่กฎหมายกําหนด และสถานะของบริษัทที่ต้องห้ามมิให้ขยายธุรกิจ
โดยไม่สามารถรับประกันภัยรายใหม่ได้
(๒) กรณีท่บี ริษัทไม่ยื่นงบการเงิน รายงานเกี่ยวกับผลการดําเนินงานของบริษัทตามมาตรา ๔๓
ไม่แก้ไขรา",ประกันภัย,กฎหมาย คปภ.
oicpdf_00196,กฎหมายประกันภัย คปภ. 00196,"หน้า ๒
เล่ม ๑๓๐ ตอนพิเศษ ๑๔๒ ง ราชกิจจานุเบกษา ๒๔ ตุลาคม ๒๕๕๖
ประกาศคณะกรรมการกํากบั และส่งเสริมการประกอบธุรกิจประกันภยั
เรื่อง การลงทุนประกอบธุรกิจอื่นของบริษัทประกันชีวิต
พ.ศ. ๒๕๕๖
ธุรกิจประกันชีวิตเป็นธุรกิจที่บริษัทรับโอนความเสี่ยงภัยจากประชาชนและภาคธุรกิจ มีความรับผิด
ต้องชดใช้เงินตามสัญญาประกันภัย โดยได้รับชําระเบี้ยประกันภัยเป็นการตอบแทน เพื่อให้บริษัท
สามารถจัดสรรสํารองประกันภัยให้เพียงพอต่อภาระผูกพันที่มีต่อเจ้าหนี้ตามสัญญาประกันภัย บริษัทจึง
ต้องลงทุนในสินทรัพย์ที่เหมาะสมเพื่อให้ได้ผลตอบแทนที่เพียงพอและสอดคล้องกับภาระผูกพันที่มีอยู่
สําหรับบริษัทที่มีศักยภาพ ระบบงาน บุคลากร และทรัพยากรเพียงพอ บริษัทอาจประกอบธุรกิจอื่น
นอกเหนือจากการประกอบธุรกิจประกันชีวิตเพื่อหาผลตอบแทนเพิ่มเติมได้ โดยระมัดระวังมิให้การประกอบ
ธุรกิจอื่นดังกล่าวก่อความเสียหาย หรือเป็นอุปสรรคต่อการดําเนินงานตามปกติของบริษัท ดังนั้น การลงทุน
และการประกอบธุรกิจอื่นของบริษัท จึงเป็นธุรกรรมที่สําคัญต่อการดําเนินงานและความมั่นคงของบริษัท
ที่คณะกรรมการบริษัทต้องให้ความสําคัญในการกําหนดนโยบายการลงทุนและการประกอบธุรกิจอื่น
นโยบายการบริหารความเสี่ยงรวม รวมทั้งติดตามควบคุมการลงทุนและการประกอบธุรกิจอื่น เพื่อให้
มั่นใจว่าบริษัทมีการดําเนินการอย่างเหมาะสม เป็นไปตามกฎหมายที่เกี่ยวข้อง และสอดคล้องกับภาระผูกพัน
ความพร้อมของระบบงาน ความรู้ความเชี่ยวชาญของบุคลากร
อาศัยอํานาจตามความในมาตรา ๒๘ แห่งพระราชบัญญัติประกันชีวิต พ.ศ. ๒๕๓๕
และมาตรา ๓ (๒) แห่งพระราชบัญญัติคณะกรรมการกํากับและส่งเสริมการประกอบธุรกิจประกันภัย
พ.ศ. ๒๕๕๐ ประกอบมติที่ประชุมคณะกรรมการกํากับและส่งเสริมการประกอบธุรกิจประกันภัย
ครั้งที่ ๕/๒๕๕๖ เมื่อวันที่ ๒๒ มีนาคม ๒๕๕๖ ครั้งที่ ๘/๒๕๕๖ เมื่อวันที่ ๒๘ มิถุนายน ๒๕๕๖
และครั้งที่ ๙/๒๕๕๖ เมื่อวันที่ ๑๙ กรกฎาคม ๒๕๕๖ คณะกรรมการกํากับและส่งเสริมการประกอบ
ธุรกิจประกันภัย ออกประกาศไว้ ดังต่อไปนี้
ข้อ ๑ ประกาศนี้เรียกว่า “ประกาศคณะกรรมการกํากับและส่งเสริมการประกอบธุรกิจประกันภัย
เรื่อง การลงทุนประกอบธุรกิจอื่นของบริษัทประกันชีวิต พ.ศ. ๒๕๕๖”
ข้อ ๒ ประกาศนี้ให้ใช้บังคับตั้งแต่วันถัดจากวันประกาศในราชกิจจานุเบกษาเป็นต้นไป
ข้อ ๓ ให้ยกเลิก
(๑) ประกาศกระทรวงพาณิชย์ เรื่อง การลงทุนประกอบธุรกิจอื่นของบริษัทประกันชีวิต
ลงวันที่ ๒๐ ตุลาคม พ.ศ. ๒๕๔๗
(๒) ประกาศกระทรวงพาณิชย์ เรื่อง การลงทุนประกอบธุรกิจอื่นของบริษัทประกันชีวิต
(ฉบับที่ ๒) ลงวันที่ ๓ ตุลาคม พ.ศ. ๒๕๔๙
(๓) ประกาศกระทรวงพาณิชย์ เรื่อง การลงทุนประกอบธุรกิจอื่นของบริษัทประกันชีวิต
(ฉบับที่ ๓) ลงวันที่ ๒๔ มกราคม พ.ศ. ๒๕๕๐
หน้า ๓
เล่ม ๑๓๐ ตอนพิเศษ ๑๔๒ ง ราชกิจจานุเบกษา ๒๔ ตุลาคม ๒๕๕๖
(๔) ประกาศคณะกรรมการกํากับและส่งเสริมการประกอบธุรกิจประกันภัย เรื่อง การลงทุน
ประกอบธุรกิจอื่นของบริษัทประกันชีวิต พ.ศ. ๒๕๕๓ ลงวันที่ ๒๗ กันยายน พ.ศ. ๒๕๕๓
(๕) ประกาศคณะกรรมการกํากับและส่งเสริมการประกอบธุรกิจประกันภัย เรื่อง การลงทุน
ประกอบธุรกิจอื่นของบริษัทประกันชีวิต (ฉบับที่ ๒) พ.ศ. ๒๕๕๔ ลงวันที่ ๑๙ พฤษภาคม พ.ศ. ๒๕๕๔
ข้อ ๔ ในประกาศนี้
“คณะกรรมการ” หมายความว่า คณะกรรมการกํากับและส่งเสริมการประกอบธุรกิจประกันภัย
“สํานักงาน” หมายความว่า สํานักงานคณะกรรมการกํากับและส่งเสริมการประกอบธุรกิจประกันภัย
“บริษัท” หมายความว่า บริษัทที่ได้รับใบอนุญาตประกอบธุรกิจประกันชีวิตตามกฎหมาย
ว่าด้วยการประกันชีวติ และหมายความรวมถึงสาขาของบริษัทประกันชีวิตต่างประเทศที่ได้รับใบอนุญาต",ประกันภัย,กฎหมาย คปภ.
oicpdf_00238,กฎหมายประกันภัย คปภ. 00238,"หน้า ๑๐
เล่ม ๑๓๐ ตอนพิเศษ ๑๐๙ ง ราชกิจจานุเบกษา ๓๐ สิงหาคม ๒๕๕๖
ประกาศสํานกั งานคณะกรรมการกาํ กบั และส่งเสริมการประกอบธุรกิจประกนั ภยั
เรื่อง กําหนดกรณีที่ถือว่ากรรมการ ผู้จัดการ บุคคลซึ่งมีอํานาจกระทําการแทนบริษัทประกันวินาศภัย
หรือที่ปรึกษาของบริษัทประกันวินาศภัย มีประวัติเสียหายหรือดําเนินกิจการใดที่มีลักษณะที่แสดงถึง
การขาดความรับผิดชอบหรือความรอบคอบเยี่ยงผู้ประกอบวิชาชีพในฐานะเช่นนั้น
จักต้องมีตามวิสัยและพฤติการณ์
พ.ศ. ๒๕๕๖
เพื่อกําหนดกรอบในการพิจารณากรณีที่ถือว่ากรรมการ ผู้จัดการ บุคคลซึ่งมีอํานาจกระทํา
การแทนบริษัท หรือที่ปรึกษาของบริษัทมีประวัติเสียหายหรือดําเนินกิจการใดที่มีลักษณะที่แสดงถึงการขาด
ความรับผิดชอบหรือความรอบคอบเยี่ยงผู้ประกอบวิชาชีพในฐานะเช่นนั้นจักต้องมีตามวิสัยและพฤติการณ์
ตามความในมาตรา ๓๔ (๘) แห่งพระราชบัญญัติประกันวินาศภัย พ.ศ. ๒๕๓๕ ซึ่งแก้ไขเพิ่มเติมโดย
พระราชบัญญัติประกันวินาศภัย (ฉบับที่ ๒) พ.ศ. ๒๕๕๑ ประกอบกับมติที่ประชุมคณะกรรมการกํากับ
และส่งเสริมการประกอบธุรกิจประกันภัย ครั้งที่ ๙/๒๕๕๕ เมื่อวันที่ ๒๓ พฤศจิกายน พ.ศ. ๒๕๕๕
สํานักงานคณะกรรมการกํากับและส่งเสริมการประกอบธุรกิจประกันภัยจึงออกประกาศไว้ ดังต่อไปนี้
ข้อ ๑ ประกาศนี้เรยี กว่า “ประกาศสํานักงานคณะกรรมการกํากับและส่งเสริมการประกอบ
ธุรกิจประกันภัย เรื่อง กําหนดกรณีที่ถือว่ากรรมการ ผู้จัดการ บุคคลซึ่งมีอํานาจกระทําการแทนบริษัท
ประกันวินาศภัย หรือที่ปรึกษาของบริษัทประกันวินาศภัย มีประวัติเสียหายหรือดําเนินกิจการใดที่มีลักษณะ
ที่แสดงถึงการขาดความรับผิดชอบหรือความรอบคอบเยี่ยงผู้ประกอบวิชาชีพในฐานะเช่นนั้นจักต้องมี
ตามวิสัยและพฤติการณ์ พ.ศ. ๒๕๕๖”
ข้อ ๒ ประกาศนี้ให้ใช้บังคับตั้งแต่วันถัดจากวันประกาศในราชกิจจานุเบกษาเป็นต้นไป
ข้อ ๓ ในประกาศนี้
“บุคคลซึ่งมีอํานาจกระทําการแทน” หมายความว่า
(๑) รองผู้จัดการ ผู้ช่วยผู้จัดการ หรือผู้ซึ่งมีตําแหน่งเทียบเท่าที่เรียกชื่ออย่างอื่น
(๒) บุคคลซึ่งบริษัททําสัญญาให้มีอํานาจในการบริหารงานทั้งหมดหรือบางส่วน
(๓) บุคคลที่ตามพฤติการณ์มีอํานาจควบคุมหรือครอบงําผู้จัดการหรือกรรมการ หรือการจัดการ
ของบริษัท ให้ปฏิบัติตามคําสั่งของตนในการกําหนดนโยบายหรือการดําเนินงานของบริษัท
“ที่ปรึกษา” หมายความว่า บุคคลที่ทําหน้าที่เปรียบเสมือนกรรมการ ผู้จัดการ รองผู้จัดการ
หรือผู้ช่วยผู้จัดการ รวมไปถึงบุคคลที่มีลักษณะดังกล่าวแต่เรียกชื่ออย่างอื่นด้วย อย่างไรก็ตาม
ไม่รวมถึงบุคคลที่รับจ้างทํางานให้แก่บริษัท โดยมีลักษณะของงานที่ใช้ความรู้ความสามารถพิเศษ
ด้านเทคนิค หรือใช้ความชํานาญเฉพาะด้าน เช่น ที่ปรึกษางานบัญชี ที่ปรึกษากฎหมาย ที่ปรึกษา
เทคโนโลยีสารสนเทศ ที่ปรึกษาด้านภาษี ที่ปรึกษาด้านภาษา ที่ปรึกษาด้านการสื่อสารองค์กร
หน้า ๑๑
เล่ม ๑๓๐ ตอนพิเศษ ๑๐๙ ง ราชกิจจานุเบกษา ๓๐ สิงหาคม ๒๕๕๖
“สํานักงาน” หมายความว่า สํานักงานคณะกรรมการกํากับและส่งเสริมการประกอบธุรกิจ
ประกันภัย
“บริษัท” หมายความว่า บริษัทประกันวินาศภัยตามกฎหมายว่าด้วยการประกันวินาศภัย
และให้หมายความรวมถึงสาขาของบริษัทประกันวินาศภัยต่างประเทศที่ได้รับใบอนุญาตประกอบธุรกิจ
ประกันวินาศภัยในราชอาณาจักรตามกฎหมายว่าด้วยการประกนั วินาศภัย
ข้อ ๔ ให้ถือว่ากรรมการ ผู้จัดการ บุคคลซึ่งมีอํานาจกระทําการแทนบริษัท หรือที่ปรึกษา
ของบริษัท มีประวัติเสียหายหรือดําเนินกิจการใดที่มีลักษณะที่แสดงถึงการขาดความรับผิดชอบหรือ
ความรอบคอบเยี่ยงผู้ประกอบวิชาชีพในฐานะเช่นนั้นจักต้องมีตามวิสัยและพฤติการณ์ ซึ่งรวมถึงแต่ไม่จํากัด
เฉพาะกร",ประกันภัย,กฎหมาย คปภ.
oicpdf_00248,กฎหมายประกันภัย คปภ. 00248,"หน้า ๕๔
เล่ม ๑๓๐ ตอนพิเศษ ๑๒๗ ง ราชกิจจานุเบกษา ๑ ตุลาคม ๒๕๕๖
ประกาศคณะกรรมการกํากบั และส่งเสริมการประกอบธุรกิจประกันภยั
เรื่อง หลักเกณฑ์และวิธีการในการประกาศหรือโฆษณาการฝ่าฝืน
หรือไม่ปฏิบัติตามกฎหมายว่าด้วยการประกันวินาศภัย
พ.ศ. ๒๕๕๖
อาศัยอํานาจตามความในมาตรา ๑๑๑/๒ แห่งพระราชบัญญัติประกันวินาศภัย พ.ศ. ๒๕๓๕
ซึ่งแก้ไขเพิ่มเติมโดยพระราชบัญญัติประกันวินาศภัย (ฉบับที่ ๒) พ.ศ. ๒๕๕๑ ประกอบกับมติที่ประชุม
คณะกรรมการกํากับและส่งเสริมการประกอบธุรกิจประกันภัย ครั้งที่ ๙/๒๕๕๕ เมื่อวันที่ ๒๓ พฤศจิกายน
พ.ศ. ๒๕๕๕ คณะกรรมการกํากับและส่งเสริมการประกอบธุรกิจประกันภัยออกประกาศไว้ ดังต่อไปนี้
ข้อ ๑ ประกาศนี้เรียกว่า “ประกาศคณะกรรมการกํากับและส่งเสริมการประกอบธุรกิจประกันภัย
เรื่อง หลักเกณฑ์และวิธีการในการประกาศหรือโฆษณาการฝ่าฝืนหรือไม่ปฏิบัติตามกฎหมายว่าด้วย
การประกันวินาศภัย พ.ศ. ๒๕๕๖”
ข้อ ๒ ให้ยกเลิกประกาศคณะกรรมการกํากับและส่งเสริมการประกอบธุรกิจประกันภัย
เรื่อง หลักเกณฑ์และวิธีการในการประกาศหรือโฆษณาการฝ่าฝืนหรือไม่ปฏิบัติตามกฎหมายว่าด้วย
การประกันวินาศภัย พ.ศ. ๒๕๕๒ ลงวันที่ ๑๑ กันยายน พ.ศ. ๒๕๕๒
ข้อ ๓ ประกาศนี้ให้ใช้บังคับตั้งแต่วันถัดจากวันประกาศในราชกิจจานุเบกษาเป็นต้นไป
ข้อ ๔ ในประกาศนี้
“สํานักงาน” หมายความว่า สํานักงานคณะกรรมการกํากับและส่งเสริมการประกอบธุรกิจ
ประกันภัย
“บริษัท” หมายความว่า บริษัทประกันวินาศภัยตามกฎหมายว่าด้วยการประกันวินาศภัย
และให้หมายความรวมถึงสาขาของบริษัทประกันวินาศภัยต่างประเทศที่ได้รับใบอนุญาตประกอบธุรกิจ
ประกันวินาศภัยในราชอาณาจักรตามกฎหมายว่าด้วยการประกันวินาศภัย
“ตัวแทนประกันวินาศภัย” หมายความว่า ผู้ซึ่งบริษัทมอบหมายให้ทําการชักชวนให้บุคคล
ทําสัญญาประกันภัยกับบริษัท
“นายหน้าประกันวินาศภัย” หมายความว่า ผู้ชี้ช่องหรือจัดการให้บุคคลทําสัญญาประกันภัย
กับบริษัท โดยกระทําเพื่อบําเหน็จเนื่องจากการนั้น
“นักคณิตศาสตร์ประกันภัย” หมายความว่า ผู้ได้รับใบอนุญาตเป็นนักคณิตศาสตร์ประกันภัย
จากนายทะเบียนตามกฎหมายว่าด้วยการประกันวินาศภัย
“ผู้ประเมินวินาศภัย” หมายความว่า ผู้ได้รับใบอนุญาตจากนายทะเบียน และขึ้นทะเบียน
ต่อสํานักงานเป็นผู้ประเมินวินาศภัยตามกฎหมายว่าด้วยการประกันวินาศภัย
“คณะกรรมการเปรียบเทียบ” หมายความว่า คณะกรรมการเปรียบเทียบที่รัฐมนตรีว่าการ
กระทรวงการคลังแต่งต้งั ตามกฎหมายว่าด้วยการประกันวินาศภัย
หน้า ๕๕
เล่ม ๑๓๐ ตอนพิเศษ ๑๒๗ ง ราชกิจจานุเบกษา ๑ ตุลาคม ๒๕๕๖
ข้อ ๕ ในกรณีที่บริษัท ตัวแทนประกันวินาศภัย นายหน้าประกันวินาศภัย ผู้ประเมินวินาศภัย
หรือนักคณิตศาสตร์ประกันภัยผู้ใด กระทําการอันเป็นการฝ่าฝืนหรือไม่ปฏิบัติตามบทบัญญัติ
แห่งพระราชบัญญัตินี้ หรือกฎกระทรวงหรือประกาศที่ออกตามความในพระราชบัญญัตินี้ ให้สํานักงาน
มีอํานาจประกาศหรือโฆษณาการฝ่าฝืนหรือไม่ปฏิบัติตามดังกล่าว โดยระบุรายละเอียดการฝ่าฝืนหรือ
ไม่ปฏิบัติตามรวมทั้งชื่อบุคคลที่เกี่ยวข้องให้ประชาชนทราบ ตามหลักเกณฑ์และวิธีการที่กําหนดไว้ใน
ประกาศนี้
ข้อ ๖ ให้สํานักงานประกาศหรือโฆษณาการฝ่าฝืนหรือไม่ปฏิบัติตามกฎหมายของบริษัท
ตัวแทนประกันวินาศภัย นายหน้าประกันวินาศภัย ผู้ประเมินวินาศภัย หรือนักคณิตศาสตร์ประกันภัย
ในเว็บไซต์ของสํานักงาน และจัดทําเป็นเอกสารข่าวเพื่อเผยแพร่ต่อสื่อมวลชนในแขนงต่าง ๆ
ให้ประชาชนทราบทั่วกัน ในกรณีดังต่อไปนี้
(๑) กรณีที่บริษัทดํารงเงินกองทุนไม่ครบถ้วนตามมาตรา ๒๗ แห่งพระราชบัญญัติประกัน
วินาศภัย พ.ศ. ๒๕๓๕ และที่แก้ไขเพิ่มเติม ให้สํานักงานประกาศหรือโฆษณาโดยระบุชื่",ประกันภัย,กฎหมาย คปภ.
oicpdf_00249,กฎหมายประกันภัย คปภ. 00249,"หน้า ๔๐
เล่ม ๑๓๐ ตอนพิเศษ ๑๔๒ ง ราชกิจจานุเบกษา ๒๔ ตุลาคม ๒๕๕๖
ประกาศคณะกรรมการกํากบั และส่งเสริมการประกอบธุรกิจประกันภยั
เรื่อง การลงทุนประกอบธุรกิจอื่นของบริษัทประกันวินาศภัย
พ.ศ. ๒๕๕๖
ธุรกิจประกันวินาศภัยเป็นธุรกิจที่บริษัทรับโอนความเสี่ยงภัยจากประชาชนและภาคธุรกิจ
มีความรับผิดต้องชดใช้ค่าสินไหมทดแทนสําหรับความเสียหายที่เกิดขึ้น โดยได้รับชําระเบี้ยประกันภัย
เป็นการตอบแทน เพื่อให้บริษัทสามารถจัดสรรสํารองประกันภัยให้เพียงพอต่อภาระผูกพันที่มีต่อเจ้าหนี้
ตามสัญญาประกันภัย บริษัทจึงต้องลงทุนในสินทรัพย์ที่เหมาะสมเพื่อให้ได้ผลตอบแทนที่เพียงพอและ
สอดคล้องกับภาระผูกพันที่มีอยู่ สําหรับบริษัทที่มีศักยภาพ ระบบงาน บุคลากร และทรัพยากรเพียงพอ
บริษัทอาจประกอบธุรกิจอื่นนอกเหนือจากการประกอบธุรกิจประกันวินาศภัยเพื่อหาผลตอบแทนเพิ่มเติมได้
โดยระมัดระวังมิให้การประกอบธุรกิจอื่นดังกล่าวก่อความเสียหาย หรือเป็นอุปสรรคต่อการดําเนินงาน
ตามปกติของบริษัท ดังนั้น การลงทุนและการประกอบธุรกิจอื่นของบริษัท จึงเป็นธุรกรรมที่สําคัญต่อ
การดําเนินงานและความมั่นคงของบริษัทที่คณะกรรมการบริษัทต้องให้ความสําคัญในการกําหนดนโยบาย
การลงทุนและการประกอบธุรกิจอื่น นโยบายการบริหารความเสี่ยงรวม รวมทั้งติดตามควบคุมการลงทุน
และการประกอบธุรกิจอื่น เพื่อให้มั่นใจว่าบริษัทมีการดําเนินการอย่างเหมาะสมเป็นไปตามกฎหมาย
ที่เกี่ยวข้อง และสอดคล้องกับภาระผูกพัน ความพร้อมของระบบงาน ความรู้ความเชี่ยวชาญของบุคลากร
อาศัยอํานาจตามความในมาตรา ๒๗ และมาตรา ๒๘ แห่งพระราชบัญญัติประกันวินาศภัย
พ.ศ. ๒๕๓๕ ซึ่งแก้ไขเพิ่มเติมโดยพระราชบัญญัติประกันวินาศภัย (ฉบับที่ ๒) พ.ศ. ๒๕๕๑
และมาตรา ๓ (๑) แห่งพระราชบัญญัติคณะกรรมการกํากับและส่งเสริมการประกอบธุรกิจประกันภัย
พ.ศ. ๒๕๕๐ ประกอบมติที่ประชุมคณะกรรมการกํากับและส่งเสริมการประกอบธุรกิจประกันภัย
ครั้งที่ ๕/๒๕๕๖ เมื่อวันที่ ๒๒ มีนาคม ๒๕๕๖ ครั้งท่ ี ๘/๒๕๕๖ เมื่อวันที่ ๒๘ มิถุนายน ๒๕๕๖
และครั้งที่ ๙/๒๕๕๖ เมื่อวันที่ ๑๙ กรกฎาคม ๒๕๕๖ คณะกรรมการกํากับและส่งเสริมการประกอบ
ธุรกิจประกันภัย ออกประกาศไว้ ดังต่อไปนี้
ข้อ ๑ ประกาศนี้เรียกว่า “ประกาศคณะกรรมการกํากับและส่งเสริมการประกอบธุรกิจประกันภัย
เรื่อง การลงทุนประกอบธุรกิจอื่นของบริษัทประกันวินาศภัย พ.ศ. ๒๕๕๖”
ข้อ ๒ ประกาศนี้ให้ใช้บังคับตั้งแต่วันถัดจากวันประกาศในราชกิจจานุเบกษาเป็นต้นไป
ข้อ ๓ ให้ยกเลิก
(๑) ประกาศกระทรวงพาณิชย์ เรื่อง การลงทุนประกอบธุรกิจอื่นของบริษัทประกันวินาศภัย
ลงวันที่ ๑๗ พฤศจิกายน พ.ศ. ๒๕๔๗
(๒) ประกาศกระทรวงพาณิชย์ เรื่อง การลงทุนประกอบธุรกิจอื่นของบริษัทประกันวินาศภัย
(ฉบับที่ ๒) ลงวันที่ ๓ ตุลาคม พ.ศ. ๒๕๔๙
หน้า ๔๑
เล่ม ๑๓๐ ตอนพิเศษ ๑๔๒ ง ราชกิจจานุเบกษา ๒๔ ตุลาคม ๒๕๕๖
(๓) ประกาศกระทรวงพาณิชย์ เรื่อง การลงทุนประกอบธุรกิจอื่นของบริษัทประกันวินาศภัย
(ฉบับที่ ๓) ลงวันที่ ๒๔ มกราคม พ.ศ. ๒๕๕๐
(๔) ประกาศคณะกรรมการกํากับและส่งเสริมการประกอบธุรกิจประกันภัย เรื่อง การลงทุน
ประกอบธุรกิจอื่นของบริษัทประกันวินาศภัย พ.ศ. ๒๕๕๓ ลงวันที่ ๒๗ กันยายน พ.ศ. ๒๕๕๓
(๕) ประกาศคณะกรรมการกํากับและส่งเสริมการประกอบธุรกิจประกันภัย เรื่อง การลงทุน
ประกอบธุรกิจอื่นของบริษัทประกันวินาศภัย (ฉบับที่ ๒) พ.ศ. ๒๕๕๔ ลงวันที่ ๑๙ พฤษภาคม
พ.ศ. ๒๕๕๔
ข้อ ๔ ในประกาศนี้
“คณะกรรมการ” หมายความว่า คณะกรรมการกํากับและส่งเสริมการประกอบธุรกิจประกันภัย
“สํานักงาน” หมายความว่า สํานักงานคณะกรรมการกํากับและส่งเสริมการประกอบธุรกิจประกันภัย
“บริษัท” หมายความว่า บริษัทท",ประกันภัย,กฎหมาย คปภ.
oicpdf_00298,กฎหมายประกันภัย คปภ. 00298,"(คูฉบับ)
ประกาศกรมการประกันภัย
เรื่อง แนวทางปฏิบัติในการกํากับดูแลกิจการที่ดีของบริษัทประกันภัย (ฉบับที่ 2)
เพื่อใหธุรกิจประกันภัยไทยสามารถแขงขันไดอยางมีประสิทธิภาพ เพิ่มมูลคาและความ
มั่นคงของกิจการในระยะยาว และมีสวนเกื้อหนุนเสริมสรางใหระบบเศรษฐกิจและสังคมของประเทศมี
เสถียรภาพและยั่งยืน คณะกรรมการสงเสริมยกระดับธรรมาภิบาลในธุรกิจประกันภัยอันประกอบดวยผูแทน
จากภาครัฐและภาคเอกชนไดรวมกันพิจารณากําหนดแนวทางปฏิบัติในการกํากับดูแลกิจการที่ดีของบริษัท
ประกันภัยเพื่อสงเสริมธรรมาภิบาลของบริษัทประกันภัยในเรื่อง การตรวจสอบภายในของบริษัทประกันภัย
การควบคุมภายในของบริษัทประกันภัย การกํากับการปฏิบัติงานของบริษัทประกันภัย และการเปดเผย
ขอมูลสูสาธารณะของบริษัทประกันภัย เสร็จเรียบรอยแลว
อธิบดีกรมการประกันภัยจึงเห็นสมควรประกาศแนวทางปฏิบัติในการกํากับดูแลกิจการที่ดี
ของบริษัทประกันภัยดังกลาว ใหบริษัทประกันวินาศภัยและบริษัทประกันชีวิตถือเปนแนวทางปฏิบัติ ตามที่
แนบทายประกาศนี้
ประกาศ ณ วันที่ กันยายน พ.ศ. 2549
(นางสาวพจนีย ธนวรานิช)
อธิบดีกรมการประกันภัย
16 สิงหาคม 2549
แนวทางปฏิบัติในเรื่องการตรวจสอบภายในของบริษัทประกันภัย(Internal Audit)
บริษัทประกันภัยควรจัดใหมีการตรวจสอบภายใน เพื่อใหมีการประเมินผลการดําเนินงานของบริษัท
อยางอิสระ อันจะชวยผูปฏิบัติงานในองคกรใหทํางานในหนาที่ความรับผิดชอบของแตละคนไดอยางมีประ
สิทธิภาพและบรรลุวัตถุประสงคขององคกร
การตรวจสอบภายในของบริษัท อาจกระทําโดยหนวยงานดังตอไปนี้
1. หนวยงานตรวจสอบภายในของบริษัทหรือหนวยงานตรวจสอบภายในของกลุมบริษัท
2. ผูตรวจสอบภายในจากภายนอกกิจการ (Outsource)
หนวยงานตรวจสอบภายในของบริษัทหรือหนวยงานตรวจสอบภายในของกลุมบริษัท
ผูที่จะปฏิบัติงานตรวจสอบภายในของบริษัทประกันภัยตองประกอบดวยคุณสมบัติขั้นพื้นฐาน ดังนี้
กฎบัตร (Charter) กําหนดภารกิจหรือขอกําหนดเกี่ยวกับวัตถุประสงค อํานาจ หนาที่ ความรับผิด
ชอบ และการปฏิบัติงานตรวจสอบของหนวยงานตรวจสอบภายใน เปนลายลักษณอักษร
ความเปนอิสระ (Independence)
ผูตรวจสอบภายใน ควรมีความเปนอิสระในการตรวจสอบกิจการตางๆ ขององคกร ความเปนอิสระ
ของผูตรวจสอบภายในวัดไดจากเสรีภาพในการปฏิบัติงานตรวจสอบ ตามมาตรฐานการประกอบวิชาชีพ
ตรวจสอบภายใน ผูตรวจสอบภายในสามารถใชวิจารณญาณที่เปนกลาง ปราศจากอคติ มีความอิสระในการ
เขาถึงทรัพยสิน สมุดบัญชี เอกสารตางๆ และสอบถามเจาหนาที่เกี่ยวกับเรื่องที่ทําการตรวจสอบ นอกจากนี้
ผูตรวจสอบภายในควรมีอํานาจอยางเพียงพอในการรายงานผลการตรวจสอบ พรอมขอเสนอแนะโดย
ปราศจากการแทรกแซงของฝายบริหารหรือบุคคลหนึ่งบุคคลใด
การที่ผูตรวจสอบภายในมีความเปนอิสระในการตรวจสอบอยางเพียงพอ จะมีผลทําใหการปฏิบัติ
งานตรวจสอบภายในเปนไปโดยมีประสิทธิภาพ บรรลุเปาหมาย หรือแผนการตรวจสอบที่วางไว และคุณภาพ
ของงานโดยเฉพาะผลการตรวจสอบจะสอดคลองกับเหตุการณหรือขอเท็จจริงที่เกิดขึ้น จึงสามารถใหขอ
เสนอแนะที่มีประโยชนตอการแกไขปรับปรุงองคกร
ตามมาตรฐานการประกอบวิชาชีพตรวจสอบภายในที่ The Institute of Internal Auditors หรือ IIA
กําหนดขึ้น ไดกลาวถึงความเปนอิสระของผูตรวจสอบภายใน ดังนี้
1. สถานภาพในองคกร (Organizational Status)
2. ความมีใจเปนอิสระ (Objectivity)
1. สถานภาพในองคกร (Organizational Status)
1.1 สถานภาพในองคกรของหนวยงานตรวจสอบภายใน ควรอยูในระดับสูงพอที่จะทําให
สามารถปฏิบัติหนาที่ตรวจสอบใหสําเร็จลุลวงไปได
1.2 ผูตรวจสอ",ประกันภัย,กฎหมาย คปภ.
oicpdf_00302,กฎหมายประกันภัย คปภ. 00302,"..
.
.
.~
(i»Ufl. ,
I Hliin~l\1~tU::n"")Jm'nlnULLa::rl~L~;)J
.
m'\/'::nauli'n~\/'::n\lilV(~\/Il.)
u'j~mf1 ~lii n -31U A w~n'j'jaJ m'jnl nu LLn~ri -3L n ~aJ m'ju'j~n flU i)'jti~u'j~n Ufl V
,
L~fl-3 LLu u m'jri -3L 1 u n aJ't1U ""lI fl-3U~"";;'t1U'j~nU1Ul f1 fl V LLn~ nl'j""ll fl Ul L1 u naJ't1 U
rl1UtiLtiU 1U-.jlVLtJUL1UnaJ't1U~1\1:;U'jflUnlaJL~fluGifl 11u
191~1t ialii n~lU A w~ n1'j~ m 'jf11 nu LLn~ ri~ Lt'f""1~m 'ju'j~n flU51ti~U'j~ nulI'v lr/1
,
fl fl nU1~mf1 L~ fl~ LLu um1rl~ L~U t'f~'t1U""lI fl~u""1t;""t1u'j~n Ul'Ul f1l1'fJ LLn~ m'j""l/ fl1l1 L~'Un ~'t1Uri1'U
~Lti'Ulu~lULtI'UL~'Un2J't1Ual\1~U'jflUt'fl~L~a'UGif) 11u n~l'U~ 3 L~1:flU'U 25511uLL'if1,T'U
.
L~ a~~l nalii n~l'U Aw~n'j12J m'jf11 nuLLn~ri~ Lt'f""12Jm'jU'j~n aU5'jti~u1~n'Ul{ fJ
1"" n 1 1 1
.~ .,J ""~I .1 "" ..1 .~
~LLfl ""l/LLuum'jt'f~L~'Un~'t1U L~a \1Lu'U ul911~A11~ 'U""l/a 8 LL\1~u'j~mYfAW~fl11~m'jmnu
.
..J ~.I ~.I ~ ~.,J ~ ..~q ~ ~ .J ~ ~
LLn~(1~Lt'f'j2Jm1u1~naUi)1n~u1~fl'Uf1U L1 a~ \1~fl LflW'J1 15m1 LLn~a~11 L~'Ut'f~'t1U't1U11:f't1
.
U1~ n'Ul'Ul Yfll'u Gia ~1l1 ri~ 1-:1 LLr1a lii n~l'U Aw~n11~m1f11 nu LL~~rl~ Lt'f'1~ m'ju1~n au i)1ti~
U1~n'UlI'v n~l'U~ 22 2Jfl11A2J 2551 ~~aanU1~mYff11\1'U~LLuum1ri~L~'Ut'f~'t1u'i!uul\1~
1911~LULU ~LL 'Uu"";lud mnu'1t;""t11~31A11~U1~t'f~A1-lfLL uum1ri~L~'U t'f2J't 1U Lvi~ n5~t'fl~11() 1 ""if1r/1
""
f)~5'UtJ 2551
"" """" ""
-n~i1rJ1~LLGiU~i1Lu 'UGi'U lu
N~ W l'U~ /9 L~a'U n'UV1V'U ~.Yf. 2551
1~ is,,/,(
~ ..
('Ul~~'U't1'jl U1Wt"")fl1:f)
\J
L~""l/liim1
แบบนาํ ส่งเงินสมทบ สําหรบั เจ้าพนกั งาน
คปภ.
ของบริษทั ประกนั วินาศภยั เลขทะเบยี นรับ............................ผู้รับ.................................................
สาํนักงานคณะกรรมการกาํกบัและส่งเสริม
การประกอบธุรกจิประกันภัย(คปภ.)
ก. ผูป้ ระกอบการ ใบเสรจ็ รับเงนิ เลขท่.ี.............................เล่มท่.ี......................................
บริษัท................................................................................................ ลงวันท่.ี.............................................................................................
ท่ตี ้ังสาํนักงาน..................................................................................... จาํ นวนเงนิ ...................................................................................บาท
........................................................................................................ (.....................................................................................................)
........................................................................................................ ลงช่ือ................................................................................................
โทรศัพท.์..................................... โทรสาร.......................................... วันท่.ี.................................................................................................
ข. การย่ืนเงินสมทบประจําไตรมาสท่ี ............./ พ.ศ. ................
ย่ืนปกติ ย่ืนเพ่ิมเติมคร้ังท่.ี..............
ภายในกาํ หนด เกนิ กาํหนดเวลา
ค. การคํานวณเงินสมทบ
1. ยอดเ",ประกันภัย,กฎหมาย คปภ.
oicpdf_00323,กฎหมายประกันภัย คปภ. 00323,".~'
,
.
flUn.
""'--'=-""""""""'~-""""
fltJ! ""i~fl1~~ m~fl""i""i3J fl1""ifl1 0'"" flU LL~ ~~""I Lti""iA3 J m""ilJ""ift~! n D U f.i""'ifl'Ai1 lJ""fti!~ fl""n U
d 0 .. ~ ~ ...A A'"" ft! ...A ...
L"" iD"" n1\ii""~LLUULL~~n U m""iti3J ~'t1~LU U""Ln U1 nUfi""'in'i1""lJ D""U""iH't1lJ""i~fl"" 1""1~n U
't'i.~. md:d:<;>
a1fl:EJ~1\t1,,;)~laJ~11aJ1\taJ1~11 <L'<LL' L~..1~1::11""1SUruru~111::n\t1\t1~nEJ ~.~. !:Iclmclll1::nt1u
"" ""
3J1~11 m ( LL~..1~1::11""1Sifru "" ru "" ~ ~m::n11aJn11n1nULL~::R..1L{i1aJn11111::naU1i1n"";)111: . :nUnEJ ~.~. !:I~<tO
W»
..
U1::n aunuaJ~~111::""1SaJ~ m::n11aJn11n1nULL~::R..1L{i1aJm1111::n au1i1n"";)111::n\tn EJ~ f..1~ \u/!:1 clcl w) Lri at '"" ~
..
mo 1Jt1U1EJ\t ~.~. !:IclclW) ~m::n11aJn11n1nuLL~::R..1L~aJn11111::naU1i1n"";)111::n\tnEJ~..1aanll1::n1~'1 riI..1;J.
.
""Ii a W)1 11::n1~dL7 EJn11 ""1J1::n1~~ m::n11aJn11n1 nu LL~::R..1L {i1aJn11111::n aU1i1n "";)1 11:: nuil [J
..
L~a..1 n1~\t~ LLUUL L~::11 EJn11{iaJ~'r1::LU EJ\tL~ EJ1nU1i1n,,;)""lI a..1u1';;'r1111::n\t1\t1~n EJ~ .~. !:IclclW)""
., .1 .1'1
1 ~ ., ~ ~:: ¥ ...1 ., ~.I
""lIa !:I lJ1::n1~\t ~ ~""1SU..1~U~..1LL~U~\tLlJ\t~\t ~lJ
..
""Ii a m 1..;; EJn L~n111::n1~\t1 EJ'r1::LUE J\t L1a..1 n1~ \t~ LLUUL L~::11 EJm1{iaJ~'r1:: LU EJUL~E J1nUTj1n"";)
""lJa..1u1';;'r1111::nu1\t1~nEJ ~..11U~ !:Icl nUEJ1EJ\t ~.~. !:Icl<L'v.
..
""Ii a <L'1 ..;; LLU U LL~: :11 [Jn 11 {iaJ~ 'r1:: LU EJ\t L ~ [J1 nu 1i1n,,;)""lI a..1U1';;'r1 111::nu 1U 1 ~n EJri I a..1i i11 EJfi 1'i
, ., ¥
t1[J'1..1UaEJ~laJLLUU ~..1U
.
(W»){ iaJCj)'r1::LU[Jum11u111::nU1\t1~nEJ LLUU 'r1U.W)
(!:I) {i~Cj)'r1::LU EJum11u111::nun EJ1t1L~E J""IiaU..1rr1U""alI~ lJ~3J1 EJ LLUU 'r1U.W).W )
.
(m) {iaJ~'r1::LU tJun111u111::nun EJ1t1L~E JT\11aJ{i 1T~11"";) LLUU 'r1U.w).!:I
...
«L') {iaJ~'r1::LU tJum11u111::n\tn EJ~~i'u LT\1..1n11111::n\tn EJa u~ L~ ~ LEat a1'r11
LLUU 'r1U.W).m
.
(cl) {iaJ~'r1::LU EJU{i-an~-a..1maJ1i173f11'-::nu1\t1~n EJ LLUU 'r1U.W).< L'
.
(\u) ~~'r1::LU EJumnu111::nMEJliiaL~Wl::11EJ1u111::L 'r1~ LLUU 'r1U. !:I.G)
.
(d) ~~'r1::LUEJUmnU111::r1MEJliiaL~Wl::11EJIii1..111'-::L 'r1~ LLUU 'r1U.! :I.!:I
.
(r;i) {iaJ~'r1::LU EJu{i-an~ -a..1n1aJ1i173fi'u111::n\tn EJIiai L~ ~1::11 EJ LLUU 'r1U. !:I.m
.
(v.) {iaJCj)'r1::LUE JUn1'-La111,-::nun EJliiaL~ ~1::11 EJ1\t 11'-::L 'r1~ LLUU 'r1U. !:I.<L'
.
(G)o) {iaJ~'r1::LU EJUn11La1111::nun EJIiai L~ ~1::11 EJIii1..111'-::'rL1 ~ LLUU 'r1U. !:I.cl
.
(G)G»){ iaJ~'r1::L U EJ\t~Cj{)i 11n1'-La111,-::n\t1l EJIi i a 111:: Ln'r1 rJ'~~n EJ LLUU 'r1U.!:I. \u
.
(G)!:I) {iaJ~'r1::LU EJ\t~ Cj)~'-n11La111'-::nuil EJliia11'-::Ln'r1ll EJ'r11..1'r1::L~LL~::""lI\t~..1L LUU 'r1U.!:I.d
.',~'
(IiJm) ""f2J<il""'::Lur.J""fi1~""L~2J""'<ilLL""'"" LLUU ""'U.m
~
(1iJ<£')"" f~<il""'::Lur.J""fi1~""L~2J""'<ilLL""'""1t) 1<ilrJ,rtJ-J-1~U""l!tJ-1nlJ~2J1rJ LLUU ""'U.m.1iJ
(1iJ<l) ""f~<il""'::LurJ""fi1~""L~2J""'<ilLL""'""1t) 1Y1rJ~112J""f1T~11';) LLUU .""U.m.~
(1iJb ) ""f2J~< il""'::LurJ""fi1~"" L~2J""'<ilLL ""'""~~1U 1~1-1m1U1::n""lIrJ tJ~U ~L ~<i,lLEftJtJ1""'1
LLUU ""'U.m.Q1
U7::m~ m 1""~ mo n""rJ1rJ"" ~.~. ~<l<l1iJ
w. ~/.
~.. ~ ..
(""lrJ~11,1 <il"" ~1~""n~),
U-;<iln1::.,,11-1 m1~-;-1
U1::1i1"" ~ m::n112J m1n1 n U",ประกันภัย,กฎหมาย คปภ.
oicpdf_00331,กฎหมายประกันภัย คปภ. 00331,"ประกาศคณะกรรมการกํากับและสงเสริมการประกอบธุรกิจประกันภัย
เรื่อง หลักเกณฑ วิธีการและเงื่อนไขในการขออนุญาตเปดสาขา ยายที่ตั้งสํานักงานใหญ
หรือสํานักงานสาขา หรือเลิกสาขาของบริษัทประกันวินาศภัย พ.ศ. ๒๕๕๑
อาศัยอํานาจตามความในมาตรา ๑๖ วรรคสอง แหงพระราชบัญญัติประกันวินาศภัย
พ.ศ. ๒๕๓๕ ซึ่งแกไขเพิ่มเติมโดยพระราชบัญญัติประกันวินาศภัย (ฉบับที่ ๒) พ.ศ. ๒๕๕๑ คณะกรรมการ
กํากับและสงเสริมการประกอบธุรกิจประกันภัย จึงออกประกาศ ไวดังนี้
ขอ ๑ ประกาศนี้เรียกวา “ประกาศคณะกรรมการกํากับและสงเสริมการประกอบธุรกิจ
ประกันภัย เรื่อง หลักเกณฑ วิธีการและเงื่อนไขในการขออนุญาตเปดสาขา ยายที่ตั้งสํานักงานใหญ หรือ
สํานักงานสาขา หรือเลิกสาขาของบริษัทประกันวินาศภัย พ.ศ. ๒๕๕๑”
ขอ ๒ ประกาศนี้ใหใชบังคับตั้งแตบัดนี้เปนตนไป
ขอ ๓ บริษัทประกันวินาศภัยอาจขออนุญาตเปดสาขาได ๓ ประเภท คือ
(๑) สาขา
(๒) สาขายอย
(๓) สาขาเฉพาะเพื่อบริการชดใชคาสินไหมทดแทน
หมวด ๑
การเปดสาขา สาขายอย และสาขาเฉพาะเพื่อบริการชดใชคาสนิ ไหมทดแทน
สวนที่ ๑
การอนุญาตและการออกใบอนุญาต
ขอ ๔ ในการขออนุญาตเปดสาขา สาขาจะตองมีอํานาจหนาที่กระทําการอยางนอย
ดังตอไปนี้
(๑) รับชําระเบี้ยประกันภัย
(๒) อนุมัติและจายคาสินไหมทดแทน
(๓) รับประกันภัยรถตามพระราชบัญญัติคุมครองผปู ระสบภัยจากรถ พ.ศ. ๒๕๓๕
ความใน (๓) มิใหนํามาใชบังคับ หากบริษัทที่จะขออนุญาตเปดสาขานั้น มิไดรับใบอนุญาต
ใหประกอบธุรกิจประกันภัยรถ
-๒-
ขอ ๕ ในการขออนุญาตเปดสาขายอย สาขายอยจะตองมีอํานาจหนาที่กระทําการอยางนอย
ดังตอไปนี้
(๑) อนุมัติและจายคาสนิ ไหมทดแทน
(๒) รับประกันภัยรถตามพระราชบัญญัติคุมครองผปู ระสบภัยจากรถ พ.ศ. ๒๕๓๕
ความใน (๒) มิใหนํามาใชบังคับ หากบริษัทที่จะขออนุญาตเปดสาขายอยนั้น มิไดรับ
ใบอนุญาตใหประกอบธุรกิจประกันภัยรถ
ขอ ๖ ในการขออนุญาตเปดสาขาเฉพาะเพื่อบริการชดใชคาสินไหมทดแทน สาขาเชน
วานี้จะตองมีอํานาจเฉพาะจายคาสินไหมทดแทน รับแจงอุบัติเหตุ ตรวจสอบอุบัติเหตุ และจัดทํารายงาน
การตรวจสอบอุบัติเหตุเสนอสํานักงานใหญ หรือสาขา หรือสาขายอย แลวแตกรณี
ขอ ๗ บริษัทที่จะขออนุญาตเปดสาขาหรือสาขายอย จะตองยื่นคําขออนุญาตเปดสาขา
ตอนายทะเบียน ตามแบบที่นายทะเบียนประกาศกําหนด
เมื่อนายทะเบียนไดพิจารณาคําขอตามวรรคหนึ่งแลว ใหมีหนังสือแจงผลการพิจารณา
ใหบริษัททราบ
ขอ ๘ บริษัทตองดําเนินการจัดตั้งสาขาหรือสาขายอย ใหแลวเสร็จภายในหนึ่งปนับแต
วันที่ไดรับแจงการอนุญาตเปนหนังสือจากนายทะเบียนตามขอ ๗ วรรคสอง
เมื่อบริษัทไดดําเนินการจัดตั้งสาขา หรือสาขายอยเสร็จเรียบรอยแลว ใหบริษัทยื่นคํา
ขอรับใบอนุญาตตอนายทะเบียนภายในระยะเวลาตามวรรคแรก โดยตองระบุชื่อบุคคลผูมีอํานาจในการ
จัดการสาขา หรือสาขายอยและพนักงานของบริษัทที่มีหนาที่ในการตรวจสอบอุบัติเหตุ ชี้แจง เจรจาหรือ
ตกลงเกี่ยวกับคาสินไหมทดแทน สําหรับกรณีการขอรับใบอนุญาตเปดสาขา จะตองระบุชื่อพนักงาน
บัญชีดวย หากมิไดยื่นคําขอรับใบอนุญาตภายในระยะเวลาดังกลาว ใหถือวาการอนุญาตใหเปดสาขา
หรือสาขายอย ตามขอ ๗ วรรคสอง เปนอันระงับสิ้นไป
เมื่อนายทะเบียนไดรับคําขอจากบริษัทตามวรรคสองแลว หากไมมีเหตุขัดของให
นายทะเบียนออกใบอนุญาตให โดยบริษัทตองชําระคาธรรมเนียมใบอนุญาตใหเปดสาขาตามอัตราที่กําหนด
ในกฎกระทรวง
คําขอรับใบอนุญาตและใบอนุญาตใหเปนไปตามแบบที่นายทะเบียนประกาศกําหนด
ขอ ๙ บริษัทที่จะขออนุญาตเปดสาขาเฉพาะเพื่อบริการชดใชคาสินไหมทดแทน จะตอง
ยื่",ประกันภัย,กฎหมาย คปภ.
oicpdf_00430,กฎหมายประกันภัย คปภ. 00430,"พระราชบญั ญตั ิ
คุม้ ครองผปู้ ระสบภยั จากรถ
พ.ศ. ๒๕๓๕
ภูมิพลอดุลยเดช ป.ร.
ใหไ้ ว ้ณ วนั ที่ ๒ เมษายน พ.ศ. ๒๕๓๕
เป็นปีที่ ๔๗ ในรัชกาลปัจจุบนั
พระบาทสมเดจ็ พระปรมินทรมหาภูมิพลอดุลยเดช มีพระบรมราชโองการโปรดเกลา้ ฯ ใหป้ ระกาศวา่
โดยที่เป็นการสมควรมีกฎหมายวา่ ดว้ ยการคุม้ ครองผปู้ ระสบภยั จากรถ
จึงทรงพระกรุณาโปรดเกลา้ ฯ ใหต้ ราพระราชบญั ญตั ิข้ึนไวโ้ ดยคาํ แนะนาํ และยนิ ยอมของสภานิติ
บญั ญตั ิแห่งชาติ ทาํ หนา้ ที่รัฐสภา ดงั ต่อไปน้ี
มาตรา ๑ พระราชบญั ญตั ิน้ีเรียกวา่ “พระราชบญั ญตั ิคุม้ ครองผปู้ ระสบภยั จากรถ พ.ศ. ๒๕๓๕”
มาตรา ๒[๑] พระราชบญั ญตั ิน้ีใหใ้ ชบ้ งั คบั เมื่อพน้ กาํ หนดสามร้อยหกสิบวนั นบั แต่วนั ประกาศในราช
กิจจานุเบกษาเป็นตน้ ไป
มาตรา ๓ บรรดาบทกฎหมาย กฎ และขอ้ บงั คบั อื่นที่มีบญั ญตั ิไวแ้ ลว้ ในพระราชบญั ญตั ิน้ีหรือซ่ึงขดั
หรือแยง้ กบั บทแห่งพระราชบญั ญตั ิน้ี ใหใ้ ชพ้ ระราชบญั ญตั ิน้ีแทน
มาตรา ๔ ในพระราชบญั ญตั ิน้ี
“รถ”[๒] หมายความวา่ รถตามกฎหมายวา่ ดว้ ยรถยนต ์รถตามกฎหมายวา่ ดว้ ยการขนส่งทางบก
รถยนตร์ทหารตามกฎหมายวา่ ดว้ ยรถยนตร์ทหาร และหมายความรวมถึงรถอื่นตามที่กาํ หนดในกฎกระทรวง”
“เจา้ ของรถ” หมายความวา่ ผซู้ ่ึงมีกรรมสิทธ์ิในรถหรือผมู้ ีสิทธิครอบครองรถตามสญั ญาเช่าซ้ือ และ
หมายความรวมถึงผนู้ าํ รถที่จดทะเบียนในต่างประเทศเขา้ มาใชใ้ นราชอาณาจกั รเป็นการชวั่ คราวดว้ ย
“ผปู้ ระสบภยั ” หมายความวา่ ผซู้ ่ึงไดร้ ับอนั ตรายต่อชีวิต ร่างกายหรืออนามยั เนื่องจากรถที่ใชห้ รืออยู่
ในทางหรือเนื่องจากสิ่งที่บรรทุกหรือติดต้งั ในรถน้นั และหมายความรวมถึงทายาทโดยธรรมของผปู้ ระสบภยั
2
ซ่ึงถึงแก่ความตายดว้ ย
“ความเสียหาย” หมายความวา่ ความเสียหายต่อชีวิต ร่างกายหรืออนามยั อนั เกิดจากรถ
“ผซู้ ่ึงอยใู่ นรถ” หมายความวา่ ผซู้ ่ึงอยใู่ นหรือบนหรือส่วนใดส่วนหน่ึงของรถ และหมายความรวมถึงผู้
ซ่ึงกาํ ลงั ข้ึนหรือกาํ ลงั ลงจากรถน้นั ดว้ ย
“บริษทั ” หมายความวา่ บริษทั ตามกฎหมายวา่ ดว้ ยการประกนั วินาศภยั ที่ไดร้ ับใบอนุญาตใหป้ ระกอบ
กิจการประเภทประกนั ภยั รถ
“ค่าเสียหายเบ้ืองตน้ ”[๓] หมายความวา่ คา่ รักษาพยาบาล ค่าใชจ้ ่ายอนั จาํ เป็นเกี่ยวกบั การรักษาพยาบาล
ค่าปลงศพ ค่าใชจ้ ่ายเกี่ยวกบั การจดั การศพ รวมท้งั ค่าเสียหายและค่าใชจ้ ่ายที่จาํ เป็นอยา่ งอื่นเพื่อบรรเทาความ
เดือดร้อนของผปู้ ระสบภยั ในเบ้ืองตน้ ท้งั น้ี ตามรายการและจาํ นวนเงินที่กาํ หนดในกฎกระทรวงที่ออกตาม
มาตรา ๒๐ วรรคสอง”
“เครื่องหมาย”[๔] (ยกเลิก)
“คณะกรรมการ”[๕] หมายความวา่ คณะกรรมการคุม้ ครองผปู้ ระสบภยั จากรถ
“นายทะเบียน” หมายความวา่ เลขาธิการคณะกรรมการกาํ กบั และส่งเสริมการประกอบธุรกจิ ประกนั ภัย
หรือผซู้ ่ึงเลขาธิการคณะกรรมการกาํ กบั และส่งเสริมการประกอบธุรกจิ ประกนั ภัยมอบหมายโดยประกาศใน
ราชกิจจานุเบกษา
“กองทุน” หมายความวา่ กองทุนทดแทนผปู้ ระสบภยั
“รัฐมนตรี” หมายความวา่ รัฐมนตรีผรู้ ักษาการตามพระราชบญั ญตั ิน้ี
มาตรา ๕[๖] ใหร้ ัฐมนตรีวา่ การกระทรวงการคลงั รักษาการตามพระราชบญั ญตั ิน้ี และใหม้ ีอาํ นาจออก
กฎกระทรวงและประกาศเพื่อปฏิบตั ิการตามพระราชบญั ญตั ิน้ี
กฎกระทรวงและประกาศน้นั เมื่อไดป้ ระกาศในราชกิจจานุเบกษาแลว้ ใหใ้ ชบ้ งั คบั ได ้
มาตรา ๖[๗] ใหม้ ีคณะกรรมการคณะหน่ึง เรียกวา่ “คณะกรรมการคุม้ ครองผปู้ ระสบภยั จากรถ”
ประกอบดว้ ยปลดั กระทรวงการคลงั เป็นประธาน ผแู้ ทนกระทรวงกลาโหม ผแู้ ทนกระทรวงพาณชิ ย์ ผแู้ ทน
กระทรวงคมนาคม ผแู้ ทนกระทรวงสาธารณสุข ผแู้ ทนทบวงมหาวิทยาลยั ผแู้ ทนกรมป้องกนั แ",ประกันภัย,กฎหมาย คปภ.
oicpdf_00448,กฎหมายประกันภัย คปภ. 00448,"ที่ พณ 0509/ 9158 กรมการประกันภัย กระทรวงพาณิชย
1053/1 ถนนพหลโยธิน กท. 10400
22 มิถุนายน 2536
เรื่อง อัตราเบี้ยประกันภัยรถตามพระราชบัญญัติคุมครองผูประสบภัยจากรถ พ.ศ. 2535
เรียน นายกสมาคมประกันวินาศภัย
ตามที่ไดมีประกาศนายทะเบียน เรื่อง กําหนดอัตราเบี้ยประกันภัยสูงสุดสําหรับการรับประกันภัยรถ
ตามพระราชบัญญัติคุมครองผูประสบภัยจากรถ พ.ศ. 2535 ลงวันที่ 3 มีนาคม 2536 นั้น
เนื่องจากรถสี่ลอเล็กหรือรถโดยสารขนาดเล็ก ที่มีขนาดที่นั่งไมเกิน 15 ที่นั่ง (รหัสทะเบียน 10, 20,
30) มิไดระบุไวในประเภทรถยนต ตามประกาศนายทะเบียนดังกลาว นายทะเบียนจึงเห็นสมควรตีความใหเปน “รถ
ยนตประเภทอื่น ๆ” อัตราเบี้ยประกันภัยตามประกาศนายทะเบียนปละ 1,000 บาท
จึงเรียนมาเพื่อทราบ และโปรดแจงใหบริษัทสมาชิกเพื่อทราบดวย
ขอแสดงความนับถือ
(นายเสริมศักดิ์ สุวัณณาคาร)
รองอธิบดีฯ รักษาราชการแทน
อธิบดีกรมการประกันภัย
สํานักนายทะเบียนคุมครองผูประสบภัยจากรถ
โทร. 279-7356",ประกันภัย,กฎหมาย คปภ.
oicpdf_00450,กฎหมายประกันภัย คปภ. 00450,"ที่ พณ 0509/ว 416
สํานักนายทะเบียนคุมครองผูประสบภัยจากรถ
กรมการประกันภัย กระทรวงพาณิชย
1053/1 ถนนพหลโยธิน กท. 10400
14 กันยายน 2536
เรื่อง เครื่องหมายที่แสดงวามีการประกันความเสียหายสําหรับผูประสบภัยจากรถ
เรียน ผูจัดการสาขาบริษัท 3 บริษัท และ กรรมการผูจัดการบริษัท 55 บริษัท
ดวยกรมการประกันภัย ไดรับคํารองจากผูเอาประกันภัยรถ ตามพระราชบัญญัติคุมครองผูประสบภัยจาก
รถ วาเครื่องหมายที่แสดงวามีการประกันความเสียหาย ซึ่งบริษัทประกันภัยมอบใหเจาของรถและเจาของรถไดติด
เครื่องหมายดังกลาวไวที่กระจกรถ แลวตอมาเมื่อเครื่องหมายถึงความรอนจากแสงแดดเพียงในระยะเวลาอันสั้น ทําให
ขอความตาง ๆ ที่เขียนหรือพิมพไวจางหายไปจนไมสามารถอานขอความนั้นได
สํานักนายทะเบียนคุมครองผูประสบภัยจากรถ จึงขอความรวมมือใหบริษัทพิจารณาใชน้ําหมึกที่มีคุณ
สมบัติสามารถกันน้ําและกันการลบเลือนได (Water proof and fade proof) สําหรับใชเขียนเครื่องหมาย เพื่อใหสามารถ
ใชเครื่องหมายนั้นไดตลอดระยะเวลาประกันภัย
จึงเรียนมาเพื่อพิจารณา
ขอแสดงความนับถือ
(นายอํานวย ธัมมรัคคิต)
ผูอํานวยการ
สํานักนายทะเบียนคุมครองผูประสบภัยจากรถ
ฝายอัตราเบี้ยประกันภัยรถ
โทร. 279-7356",ประกันภัย,กฎหมาย คปภ.
oicpdf_00454,กฎหมายประกันภัย คปภ. 00454,"สําเนา
ที่ พณ 0509 / ว314 กรมการประกันภัย กระทรวงพาณิชย
408/47 อาคารพหลโยธินเพลส ชั้น 11
ถนนพหลโยธิน พญาไท กท.10400
30 มกราคม 2538
เรื่อง การรับประกันภัยและการออกกรมธรรมประกันภัยรถยนต
เรียน กรรมการผูจัดการบริษัท 55 บริษัท และ ผูจัดการบริษัท 3 บริษัท
เนื่องจากนายทะเบียนไดรับทราบวา มีบางบริษัทและหลายบริษัทที่ประกอบการประกันภัยรถยนตได
ดําเนินการรับประกันภัยรถยนตและออกกรมธรรมประกันภัยรถยนต ในลักษณะอันอาจเปนเหตุใหเกิดความ
เสียหายแกผูเอาประกันภัยหรือประชาชน โดยดําเนินการในลักษณะตาง ๆ กันดังนี้
1. รับประกันภัยสําหรับเอกสารแนบทาย ร.ย.4.3 โดยมีจํานวนเงินเอาประกันภัยสูงเกินกวาความเปน
จริง เชน จํานวนเงินเอาประกันภัยนอกจากการลักทรัพยตามสัญญาหมวด 3 เปน 500,000 บาท แตจะนวน
เงินเอาประกันภัยตาม ร.ย. 4.3 เปน 700,000 บาท เปนตน และนอกจากนี้แลวรถยนตบางประเภท บาง
ยี่หอ มีอะหลั่ย อุปกรณ และสวนควบ ฯลฯ จําหนายในประเทศ แตบริษัทยังมีการรับประกันภัยตาม ร.ย. 4.3
อีก
2. รับประกันภัยตามสัญญาหมวด 3 นอกจากการลักทรัพยโดยใชอัตราเบี้ยประกันภัยสูงเกินกวาที่
นายทะเบียนเห็นชอบหรือกําหนด เชน หากผูเอาประกันภัยประสงคจะเขาอูซอมของหางกรณีเกิดความเสีย
หายตอรถยนต บริษัทจะเก็บเบี้ยประกันภัยเพิ่มอีกรอยละ 2 ของจํานวนเงินเอาประกันภัยตางหากจากเบี้ยประ
กันภัยขั้นสูง
3. บางกรณีผูเอาประกันภัยไมมีลูกจางหรือคนขับรถรับจาง บริษัทก็ยังบังคับการขายประกันภัยการลัก
ทรัพยฯ โดยลูกจาง (ลจ.) อีก
4. ออกกรมธรรมไมถูกตอง เชน มีการคิดเบี้ยประกันภัยการลักทรัพยฯ (ลจ.) ในรายการ 5 ของตา
รางกรมธรรม แตไมมีจํานวนเงินจํากัดความรับผิดในรายการ 4 ของตารางกรมธรรมชองสัญญาขอ 3.1 เฉพาะ
การลักทรัพย
5. รับประกันภัยตามเอกสารแนบทาย ร.ย. 4.2 ในจํานวนเงินจํากัดความรับผิดในจํานวนเงินต่ํากวา
50,000 บาท หรือ 50,000 ตอหนึ่งคน
6. รับประกันภัยโดยกําหนดความเสียหายสวนแรกที่ผูเอาประกันภัยตองรับผิดชอบเอง 500 บาท
หรือ 1,000 บาท ตามสัญญาขอ 2.1 หรือ 2.2
7. ออกกรมธรรมโดยไมระบุหรือระบุไมชัดเจนในรายการรถยนตที่เอาประกันภัยของรายการ 3 ของ
ตารางกรมธรรมโดยเฉพาะชองแบบตัวถัง จํานวนที่นาง ขนาดเครื่องยนต หรือน้ําหนักรวม หรือระบุเกินกวา
ความเปนจริง
8. ออกกรมธรรมโดยระบุเอกสารแนบทายที่แนบติดในรายการ 5 ของตารางกรมธรรมไมครบถวน
หรือไมตรงกับรายการเบี้ยประกันภัยในรายการ 6 หรือออกเอกสารแนบทายไมครบถวนตามที่ไดรับประ
กันภัยไว
9. ไมใหสวนลดเบี้ยประกันภัย ในกรณีที่ผูเอาประกันภัยมีประวัติตีตามสัญญาขอ 1.11 ของ
กรมธรรมในกรณีที่ผูเอาประกันภัยตออายุสัญญาประกันภัยอีก 1 ป
10. ระบุจํานวนเงินจํากัดความรับผิดของการคุมครองของขอ 2.1 (บจ.เพิ่ม) หรือขอ 2.2 (ผส.เพิ่ม)
หรือ ขอ 2.3 (ทส.) ไมเปนไปตามที่นายทะเบียนเห็นชอบหรือกําหนด เชน ขอ 2.1 สวนเกิน 50,000 บาท
ถึง 400,000 บาทตอหนึ่งคน 1,000,000 บาทตอหนึ่งครั้ง หรือ ขอ 2.3 (ทส.) 200,000 บาทตอหนึ่งครั้ง
11. คิดเบี้ยประกันภัยสูงเกินกวาที่ไดกําหนดไวในพิกัดอัตราเบี้ยประกันภัยยานยนตที่นายทะเบียนได
เห็นชอบหรือที่นายทะเบียนกําหนด
เพื่อมิใหประชาชนผูเอาประกันภัยรถยนตตองชําระเบี้ยประกันภัยสูงเกินกวาความจําเปนโดยไมถูก
ตองและเพื่อใหภาพพจนของธุรกิจการประกันภัยโดยเฉพาะการประกันภัยรถยนตมีภาพพจนที่ดีขึ้น รวมทั้ง
การแกไขปญหาที่เปนเหตุโดยตรงหรือโดยออมใหบริษัทตองจายคาจางหรือคาบําเหน็จแกตัวแทนหรือนาย
หนาสูงเกินกวาที่นายทะ",ประกันภัย,กฎหมาย คปภ.
oicpdf_00516,กฎหมายประกันภัย คปภ. 00516,"พระราชบญั ญตั ิ
ประกนั วินาศภยั
พ.ศ. ๒๕๓๕
ภูมิพลอดุลยเดช ป.ร.
ใหไ้ ว ้ณ วนั ที่ ๔ เมษายน พ.ศ. ๒๕๓๕
เป็นปีที่ ๔๗ ในรัชกาลปัจจุบนั
พระบาทสมเดจ็ พระปรมินทรมหาภูมิพลอดุลยเดช มีพระบรมราชโองการโปรดเกลา้ ฯ ใหป้ ระกาศ
วา่ โดยที่เป็นการสมควรปรับปรุงกฎหมายวา่ ดว้ ยการประกนั วนิ าศภยั
จึงทรงพระกรุณาโปรดเกลา้ ฯ ใหต้ ราพระราชบญั ญตั ิข้ึนไวโ้ ดยคาํ แนะนาํ และยนิ ยอมของสภานิติ
บญั ญตั ิแห่งชาติ ทาํ หนา้ ที่รัฐสภา ดงั ต่อไปน้ี
มาตรา ๑ พระราชบญั ญตั ิน้ีเรียกวา่ “พระราชบญั ญตั ิประกนั วินาศภยั พ.ศ. ๒๕๓๕”
มาตรา ๒[๑] พระราชบญั ญตั ิน้ีใหใ้ ชบ้ งั คบั ต้งั แต่วนั ถดั จากวนั ประกาศในราชกิจจานุเบกษาเป็น
ตน้ ไป
มาตรา ๓ ใหย้ กเลิกพระราชบญั ญตั ิประกนั วินาศภยั พ.ศ. ๒๕๑๐
มาตรา ๔ ในพระราชบญั ญตั ิน้ี
“วินาศภยั ” หมายความวา่ ความเสียหายอยา่ งใดๆ บรรดาท่ีจะพึงประมาณเป็นเงินได ้และ
หมายความรวมถึงความสูญเสียในสิทธิ ผลประโยชน ์หรือรายไดด้ ว้ ย
“บริษทั ” หมายความวา่ บริษทั จาํ กดั หรือบริษทั มหาชนจาํ กดั ที่ไดร้ ับใบอนุญาตประกอบธุรกิจ
ประกนั วินาศภยั ตามพระราชบญั ญตั ิน้ี และหมายความรวมถึงสาขาของบริษทั ประกนั วนิ าศภยั ต่างประเทศ
ที่ไดร้ ับใบอนุญาตประกอบธุรกิจประกนั วินาศภยั ในราชอาณาจกั รตามพระราชบญั ญตั ิน้ีดว้ ย
“สาํ นกั งานใหญ่” หมายความรวมถึงสาํ นกั งานสาขาของบริษทั ประกนั วินาศภยั ต่างประเทศที่
ไดร้ ับใบอนุญาตประกอบธุรกิจประกนั วนิ าศภยั ในราชอาณาจกั รตามพระราชบญั ญตั ิน้ีดว้ ย
2
“การประกอบธุรกิจประกนั วินาศภยั ” หมายความรวมถึงการประกอบธุรกิจประกนั ต่อดว้ ย
“เงินกองทุน” หมายความวา่ ทรัพยส์ ินส่วนที่เกินกวา่ หน้ีสินของบริษทั ตามราคาประเมินทรัพยส์ ิน
และหน้ีสินของบริษทั ที่ประเมินตามพระราชบญั ญตั ิน้ี
“ตวั แทนประกนั วินาศภยั ” หมายความวา่ ผซู้ ่ึงบริษทั มอบหมายใหท้ าํ การชกั ชวนใหบ้ ุคคลทาํ
สญั ญาประกนั ภยั กบั บริษทั
“นายหนา้ ประกนั วินาศภยั ” หมายความวา่ ผชู้ ้ีช่องหรือจดั การใหบ้ ุคคลทาํ สญั ญาประกนั ภยั กบั
บริษทั โดยกระทาํ เพื่อบาํ เหน็จเนื่องจากการน้นั
“กองทุน” หมายความวา่ กองทุนเพื่อการพฒั นาธุรกิจประกนั วินาศภยั
“พนกั งานเจา้ หนา้ ที่” หมายความวา่ ผซู้ ่ึงรัฐมนตรีแต่งต้งั ใหป้ ฏิบตั ิการตามพระราชบญั ญตั ิน้ี
“นายทะเบียน” หมายความวา่ เลขาธิการคณะกรรมการกาํ กบั และส่งเสริมการประกอบธุรกจิ
ประกนั ภัยหรือผซู้ ่ึงเลขาธิการคณะกรรมการกํากบั และส่งเสริมการประกอบธุรกจิ ประกนั ภยั มอบหมาย
“รัฐมนตรี” หมายความวา่ รัฐมนตรีผรู้ ักษาการตามพระราชบญั ญตั ิน้ี
มาตรา ๕ ใหร้ ัฐมนตรีวา่ การกระทรวงการคลงั รักษาการตามพระราชบญั ญตั ิน้ีและใหม้ ีอาํ นาจ
แต่งต้งั พนกั งานเจา้ หนา้ ที่กบั ออกกฎกระทรวงกาํ หนดค่าธรรมเนียมไม่เกินอตั ราในบญั ชีทา้ ย
พระราชบญั ญตั ิน้ี และกาํ หนดกิจการอื่นเพอื่ ปฏิบตั ิการตามพระราชบญั ญตั ิน้ีกบั ออกประกาศตามบทแห่ง
พระราชบญั ญตั ิน้ี
กฎกระทรวงและประกาศน้นั เมื่อไดป้ ระกาศในราชกิจจานุเบกษาแลว้ ใหใ้ ชบ้ งั คบั ได ้
หมวด ๑
บริษทั
มาตรา ๖ ภายใตบ้ งั คบั มาตรา ๗ การประกอบธุรกิจประกนั วินาศภยั จะกระทาํ ไดเ้มื่อไดจ้ ดั ต้งั ข้ึน
ในรูปบริษทั จาํ กดั ตามประมวลกฎหมายแพง่ และพาณิชย ์หรือบริษทั มหาชนจาํ กดั ตามกฎหมายวา่ ดว้ ย
บริษทั มหาชนจาํ กดั และโดยไดร้ ับใบอนุญาตประกอบธุรกิจประกนั วินาศภยั จากรัฐมนตรีโดยอนุมตั ิ
คณะรัฐมนตรี
3
การจดั ต้งั บริษทั จาํ กดั หรือบริษทั มหาชนจาํ กดั ตามวรรคหน่ึงตอ้ งไดร้ ับความเห็นชอบจาก
รัฐมนตรีโดยอนุมตั ิคณะรัฐมนตรี ในการน้ีจะกาํ หนดเงื่อนไขให",ประกันภัย,กฎหมาย คปภ.
oicpdf_00591,กฎหมายประกันภัย คปภ. 00591,"กฎกระทรวง
ฉบับที่ 3 (พ.ศ. 3538)
ออกตามความในพระราชบัญญัติประกันชีวิต พ.ศ. 2535
---------------
อาศัยอํานาจตามความในมาตรา 6 และมาตรา 7 วรรคสี่ แหงพระราชบัญญัติประกันชีวิต
พ.ศ. 2535 รัฐมนตรีวาการกระทรวงพาณิชยที่ออกกฎกระทรวงไวดังตอไปนี้
ขอ 1 ในการขอรับใบอนุญาตประกอบธุรกิจประกันชีวิต ใหบริษัทจํากัดหรือบริษัทมหาชน
จํากัด ซึ่งจัดตั้งขึ้นตามมาตรา 7 วรรคสอง แหงพระราชบัญญัติประกันชีวิต พ.ศ. 2535 เปนผูยื่นคํา
ขอรับใบอนุญาตประกอบธุรกิจประกันชีวิตตอรัฐมนตรี
ขอ 2 คําขอรับใบอนุญาตประกอบธุรกิจประกันชีวิตอยางนอยตองมีรายการดังตอไปนี้
(1) วัน เดือน ป ที่ยื่นคําขอรับใบอนุญาต
(2) ชื่อของบริษัทที่ยื่นคําขอรับใบอนุญาต
(3) สถานที่ตั้งสํานักงานใหญของบริษัทที่ยื่นคําขอรับใบอนุญาต และการไดมาซึ่ง
สิทธิในที่ดินและอาคารสํานักงานใหญ รวมทั้งคาใชจายแหงการไดมาทั้งหมด
(4) ทุน จํานวนหุน และมูลคาหุนทุกประเภทของบริษัทที่ยื่นคําขอรับใบอนุญาต
(5) ชื่อ และประวัติของผูเริ่มกอการบริษัทที่ยื่นคําขอรับใบอนุญาต
(6) แนวนโยบายและแผนงานเกี่ยวกับการประกอบธุรกิจประกันชีวิตของบริษัทที่
ยื่นคําขอรับใบอนุญาตระยะสั้นและระยะยาวไมนอยกวา 5 ปขางหนา เกี่ยวกับ
(6.1) แผนการรับประกันชีวิต รวมทั้งการรับเสี่ยงภัยไวเอง
(6.2) แผนการขยายสาขาทั้งในกรุงเทพมหานครและภูมิภาค
(6.3) แผนดานการเงิน
(6.4) แผนดานบุคลากร รวมทั้งการสรางบุคลากร
(6.5) แผนการบริหารงานดานการรวมทุนกับตางประเทศ
(7) ชื่อ ประวัติการทํางาน และคุณสมบัติของบุคคลที่จะไดรับแตงตั้งใหเปนเจา
หนาที่ฝายบริหารของบริษัทที่ยื่นคําขอรับอนุญาต
(8) คาใชจายทั้งหมดที่ตองใชในการจัดตั้งบริษัทที่ยื่นคําขอรับใบอนุญาตและคาด
วาจะตองใชในการตระเตรียมการจนถึงขั้นที่สามารถจะดําเนินการไดทันที เมื่อ
ไดรับอนุญาตใหประกอบธุรกิจประกันชีวิต
(9) เบี้ยประกันชีวิตที่คาดวาจะไดรับในระยะแรกรวมทั้งแหลงที่มา
ขอ 3 เอกสารหลักฐานดังตอไปนี้ตองแนบมาพรอมกับคําขอรับใบอนุญาต
(1) สําเนาใบสําคัญและหนังสือรับรองของนายทะเบียนหางหุนสวนบริษัทหรือนาย
ทะเบียนตามกฎหมายวาดวยบริษัทมหาชนจํากัด แลวแตกรณีแสดงวาการจด
ทะเบียนของบริษัทที่ยื่นคําขอรับใบอนุญาตเกี่ยวกับชื่อบริษัทที่ยื่นคําขอรับใบ
อนุญาต รายชื่อและอํานาจของกรรมการบริษัทที่ยื่นคําขอรับใบอนุญาต และที่
ตั้งสํานักงานใหญ
(2) สําเนาหนังสือบริคณหสนธิของบริษัทที่ยื่นคําขอรับใบอนุญาต
(3) สําเนารายงานการประชุมตั้งบริษัทที่ยื่นคําขอรับใบอนุญาต
(4) สําเนาขอบังคับของบริษัทที่ยื่นคําขอรับใบอนุญาต
(5) สําเนาทะเบียนผูถือหุนของบริษัทที่ยื่นคําขอรับใบอนุญาต
(6) หนังสือรับรองของนายทะเบียนหางหุนสวนบริษัทแสดงทุนจดทะเบียนและ
จํานวนทุนที่เรียกชําระแลวของบริษัทมหาชนที่ยื่นคําขอรับใบอนุญาต แลวแต
กรณี
(7) เอกสารแสดงฐานะทางการเงิน
(8) แบบและขอความของกรมธรรมประกันชีวิต และอัตราเบี้ยประกันชีวิตที่บริษัท
จะยื่นขอรับความเห็นชอบจากนายทะเบียนเพื่อประกอบการในครั้งแรก
ขอ 4 ใบอนุญาตประกอบธุรกิจประกันชีวิตใหเปนไปตามแนบทายกฎกระทรวงนี้
ใหไว ณ วันที่ 11 ธันวาคม พ.ศ. 2538
(ลงชื่อ) ชูชีพ หาญสวัสดิ์
(นายชูชีพ หาญสวัสดิ์)
รัฐมนตรีวาการกระทรวงพาณิชย
(ราชกิจจานุเบกษาฉบับกฤษฎีกา เลม 112 ตอนที่ 57 ก ลงวันที่ 30 ธันวาคม 2538)
(ครุฑ)
เลขที่ ............. / ...............
ใบอนุญาตประกอบธุรกิจประกันชีวิต
ใบอนุญาตฉบับนี้ออกใหเพื่อแสดงวา
บริษัท................................................................",ประกันภัย,กฎหมาย คปภ.
oicpdf_00592,กฎหมายประกันภัย คปภ. 00592,"กฎกระทรวง
ฉบับที่ 4 (พ.ศ. 2538)
ออกตามความในพระราชบัญญัติประกันชีวิต พ.ศ. 2535
--------------------
อาศัยอํานาจตามความในมาตรา 6 และมาตรา 8 วรรคสอง แหงพระราชบัญญัติประกัน
ชีวิต พ.ศ. 2535 รัฐมนตรีวาการกระทรวงพาณิชยออกกฎกระทรวงไวดังตอไปนี้
ขอ 1 บริษัทประกันชีวิตตางประเทศจะขอรับใบอนุญาตประกอบธุรกิจประกันชีวิต โดย
ตั้งเปนสาขาของบริษัทประกันชีวิตตางประเทศเพื่อประกอบธุรกิจประกันชีวิตตามกฎหมายวาดวย
การประกันชีวิตไดเฉพาะการตางประเทศเพื่อประกอบธุรกิจประกันชีวิตเทาที่บริษัทประกันชีวิต
ตางประเทศไดรับอนุญาต และบริษัทประกันชีวิตตางประเทศนั้นตองไดรับใบอนุญาตใหประกอบ
ธุรกิจประกันชีวิตมาแลวไมนอยกวาสามป
ขอ 2 บริษัทประกันชีวิตตางประเทศซึ่งประสงคจะขอรับใบอนุญาตประกอบธุรกิจประกัน
ชีวิตโดยตั้งเปนสาขาของบริษัทประกันชีวิตตางประเทศ ใหบริษัทประกันชีวิตตางประเทศนั้นยื่นคํา
ขอรับใบอนุญาตประกอบธุรกิจประกันชีวิตโดยตั้งเปนสาขาของบริษัทประกันชีวิตตางประเทศตอ
รัฐมนตรี
ขอ 3 คําขอรับใบอนุญาตประกอบธุรกิจประกันชีวิตโดยตั้งเปนสาขาของบริษัทประกัน
ชีวิตตางประเทศตามขอ 2 อยางนอยตองมีรายการดังตอไปนี้
(1) วัน เดือน ป ที่ยื่นคําขอรับใบอนุญาต
(2) ชื่อของบริษัทประกันชีวิตตางประเทศ
(3) สถานที่ตั้งสํานักงานสาขาในประเทศไทย
(4) แนวนโยบายและโครงการเกี่ยวกับการประกอบธุรกิจประกันชีวิตของสํานัก
งานสาขา
(5) ชื่อ ประวัติการทํางาน และคุณสมบัติของบุคคลที่จะไดรับการแตงตั้งใหเปน
ผูจัดการสาขา และเจาหนาที่ฝายบริหารสํานักงานสาขา
ทั้งนี้ ใหแนบเอกสารหลักฐานดังตอไปนี้มาพรอมกับคําขอดวย คือ
(1) สําเนาใบสําคัญและหนังสือรับรองการจดทะเบียนเปนนิติบุคคลของบริษัท
ประกันชีวิตตางประเทศ
(2) หนังสือมอบอํานาจใหบุคคลเปนผูจัดการสาขา
(3) สําเนาใบอนุญาตประกอบธุรกิจประกันชีวิตของสํานักงานใหญ
(4) เอกสารหลักฐานอื่นอันจําเปนตามที่รัฐมนตรีกําหนด
ขอ 4 ใบอนุญาตประกอบธุรกิจประกันชีวิตโดยตั้งเปนสาขาของบริษัทประกันชีวิตตาง
ประเทศใหเปนไปตามแนบทายกฎกระทรวงนี้
ใหไว ณ วันที่ 11 ธันวาคม พ.ศ. 2538
(ลงชื่อ) ชูชีพ หาญสวัสดิ์
(นายชูชีพ หาญสวัสดิ์)
รัฐมนตรีวาการกระทรวงพาณิชย
(ราชกิจจานุเบกษาฉบับฎีกา เลม 112 ตอนที่ 57 ก. ลงวันที่ 30 ธันวาคม 2538)
(ครุฑ)
เลขที่ ............ / ............
ใบอนุญาตประกอบธุรกิจประกันชีวิต
ใบอนุญาตฉบับนี้ออกใหเพื่อแสดงวา
บริษัท ....................................................................................... จํากัด
ไดรับอนุญาตใหตั้งสาขาในประเทศไทยโดยไดรับอนุญาตใหประกอบธุรกิจประกันชีวิต
ประเภท........................................................................................................
...................................................................................................................
ตามพระราชบัญญัติประกันชีวิต พ.ศ. 2535
ทั้งนี้ ภายใตเงื่อนไข ดังนี้
ใหไว ณ วันที่ .............................. พ.ศ. .............
...........................................
รัฐมนตรีวาการกระทรวงพาณิชย",ประกันภัย,กฎหมาย คปภ.
oicpdf_00608,กฎหมายประกันภัย คปภ. 00608,"คําสั่งนายทะเบียน
ที่ ๒๔/๒๕๕๑
เรื่อง ใหนิติบุคคลที่ประกอบธุรกิจนายหนาประกันชีวิต
ยื่นรายงานเกี่ยวกับผลของการประกอบธุรกิจ
………………………………………
อาศัยอํานาจตามความในมาตรา ๘๐ แหงพระราชบัญญัติประกันชีวิต พ.ศ.๒๕๓๕
นายทะเบียนจึงออกคําสั่ง ไวดังนี้
ขอ ๑ คําสั่งนี้เรียกวา “คําสั่งนายทะเบียนท ี่ ๒๔ /๒๕๕๑ เรื่อง ใหนิติบคุ คลทปี่ ระกอบธุรกิจ
นายหนาประกันชีวติ ยื่นรายงานเกี่ยวกบั ผลของการประกอบธุรกิจ”
ขอ ๒ คําสั่งนี้ใหใชบังคับตั้งแตวันที่ ๑ มกราคม พ.ศ.๒๕๕๒ เปนตนไป
ขอ ๓ ใหยกเลิกคําสั่งนายทะเบียนที่ ๑๗/๒๕๔๙ เรื่อง ใหนิติบุคคลที่ประกอบธุรกิจนายหนา
ประกันชีวิต ยื่นรายงานเกี่ยวกับผลของการประกอบธุรกิจ ลงวันที่ ๒๕ กันยายน พ.ศ.๒๕๔๙
ขอ ๔ ในคําสั่งนี้
“นายทะเบียน” หมายความวา นายทะเบียนตามกฎหมายวาดวยการประกันชีวิต
“นายหนาประกันชีวิต” หมายความวา นิติบุคคลผูชี้ชองหรือจัดการใหบุคคลทําสัญญา
ประกันชีวิตกับบริษัท โดยกระทําเพื่อบําเหน็จเนื่องจากการนั้น
“ธนาคาร” หมายความวา ธนาคารพาณิชย ตามกฎหมายวาดวยธุรกิจสถาบันการเงิน
รวมถึงธนาคารที่มีกฎหมายเฉพาะจัดตั้งขึ้นที่ประกอบธุรกิจภายในราชอาณาจักร
“บริษัทหลักทรัพย” หมายความวา บริษัทหลักทรัพยที่ไดรับอนุญาตจัดตั้งและจัดการ
กองทุนรวม ตามกฎหมายวาดวยหลักทรัพยและตลาดหลักทรัพย
ขอ ๕ ใหนายหนาประกันชีวิต ยกเวนประเภทธนาคารและบริษัทหลักทรัพยยื่นรายงาน
เกี่ยวกับผลของการประกอบธุรกิจ จํานวน ๒ ชุด ตามแบบงบการเงินที่อธิบดีกรมพัฒนาธุรกิจการคา
โดยความเห็นชอบของรัฐมนตรีวาการกระทรวงพาณิชยประกาศกําหนดตามพระราชบัญญัติการบัญชี
พ.ศ.๒๕๔๓ และแบบ รปช.๑ ทายประกาศนี้ ตอนายทะเบียนภายในหาเดือนนับแตวันสิ้นปบัญชี
-๒-
นายหนาประกันชีวิต ประเภทธนาคารและบริษัทหลักทรัพยใหยื่นรายงานเกี่ยวกับผลของ
การประกอบธุรกิจตามแบบรายงานรายไดและรายจายเฉพาะธุรกิจนายหนาประกันชีวิต จํานวน ๒ ชุด
ตามแบบ รปช.๒ ทายประกาศนี้ ตอนายทะเบียนภายในหาเดือนนับแตวันสิ้นปบัญชี
ขอ ๖ ใหนายหนาประกันชีวิตยื่นรายงานเกี่ยวกับผลของการประกอบธุรกิจตามแบบรายงาน
การจัดใหมีการประกันภัยโดยตรง จํานวน ๒ ชุด ตามแบบ นปช.๑ ทายประกาศนี้ ตอนายทะเบียนทุกรอบเดือน
ภายในสิ้นเดือนถัดไป ทั้งนี้ตั้งแตรอบเดือนมกราคม พ.ศ.๒๕๕๒ เปนตนไป
ขอ ๗ ใหนายหนาประกันชีวิต ประเภทที่ทําการชี้ชองหรือจัดการใหมีการประกันภัยตอ
ยื่นรายงานเกี่ยวกับผลของการประกอบธุรกิจตามแบบรายงานการจัดใหมีการประกันภัยตอ จํานวน ๒ ชุด
ตามแบบ นปช.๒ ทายประกาศนี้ ตอนายทะเบียนทุกรอบไตรมาส ภายในสิ้นไตรมาสถัดไป ทั้งนี้ตั้งแตรอบ
ไตรมาสแรกของป พ.ศ.๒๕๕๒ เปนตนไป
ขอ ๘ ใหนายหนาประกันชีวิตจัดสงรายงานเกี่ยวกับผลของการประกอบธุรกิจตามขอ ๕
ขอ ๖ และขอ ๗ ในรูปของสื่ออิเล็กทรอนิกสที่ไดพัฒนาโดยสํานักงานคณะกรรมการกํากับและสงเสริมการ
ประกอบธุรกิจประกันภัยและในรูปกระดาษ (Hard copy) ที่บันทึกขอมูลถูกตองตรงกันตามแบบที่แนบทาย
ประกาศนี้ โดยในการจัดสงรายงานในรูปของสื่ออิเล็กทรอนิกสนั้น หากขอมูลเบื้องตนไมผานการตรวจสอบ
จากระบบคอมพิวเตอรตามที่กําหนดไว ใหถือวานายหนาประกันชีวิตยังไมจัดสงรายงานใหแกนายทะเบียน
ขอ ๙ ทั้งนี้ตั้งแตวันที่ ๑ มกราคม พ.ศ.๒๕๕๒ ถึงวันที่ ๓๑ มีนาคม พ.ศ.๒๕๕๒ หากนายหนา
ประกันชีวิตรายใดไมสามารถจัดสงรายงานในรูปของสื่ออิเล็กทรอนิกสตามขอ ๘ ได ใหนายหนาประกันชีวิต
สงเฉพาะรายงานตามขอ ๘ ในรูปกระดาษ (Hard copy) อยางเดียวก็ได
สั่ง ณ วันที่ ๓๐ ตุลาคม พ.ศ. ๒๕๕๑
(ลงนาม) (นางจันทรา บ",ประกันภัย,กฎหมาย คปภ.
oicpdf_00628,กฎหมายประกันภัย คปภ. 00628,"ประกาศนายทะเบียน
เรื่อง ระเบียบปฏิบัติเกี่ยวกับการวางและการขอคืนเงินสํารองประกันภัย
----------------------
อาศัยอํานาจตามความในขอ 13 แหงประกาศกระทรวงพาณิชย เรื่อง การวางเงินสํารองประ
กันภัย ลงวันที่ 21 มีนาคม 2546 นายทะเบียนออกประกาศระเบียบปฏิบัติเกี่ยวกับการวางเงินสํารอง
ประกันภัยออกประกาศไว ดังตอไปนี้
ขอ 1 ในประกาศนี้
“ประกาศการวางเงินสํารองประกันภัย” หมายความวา ประกาศกระทรวงพาณิชย เรื่อง การ
วางเงินสํารองประกันภัย ลงวันที่ 21 มีนาคม พ.ศ. 2546
ขอ 2 การวางและการขอคืนเงินสํารองประกันภัย ใหบริษัทปฏิบัติตามขอกําหนดในประกาศนี้
ขอ 3 การวางเงินสํารองประกันภัย ใหบริษัทยื่นคําขอวางและขอคืนเงินสํารองประกันภัยตอ
นายทะเบียนตามแบบ สร. สร.1 สร.2 และอส.1 แนบทายประกาศนี้
ขอ 4 ทรัพยสินที่บริษัทจะนํามาวางไวกับนายทะเบียนเปนเงินสํารองประกันภัย บริษัทตองนํา
มาพรอมกับคําขอวางและขอคืนเงินสํารองประกันภัย โดยยื่นตอพนักงานเจาหนาที่ผูรับผิดชอบของ
สํานักประกันชีวิตและใหปฏิบัติ ดังตอไปนี้
4.1 เงินสดใหสงมอบตอพนักงานเจาหนาที่ตามจํานวนที่ระบุไวในคําขอวางและขอคืนเงิน
สํารองประกันภัย
4.2 พันธบัตรรัฐบาลไทย พันธบัตรองคการหรือรัฐวิสาหกิจ หรือตั๋วเงินคลังของกระทรวง
การคลัง และหุนกูหรือตราสารอื่นใด ที่มีกระทรวงการคลังค้ําประกันการชําระเงินตนและดอกเบี้ยทั้ง
จํานวนใหสงมอบตอพนักงานเจาหนาที่หากจะมีการเปลี่ยนแปลงใด ๆ เกี่ยวกับพันธบัตร ตั๋วเงินคลัง
หุนกูหรือตราสารอื่นใดดังกลาวจะตองไดรับความเห็นชอบเปนหนังสือจากนายทะเบียนกอน อนึ่งพันธ
บัตรหรือองคการหรือรัฐวิสาหกิจที่ไมมีกระทรวงการคลังค้ําประกัน บริษัทจะตองสงมอบพันธบัตร
พรอมทั้งหนังสือรับแจงการวางเงินสํารองประกันภัยตามแบบ สร.2 ดวย
4.3 ทรัพยสินตามขอ 4(3) (4) (5) (7) (8) และ (9) แหงประกาศการวางเงินสํารอง
ประกันภัย กอนนํามาวางเปนเงินสํารองประกันภัยบริษัทจะตองแจงตอผูออกเอกสารสิทธิ์ดังกลาวตาม
แบบ สร.1 แนบทายประกาศนี้ วาจะนําทรัพยสินนั้นมาวางไวกับนายทะเบียนเพื่อเปนเงินสํารองประ
กันภัยและหากมีการเปลี่ยนแปลงใด ๆ เกี่ยวกับทรัพยสินดังกลาวจะตองไดรับความเห็นชอบเปน
หนังสือจากประกาศนายทะเบียนกอน โดยใหบริษัทนําสําเนาหนังสือดังกลาวและหนังสือรับแจงการวาง
เงินสํารองประกันภัยตามแบบ สร.2 มาพรอมกับคําขอวางและขอคืนเงินสํารองประกันภัย โดยให
กรรมการผูมีอํานาจกระทําการแทนของบริษัทลงนาม พรอมทั้งประทับตราบริษัท
2
4.4 ทรัพยสินตามขอ 4(6) แหงประกาศการงางเงินสํารองประกันภัยใหนําโฉนดที่ดิน
พรอมทั้งแนบหนังสือประเมินราคาของกรมที่ดิน หรือของนายทะเบียน หรือของนิติบุคคลที่ประกอบ
ธุรกิจประเมินราคาอสังหาริมทรัพยตามรายชื่อที่นายทะเบียนประกาศกําหนดแลวแตกรณีมาพรอมกับ
โฉนดที่ดินดวย
4.5 ใหบริษัทแนบหลักฐานการประเมินราคา หรือใบจองซื้อหลักทรัพย หรือเอกสาร
ประกอบของการไดมาซึ่งหลักทรัพยแตละประเภทของทรัพยสินที่จะนํามาวางเปนเงินสํารองประกันภัย
พรอมคําขอตามขอ 3 ขางตน
ขอ 5 การขอคืนเงินสํารองประกันภัยใหบริษัทยื่นคําขอวางและขอคืนเงินสํารองประกันภัยตอ
นายทะเบียนตามแบบ สร.1 และอส.2 แนบทายประกาศนี้
ขอ 6 การขออนุญาตนําทรัพยสินที่วางเปนเงินสํารองประกันภัยไปตออายุใหกระทําไดแตตอง
สงมอบทรัพยสินที่ไดตออายุแลวคืนตอพนักงานเจาหนาที่ผูรับผิดชอบของสํานักประกันชีวิตภายใน
ระยะเวลาที่นายทะเบียนกําหนด มิฉะนั้นนายทะเบียนจะไมอนุญาตใหนําทรัพยสินที่วางเปนเงินสํารอง
ประกันภัยไปตออายุในครั้",ประกันภัย,กฎหมาย คปภ.
oicpdf_00636,กฎหมายประกันภัย คปภ. 00636,"ประกาศนายทะเบียน
เรื่อง การกําหนดอัตราเงินคาเวนคืนกรมธรรมประกันภัย
และเงื่อนไขการจายเงิน
-------------------
อาศัยอํานาจตามความในมาตรา 29 วรรคสอง และมาตรา 38(5) แหงพระราช
บัญญัติประกันชีวิต พ.ศ. 2535 นายทะเบียนประกาศกําหนดอัตราเงินคาเวนคืนกรมธรรมประกันภัย
และเงื่อนไขการจายเงินนั้น ดังนี้
ขอ 1 ใหกําหนดอัตราเงินคาเวนคืนกรมธรรมประกันภัยของการประกันชีวิตประเภท
สามัญ ประเภทอุตสาหกรรม และประเภทกลุม ที่ชําระเบี้ยประกันภัยเปนรายงวด งวดละเทา ๆ กัน
จากเงินสํารองประกันภัยปลายป สําหรับการประกันชีวิตแบบตลอดชีพ แบบสะสมทรัพย และแบบชั่ว
ระยะเวลา ตามตารางแนบทายประกาศนี้
ขอ 2 อัตราเงินคาเวนคืนกรมธรรมประกันภัยของการประกันชีวิตประเภทสามัญ
ประเภทอุตสาหกรรม และประเภทกลุม ที่ชําระเบี้ยประกันภัยครั้งเดียว ตองไมนอยกวาผลรวมของมูล
คาปจจุบันของจํานวนเงินเอาประกันภัยและผลประโยชนอื่น (ถามี) ที่บริษัทมีความผูกพันจะตองจาย
ในอนาคตนับแตวันครบรอบปกรมธรรมประกันภัยนั้นเปนตนไป
ขอ 3 การกําหนดเงินสํารองประกันภัยปลายป ตามขอ 1. ใหมีหลักเกณฑดังนี้
3.1 ใหใชวิธีคํานวณตามประกาศกระทรวงพาณิชย เรื่อง หลักเกณฑและวิธีการ
จัดสรรเบี้ยประกันภัยไวเปนเงินสํารองประกันภัยสําหรับกรมธรรมประกันภัยที่ยังมีความผูกพันอยู
ฉบับประกาศ ณ วันที่ 23 พฤษภาคม 2531
3.2 ใหใชอัตรามรณะตามตารางมรณะไทย 2540 แยกตามเพศ ที่แนบทาย
ประกาศนี้
ใหใชอัตรามรณะตามตารางมรณะไทย 2540 ประเภทสามัญ แยกตามเพศ
สําหรับการประกันชีวิตประเภทกลุม
3.3 ใหใชอัตราดอกเบี้ยรอยละหกตอป
ขอ 4 ใหใชอัตราเงินคาเวนคืนกรมธรรมประกันภัยตามขอ 1 เฉพาะแบบตลอดชีพ
และแบบสะสมทรัพยสําหรับการกําหนดหาอัตรามูลคาใชเงินสําเร็จ ของการประกันชีวิตประเภทสามัญ
ประเภทอุตสาหกรรม ประเภทกลุม และการประกันภัยแบบขยายเวลาของการประกันชีวิตประเภท
สามัญ ประเภทกลุมดังนี้
-2-
4.1 การประกันชีวิตประเภทสามัญ ประเภทอุตสาหกรรม และประเภทกลุม
ใหกําหนดอัตรามูลคาใชเงินสําเร็จจากสูตร
PU = CV/A
t t t
ให PU = อัตราคาใชเงินสําเร็จ ณ วันครบรอบปกรมธรรมประกันภัยของ
t
ปกรมธรรมประกันภัยนั้น
CV = อัตราเงินคาเวนคืนกรมธรรมประกันภัย ณ วันครบรอบป
t
กรมธรรมประกันภัยของปกรมธรรมประกันภัยนั้น
A = ผลรวมของมูลคาปจจุบันของจํานวนเงินเอาประกันภัยหรือผล
t
รวมของมูลคาปจจุบันของจํานวนเงินเอาประกันภัยและผลประโยชนอื่น (ถามี) ที่บริษัทมีความผูกพัน
จะตองจายในอนาคต นับแตวันครบรอบปกรมธรรมประกันภัยนั้นเปนตนไป หากมีเงินสวนที่เหลือให
จายคืนทันทีใหแกผูเอาประกันภัย
ปกรมธรรมประกันภัย
t =
4.2 การประกันภัยแบบขยายระยะเวลา ของการประกันชีวิตประเภทสามัญ
และประเภทกลุม
4.2.1 ใหใชอัตรามรณะไดไมเกินรอยละ 130 ของอัตรามรณะตามตา
รางมรณะไทย 2540 ประเภทสามัญ เพศชาย สําหรับการประกันชีวิตประเภทสามัญ เพศชาย
4.2.2 ใหใชอัตรามรณะไดไมเกินรอยละ 130 ของอัตรามรณะตามตา
รางมรณะไทย 2540 ประเภทสามัญ เพศหญิง สําหรับการประกันชีวิตประเภทสามัญ เพศหญิง
4.2.3 ใหกําหนดระยะเวลาที่ขยายจากสูตร
ระยะเวลาขยาย = CV/A
t t
ให CV = อัตราเงินคาเวนคืนกรมธรรมประกันภัย ณ วันครบรอบ
t
ปกรมธรรมประกันภัยของปกรมธรรมประกันภัยนั้น
A = ผลรวมของมูลคาปจจุบันของจํานวนเงินเอาประกันภัย
t
สําหรับแบบชั่วระยะเวลา
ทั้งนี้ระยะเวลาที่จะขยายไดเทาใดขึ้นอยูกับมูลคาเวนคืนกรมธรรมประกันภัย โดยไม
เกินระยะเวลาเอาประกันภัยเดิม หากจํานวนเงินคาเวนคืนกรมธรรมประกันภัยที่ใชคํานวณดังกล",ประกันภัย,กฎหมาย คปภ.
oicpdf_00645,กฎหมายประกันภัย คปภ. 00645,"เอกสารแนบ 1
หลักเกณฑ วิธีการ และเงื่อนไขในการคํานวณเงินกองทุนสําหรับความเสยี่ ง
ดานการประกันภัย
คํานิยาม: สัญญาประกันภัยระยะยาว หมายความวา สัญญาประกันภัยที่มีระยะเวลาของสัญญา
เกินกวา 1 ป หรือสัญญาที่มีการรับรองการตออายุอัตโนมัติ ซึ่งบริษัทไมสามารถบอกเลิกสัญญา
และไมสามารถปรับเพิ่มหรือลดเบี้ยประกันภัย รวมถึงเปลี่ยนแปลงผลประโยชนใดๆ ตลอดอายุ
สัญญา
สัญญาประกันภัยระยะสั้น หมายความวา สัญญาประกันภัยที่ไมมีลักษณะหรือ
เงื่อนไขเชนเดียวกับสําหรับสัญญาประกันภัยระยะยาว
1. เงินกองทุนสําหรับความเสี่ยงดานการประกันภัย มีวัตถุประสงคเพื่อรองรับความ
เสี่ยงจากการประเมินสํารองประกันภัยต่ําเกินไปซึ่งอาจไมเพียงพอกับความเสียหายที่เกิดขึ้นจริง
และ/หรือในกรณีที่มีประสบการณคาสินไหมทดแทนสูงกวาจํานวนสํารองที่บริษัทประเมินไว ณ
ระดับความเชื่อมั่นเปอรเซ็นตไทลที่ 75
2. เงินกองทุนสําหรับความเสี่ยงดานการประกันภัย เทากับ ผลรวมของเงินกองทุน
สําหรับความเสี่ยงจากภาระผูกพันตามสัญญาประกันภัยระยะยาว และเงินกองทุนสําหรับความ
เสี่ยงจากภาระผูกพันตามสัญญาประกันภัยระยะสั้น
3. เงินกองทุนสําหรับความเสี่ยงจากภาระผูกพันตามสัญญาประกันภัยระยะยาว
เทากับ คาที่มากกวาระหวาง 3.1 กับ 3.2
3.1 ภาระผูกพันตามสัญญาประกันภัยระยะยาวสุทธิหลังการเอาประกันภัยตอ
ณ ระดับความเชื่อมั่นเปอรเซ็นตไทลที่ 95 หักดวย ภาระผูกพันตามสัญญาประกันภัยระยะยาว
สุทธิหลังการเอาประกันภัยตอ ณ ระดับความเชื่อมั่นเปอรเซ็นตไทลที่ 75 ซึ่งคํานวณดวยวิธี
สํารองประกันภัยแบบเบี้ยประกันภัยรวม (gross premium valuation) ตามหลักเกณฑที่กําหนด
ไวในประกาศคณะกรรมการกํากับและสงเสริมการประกอบธุรกิจประกันภัยวาดวยการประเมิน
ราคาทรัพยสินและหนี้สินของบริษัทประกันชีวิต
3.2 มูลคาเวนคืนเงินสด (cash value) รวมของทุกกรมธรรมประกันภัย หักดวย
มูลคาสํารองประกันภัยแบบเบี้ยประกันภัยรวมกอนการเอาประกันภัยตอที่คํานวณตามประกาศ
คณะกรรมการกํากับและสงเสริมการประกอบธุรกิจประกันภัยวาดวยการประเมินราคาทรัพยสิน
และหนี้สินของบริษัทประกันชีวิต
3.3 การคํานวณภาระผูกพันตามสัญญาประกันภัยระยะยาวสุทธิหลังการเอา
ประกันภัยตอ ณ ระดับความเชื่อมั่นเปอรเซ็นตไทลที่ 95
3.3.1 สําหรับกรมธรรมประกันภัยอื่นที่ไมเขาลักษณะตาม 3.3.2 และ
3.3.3 ใหใชวิธีการคํานวณสํารองประกันภัยแบบเบี้ยประกันภัยรวม (gross premium valuation)
ตามหลักเกณฑที่กําหนดไวในประกาศคณะกรรมการกํากับและสงเสริมการประกอบธุรกิจ
ประกันภัยวาดวยการประเมินราคาทรัพยสินและหนี้สินของบริษัทประกันชีวิต โดยใชสมมุติฐาน
- 2 -
ที่เปนคาประมาณการที่ดีที่สุดของภาระผูกพันตามสัญญาประกันภัยสุทธิหลังการเอาประกันภัย
ตอ และกําหนดใหใชคาเผื่อความผันผวนของแตละประเภทสมมุติฐาน ตามตารางดังตอไปนี้
ประเภทของ คาเผื่อความผนั ผวน
สมมุติฐาน ณ ระดับความเชื่อมั่นเปอรเซ็นตไทลที่ 95
1. อัตรามรณะ/อัตราการเจ็บปวย +/- รอยละ 28 ของคาประมาณการที่ดีที่สุด
2. คาใชจายในการ ดูแลกรมธรรมประกนั ภัย + รอยละ 10 ของคาประมาณการที่ดีที่สุด
3. อัตราการขาดอายุหรือเวนคืนกรมธรรมประกันภัย +/- รอยละ 40 ของคาประมาณการที่ดีที่สุด
3.3.2 สําหรับกรมธรรมประกันภัยกลุม ใหใชวิธีการคํานวณสํารอง
ประกันภัยแบบเบี้ยประกันภัยรวม (gross premium valuation) ตามหลักเกณฑที่กําหนดไวใน
ประกาศคณะกรรมการกํากับและสงเสริมการประกอบธุรกิจประกันภัยวาดวยการประเมินราคา
ทรัพยสินและหนี้สินของบริษัทประกันชีวิต โดยใชสมมุติฐานที่เปนค",ประกันภัย,กฎหมาย คปภ.
oicpdf_00649,กฎหมายประกันภัย คปภ. 00649,"ตารางแสดงการกําหนดอัตราเงินคาเวนคืนกรมธรรมประกันภัยของการประกันชวี ิต
ประเภทสามญั ประเภทอตุ สาหกรรม และประเภทกลุม ที่ชําระเบี้ยประกันภยั เปนรายงวด
งวดละเทา ๆ กัน
แบบของการ ระยะเวลา ณ วันครบรอบ อัตราเงินคาเวนคืนกรมธรรม
ประกันชีวติ ชําระ ปกรมธรรม ประกันภัยใหกําหนดเปน
เบี้ยประกันภยั รอยละของเงินสํารอง
ประกันภัยปลายป 
2 ป 1 ไมนอยกวารอยละ 90
แบบสะสมทรพั ย 2 ไมนอยกวารอยละ 100
หรือ 3 ป 1 ไมนอยกวารอยละ 80
แบบตลอดชีพ 2 ไมนอยกวารอยละ 90
3 ไมนอยกวารอยละ 100
4 ป 1 ไมนอยกวารอยละ 60
2 ไมนอยกวารอยละ 80
3 ไมนอยกวารอยละ 90
4 ไมนอยกวารอยละ 100
5-9 ป 1 ไมนอยกวารอยละ 30
2 ไมนอยกวารอยละ 50
3 ไมนอยกวารอยละ 80
4 ไมนอยกวารอยละ 90
5 เปนตนไป ไมนอยกวารอยละ 100
10–14 ป 1 ไมนอยกวารอยละ 10
2 ไมนอยกวารอยละ 50
3 ไมนอยกวารอยละ 80
4 ไมนอยกวารอยละ 90
5 เปนตนไป ไมนอยกวารอยละ 100
15 ป ขึ้นไป 1 กําหนดหรือไมก็ได
2 ไมนอยกวารอยละ 50
3 ไมนอยกวารอยละ 75
4 ไมนอยกวารอยละ 85
5 ไมนอยกวารอยละ 90
6 ไมนอยกวารอยละ 95
7 เปนตนไป ไมนอยกวารอยละ 100
ตารางแสดงการกําหนดอัตราเงินคาเวนคืนกรมธรรมประกันภัยของการประกันชวี ิต
ประเภทสามญั ประเภทอตุ สาหกรรม และประเภทกลุม ที่ชําระเบี้ยประกันภยั เปนรายงวด
งวดละเทา ๆ กัน (ตอ)
แบบของการ ระยะเวลา ณ วันครบรอบ อัตราเงินคาเวนคืนกรมธรรม
ประกันชีวติ ชําระ ปกรมธรรม ประกันภัยใหกําหนดเปน
เบี้ยประกันภยั รอยละของเงินสํารอง
ประกันภัยปลายป 
แบบชวั่ ระยะเวลา
- กรณีผูเอา ไมเกิน 15 ป 1 กําหนดหรือไมก็ได
ประกันภัยมีอายุ 2 ไมนอยกวารอยละ 50
เริ่มทําสัญญา 3 ไมนอยกวารอยละ 80
ประกันภัย 4 ไมนอยกวารอยละ 90
มากกวา 60 ป 5 เปนตนไป ไมนอยกวารอยละ 100
มากกวา 15 ป 1 กําหนดหรือไมก็ได
2 ไมนอยกวารอยละ 50
3 ไมนอยกวารอยละ 75
4 ไมนอยกวารอยละ 85
5 ไมนอยกวารอยละ 90
6 ไมนอยกวารอยละ 95
7 เปนตนไป ไมนอยกวารอยละ 100
แบบชวั่ ระยะเวลา
-กรณีผูเอา 20 ป ขึ้นไป 1 กําหนดหรือไมก็ได
ประกันภัยมีอายุ 2 ไมนอยกวารอยละ 50
เริ่มทําสัญญา 3 ไมนอยกวารอยละ 75
ประกันภัยตั้งแต 4 ไมนอยกวารอยละ 85
0–60 ป 5 ไมนอยกวารอยละ 90
6 ไมนอยกวารอยละ 95
7 เปนตนไป ไมนอยกวารอยละ 100",ประกันภัย,กฎหมาย คปภ.
oicpdf_00697,กฎหมายประกันภัย คปภ. 00697,"หน้า ๓๐
เล่ม ๑๓๑ ตอนพิเศษ ๑๓๓ ง ราชกิจจานุเบกษา ๑๗ กรกฎาคม ๒๕๕๗
ประกาศคณะกรรมการกํากับและส่งเสริมการประกอบธุรกิจประกันภัย
เรื่อง หลักเกณฑ์ วิธีการ และเงื่อนไขในการรับเงิน การจ่ายเงิน การตรวจสอบ
และการควบคุมภายในของบริษัทประกันชีวิต
พ.ศ. ๒๕๕๗
ธุรกิจประกันภัยเป็นธุรกิจที่ตั้งอยู่บนพื้นฐานของความเชื่อมั่นและหลักความสุจริตใจต่อกันเป็นอย่างยิ่ง
และมีหน้าที่รับผิดชอบต่อผู้เอาประกันภัยและประชาชน เพื่อให้บริษัทประกันภัยมีระบบการบริหารจัดการ
หรือบรรษัทภิบาลที่ดี ส่งเสริมความมั่นคง มีความโปร่งใส และเสริมสร้างความเชื่อมั่นต่อผู้เอาประกันภัย
จึงเห็นควรกําหนดหลักเกณฑ์เกี่ยวกับการรับเงิน การจ่ายเงิน การตรวจสอบ และการควบคุมภายใน
เพื่อให้คณะกรรมการบริษัทประกันภัยมีบทบาทและหน้าที่รับผิดชอบในการจัดให้มีระบบการควบคุมภายใน
ที่มีประสิทธิภาพ สนับสนุนการตัดสินใจในการจัดการความเสี่ยงเพื่อป้องกันความเสียหายที่อาจเกิดขึ้นได้
อย่างทันกาล ซึ่งระบบการควบคุมภายในครอบคลุมถึงระบบการรับเงิน การจ่ายเงิน การตรวจสอบ
และการติดตามการปฏิบัติตามกฎหมาย โดยคณะกรรมการบริษัทและผู้บริหารระดับสูงมีหน้าที่ในการกําหนด
นโยบายเกี่ยวกับการควบคุมภายในและการบริหารความเสี่ยงที่บริษัทยอมรับได้ การจัดโครงสร้างองค์กร
การมอบหมายอํานาจหน้าที่และความรับผิดชอบ ระเบียบอํานาจดําเนินการ และการจัดสรรทรัพยากร
ทั้งด้านทรัพยากรบุคคล งบประมาณ และระบบเทคโนโลยีสารสนเทศให้เหมาะสมและเพียงพอ ในการนี้
บริษัทต้องจัดให้มีคณะกรรมการตรวจสอบที่เป็นอิสระ มีหน่วยงานตรวจสอบภายในและหน่วยงานดูแล
การปฏิบัติตามกฎหมาย เพื่อปฏิบัติงานสนับสนุนคณะกรรมการตรวจสอบ ซึ่งบริษัทสามารถว่าจ้าง
บุคคลภายนอกให้ปฏิบัติหน้าที่ในการตรวจสอบและติดตามการปฏิบัติตามกฎหมายได้ โดยคณะกรรมการบริษัท
ยังคงความรับผิดชอบในงานที่มอบหมายนั้นและต้องจัดให้มีระบบการควบคุมการปฏิบัติงาน การรายงาน
ที่มีประสิทธิภาพ และการดําเนินการปรับปรุงแก้ไขอย่างทันท่วงที
อาศัยอํานาจตามความในมาตรา ๓๘ (๑๑) แห่งพระราชบัญญัติประกันชีวิต พ.ศ. ๒๕๓๕
ซึ่งแก้ไขเพิ่มเติมโดยพระราชบัญญัติประกันชีวิต (ฉบับที่ ๒) พ.ศ. ๒๕๕๑ ประกอบกับมติที่ประชุม
คณะกรรมการกํากับและส่งเสริมการประกอบธุรกิจประกันภัย ครั้งที่ ๕/๒๕๕๖ เมื่อวันที่ ๒๒ มีนาคม
พ.ศ. ๒๕๕๖ คณะกรรมการกํากับและส่งเสริมการประกอบธุรกิจประกันภัยออกประกาศไว้ ดังต่อไปนี้
ข้อ ๑ ประกาศนี้เรียกว่า “ประกาศคณะกรรมการกํากับและส่งเสริมการประกอบธุรกิจประกันภัย
เรื่อง หลักเกณฑ์ วิธีการ และเงื่อนไขในการรับเงิน การจ่ายเงิน การตรวจสอบ และการควบคุมภายใน
ของบริษัทประกันชีวิต พ.ศ. ๒๕๕๗”
ข้อ ๒ ประกาศนี้ให้ใช้บังคับเมื่อพ้นกําหนดเก้าสิบวันนับแต่วันถัดจากวันประกาศในราชกิจจานุเบกษา
เป็นต้นไป
ข้อ ๓ ในประกาศนี้
หน้า ๓๑
เล่ม ๑๓๑ ตอนพิเศษ ๑๓๓ ง ราชกิจจานุเบกษา ๑๗ กรกฎาคม ๒๕๕๗
“นิติบุคคล” หมายความว่า บริษัทจํากัด บริษัทมหาชนจํากัด ห้างหุ้นส่วนจํากัด ห้างหุ้นส่วน
สามัญนิติบุคคล หรือนิติบุคคลอื่นซึ่งจัดตั้งขึ้นตามกฎหมายเฉพาะ หรือตามกฎหมายต่างประเทศ แต่ไม่รวมถึง
บริษัทตามกฎหมายว่าด้วยการประกันชีวิต และบริษัทตามกฎหมายว่าด้วยการประกันวินาศภัย
“บริษัท” หมายความว่า บริษัทที่ได้รับใบอนุญาตประกอบธุรกิจประกันชีวิตตามกฎหมายว่าด้วย
การประกันชีวิต และให้หมายความรวมถึงสาขาของบริษัทประกันชีวิตต่างประเทศที่ได้รับใบอนุญาต
ประกอบธุรกิจประกันชีวิตในราชอาณาจักรตามกฎหมายว่าด้วยการประกันชีวิต
“บริษัทใหญ่” หมายความว่า นิติบุคคลที่มีลักษณะใดลักษณะหนึ่ง ดังต่อไปนี้
(๑) นิติบุคคลที่มีอํานาจควบคุมกิจกา",ประกันภัย,กฎหมาย คปภ.
oicpdf_00707,กฎหมายประกันภัย คปภ. 00707,"ประกาศสํานกั งานคณะกรรมการกํากับและสงเสรมิ การประกอบธุรกิจประกนั ภัย
เรื่อง หลักเกณฑ วิธีการ และเงื่อนไข ในการขึ้นทะเบียนเปนตัวแทน และนายหนาขายกรมธรรม
ประกันชีวติ แบบยูนิเวอรแ ซลไลฟ (Universal Life Insurance)
พ.ศ. 2552
…………………………………
อาศัยอํานาจตามความในขอ 13 แหงประกาศคณะกรรมการกํากับและสงเสริมการ
ประกอบธุรกิจประกันภัย เรื่อง กําหนดหลักเกณฑ วิธีการออก การเสนอขายกรมธรรมประกันภัยและ
การปฏิบัติหนาที่ของตัวแทนประกันชีวิต นายหนาประกันชีวิต และธนาคาร พ.ศ.2551
ลงวันที่ 30 ธันวาคม พ.ศ.2551 นายทะเบียนออกประกาศไวดังนี้
ขอ 1. ใหยกเลิก
1.1 บทนิยามคําวา “ตัวแทนขายกรมธรรมประกันภัยแบบยูนิเวอรแซลไลฟ” ในขอ1 และ
ขอ 3 ขอ 4 สวนที่ 3 คุณสมบัติและลักษณะตองหามของตัวแทนขายกรมธรรมประกันภัยแบบยูนิเวอรแซลไลฟ
ขอ 11 ขอ 12 ขอ 13 ขอ 14 ขอ 17 ขอ 21 ขอ 24 ขอ 25 ขอ 26 และขอ 27 แหงประกาศนายทะเบียน
เรื่อง หลักเกณฑ วิธีการ และเงื่อนไขการออกและเสนอขายกรมธรรมประกันภัยแบบยูนิเวอรแซลไลฟ
(Universal Life Insurance) ลงวันที่ 9 พฤศจิกายน พ.ศ.2547
1.2 ประกาศนายทะเบียน เรื่อง หลักเกณฑ วิธีการ และเงื่อนไข ในการขอรับความเห็น
ชอบเปนตัวแทนขายกรมธรรมประกันภัยแบบยูนิเวอรแซลไลฟ ลงวันที่ 9 กุมภาพันธ พ.ศ.2548
1.3 ประกาศนายทะเบียน เรื่อง หลักเกณฑ วิธีการ และเงื่อนไข ในการออกและเสนอ
ขายกรมธรรมประกันภัยแบบยูนิเวอรแซลไลฟ (Universal Life Insurance) (ฉบับที่ 2) ลงวันที่ 9 กันยายน พ.ศ.
2548
ขอ 2. ในประกาศนี้
“กรมธรรมประกันชีวิตแบบยูนิเวอรแซลไลฟ” หมายความวา กรมธรรมประกันชีวิตที่
บริษัทประกันชีวิตออกใหแกผูเอาประกันภัย เพื่อเปนหลักฐานวาผูเอาประกันภัยและบริษัทประกันชีวิตไดมี
การทําสัญญาประกันชีวิต โดยมีขอตกลงวาผูเอาประกันภัยจะชําระเบี้ยประกันภัยที่ระบุในสัญญา รวมถึง
เบี้ยประกันภัยสวนที่เปนเงินออม (top-up) และบริษัทจะหักคาธรรมเนียมตางๆและคาความคุมครองตอ
การมรณกรรมจากกรมธรรมหรือความคุมครองอื่นๆและจะจายผลตอบแทนเปนคราวๆ (Crediting interest)
ตามที่ระบุในเอกสารประกอบการเสนอขาย โดยมีการรับประกันผลตอบแทนขั้นต่ํา
“ตัวแทนประกันชีวิตหรือนายหนาประกันชีวิตขายกรมธรรมประกันชีวิต
แบบยูนิเวอรแซลไลฟ” หมายความวา ตัวแทนประกันชีวิตหรือนายหนาประกันชีวิตที่ไดรับการขึ้นทะเบียนจาก
นายทะเบียนใหขายกรมธรรมประกันภัยแบบยูนิเวอรแซลไลฟ
“ขาย” หมายความวา การชักชวน ชี้ชอง หรือจัดการใหบุคคลทําสัญญาประกันชีวิต
กับบริษัท
- 2 -
ขอ 3. การขายกรมธรรมประกันชีวิตแบบยูนิเวอรแซลไลฟ ใหกระทําไดโดยตัวแทนประกันชีวิต
นายหนาประกันชีวิตขายกรมธรรมแบบยูนิเวอรแซลไลฟ ทั้งนี้บริษัทมีหนาที่กํากับดูแลใหตัวแทนปฏิบัติ
ใหเปนไปตามบทบัญญัติแหงพระราชบัญญัติประกันชีวิต พ.ศ. 2535 และที่แกไขเพิ่มเติม รวมถึงประกาศ
คําสั่ง และระเบียบที่เกี่ยวของ
สวนที่ 1
คุณสมบัตแิ ละลักษณะตอ งหามของตัวแทนประกันชีวิตหรือนายหนาประกันชีวติ
ขายกรมธรรมประกันชีวติ แบบยูนิเวอรแซลไลฟ 
ขอ 4. หามมิใหผูใดขายกรมธรรมประกันชีวิตแบบยูนิเวอรแซลไลฟ เวนแตเปนผูไดรับการ
ขึ้นทะเบียนเปนตัวแทนประกันชีวิตหรือนายหนาประกันชีวิตขายกรมธรรมประกันชีวิตแบบยูนิเวอรแซลไลฟ
ขอ 5. ผูขอความเห็นชอบเปนตัวแทนประกันชีวิตหรือนายหนาประกันชีวิตขายกรมธรรม
ประกันชีวิตแบบยูนิเวอรแซลไลฟตองมีคุณสมบัติดังตอไปนี้
5.1 เปนผูไดรับใบอนุญาตตัวแทนประกันชีวิตหรือนายหนาประกันชีวิตไมนอยกวา
6 เดือน
5.2 เปนผ",ประกันภัย,กฎหมาย คปภ.
oicpdf_00710,กฎหมายประกันภัย คปภ. 00710,"หน้า ๑๙
เล่ม ๑๒๘ ตอนพิเศษ ๖๒ ง ราชกิจจานุเบกษา ๓ มิถุนายน ๒๕๕๔
ประกาศคณะกรรมการกํากบั และส่งเสริมการประกอบธุรกิจประกันภยั
เรื่อง การลงทุนประกอบธุรกิจอื่นของบริษัทประกันวินาศภัย (ฉบับที่ ๒)
พ.ศ. ๒๕๕๔
ตามที่ได้มีประกาศกระทรวงพาณิชย์ เรื่อง การลงทุนประกอบธุรกิจอื่นของบริษัทประกัน
วินาศภัย ลงวันที่ ๑๗ พฤศจิกายน พ.ศ. ๒๕๔๗ และต่อมาได้มีประกาศคณะกรรมการกํากับ
และส่งเสริมการประกอบธุรกิจประกันภัย เรื่อง การลงทุนประกอบธุรกิจอื่นของบริษัทประกันวินาศภัย
พ.ศ. ๒๕๕๓ กําหนดประเภทการลงทุนที่ให้บริษัทประกันวินาศภัยสามารถลงทุนเพิ่มเติมได้ นั้น
อาศัยอํานาจตามความในมาตรา ๒๘ แห่งพระราชบัญญัติประกันวินาศภัย พ.ศ. ๒๕๓๕
และมาตรา ๓ (๑) แห่งพระราชบัญญัติคณะกรรมการกํากับและส่งเสริมการประกอบธุรกิจประกันภัย
พ.ศ. ๒๕๕๐ ประกอบมติที่ประชุมคณะกรรมการกํากับและส่งเสริมการประกอบธุรกิจประกันภัย
ครั้งที่ ๑๒/๒๕๕๓ เมื่อวันที่ ๑๗ พฤศจิกายน พ.ศ. ๒๕๕๓ และครั้งที่ ๓/๒๕๕๔ เมื่อวันที่
๒๒ มีนาคม พ.ศ. ๒๕๕๔ คณะกรรมการกํากับและส่งเสริมการประกอบธุรกิจประกันภัย
จึงออกประกาศไว้ ดังต่อไปนี้
ข้อ ๑ ประกาศนี้เรียกว่า “ประกาศคณะกรรมการกํากับและส่งเสริมการประกอบธุรกิจ
ประกันภัย เรื่อง การลงทุนประกอบธุรกิจอื่นของบริษัทประกันวินาศภัย (ฉบับที่ ๒) พ.ศ. ๒๕๕๔”
ข้อ ๒ ประกาศนี้ให้ใช้บังคับตั้งแต่วันถัดจากวันประกาศในราชกิจจานุเบกษาเป็นต้นไป
ข้อ ๓ ให้เพิ่มบทนิยามคําว่า “การทําธุรกิจติดต่อหรือแนะนําบริการของบริษัทหลักทรัพย์”
ระหว่างคําว่า “งานสนับสนุน” และ “อันดับความน่าเชื่อถือ” ในข้อ ๒ แห่งประกาศกระทรวง
พาณิชย์ เรื่อง การลงทุนประกอบธุรกิจอื่นของบริษัทประกันวินาศภัย ลงวันที่ ๑๗ พฤศจิกายน
พ.ศ. ๒๕๔๗
““การทําธุรกิจติดต่อหรือแนะนําบริการของบริษัทหลักทรัพย์” หมายความว่า การเผยแพร่
ข้อมูลและบริการของบริษัทหลักทรัพย์ให้แก่ลูกค้า และติดต่อชักชวนลูกค้าให้มาใช้บริการของบริษัท
หลักทรัพย์ เช่น การเปิดบัญชีเพื่อซื้อขายหลักทรัพย์กับบริษัทหลักทรัพย์รวมถึงการแจก รวบรวม
ตรวจสอบเอกสารคําขอ และหลักฐานประกอบในการเปิดบัญชีซื้อขายหลักทรัพย์”
ข้อ ๔ ให้เพิ่มความต่อไปนี้เป็น (๓๐) ของข้อ ๓ แห่งประกาศกระทรวงพาณิชย์ เรื่อง
การลงทุนประกอบธุรกิจอื่นของบริษัทประกันวินาศภัย ลงวันที่ ๑๗ พฤศจิกายน พ.ศ. ๒๕๔๗
“(๓๐) การทําธุรกิจติดต่อหรือแนะนําบริการของบริษัทหลักทรัพย์”
ข้อ ๕ ให้ยกเลิกความใน (๘) ของข้อ ๔ แห่งประกาศกระทรวงพาณิชย์ เรื่อง การลงทุน
ประกอบธุรกิจอื่นของบริษัทประกันวินาศภัย ลงวันที่ ๑๗ พฤศจิกายน พ.ศ. ๒๕๔๗ และให้ใช้ความ
ต่อไปนี้แทน
หน้า ๒๐
เล่ม ๑๒๘ ตอนพิเศษ ๖๒ ง ราชกิจจานุเบกษา ๓ มิถุนายน ๒๕๕๔
“(๘) ซื้อพันธบัตร หุ้นกู้ หรือตั๋วเงิน ซึ่งออกหรือค้ําประกันโดยองค์กรระหว่างประเทศ
รัฐบาลต่างประเทศ หรือรัฐวิสาหกิจต่างประเทศ หรือนิติบุคคลที่จัดตั้งขึ้นตามกฎหมายต่างประเทศ
โดยหลักทรัพย์ดังกล่าวได้รับอนุญาตจากกระทรวงการคลังหรือสํานักงานคณะกรรมการกํากับหลักทรัพย์
และตลาดหลักทรพั ย์แล้วแต่กรณีให้ออกหรือเสนอขายในประเทศไทย”
ข้อ ๖ ให้เพิ่มความต่อไปนี้เป็นข้อ ๕/๑ และข้อ ๕/๒ แห่งประกาศกระทรวงพาณิชย์
เรื่อง การลงทุนประกอบธุรกิจอื่นของบริษัทประกันวินาศภัย ลงวันที่ ๑๗ พฤศจิกายน พ.ศ. ๒๕๔๗
“ข้อ ๕/๑ บริษัทที่มีอัตราส่วนเงินกองทุนต่อเงินกองทุนที่ต้องดํารงตามกฎหมายน้อยกว่า
ร้อยละสามร้อย ห้ามมิให้ลงทุนประกอบธุรกิจดังต่อไปนี้ จนกว่าจะสามารถดํารงอัตราส่วนเงินกองทุน
ต่อเงินกองทุนที่ต้องดํารงตามกฎหมายไม่น้อยกว่าร้อยละสามร้อยติดต่อกันเป็นเวลาสามเดือน
(๑) ซื้อหุ้น ตามข้อ ๓ (๘)",ประกันภัย,กฎหมาย คปภ.
oicpdf_00714,กฎหมายประกันภัย คปภ. 00714,"-1-
ท้ายประกาศนายทะเบียน
เรื่อง หลักเกณฑ์การให้ความเห็นชอบแบบและข้อความการจ่ายผลประโยชน์ตามสัญญาตะกาฟุล
และอัตราเงินสมทบตะกาฟุลของสัญญาตะกาฟุล ที่ช าระเงินสมทบตะกาฟุลครั้งเดียว
พ.ศ. 2557
หลักเกณฑ์การให้ความเห็นชอบแบบและข้อความการจ่ายผลประโยชน์ตามสัญญาตะกาฟุล
และอัตราเงินสมทบตะกาฟุลของสัญญาตะกาฟุล ที่ช าระเงินสมทบตะกาฟุลครั้งเดียว พ.ศ. 2557 ท้ายประกาศ
นายทะเบียน ประกอบด้วย
1. หมวดที่ 1 หลักเกณฑ์การให้ความเห็นชอบแบบและข้อความการจ่ายผลประโยชน์ ตาม
สัญญาตะกาฟุล และอัตราเงินสมทบตะกาฟุลของสัญญาตะกาฟุล ที่ช าระเงินสมทบตะกาฟุลครั้งเดียว แบบสะสม
ทรัพย์ แบบตลอดชีพ และแบบชั่วระยะเวลา
1) ส่วนที่ 1 ข้อก าหนดการจ่ายผลประโยชน์ตามสัญญาตะกาฟุล
2) ส่วนที่ 2 องค์ประกอบในการก าหนดอัตราเงินสมทบตะกาฟุล
3) ส่วนที่ 3 สมุดอัตราเงินสมทบตะกาฟุล
4) ส่วนท ี่ 4 แบบและข้อความของสรุปสาระส าคัญโดยย่อ และข้อก าหนดการจ่าย
ผลประโยชน์ตามสัญญาตะกาฟุล
2. หมวดที่ 2 หลักเกณฑ์การให้ความเห็นชอบแบบและข้อความการจ่ายผลประโยชน์ ตาม
สัญญาตะกาฟุล และอัตราเงินสมทบตะกาฟุลของสัญญาตะกาฟุล ที่ช าระเงินสมทบตะกาฟุลครั้งเดียว แบบ
คุ้มครองสินเชื่อ
1) ส่วนที่ 1 ข้อก าหนดการจ่ายผลประโยชน์ตามสัญญาตะกาฟุล
2) ส่วนที่ 2 องค์ประกอบในการก าหนดอัตราเงินสมทบตะกาฟุล
3) ส่วนที่ 3 สมุดอัตราเงินสมทบตะกาฟุล
4) ส่วนที่ 4 แบบและข้อความของสรุปสาระส าคัญโดยย่อ และข้อก าหนดการจ่าย
ผลประโยชน์ตามสัญญาตะกาฟุล
3. หมวดที่ 3 การยื่นขอรับความเห็นชอบแบบและข้อความการจ่ายผลประโยชน์ตามสัญญา
ตะกาฟุล และอัตราเงินสมทบตะกาฟุล
-2-
หมวดที่ 1
หลักเกณฑ์การให้ความเห็นชอบแบบและข้อความการจ่ายผลประโยชน์ตามสัญญาตะกาฟุล
และอัตราเงินสมทบตะกาฟุลของสัญญาตะกาฟุล ที่ช าระเงินสมทบตะกาฟุลครั้งเดียว
แบบสะสมทรัพย์ แบบตลอดชีพ และแบบชั่วระยะเวลา
ส่วนที่ 1
ข้อก าหนดการจ่ายผลประโยชน์ตามสัญญาตะกาฟุล
ข้อ 1 ข้อก าหนดการจ่ายผลประโยชน์ตามสัญญาตะกาฟุล
(1) การก าหนดผลประโยชน์กรณีคุ้มครองการเสียชีวิต ให้บริษัทจ่ายผลประโยชน์กรณี
เสียชีวิตเป็นจ านวนเงินหลักประกันตะกาฟุล หรือเงินสมทบตะกาฟุลที่ช าระครั้งเดียว หรือเงินค่าเวนคืน
ตะกาฟุลแล้วแต่จ านวนใดจะมากกว่า
(2) การก าหนดผลประโยชน์กรณีมีชีวิตอยู่รอด (pure endownment) ห้ามก าหนดการ
จ่ายผลประโยชน์กรณีมีชีวิตอยู่รอด (pure endownment) อย่างเดียวโดยไม่มีการก าหนดผลประโยชน์กรณี
เสียชีวิต
-3-
ส่วนที่ 2
องค์ประกอบในการก าหนดอัตราเงินสมทบตะกาฟุล
ข้อ 2 การก าหนดอัตราเงินสมทบตะกาฟุลที่ใช้ส าหรับสัญญาตะกาฟุล ประเภทสามัญ
แบบสะสมทรัพย์ แบบตลอดชีพ และแบบชั่วระยะเวลา ส าหรับชีวิตเดี่ยว (single life) ที่ช าระเงินสมทบตะกาฟุล
ครั้งเดียว มีองค์ประกอบดังต่อไปนี้
(1) ให้ใช้อัตรามรณะร้อยละหนึ่งร้อยของอัตรามรณะตามตารางมรณะไทย 2551
ประเภทสามัญ แยกตามเพศ
(2) ให้ใช้อัตราค่าด าเนินการไม่ต่ ากว่าร้อยละสองต่อปีในการค านวณอัตราเงินสมทบ
ตะกาฟุล โดยมีสมมุติฐานกรณีให้จ่ายผลประโยชน์ ณ วันครบรอบปีสัญญาตะกาฟุล
(3) ให้ใช้อัตราค่าใช้จ่ายดังต่อไปนี้
(ก) สัญญาตะกาฟุล ที่ช าระเงินสมทบตะกาฟุลครั้งเดียว แบบตลอดชีพ และแบบ
สะสมทรัพย์ ให้ใช้อัตราค่าใช้จ่ายไม่เกินร้อยละสิบแปด ของอัตราเงินสมทบตะกาฟุล
(ข) สัญญาตะกาฟุล ที่ช าระเงินสมทบตะกาฟุลครั้งเดียว แบบชั่วระยะเวลา ให้ใช้
อัตราค่าด าเนินการไม่เกินร้อยละสี่สิบ ของอัตราเงินสมทบตะกาฟุลช าระเงินสมทบตะกาฟุลครั้งเดียว ส าหรับ
เพศชาย และไม่เกินร้อยละสี่สิบห้า ของอัตราเงินสมทบตะกาฟุลช าระเงินสมทบตะกาฟุลครั้งเดียว ส าหรับ
เพ",ประกันภัย,กฎหมาย คปภ.
oicpdf_00722,กฎหมายประกันภัย คปภ. 00722,"หน้า ๑๑๙
เล่ม ๑๓๐ ตอนพิเศษ ๑๖๒ ง ราชกิจจานุเบกษา ๒๒ พฤศจิกายน ๒๕๕๖
คําสั่งกระทรวงการคลัง
ที่ ๑๓๘๙/๒๕๕๖
เรื่อง ให้เลิกควบคุมบริษัท ฟินันซ่าประกันชีวิต จํากัด
ตามที่รัฐมนตรีว่าการกระทรวงการคลัง มีคําสั่งกระทรวงการคลัง ที่ ๔๗๗/๒๕๕๓ ลงวันที่
๒๖ เมษายน ๒๕๕๓ ให้ควบคุมบริษัท ฟินันซ่าประกันชีวิต จํากัด เนื่องจากบริษัท ฟินันซ่าประกันชีวิต
จํากัด ไม่สามารถแก้ไขฐานะหรือการดําเนินการเพื่อให้มีเงินกองทุนครบถ้วนตามท่ีกฎหมายกําหนด
จนถึงปัจจุบันฐานะและการดําเนินงานของบริษัทก็ยังไม่ดีขึ้น และคําสั่งกระทรวงการคลัง ที่ ๔๗๘/๒๕๕๓
ลงวันที่ ๒๖ เมษายน ๒๕๕๓ แต่งตั้งคณะกรรมการควบคุมบริษัท ฟินันซ่าประกันชีวิต จํากัด
เพื่อทําหน้าที่ดําเนินกิจการของบริษัทตามที่กฎหมายกําหนด นั้น
บัดนี้ คณะกรรมการควบคุมบริษัท ฟนิ ันซ่าประกันชีวิต จํากัด ได้รายงานว่า บริษัท ฟินันซ่า
ประกันชีวิต จํากัด สามารถดําเนินการแก้ไขปัญหาฐานะการเงินและการดําเนินการของบริษัท ฟินันซ่า
ประกันชีวิต จํากัด ให้กลับอยู่ในภาวะปกติ และสามารถดําเนินธุรกิจต่อไปได้ สมควรยกเลิก
การควบคุมบริษัทได้
อาศัยอํานาจตามความในมาตรา ๖๑ แห่งพระราชบัญญัติประกันชีวิต พ.ศ. ๒๕๓๕
และมาตรา ๖ แห่งพระราชบัญญัติประกันชีวิต พ.ศ. ๒๕๓๕ แก้ไขเพิ่มเติมโดยพระราชบัญญัติประกันชีวิต
(ฉบับที่ ๒) พ.ศ. ๒๕๕๑ รัฐมนตรีว่าการกระทรวงการคลังพิจารณาแล้วเห็นสมควร จึงสั่งให้เลิก
การควบคุมบริษัท ฟินันซ่าประกันชีวิต จํากัด
ทั้งนี้ เมื่อพ้นกําหนดสามวันทําการ นับแต่วันที่ลงนามในคําสั่งนี้
สั่ง ณ วันที่ ๒๑ ตุลาคม พ.ศ. ๒๕๕๖
กิตติรัตน์ ณ ระนอง
รัฐมนตรีว่าการกระทรวงการคลัง",ประกันภัย,กฎหมาย คปภ.
oicpdf_00730,กฎหมายประกันภัย คปภ. 00730,"หน้า ๒๕
เล่ม ๑๒๘ ตอนพิเศษ ๖๒ ง ราชกิจจานุเบกษา ๓ มิถุนายน ๒๕๕๔
ประกาศคณะกรรมการกํากบั และส่งเสริมการประกอบธุรกิจประกันภยั
เรื่อง การลงทุนประกอบธุรกิจอื่นของบริษัทประกันชีวิต (ฉบับที่ ๒)
พ.ศ. ๒๕๕๔
ตามที่ได้มีประกาศกระทรวงพาณิชย์ เรื่อง การลงทุนประกอบธุรกิจอื่นของบริษัทประกันชีวิต
ลงวันที่ ๒๐ ตุลาคม พ.ศ. ๒๕๔๗ และต่อมาได้มีประกาศคณะกรรมการกํากับและส่งเสริม
การประกอบธุรกิจประกันภัย เรื่อง การลงทุนประกอบธุรกิจอื่นของบริษัทประกันชีวิต พ.ศ. ๒๕๕๓
กําหนดประเภทการลงทุนท่ใี ห้บริษัทประกันชีวิตสามารถลงทุนเพิ่มเติมได้ นั้น
อาศัยอํานาจตามความในมาตรา ๒๘ แห่งพระราชบัญญัติประกันชีวิต พ.ศ. ๒๕๓๕
และมาตรา ๓ (๒) แห่งพระราชบัญญัติคณะกรรมการกํากับและส่งเสริมการประกอบธุรกิจประกันภัย
พ.ศ. ๒๕๕๐ ประกอบมติที่ประชุมคณะกรรมการกํากับและส่งเสริมการประกอบธุรกิจประกันภัย
ครั้งที่ ๑๒/๒๕๕๓ เมื่อวันที่ ๑๗ พฤศจิกายน พ.ศ. ๒๕๕๓ และครั้งที่ ๓/๒๕๕๔ เมื่อวันที่
๒๒ มีนาคม พ.ศ. ๒๕๕๔ คณะกรรมการกํากับและส่งเสริมการประกอบธุรกิจประกันภัย
จึงออกประกาศไว้ ดังต่อไปนี้
ข้อ ๑ ประกาศนี้เรียกว่า “ประกาศคณะกรรมการกํากับและส่งเสริมการประกอบธุรกิจ
ประกันภัย เรื่อง การลงทุนประกอบธุรกิจอื่นของบริษัทประกันชีวิต (ฉบับที่ ๒) พ.ศ. ๒๕๕๔”
ข้อ ๒ ประกาศนี้ให้ใช้บังคับตั้งแต่วันถัดจากวันประกาศในราชกิจจานุเบกษาเป็นต้นไป
ข้อ ๓ ให้เพิ่มบทนิยามคําว่า “การทําธุรกิจติดต่อหรือแนะนําบริการของบริษัทหลักทรัพย์”
ระหว่างคําว่า “งานสนับสนุน” และ “อันดับความน่าเชื่อถือ” ในข้อ ๒ แห่งประกาศกระทรวง
พาณิชย์ เรื่อง การลงทุนประกอบธุรกิจอื่นของบริษัทประกันชีวิต ลงวันที่ ๒๐ ตุลาคม พ.ศ. ๒๕๔๗
““การทําธุรกิจติดต่อหรือแนะนําบริการของบริษัทหลักทรัพย์” หมายความว่า การเผยแพร่
ข้อมูลและบริการของบริษัทหลักทรัพย์ให้แก่ลูกค้า และติดต่อชักชวนลูกค้าให้มาใช้บริการของบริษัท
หลักทรัพย์ เช่น การเปิดบัญชีเพื่อซื้อขายหลักทรัพย์กับบริษัทหลักทรัพย์รวมถึงการแจก รวบรวม
ตรวจสอบเอกสารคําขอ และหลักฐานประกอบในการเปิดบัญชีซื้อขายหลักทรัพย์”
ข้อ ๔ ให้เพิ่มความต่อไปนี้เป็น (๓๘) ของข้อ ๓ แห่งประกาศกระทรวงพาณิชย์ เรื่อง
การลงทุนประกอบธุรกิจอื่นของบริษัทประกันชีวิต ลงวันที่ ๒๐ ตุลาคม พ.ศ. ๒๕๔๗
“(๓๘) การทําธุรกิจติดต่อหรือแนะนําบริการของบริษัทหลักทรัพย์”
ข้อ ๕ ให้ยกเลิกความใน (๘) ของข้อ ๔ แห่งประกาศกระทรวงพาณิชย์ เรื่อง การลงทุน
ประกอบธุรกิจอื่นของบริษัทประกันชีวิต ลงวันที่ ๒๐ ตุลาคม พ.ศ. ๒๕๔๗ และให้ใช้ความต่อไปนี้แทน
“(๘) ซื้อพันธบัตร หุ้นกู้ หรือตั๋วเงิน ซึ่งออกหรือค้ําประกันโดยองค์กรระหว่างประเทศ
รัฐบาลต่างประเทศ หรือรัฐวิสาหกิจต่างประเทศ หรือนิติบุคคลที่จัดตั้งขึ้นตามกฎหมายต่างประเทศ
โดยหลักทรัพย์ดังกล่าวได้รับอนุญาตจากกระทรวงการคลังหรือสํานักงานคณะกรรมการกํากับหลักทรัพย์
และตลาดหลักทรัพย์แล้วแต่กรณีให้ออกหรือเสนอขายในประเทศไทย”
หน้า ๒๖
เล่ม ๑๒๘ ตอนพิเศษ ๖๒ ง ราชกิจจานุเบกษา ๓ มิถุนายน ๒๕๕๔
ข้อ ๖ ให้เพิ่มความต่อไปนี้เป็นข้อ ๕/๑ และข้อ ๕/๒ แห่งประกาศกระทรวงพาณิชย์
เรื่อง การลงทุนประกอบธุรกิจอื่นของบริษัทประกันชีวิต ลงวันที่ ๒๐ ตุลาคม พ.ศ. ๒๕๔๗
“ข้อ ๕/๑ บริษัทที่มีอัตราส่วนเงินกองทุนต่อเงินกองทุนที่ต้องดํารงตามกฎหมายน้อยกว่า
ร้อยละสามร้อย ห้ามมิให้ลงทุนประกอบธุรกิจดังต่อไปนี้ จนกว่าจะสามารถดํารงอัตราส่วนเงินกองทุน
ต่อเงินกองทุนที่ต้องดํารงตามกฎหมายไม่น้อยกว่าร้อยละสามร้อยติดต่อกันเป็นเวลาสามเดือน
(๑) ซื้อหุ้น ตามข้อ ๓ (๘)
(๒) ซื้อหน่วยลงทุน ตามข้อ ๓ (๘) เว้นแต่หน่วยลง",ประกันภัย,กฎหมาย คปภ.
oicpdf_00776,กฎหมายประกันภัย คปภ. 00776,"ตว.1
รูปถายขนาด
2.5 X 3 ซม.
จํานวน 2 รูป
(ถายไมเกิน 6 เดือน)
คําขอรับใบอนุญาตเปนตวั แทนประกนั วินาศภัย
(...) ขอรับครั้งแรก (...) ขาดตอขอรับใบอนุญาตใหม (...) ขอรับมากกวาหนึ่งบริษัท (...) ยายบริษัท (...) ใบแทนใบอนุญาต
เขียนท.ี่.......................................................................
วันที่..............เดือน..................................พ.ศ. ........................
เรียน นายทะเบียน
เลขประจําตวั ประชาชน
1. ขาพเจา..................................................
นามสกุล................................................
2. ขอรับใบอนุญาตเปน
( ) ตัวแทนประกันวินาศภยั
( ) ตัวแทนประกันวินาศภยั ประเภทสุขภาพและอุบตั เิ หตุสว นบุคคล
( ) ตัวแทนประกันวินาศภยั ประเภทประกันภัยความคมุ ครองตามพระราชบัญญัตคิ ุมครองผูประสบภัยจากรถ
( ) ตัวแทนประกันวินาศภยั สําหรับการประกันภัยรายยอย
ของบริษทั ..................................................................................................................................................
3. ที่อยูตามสาํ เนาทะเบียนบาน เลขที่.............หมูที่.................... ตรอก/ซอย....................................................
ถนน..................................... ตําบล/แขวง......................................อําเภอ/เขต............................................
จังหวัด....................... รหัสไปรษณีย.......................
4. ที่อยูที่สามารถติดตอได เลขที่.............หมูที่.................... ตรอก/ซอย............................................................
ถนน...................................... ตําบล/แขวง.....................................อําเภอ/เขต............................................
จังหวัด.................................................... รหัสไปรษณีย...................................โทรศัพท.............................
โทรศัพทเคลอื่ นที่...................................................e-mail…………………………………...…………..…..
5. วุฒิการศึกษาระดับ (cid:137) ต่ํากวาปริญญาตรี (cid:137) ปรญิ ญาตรี (cid:137) สูงกวาปริญญาตรี
6. ขอรับรองวา ขาพเจามีคุณสมบัติดังน ี้
6.1 บรรลุนติ ภิ าวะ
6.2 มีภูมิลําเนาในประเทศไทย
6.3 ไมเปนคนวิกลจรติ หรอื จิตฟนเฟอนไมสมประกอบ
6.4 ไมเคยตองโทษจําคุกโดยคําพิพากษาถึงที่สุดใหจําคุกในความผดิ เกี่ยวกับทรพั ยที่กระทําโดยทุจริต
เวนแตไดพนโทษมาแลว ไมน อยกวาหาปก อนวันขอรับใบอนุญาต
6.5 ไมเปน บคุ คลลมละลาย
6.6 ไมเปนนายหนาประกันวินาศภัย
6.7 ไมเคยถูกเพิกถอนใบอนุญาตเปนตัวแทนประกันวินาศภัยหรือใบอนุญาตเปนนายหนาประกันวินาศภัย
ในระยะเวลาหาปกอนวันขอรับใบอนุญาต
6.8 ไดรับการศึกษาวิชาประกันวินาศภัยจากสถาบันการศึกษาที่คณะกรรมการประกาศกําหนดหรือสอบ
ความรูเกี่ยวกับการประกันวินาศภัยไดตามหลักสูตรและวธิ ีการที่คณะกรรมการประกาศกําหนด
7. ปจจุบันเปนตวั แทนประกันวินาศภัยของ
บริษทั ........................................................................... ทะเบยี นเลขท.ี่................/.........................
บริษทั ........................................................................... ทะเบยี นเลขท.ี่................/.........................
เอกสารประกอบใบคําขอ
ขอรับครั้งแรก ขาดตอขอรับใบอนุญาตใหม
1. สําเนา",ประกันภัย,กฎหมาย คปภ.
oicpdf_00784,กฎหมายประกันภัย คปภ. 00784,"ชื่อ - ที่อยูบริษัท
ตารางกรมธรรมประกันภัย
รหัสบริษัท การประกันภัยอุบัติเหตุสําหรับรายยอย (ไมโคร อินชัวรันส) กรมธรรมประกันภัยเลขที่
(cid:136) สวนบุคคล (cid:136) กลุม
1. ผูเอาประกันภัย : ชื่อและที่อยู เลขประจําตัวประชาชน:
อาชีพ :
ชั้นอาชีพ :
อายุ :
2. ผูรับประโยชน : ชื่อและที่อยู ความสัมพันธกับผูเอาประกันภัย:
3. ระยะเวลาประกันภัย : เริ่มตนวันที่ เวลา น. สนิ้ สุดวันที่ เวลา 16.30 น.
4. จํานวนจํากัดความรับผิด : กรมธรรมประกันภัยนี้ใหการคุมครองเฉพาะผลของการบาดเจ็บทางรางกายในขอที่มีจํานวนเงินเอาประกันภัยระบุ
ไวเทานั้น
ขอตกลงคุมครอง จํานวนเงินเอาประกันภัย (บาท)
100,000
1. ผลประโยชนการเสียชีวิต การสูญเสียอวัยวะ สายตา หรือทุพพลภาพถาวรสิ้นเชิง
2. ผลประโยชน การเสียชีวิต การสูญเสียอวัยวะ สายตา หรือทุพพลภาพถาวรสิ้นเชิง จากอุบัติเหตุขณะ 50,000
ขับขี่หรือโดยสารรถจักรยานยนต
3. ผลประโยชนการชดเชยรายไดระหวางการเขารักษาตัวในโรงพยาบาล (ตอวัน) สูงสุดไมเกิน 20 วัน 200 บาท/วัน
ตลอดระยะเวลาประกันภัย (ขยายความคุมครองขณะขับขี่หรือโดยสารรถจักรยานยนต)
4. ผลประโยชนคาใชจายในการจัดการงานศพกรณีเสียชีวิตจากการบาดเจ็บหรือการเจ็บปวย (ยกเวน 10,000
กรณีเสียชีวิตจากการเจ็บปวยภายในระยะเวลา 180 วันแรก)
สวนลดเบี้ยประกันภัย
เบี้ยประกันภัยสุทธิ
อากรแสตมป
ภาษี
เบี้ยประกันภัยรวม
(cid:137) ตัวแทน (cid:137) นายหนาประกันภัยรายนี้ ใบอนุญาตเลขที่……………………………...... (cid:137) งานตรง
...................................................... ........................................................
วันทําสัญญาประกันภัย วันออกกรมธรรมประกันภัย
เพื่อเปนหลักฐาน บริษัท โดยผูมีอํานาจกระทําการแทนบริษัท ไดลงลายมือชื่อและประทับตราของบริษัทไวเปนสําคัญ ณ
สํานักงานของบริษัท
................................................ ................................................ ................................................
กรรมการ-Director กรรมการ-Director ผูรับมอบอํานาจ-Authorized Signature
กรมธรรมประกันภัยอุบตั ิเหตุสําหรับรายยอ ย (ไมโครอินชัวรันส)
โดยการเชื่อถือขอแถลงในใบคําขอเอาประกันภัยซึ่งเปนสวนหนึ่งของกรมธรรมประกันภัยนี้และ
เพื่อเปนการตอบแทนเบี้ยประกันภัยที่ผูเอาประกันภัยตองชําระภายใตขอบังคับ เงื่อนไขทั่วไป ขอตกลง
คุมครอง ขอยกเวนและเอกสารแนบทายแหงกรมธรรมประกันภัย บริษัทใหสัญญากับผูเอาประกันภัย
ดังตอไปนี้
หมวดที่ 1 คําจํากัดความ
ถอยคําและคําบรรยายซึ่งมีความหมายเฉพาะที่ไดใหไวในสวนใดก็ตามของกรมธรรมประกันภัยจะ
ถือเปนความหมายเดียวกันทั้งหมด ไมวาจะปรากฏในสวนใดก็ตาม เวนแตจะไดกําหนดไวเปนอยางอื่นใน
กรมธรรมประกันภัย
1.1 กรมธรรมประกันภัย หมายถึง ตารางกรมธรรมประกันภัย ตารางผลประโยชน เงื่อนไข
ขอตกลงคุมครอง ขอยกเวน ขอกําหนด เอกสารแนบทาย
ขอระบุพิเศษ ขอรับรอง และใบสลักหลังกรมธรรม
ประกันภัย ซึ่งถือเปนสวนหนึ่งแหงสัญญาประกันภัย
1.2 บริษัท หมายถึง บริษัทที่ออกกรมธรรมประกันภัยนี้
1.3 ผูเอาประกันภัย หมายถึง บุคคลที่ระบุชื่อเปนผูเอาประกันภัยในตารางกรมธรรม
ประกันภัยนี้ และ/หรือเอกสารแนบซึ่งเปนบุคคลที่ไดรับ
ความคุมครองตามกรมธรรมประกันภัยนี้
1.4 อุบัติเหตุ หมายถึง เหตุการณที่เกิดขึ้นอยางฉับพลัน จากปจจัยภายนอก
รางกายและทําใหเกิดผลที่ผูเอาประกันภัยมิไดเจตนาหรือ
มุงหวัง
1.5 การบาดเจ็บ หมายถึง การบาดเจ็บทางรางกาย อันเปนผล",ประกันภัย,กฎหมาย คปภ.
oicpdf_00785,กฎหมายประกันภัย คปภ. 00785,"ทายคําสั่งนายทะเบียน เรื่อง หลักเกณฑการใหความเห็นชอบแบบ ขอความและ
อัตราเบี้ยประกันภัยกรมธรรมประกันภัยอุบัติเหตสุ วนบุคคล กรณีชําระเบยี้ ประกันภัยรายป
และกรณีชําระเบี้ยประกนั ภัย รายเดือน โดยหักบัญชีธนาคารหรือบัตรเครดิต
ประกอบดวย
สวนที่ 1 ใบคําขอเอาประกันภัย แบบและขอความกรมธรรมประกนั ภัยอุบัติเหตสุ วนบคุ คล
กรณีชําระเบยี้ ประกันภัยรายป และกรณชี ําระเบยี้ ประกันภัยรายเดือน โดยหัก
บัญชีธนาคารหรือบัตรเครดติ
สวนท ี่ 2 สมุดอัตราเบี้ยประกันภัย สําหรับกรมธรรมป ระกันภัยอุบตั ิเหตสุ วนบุคคล
กรณีชําระเบยี้ ประกันภัยรายป และกรณชี ําระเบยี้ ประกันภัยรายเดือน โดยหัก
บัญชีธนาคารหรือบัตรเครดติ
สวนท ี่ 3 การยื่นขอรับความเห็นชอบใบคําขอเอาประกันภัย แบบและขอความและอัตรา
เบี้ยประกันภยั สําหรับกรมธรรมประกนั ภัยอุบัติเหตสุ วนบคุ คล กรณีชําระเบยี้
ประกันภัยรายป และกรณชี ําระเบยี้ ประกันภัยรายเดือนโดยหักบัญชีธนาคาร
หรือบัตรเครดติ
สวนที่ 1
ใบคําขอเอาประกันภัย แบบและขอความกรมธรรมประกันภัยอุบัติเหตุสว นบุคคล กรณีชําระ
เบี้ยประกันภยั รายป และกรณีชําระเบยี้ ประกันภัยรายเดือน โดยหักบัญชีธนาคารหรือบัตรเครดติ
ขอ 1 ใบคําขอเอาประกันภัยกรมธรรมประกันภัยอุบัตเิ หตุสวนบุคคล กรณีเสนอขายกรมธรรม
ประกันภัยผานตัวแทนประกันชีวติ หรือนายหนาประกันชีวติ
ขอ 2 แบบและขอความกรมธรรมประกันภัยอุบัตเิ หตุสว นบคุ คล
2.1 กรณีเสนอขายกรมธรรมประกันภัยผา นตัวแทนประกันชีวติ หรือนายหนาประกันชีวติ
1) แบบและขอความกรมธรรมประกันภัยอุบตั ิเหตสุ วนบุคคล (กรณีชําระเบี้ยประกันภัยรายป)
2) แบบและขอความกรมธรรมประกันภัยอุบัตเิ หตุสว นบุคคล (กรณีชําระเบี้ยประกันภยั
รายเดือน โดยหักบัญชธี นาคารหรือบัตรเครดิต)
2.2 กรณีเสนอขายกรมธรรมประกันภัยผา นทางโทรศพั ท
1) แบบและขอความกรมธรรมประกนั ภัยอุบตั ิเหตสุ วนบุคคล (กรณีชําระเบี้ยประกันภัยรายป)
2) แบบและขอความกรมธรรมประกันภัยอุบัตเิ หตุสว นบุคคล (กรณีชําระเบี้ยประกันภยั
รายเดือน โดยหักบัญชธี นาคารหรือบัตรเครดิต)
ขอ 1 ใบคําขอเอาประกันภัยกรมธรรมประกันภัยอุบัติเหตุสว นบุคคล กรณีเสนอขาย
กรมธรรมประกันภัยผานตัวแทนประกันชีวิต หรือนายหนาประกันชีวติ
ใบคําขอเอาประกันภัย
กรมธรรมประกันภัยอุบัติเหตุสวนบุคคล (cid:137) กรณีชําระเบี้ยประกันภัยรายป (cid:137) กรณีชําระเบี้ยประกันภัยรายเดือน
1. ผูขอเอาประกันภัย: ชื่อ __________________________________________________อายุ ______ โทร ________________โทรมือถือ ______________
ที่อยู ________________________________________________________________________ รหัสไปรษณีย __________________________________
(cid:137) บัตรประชาชน (cid:137) บัตรขาราชการ (cid:137) ใบสําคัญประจําตัวคนตางดาว (cid:137) หนังสือเดินทาง
เลขที่ _________________________ออกให ณ เขต หรือ อําเภอ _______________________ จังหวัด ____________________ประเทศ _______________
อายุ (ป) วัน เดือน ปเกิด ความสูง (ซม) น้ําหนัก (กก) สัญชาติ
อาชีพปจจุบัน ____________________________________________________________ ตําแหนง __________________________________________
ลักษณะงานที่ทําโดยสังเขป ____________________________________________________________ ชั้นอาชีพ _______________________________
เงินเดือน/คาจาง ปล ะ _______________________ บาท แหลงที่มา/หนวยงาน ______________________________________________________
2. ผูรับประโ",ประกันภัย,กฎหมาย คปภ.
oicpdf_00790,กฎหมายประกันภัย คปภ. 00790,"คําสั่งนายทะเบียน
ที่ 13/2541
เรื่อง ใหเพิ่มเติมเอกสารแนบทายกรมธรรมประกันภัยที่บริษัทประกันชีวิต
ออกใหกับผูเอาประกันภัย
------------------
ดวยนายทะเบ ียนไดพิจารณาแลว เห็นสมควรเพิ่มเอกสารแนบทายกรมธรรม
ประกันภัยที่บริษัทประกันชีวิตออกใหกับผูเอาประกันภัย ทั้งนี้เพื่อใหผูเอาประกันภัย ผูรับประโยชน
ตามกรมธรรมประกันภัยหรือทายาทโดยธรรมของผูเอาประกันภัย ไดรับเงินตามกรมธรรมประกันภัย
ดวยความรวดเร็ว
อาศ ัยอํานาจตามความในมาตรา 29 วรรคสอง แหงประกาศกระทรวงพาณิชย พ.ศ.
2535 นายทะเบียนมีคําสั่งดังตอไปนี้
ขอ 1 ใหบริษทั ออกเอกสารแนบทายกรมธรรมประกันภัยใหแกผูเอาประกันภัย โดย
มีขอความแนบทายคําสั่งนี้ ทั้งนี้ใหรวมถึงผูเอาประกันภัยที่บริษัทไดรับประกันภัยไวกอนวันที่คําสั่งนี้มี
ผลใชบังคับดวย
ขอ 2 คําสั่งนี้ใหใชบังคับตั้งแตวันที่ 1 มีนาคม 2541 เปนตนไป
สั่ง ณ วันที่ 2 มีนาคม 2541
พิพรรธน อินทรศัพท
(นายพิพรรธน อินทรศัพท)
อธิบดีกรมการประกันภัย
นายทะเบียน
บริษัท....................................................................................
บันทึกสลักหลังแนบทายกรมธรรมประกันภัย
ขอ 1. โดยบันทึกสลักหลังแนบทายกรมธรรมประกันภัยนี้ บริษัทสัญญาวาเมื่อผูเอาประกันภัย
ผูรับประโยชนหรือทายาทโดยธรรมของผูเอาประกันภัย ยื่นคําเรียกรองตอบริษัทเพื่อ
(1) ขอเวนคืนกรมธรรมประกันภัยเพื่อรับมูลคาเงินสด
(2) กูยืมเงินโดยมีกรมธรรมประกันภัยเปนประกัน
(3) ใหบริษัทจายเงินหรือคาสินไหมทดแทนการประกันภัยอุบัติเหตุ (ในกรณีไมเสียชีวิต)
การประกันสุขภาพ หรือ คารักษาพยาบาล
(4) ใหบริษัทจายเงินตามกรมธรรมประกันภัยนอกจาก (1) (2) และ (3) แตไมรวมถึงการ
จายเงินตามขอ 2
การย ื่นคําเรียกรองดังกลาว สามารถยื่นได ณ สํานักงานใหญของบริษัท หรือสํานัก
งานสาขาขาของบริษัททุกแหง
การจ ายตาม (1) บริษัทจะจายไมเกิน 20 วัน นับแตวันที่บริษัทไดร ับคําเรียกรอง
การจ ายตาม (2) บริษัทจะจายไมเกิน 15 วัน นับแตวันที่บริษัทไดรับคําเรียกรอง
การจ ายตาม (3) และ (4) บริษัทจะจายไมเกิน 15 วัน นับแตวันที่บริษัทไดรับ
คําเร ียกรอง
การน ับระยะเวลา 20 วัน หรือ 15 วัน ดังกลาว ใหนับตั้งแตวันที่บริษัทไดรับเอกสาร
ประกอบการพิจารณาจายครบถวนแลว
ขอ 2 ในกรณีการจายเงินเนื่องจากกรมธรรมประกันภัยครบกําหนดและการจายเงินปนผล บริษัทจะ
จายใหแกผูเอาประกันภัยไมเกิน 15 วัน นับแตวันที่บริษัทจะตองจาย
ขอ 3 ในกรณีที่บริษัทจายลาชากวาระยะเวลาที่กําหนดไวในขอ 1 หรือระยะเวลาที่ขยายออกไปตามขอ
4 บริษัทจะจายดอกเบี้ยใหอีกรอยละ 12 ตอป ของจํานวนเงินที่ตองจาย
ขอ 4 ในกรณีที่มีเหตุอันควรสงสัยวา การเรียกรองเพื่อใหบริษัทชดใชตามกรมธรรมประกันภัยตามขอ
1(3) และ (4) ไมเปนไปตามขอตกลงคุมครองในกรมธรรมประกันภัย ระยะเวลาที่กําหนดไว
อาจขยายออกไปไดตามความจําเปน แตทั้งนี้จะไมเกิน 90 วัน นับแตวันที่บริษัทไดรับเอกสาร
ครบถวนแลว
ภาระในการพ ิสูจนวา การเรียกรองเพื่อใหบริษัทชดใช ไมเปนไปตามขอตกลงใน
กรมธรรมประกันภัย เปนหนาที่ของบริษัทที่จะหาหลักฐานเพิ่มเติม ในการนี้ผูเอาประกันภัยหรือผูรับ
ประโยชนตองใหขอเท็จจริงและใหความสะดวกแกบริษัทตามสมควร
ขอ 5 เอกสารประกอบการพิจารณาการจายที่ตองยื่นตอบริษัทมีดังตอไปนี้
(ก) การเวนคืนกรมธรรมประกันภัยเพื่อรับมูลคาเงินสด และการกูยืมเงินโดยมีกรมธรรมประกันภัย
เปนประกัน
(1) กรมธรรมประกันภัย
(2) แบบฟอรมใบขอก",ประกันภัย,กฎหมาย คปภ.
oicpdf_00791,กฎหมายประกันภัย คปภ. 00791,"รายงานบัญชีรายชื่อผูถือหุน
บริษัท.............................จํากัด
ณ31 ธันวาคม....................
ตารางที่ 1
จํานวนหุนทั้งหมด มูลคาหุนละ ทุนบริษัท (หุนสามัญ) ทุนบริษัท (หุนบุริมสิทธิ) ผูถือหุนสามัญ ผูถือหุนบุริมสิทธิ
หุนสามัญ หุนบุริมสิทธิ หุนสามัญ หุนบุริมสิทธิ จดทะเบียน ชําระแลว จดทะเบียน ชําระแลว
ไทย ตางชาติ ไทย ตางชาติ
คน จํานวนหุนที่ถือ คน จํานวนหุนที่ถือ คน จํานวนหุนที่ถือ คน จํานวนหุนที่ถือ
ตารางที่ 2
รายชื่อผูถือหุนบุริมสิทธิ สัญชาติ จํานวนหุนที่ถือ
1. รายละเอียดผูถือหุน
2. รายละเอียดผูถือหุนตางชาติที่ถือหุนในบริษัท
ตารางที่3
รายละเอียดของเงื่อนไข/สิทธิ ของหุนบุริมสิทธิที่ตางจากหุนสามัญ
มีจํานวน_________________________ ขอ ดังนี้
ขอ 1 _____________________________
ขอ 2 _____________________________
ขอ 3 _____________________________
ขอ 4 _____________________________
ขอ 5 _____________________________",ประกันภัย,กฎหมาย คปภ.
oicpdf_00833,กฎหมายประกันภัย คปภ. 00833,"อัตราเบี้ยประกันอัคคีภัยตามลักษณะของภัย
อัตราเบี้ยประกันภัย (ตอจํานวนเงินเอาประกันภัยหนึ่งพนั บาท)
รหัส ลักษณะของภัย สถานที่ใชเปน อัตราเบี้ยประกันภัย ขอ
ช้นั 1 ช้นั 2 ช้นั 3 รับรองท ี่
ข้นั ตา่ํ ขั้นสูง ข้นั ตา่ํ ขั้นสูง ขั้นตา่ํ ข้นั สูง
- กระสอบปาน โรงงาน
1001 โกดังเก็บปอ 20.79 24.46 29.07 34.20 36.38 42.80 -
1002 โกดังเก็บกระสอบปาน 1.82 2.14 3.92 4.61 5.81 6.84 -
1003 กาแฟ ราน 1.29 1.52 2.79 3.28 4.16 4.89 -
- เครื่องบิน โรงเก็บ
1004 ไมประกอบการพนสี 1.53 1.81 3.67 4.32 5.49 6.46 14
1005 ประกอบการพนสี 2.06 2.42 4.56 5.37 6.86 8.08
- โกดังหรือคลังสินคาขายสง
1006 เก็บสินคาไมมีอันตราย 2.02 2.38 4.89 5.75 6.38 7.51 48
1007 เก็บสินคาอนั ตรายตามขอรบั รอง 49 2.91 3.42 7.03 8.27 10.50 12.35 49
1008 เก็บสินคาอนั ตรายตามขอรบั รอง 50 3.19 3.75 7.71 9.07 9.69 11.40 50
(ไมรวมถึงการเก็บปอและนนุ )
1009 เก็บสินคาอนั ตรายตามขอรบั รอง 51 11.35 13.35 16.84 19.81 21.44 25.22 51
(รวมทั้งการเก็บปอและนุนที่อดั เปนเบล)
1010 เก็บสินคาอนั ตรายโดยไมมขี อรับรองใด ๆ 22.13 26.03 29.84 35.10 34.76 40.90 -
1011 เก็บเฉพาะเหล็กเสน เสนลวดหนาม แผนสังกะสี 1.01 1.19 2.34 2.76 3.47 4.09 47
แผนอะลูมิเนียม เหล็กแผน แผนกระเบอื้ งซีเมนต 
ทอประปา (ซึ่งมิไดบรรจุในหีบ หอ หรือลัง)
1012 คลีนิก 0.85 1.00 1.86 2.19 2.79 3.28 -
1013 คอกมา 1.29 1.52 2.79 3.28 5.85 6.89 -
1
รหัส ลักษณะของภัย สถานที่ใชเปน อัตราเบี้ยประกันภัย ขอ
ช้นั 1 ช้นั 2 ช้นั 3 รับรองท ี่
ข้นั ตา่ํ ขั้นสูง ข้นั ตา่ํ ขั้นสูง ขั้นตา่ํ ข้นั สูง
1014 คาบาเรทหรือไนทคลับ 2.02 2.38 4.72 5.56 7.43 8.74 -
- สโตรหรอื รานคา ยอ ย
1015 มีขอรับรองที่ 48 1.74 2.04 4.00 4.70 6.02 7.08 48
1016 มีขอรับรองที่ 49 (ไมรวมการเก็บปอและนนุ ) 2.83 3.33 7.11 8.36 10.17 11.97 49
1017 จํานํา โรงรับ 1.25 1.47 2.79 3.28 4.16 4.89 44
1018 โทรศัพท ชุมสาย 0.89 1.05 1.86 2.19 2.79 3.28 -
1019 ซักรีดหรอื ซักแหง โรง - ราน 1.62 1.90 3.67 4.32 5.49 6.46 -
1020 ดดั ผม หรือหอ งเสริมสวย ราน - หอง 1.25 1.47 2.79 3.28 4.16 4.89 -
1021 เด็ก สถานรับเลี้ยง 0.81 0.95 1.86 2.19 2.83 3.33 -
- ตลาด
1022 ภายในตลาดไมมีการกั้นหอ ง 1.33 1.57 2.95 3.47 4.40 5.18 5
1023 ภายในตลาดกั้นหองดวยวัสดุทนไฟหรือกึ่งทนไฟ 2.14 2.52 4.76 5.61 7.11 8.36 6
- ถังเก็บน้ํามันเชอื้ เพลิง (Petroleum Tank)
1024 ตามขอรับรองที่ 7 ต่ําสดุ 0.97 สูงสุด 1.14 7
1025 ตามขอรับรองที่ 8 ต่ําสดุ 2.06 สูงสุด 2.42 8
1026 นอกเหนือจากรหัส 1024 และ 1025 ต่ําสดุ 3.11 สูงสุด 3.66 -
1027 ถายรปู ราน 1.62 1.90 3.67 4.32 5.49 6.46 -
1028 ทันตแพทย  คลีนิค 0.85 1.00 1.86 2.19 2.79 3.28 -
1029 ธนาคาร สํานักงาน 0.81 0.95 1.86 2.19 2.87 3.37 -
1030 น้ํามัน สถานอี ดั ฉดี และบริการ 1.78 2.09 4.32 5.08 5.85 6.89 9
1031 บันเทิง สถาน 2.50 2.95 5.98 7.03 14.74 17.34 -
2
รหัส ลักษณะของภัย สถานที่ใชเปน อัตราเบี้ยประกันภัย ขอ
ช้นั 1 ช้นั 2 ช้นั 3 รับรองท ี่
ข้นั ตา่ํ ขั้นสูง ข้นั ตา่ํ ขั้นสูง ขั้นตา่ํ ข้นั สูง
1032 บานอยอู าศัย 0.81 0.81 1.85 1.85 3.06 3.06 -
1033 บาร  2.02 2.38 4.80 5.65 7.15 8.41 -
1034 บิลเลียด หอง 1.49 1.76 3.43 4.04 5.13 6.03 53
1035 โบวลลิ่ง สถาน 1.17 1.38 2.79 3.28 4.16 4.89 -
1036 โบสถ  0.85 1.00 1.86 2.19 2.79 3.28 -
1037 ประปา การ 1.13 1.3",ประกันภัย,กฎหมาย คปภ.
oicpdf_00868,กฎหมายประกันภัย คปภ. 00868,"พระราชบัญญัติประกนั ชีวติ
พ.ศ. ๒๕๓๕
ภมู ิพลอดุลยเดช ป.ร.
ให้ไว้ ณ วันท่ ี ๔ เมษายน พ.ศ. ๒๕๓๕
เป็นปีท่ ี ๔๗ ในรัชกาลปัจจุบัน
พระบาทสมเดจ็ พระปรมินทรมหาภมู ิพลอดุลยเดช มีพระบรมราชโองการโปรดเกล้าฯ ให้ประกาศว่า
โดยท่เี ป็นการสมควรปรับปรงุ กฎหมายว่าด้วยการประกนั ชีวิต
จึงทรงพระกรุณาโปรดเกล้าฯ ให้ตราพระราชบัญญัติข้นึ ไว้โดยคาํ แนะนาํ และยนิ ยอมของสภานิติ
บัญญัติแห่งชาต ิ ทาํ หน้าท่รี ัฐสภา ดังต่อไปน้ี
มาตรา ๑ พระราชบัญญัตนิ ้ีเรียกว่า “พระราชบัญญัติประกนั ชีวิต พ.ศ. ๒๕๓๕”
มาตรา ๒ พระราชบัญญัตนิ ้ีให้ใช้บังคบั ต้ังแต่วันถดั จากวันประกาศในราชกจิ จานุเบกษาเป็นต้นไป
มาตรา ๓ ให้ยกเลิกพระราชบัญญัติประกนั ชีวิต พ.ศ. ๒๕๑๐
มาตรา ๔ พระราชบัญญัตนิ ้ีมิให้ใช้บังคบั แก่การประกอบธุรกจิ ประกนั ชีวิตของธนาคารออมสนิ ตาม
กฎหมายว่าด้วยธนาคารออมสนิ
มาตรา ๕ ในพระราชบัญญัติน้ี
“บริษัท” หมายความว่า บริษัทจาํ กดั หรือบริษัทมหาชนจาํ กดั ท่ไี ด้รับใบอนุญาตประกอบธุรกจิ
ประกนั ชีวิตตามพระราชบัญญัติน้ี และหมายความรวมถงึ สาขาของบริษัทประกนั ชีวติ ต่างประเทศท่ไี ด้รับ
ใบอนุญาตประกอบธุรกจิ ประกนั ชีวิตในราชอาณาจักรตามพระราชบญั ญัตนิ ้ีด้วย
“สาํ นักงานใหญ่” หมายความรวมถงึ สาํ นักงานสาขาของบริษัทประกนั ชีวิตต่างประเทศท่ไี ด้รับ
ใบอนุญาตประกอบธุรกจิ ประกนั ชีวิตในราชอาณาจักรตามพระราชบญั ญัตนิ ้ีด้วย
“การประกอบธุรกจิ ประกนั ชีวิต” หมายความรวมถงึ การประกอบธุรกจิ ประกนั ต่อด้วย
“เงินกองทุน” หมายความว่า ทรัพย์สนิ ส่วนท่เี กนิ กว่าหน้ีสนิ ของบริษัทตามราคาประเมินทรัพย์สนิ
และหน้ีสนิ ของบริษัทท่ปี ระเมินตามพระราชบัญญัติน้ี
2
“ตัวแทนประกนั ชีวิต” หมายความว่า ผู้ซ่ึงบริษัทมอบหมายให้ทาํ การชักชวนให้บุคคลทาํ
สญั ญาประกนั ชีวิตกบั บริษัท
“นายหน้าประกนั ชีวิต” หมายความว่า ผู้ช้ีช่องหรือจัดการให้บุคคลทาํ สญั ญาประกนั ชีวิตกบั บริษัท
โดยกระทาํ เพ่ือบาํ เหนจ็ เน่ืองจากการน้ัน
“กองทุน” หมายความว่า กองทุนเพ่ือการพัฒนาธุรกจิ ประกนั ชีวิต
“พนักงานเจ้าหน้าท่”ี หมายความว่า ผู้ซ่ึงรัฐมนตรีแต่งต้ังให้ปฏบิ ตั ิการตามพระราชบัญญัติน้ี
“นายทะเบียน” หมายความว่า เลขาธิการคณะกรรมการกํากบั และส่งเสริมการประกอบธุรกิจ
ประกนั ภยั หรือผู้ซ่ึงเลขาธิการคณะกรรมการกํากบั และส่งเสริมการประกอบธุรกิจประกนั ภยั มอบหมาย
“รัฐมนตรี” หมายความว่า รัฐมนตรีผู้รักษาการตามพระราชบัญญัตนิ ้ี
มาตรา ๖ ให้รัฐมนตรีว่าการกระทรวงการคลงั รักษาการตามพระราชบัญญัติน้ี และให้มีอาํ นาจ
แต่งต้ังพนักงานเจ้าหน้าท่กี บั ออกกฎกระทรวงกาํ หนดค่าธรรมเนียมไม่เกนิ อตั ราในบญั ชีท้ายพระราชบัญญัติ
น้ี และกาํ หนดกจิ การอ่นื เพ่ือปฏบิ ัติการตามพระราชบัญญัติน้ี กบั ออกประกาศตามบทแห่งพระราชบัญญัตนิ ้ี
กฎกระทรวงและประกาศน้นั เม่ือได้ประกาศในราชกจิ จานุเบกษาแล้วให้ใช้บังคบั ได้
หมวด ๑
บริษัท
มาตรา ๗ ภายใต้บังคับมาตรา ๘ การประกอบธุรกจิ ประกนั ชีวิตจะกระทาํ ได้เม่ือได้จัดต้ังข้นึ ในรปู
บริษัทจาํ กดั ตามประมวลกฎหมายแพ่งและพาณชิ ย์ หรือบริษัทมหาชนจาํ กดั ตามกฎหมายว่าด้วยบริษัท
มหาชนจาํ กดั และโดยได้รับใบอนุญาตประกอบธุรกจิ ประกนั ชีวิตจากรัฐมนตรีโดยอนุมัติคณะรัฐมนตรี
การจัดต้ังบริษัทจาํ กดั หรือบริษัทมหาชนจาํ กดั ตามวรรคหน่ึงต้องได้รับความเหน็ ชอบจากรัฐมนตรี
โดยอนุมตั ิคณะรัฐมนตรี ในการน้ีจะกาํ หนดเง่ือนไขให้ปฏบิ ัติก่อนให้ความเหน็ ชอบกไ็ ด้
เม่ือได้จดทะเบียนเป็นบริษัทจาํ กดั หรือบริษัทมหาชนจาํ กดั และได้วางหลักทรัพย์ประกนั ตามมาตรา
๒๐ กบั ท้งั ได้ดาํ รงไว้ซ่ึงเงินกองทุนตามม",ประกันภัย,กฎหมาย คปภ.
oicpdf_00875,กฎหมายประกันภัย คปภ. 00875,"-
:
(~""i).UU)
U~~fll~fl~~fll~U~~flUflfl
L~ f} -3 LUL 1't11-3UfiuGi1U m~fil flU c"";Ll Lati ~ m~~~""lJ f} -3U'iM'tU1 ~~flUfl fl
L~ f)1 rru~n~u~~nutifll 't1rJ~l~l~f)LL'li-3'lil'rUJ i f)cil~~U~~~'t15.f11'\ALj ~ 6J6JalPilLLa~A116J
.""
.""
ifu A~'lJf) ~n~m~1 U')""~fl~fll1 LLa~~51uLti f)r1U..\J.L ~""16J~{1~1l1"")""::uLu~ ~~~n~LLa~-5~A6J'fl)J~ U~~L't 1A~
L~(ir J')"".f11L'\LAaj ::&~fj\JA W~fl')""~6Jm')""5L~~ ""16JrJn~~v1'Uu')""~6Ja11 J \iUJu l ')""n-.vu~~n\Jtifal \JU')""::ffl) UrJi1rJ ~ LL't1 \J
"" ""
-I ""' ""' .J.J ""' ~ ~ .I ""'""' .I ~ ""'~1 .,1 1 "" ""'~"" .J
u')""::n\J.f1rJ't1LnrJ1nun~~6Jm')""u~~'t1u')""::n\J.f1rJ LLa~LL\J1't11~uJjUc;1 \JL')""f}~ A~~~')""l~ ~fU~6JUc;1 r1\Jl't1
co'"" "" "" L;:t'
LW~~'L)"" rJU')""fJrJLLa1
'lJf) ~u""1';;'t1u')""::n\JtirvJ1 '~na 11 L~ f)u""1,;{'t1u')""::n\J1\JAl tifJLLa~U~';;'t1u')""::n\J:ai11cf ); 1LtJ \JL\LJ 1't11~u!iUGci ;116J~
"" ""
LL\J""J't11rJu')""::mAU
""
.
"" .1 "",.J.,'i ')
~: :~ "", u')""~mA fU ~1'.!"""""" /'/ .tf~\1"""".fl6J '\~.A. 2549
~ / ~')iff [1) i),., JV
(
\Jl~~11'\Aj""a,d,' \JruJ1 ..:1')~""1\J'lf)
f)5U~n')""6Jnl'j'tI')""::n\J1TrJ
""
.
i
-
คูมือกรรมการบริษัทประกันภัย
บทที่ 1
บทบาทและหนาที่ของคณะกรรมการ
กรรมการเปนบุคคลที่ไดรับการแตงตั้งจากผูถือหุนใหทําหนาที่สอดสองดูแลการปฏิบัติหนาที่
ของฝายบริหาร ซึ่งฝายบริหารนั้นคือผูที่ไดรับมอบหมายใหจัดการงานประจําวันขององคกร ตาม
นโยบายที่คณะกรรมการกําหนดไว นอกจากนี้ กรรมการยังเปนตัวกลางระหวางผูถือหุนกับ
ฝายบริหารและทําหนาที่เพื่อประโยชนสูงสุดขององคกร ดังนั้น ในการตัดสินใจดําเนินการใดๆ คณะ
กรรมการควรกระทําอยางมีเหตุผลและมีอิสระภายในกรอบจริยธรรมที่ดี และควรคํานึงถึงประโยชน
ของบริษัทประกันภัยเปนสําคัญ โดยทั่วไป คณะกรรมการมีบทบาทใน 2 ดานหลัก คือ ดานการ
ปฏิบัติการ และดานการกํากับดูแล
บทบาทของคณะกรรมการดานปฏิบัติการ
1. การกําหนดกลยุทธ
เนื่องจากคณะกรรมการไมไดทําหนาที่บริหารงานประจําวัน แตจะมอบหมายใหฝาย
บริหารและเจาหนาที่ของบริษัทประกันภัยทําหนาที่ดังกลาว คณะกรรมการจึงตองจัดใหมีแผนระยะ
สั้นที่แสดงถึงเปาหมายที่ชัดเจนและสามารถวัดผลได และจัดใหมีแผนระยะยาวที่แสดงถึงวิสัยทัศน
และแนวคิดในการดําเนินธุรกิจโดยรวมและอนาคตของบริษัทประกันภัย รวมทั้งใหฝายบริหาร
ประเมินผลการปฏิบัติงานอยางสม่ําเสมอ และนําผลการดําเนินงานที่เบี่ยงเบนไปนําเสนอตอคณะ
กรรมการ และกําหนดใหฝายบริหารจัดหาขอมูลอื่นที่เปนประโยชนในการวางแผนและกําหนด
นโยบายแกคณะกรรมการเพื่อใชวิเคราะหปญหา สาเหตุ และพิจารณาตัดสินใจปรับปรุงกลยุทธหรือ
แผนธุรกิจใหเหมาะสมตอไป
2. การกําหนดนโยบาย
คณะกรรมการตองกําหนดนโยบายและแนวทางปฏิบัติเพื่อใหฝายบริหารนําแผน
กลยุทธทั้งระยะสั้นและระยะยาวไปปฏิบัติได สรางความชัดเจนเกี่ยวกับทิศทางในดานการดําเนินกิจ
การ และใชเปนเครื่องมือในการสื่อสารระหวางคณะกรรมการและฝายบริหาร นโยบายควรยืดหยุน
และสามารถปรับปรุงใหสอดคลองกับสถานการณทางธุรกิจได ครอบคลุมงานธุรกิจ เมื่อคณะ
กรรมการกําหนดนโยบายสําหรับบริษัทประกันภัยแลว ควรจัดใหมีการชี้แจงหรือมีระบบการถายทอด
ขอมูลใหบุคลากรทุกระดับขององคกร เพื่อสรางความเขาใจใหตรงกันและทําใหการดําเนินงานสอด
คลองกับนโยบายที่กําหนด นอกจากนี้ จะตองมีการทบทวนปรับปรุงนโยบายเปน ครั้งคราว เพื่อให
ทันกับเหตุการณที่เปลี่ยนแปลงไป
2
3. การคัดเลือกและถอดถอนบุคลากรฝ",ประกันภัย,กฎหมาย คปภ.
oicpdf_00976,กฎหมายประกันภัย คปภ. 00976,"ส ำนักงำนคณะกรรมกำรกฤษฎีกำ
ส ำนักงำนคณะกรรมกำรกฤษฎีกำ ส ำนักงำพนรคะณระำกชรบรมัญกญำรัตกิ ฤษฎีกำ ส ำนักงำนคณะกรรมกำรกฤษฎีกำ
ประกันว ินำศภัย
ส ำนักงำนคณะกรรมกำรกฤษฎีกำ พ .ศ. ๒ ๕ ๓ ๕ ส ำนักงำนคณะกรรมกำรกฤษฎีกำ
ส ำนักงำนคณะกรรมกำรกฤษฎีกำ ส ำนักงำนคณะกรรมกำรกฤษฎีกำ ส ำนักงำนคณะกรรมกำรกฤษฎีกำ
ภูมิพลอดุลยเดช ป.ร.
ส ำนักงำนคณะกรรมกำรกฤษฎีกำ ส ำนักงำนคณะกรรมกำรกฤษฎีกำ
ให้ไว้ ณ วันที่ ๔ เมษำยน พ.ศ. ๒๕๓๕
ส ำนักงำนคณะกรรมกำรกฤษฎีกำ เสป ำ็นนปักงีทำี่ น๔ค๗ณ ะในกรรรัชมกกำำลรกปฤัจษจฎุบีกันำ ส ำนักงำนคณะกรรมกำรกฤษฎีกำ
ส ำนพักรงะำนบคำณทสะกมรเรดม็จกพำรรกะฤปษรฎมีกินำท รมหำ ภ ูม ิพ ล สอ ำดนุลักยงเำดนชค ณมะีพกรระรบมกรำมรรกำฤชษโฎอีกงกำ ำรโปรดเกล้ำฯ
ให้ประกำศว่ำ
ส ำนักงำนคณะกรรมกำรกฤษฎีกำ ส ำนักงำนคณะกรรมกำรกฤษฎีกำ ส ำนักงำนคณะกรรมกำรกฤษฎีกำ
โดยที่เป็นกำรสมควรปรับปรุงกฎหมำยว่ำด้วยกำรประกันวินำศภัย
ส ำนักงำนคณะกรรมกำรกฤษฎีกำ ส ำนักงำนคณะกรรมกำรกฤษฎีกำ
ส ำนักงำนคณะกรรมกำรกฤจษึงฎทีกำร ง พระ ก ร ุณ ำ สโ ำปนรักดงำเกนคลณ้ำฯะก ใรหรม้ตกรำำรกพฤรษะฎรีกำำช บ ัญ ญ ัต ิข ึ้น สไว ำน้โดักงยำคน คำณแนะกะรนร มำกแำลระกฤษฎีกำ
ยินยอมของสภำนิติบัญญัติแห่งชำติ ท ำหน้ำที่รัฐสภ ำ ดังต่อไปนี้
ส ำน ักงำนคณะกรรมกำรกฤษฎีกำ ส ำนักงำนคณะกรรมกำรกฤษฎีกำ
มำตรำ ๑ พระรำชบัญญัตินี้เรียกว่ำ “พระรำชบัญญัติประกันวินำศภัย พ.ศ. ๒๕๓๕”
ส ำนักงำนคณะกรรมกำรกฤษฎีกำ ส ำนักงำนคณะกรรมกำรกฤษฎีกำ ส ำนักงำนคณะกรรมกำรกฤษฎีกำ
มำตรำ ๒๑ พระรำชบัญญัตินี้ให้ใช้บังคับตั้งแต่วันถัดจำกวันประกำศในรำชกิจจำ
ส ำนักงำนคณะกรรมกำรกฤษฎีกำ ส ำนักงำนคณะกรรมกำรกฤษฎีกำ
นุเบกษำเป็นต้นไป
ส ำนักงำนคณะกรรมกำรกฤ ษฎีกำ ส ำนักงำนคณะกรรมกำรกฤษฎีกำ ส ำนักงำนคณะกรรมกำรกฤษฎีกำ
มำตรำ ๓ ให้ยกเลิกพระรำชบัญญ ัติประกันวินำศภัย พ.ศ. ๒๕๑๐
ส ำน กั งำนคณะกรรมกำรกฤษฎีกำ ส ำนักงำนคณะกรรมกำรกฤษฎีกำ
มำตรำ ๔ ในพระรำชบัญญัตินี้
ส ำนักงำนคณะกรรมกำรกฤษฎีกำ ส ำนักงำนคณะกรรมกำรกฤษฎีกำ ส ำนักงำนคณะกรรมกำรกฤษฎีกำ
“วินำศภัย” หมำยควำมว่ำ ควำมเสียหำยอย่ำงใด ๆ บรรดำที่จะพึงประมำณเป็น
เงินได้ และหมำยควำมรวมถึงควำมสูญเสียในสิทธิ ผลประโยชน์ หรือรำยได้ด้วย
ส ำนักงำนคณะกรรมกำรกฤษฎีกำ ส ำนักงำนคณะกรรมกำรกฤษฎีกำ
“บริษัท”๒ หมำยควำมว่ำ บริษัทมหำชนจ ำกัดที่ได้รับใบอนุญำตประกอบธุรกิจ
ส ำนักงำปนรคะณกะันกรวรินมำกศำรภกัยฤตษฎำมีกำพ ระรำ ช บ ัญ ญ สั ำตนินักี้ งแำนลคะณหะมกำรยรมคกวำำรมกฤรษวฎมีกถำึง ส ำ ข ำ ข อ ง บ สร ำิษนัทักงปำรนะคกณันะกวรินรำมศกำภรัยกฤษฎีกำ
ต่ำงประเทศที่ได้รับใบอนุญำตประกอบธุรกิจประกันว ินำศภัยในรำชอำณำจักรตำมพระรำชบัญญัตินี้ด้วย
ส ำน“ักสง ำำนนคักณงะำกนรใรหมญกำ่”รก หฤษมฎำีกยำค วำมร ว ม ถ ึง สส ำ ำนนักักงงำำนนคสณำะขกำรรขมอกงำบรกรฤิษษัทฎปีกำร ะกันวินำศภัย
ต่ำงประเทศที่ได้รับใบอนุญำตประกอบธุรกิจประกันวินำศภัยในรำชอำณำจักรตำมพระรำชบัญญัตินี้ด้วย
ส ำนักงำนคณะกรรมกำรกฤษฎีกำ ส ำนักงำนคณะกรรมกำรกฤษฎีกำ ส ำนักงำนคณะกรรมกำรกฤษฎีกำ
“กำรประกอบธุรกิจประกันวินำศภัย” หมำยควำมรวมถึงกำรประกอบธุรกิจประกัน
ต่อด้วย
ส ำนักงำนคณะกรรมกำรกฤษฎีกำ ส ำนักงำนคณะกรรมกำรกฤษฎีกำ
“เงินกองทุน”๓ (ยกเลิก)
ส ำนักงำ น ค ณ ะ ก ร ร ม ก ำ ร ก ฤ ษ ฎ ีก ำ ส ำนักงำนคณะกรรมกำรกฤษฎีกำ ส ำนักงำนคณะกรรมกำรกฤษฎีกำ
๑ รำชกิจจำนุเบกษำ เล่ม ๑๐๙/ตอนท ี่ ๔๖/หน้ำ ๓๓/๑๐ เมษำยน ๒๕๓๕
๒ มำตรำ ๔ นิยำมค ำว่ำ “บริษัท” แก้ไข เพิ่มเติมโดยพระรำชบัญญัติประกันวินำศภัย (ฉบับที่ ๒) พ.ศ.
๒๕๕๑
- ๒ - ส ำนักงำนคณะกรรมกำรกฤษฎีกำ
“ตัวแทนประกันวินำศภัย",ประกันภัย,กฎหมาย คปภ.
oicpdf_00980,กฎหมายประกันภัย คปภ. 00980,"รหสั จงั หวดั รหสั เขต
01 เขตพระนคร
02 เขตดสุ ติ
03 เขตหนองจอก
04 เขตบางรกั
05 เขตบางเขน
06 เขตบางกะปิ
07 เขตปทุมวนั
08 เขตป้อมปราศตั รพู า่ ย
09 เขตพระโขนง
10 เขตมนี บุรี
11 เขตลาดกระบงั
12 เขตยานนาวา
13 เขตสมั พนั ธวงศ์
14 เขตพญาไท
15 เขตธนบุรี
16 เขตบางบอกใหญ่
17 เขตหว้ ยขวาง
18 เขตคลองสาน
19 เขตตลงิ0 ชนั
20 เขตบางกอกน้อย
10 กรงุ เทพมหานคร
21 เขตบางขนุ เทยี น
22 เขตภาษเีจรญิ
23 เขตหนองแขม
24 เขตราษฎรบ์ ูรณะ
25 เขตบางพลดั
26 เขตดนิ แดง
27 เขตบงึ กุ่ม
28 เขตสาธร
29 เขตบางช0อื
30 เขตจตุจกั ร
31 เขตบางคอแหลม
32 เขตประเวศ
33 เขตคลองเตย
34 เขตสวนหลวง
35 เขตจอมทอง
36 เขตดอนเมอื ง
37 เขตราชเทวี
38 เขตลาดพรา้ ว
39 เขตวฒั นา
40 เขตบางแค
รหสั จงั หวดั รหสั เขต
41 เขตหลกั ส0ี
42 เขตสายไหม
43 เขตคนั นายาว
44 เขตสะพานสงู
45 เขตวงั ทองหลาง
10 กรงุ เทพมหานคร
46 เขตคลองสามวา
47 เขตบางนา
48 เขตทววี ฒั นา
49 เขตทุ่งครุ
50 เขตบางบอน
รหสั จงั หวดั รหสั อาํ เภอ เมืองชนั(cid:17) 1 เมืองชนั(cid:17) 2 เมืองชนั(cid:17) 3
เมอื ง ทุกเขต (Block) ตามแผนทเ(cid:30)ีขตการรบั ประกนั ภยั ถอื เป็นเขตธรรมดาทวั(cid:30)ไป
01
F เขตอนั ตรายชนั"" ก.
02 บางบ่อ ทุกเขต (Block) ตามแผนทเ(cid:30)ีขตการรบั ประกนั ภยั ถอื เป็นเขตธรรมดาทวั(cid:30)ไป
03 บางพลี ทุกเขต (Block) ตามแผนทเ(cid:30)ีขตการรบั ประกนั ภยั ถอื เป็นเขตธรรมดาทวั(cid:30)ไป
11 สมทุ รปราการ
04 พระประแดง ทุกเขต (Block) ตามแผนทเ(cid:30)ีขตการรบั ประกนั ภยั ถอื เป็นเขตธรรมดาทวั(cid:30)ไป
05 พระสมทุ รเจดยี ์ ทุกเขต (Block) ตามแผนทเ(cid:30)ีขตการรบั ประกนั ภยั ถอื เป็นเขตธรรมดาทวั(cid:30)ไป
06 บางเสาธง ทุกเขต (Block) ตามแผนทเ(cid:30)ีขตการรบั ประกนั ภยั ถอื เป็นเขตธรรมดาทวั(cid:30)ไป
อ(cid:30)นื ๆ ทงั"" หมด
01 เมอื ง ทุกเขต (Block) ตามแผนทเ(cid:30)ีขตการรบั ประกนั ภยั ถอื เป็นเขตธรรมดาทวั(cid:30)ไป
02 บางกรวย ทุกเขต (Block) ตามแผนทเ(cid:30)ีขตการรบั ประกนั ภยั ถอื เป็นเขตธรรมดาทวั(cid:30)ไป
03 บางใหญ่ ทุกเขต (Block) ตามแผนทเ(cid:30)ีขตการรบั ประกนั ภยั ถอื เป็นเขตธรรมดาทวั(cid:30)ไป
12 นนทบุรี 04 บางบวั ทอง ทุกเขต (Block) ตามแผนทเ(cid:30)ีขตการรบั ประกนั ภยั ถอื เป็นเขตธรรมดาทวั(cid:30)ไป
05 ไทรน้อย ทุกเขต (Block) ตามแผนทเ(cid:30)ีขตการรบั ประกนั ภยั ถอื เป็นเขตธรรมดาทวั(cid:30)ไป
06 ปากเกรด็ ทุกเขต (Block) ตามแผนทเ(cid:30)ีขตการรบั ประกนั ภยั ถอื เป็นเขตธรรมดาทวั(cid:30)ไป
อ(cid:30)นื ๆ ทงั"" หมด
01 เมอื ง ทุกเขต (Block) ตามแผนทเ(cid:30)ีขตการรบั ประกนั ภยั ถอื เป็นเขตธรรมดาทวั(cid:30)ไป
คลองหลวง ทุกเขต (Block) ตามแผนทเ(cid:30)ีขตการรบั ประกนั ภยั ถอื เป็นเขตธรรมดาทวั(cid:30)ไป
02
ต.คลองหน(cid:30)ึง คลองหลวง ทุกเขต (Block) ตามแผนทเ(cid:30)ีขตการรบั ประกนั ภยั ถอื เป็นเขตธรรมดาทวั(cid:30)ไป
ธญั บุรี ทุกเขต (Block) ตามแผนทเ(cid:30)ีขตการรบั ประกนั ภยั ถอื เป็นเขตธรรมดาทวั(cid:30)ไป
03
ทต.ประชาธปิ ตั ย ์ธญั บุรี ทุกเขต (Block) ตามแผนทเ(cid:30)ีขตการรบั ประกนั ภยั ถอื เป็นเขตธรรมดาทวั(cid:30)ไป
13 ปทุมธานี 04 หนองเสอื เขตอําเภอ
05 ลาดหลุมแกว้ เขตอําเภอ
ลําลูกกา เขตอําเภอ
06
ทต.คคู ต ลําลูกกา ทุกเขต (Block) ตามแผนทเ(cid:30)ีขตการรบั ประกนั ภยั ถอื เป็นเขตธรรมดาทวั(cid:30)ไป
07 สามโคก เขตอําเภอ
อ(cid:30)นื ๆ ทงั"" หมด
01 พระนครศรอี ยธุ ยา ทุกเขต (Block) ตามแผนทเ(cid:30)ีขตการรบั ประกนั ภยั ถอื เป็นเขตธรรมดาทวั(cid:30)ไป
เขตอําเภอ
ท่าเรอื
02",ประกันภัย,กฎหมาย คปภ.
oicpdf_03045,กฎหมายประกันภัย คปภ. 03045,"หน้า ๑
เล่ม ๑๓๓ ตอนพิเศษ ๕๗ ง ราชกิจจานุเบกษา ๗ มีนาคม ๒๕๕๙
ระเบียบสํานักงานคณะกรรมการกํากับและส่งเสริมการประกอบธุรกิจประกันภัย
ว่าด้วยการไกล่เกลี่ยข้อพิพาทด้านการประกันภัย
พ.ศ. ๒๕๕๙
เพื่อเพิ่มประสิทธิภาพการคุ้มครองสิทธิประโยชน์ประชาชนด้านการประกันภัย ให้ได้รับ
ความคุ้มครองตามกรมธรรม์ประกันภัยและเพิ่มศักยภาพในการบริหารจัดการด้านสินไหมทดแทน
ให้มีประสิทธิภาพสูงสุด และเป็นการเพิ่มทางเลือกอีกทางหนึ่งให้กับประชาชนที่จะระงับข้อพิพาท
ด้านการประกันภัย โดยผู้ไกล่เกลี่ยที่เป็นผู้ชํานาญการ อาศัยอํานาจตามความในมาตรา ๓๖/๑
แห่งพระราชบัญญัติประกันวินาศภัย พ.ศ. ๒๕๓๕ แก้ไขเพิ่มเติมโดยพระราชบัญญัติประกันวินาศภัย
(ฉบับที่ ๒) พ.ศ. ๒๕๕๑ และมาตรา ๓๗/๑ แห่งพระราชบัญญัติประกันชีวิต พ.ศ. ๒๕๓๕ แก้ไขเพิ่มเติม
โดยพระราชบัญญัติประกันชีวิต (ฉบับที่ ๒) พ.ศ. ๒๕๕๑ ประกอบมาตรา ๓๒ (๒) แห่งพระราชบัญญัติ
คณะกรรมการกํากับและส่งเสริมการประกอบธุรกิจประกันภัย พ.ศ. ๒๕๕๐ และมติที่ประชุมคณะกรรมการ
กํากับและส่งเสริมการประกอบธุรกิจประกันภัย ครั้งที่ ๒/๒๕๕๙ เมื่อวันที่ ๒๗ กุมภาพันธ์ ๒๕๕๙
สํานักงานคณะกรรมการกํากับและส่งเสริมการประกอบธุรกิจประกันภัย จึงออกระเบียบไว้ ดังนี้
ข้อ ๑ ระเบียบนี้เรียกว่า “ระเบียบสํานักงานคณะกรรมการกํากับและส่งเสริมการประกอบ
ธุรกิจประกันภัย ว่าด้วยการไกล่เกลี่ยข้อพิพาทด้านการประกันภัย พ.ศ. ๒๕๕๙”
ข้อ ๒ ระเบียบนี้ให้ใชบ้ ังคับตั้งแต่วันถัดจากวันประกาศในราชกิจจานุเบกษาเป็นต้นไป
ข้อ ๓ บทนิยาม
“สํานักงาน” หมายความว่า สํานักงานคณะกรรมการกํากับและส่งเสริมการประกอบธุรกิจประกันภัย
“เลขาธิการ” หมายความว่า เลขาธิการคณะกรรมการกํากับและส่งเสริมการประกอบธุรกิจประกันภัย
หรือผู้ซึ่งเลขาธิการคณะกรรมการกํากับและส่งเสริมการประกอบธุรกิจประกันภัยมอบหมาย
“นายทะเบียน” หมายความว่า เลขาธิการคณะกรรมการกํากับและส่งเสริมการประกอบธุรกิจ
ประกันภัย หรือผู้ซึ่งเลขาธิการคณะกรรมการกํากับและส่งเสริมการประกอบธุรกิจประกันภัยมอบหมาย
“เจ้าหน้าที่” หมายความว่า พนักงานสํานักงาน ที่มีหน้าที่หรือได้รับมอบหมายให้มีหน้าที่
ในการพิจารณาข้อร้องเรียนและดําเนินการไกล่เกลี่ยข้อพิพาทด้านการประกันภัย
“ผู้ไกล่เกลี่ย” หมายความว่า ผู้ชํานาญการด้านกฎหมายว่าด้วยการประกันภัย หรือด้านอื่น ๆ
ที่เกี่ยวข้อง ซึ่งเป็นบุคคลภายนอก ทั้งนี้ รวมถึงคณะผู้ไกล่เกลี่ยด้วย ในกรณีที่มีการแต่งตั้งผู้ไกล่เกลี่ย
มากกว่าหนึ่งคนในข้อพิพาทเรื่องใด ๆ ที่ขึ้นทะเบียนรายชื่อผู้ชํานาญการและได้รับการแต่งตั้งให้ทําหน้าที่
เป็นผู้ไกล่เกลี่ยตามระเบียบนี้
“ผู้ร้องเรียน” หมายความว่า ผู้มีสิทธิได้รับชําระหนี้ตามสัญญาประกันภัยที่ยื่นคําร้อง
ต่อสํานักงาน ไม่ว่าจะยื่นโดยตรง หรือผ่านช่องทางต่าง ๆ ของสํานักงาน หรือหน่วยงานอื่นที่มีหน้าที่
รับเรื่องร้องเรียน ของประชาชนและสํานักงานได้รับเรื่องร้องเรียนดังกล่าว
หน้า ๒
เล่ม ๑๓๓ ตอนพิเศษ ๕๗ ง ราชกิจจานุเบกษา ๗ มีนาคม ๒๕๕๙
“ข้อพิพาท” หมายความว่า ข้อร้องเรียนเกี่ยวกับการประกันภัย การจ่ายค่าสินไหมทดแทน
การชดใช้เงินหรือประโยชน์อื่นใดตามสัญญาประกันภัย
“คําร้อง” หมายความว่า การกระทําด้วยวิธีการใด ๆ ที่ผู้ร้องเรียน ยื่นขอความเป็นธรรม
ต่อสํานักงาน ไม่ว่าจะยื่นโดยตรง หรือผ่านช่องทางต่าง ๆ ของสํานักงาน หรือหน่วยงานอื่นที่มีหน้าที่
รับเรื่องร้องเรียนของประชาชน และสํานักงานได้รับเรื่องร้องเรียนดังกล่าว
“บริษัท” หมายความว่า บริษัทตามกฎหมายว่าด้วยการประกันวินาศภัย และบริษัทตามกฎหมาย
ว่าด้วยการประกันชีวิต
“คู่กรณี” หมายความว่า ผู้ร้อง",ประกันภัย,กฎหมาย คปภ.
