sysid,title,article_text,law_group,law_type
oic_10124,แนวปฏิบัติเรื่อง โครงสร้าง คุณสมบัติ และข้อพึงปฏิบัติที่ดีของกรรมการ บริษัทประกันชีวิต และ บริษัทประกันวินาศภัย,[ข่าวประกาศ] 2014-05-27 แนวปฏิบัติเรื่อง โครงสร้าง คุณสมบัติ และข้อพึงปฏิบัติที่ดีของกรรมการ บริษัทประกันชีวิต และ บริษัทประกันวินาศภัย,ประกันภัย,ข่าวประกาศ
oic_10064,สรุปหลักเกณฑ์แบบและข้อความการประกันชีวิตแบบบำนาญ,[ข่าวประกาศ] 2014-05-27 สรุปหลักเกณฑ์แบบและข้อความการประกันชีวิตแบบบำนาญ,ประกันภัย,ข่าวประกาศ
oic_10065,สมเด็จพระเทพรัตนราชสุดาฯ สยามบรมราชกุมารี ทรงเสด็จพระราชดำเนิน เปิดอาคารสำนักงาน คปภ.,[ข่าวประกาศ] 2014-05-27 สมเด็จพระเทพรัตนราชสุดาฯ สยามบรมราชกุมารี ทรงเสด็จพระราชดำเนิน เปิดอาคารสำนักงาน คปภ.,ประกันภัย,ข่าวประกาศ
oic_10066,"รายชื่อผู้โชคดีที่ได้รับรางวัลในงาน ""สัปดาห์ประกันภัย","[ข่าวประกาศ] 2014-05-27 รายชื่อผู้โชคดีที่ได้รับรางวัลในงาน ""สัปดาห์ประกันภัย",ประกันภัย,ข่าวประกาศ
oic_10067,ผลการประกวดผลงาน โครงการยุวชนประกันภัย ปี 2552,[ข่าวประกาศ] 2014-05-27 ผลการประกวดผลงาน โครงการยุวชนประกันภัย ปี 2552,ประกันภัย,ข่าวประกาศ
oic_10068,การขอต่ออายุใบอนุญาต ครั้งที่ 4 เป็นต้นไป สำหรับตัวแทน/นายหน้า,[ข่าวประกาศ] 2014-05-27 การขอต่ออายุใบอนุญาต ครั้งที่ 4 เป็นต้นไป สำหรับตัวแทน/นายหน้า,ประกันภัย,ข่าวประกาศ
oic_10069,ประกาศสอบราคาจ้างจัดทำป้ายโฆษณากลางแจ้ง (ธงญี่ปุ่น),[ข่าวประกาศ] 2014-05-27 ประกาศสอบราคาจ้างจัดทำป้ายโฆษณากลางแจ้ง (ธงญี่ปุ่น),ประกันภัย,ข่าวประกาศ
oic_10070,ขอความร่วมมือแสดงความคิดเห็น ร่างประกาศฯ 4 เรื่อง,[ข่าวประกาศ] 2014-05-27 ขอความร่วมมือแสดงความคิดเห็น ร่างประกาศฯ 4 เรื่อง,ประกันภัย,ข่าวประกาศ
oic_10071,ประกาศกองทุนฯ เรื่อง บ.สัมพันธ์,[ข่าวประกาศ] 2014-05-27 ประกาศกองทุนฯ เรื่อง บ.สัมพันธ์,ประกันภัย,ข่าวประกาศ
oic_10072,ประกาศสอบราคาจ้างทำสื่อเผยแพร่ประชาสัมพันธ์,[ข่าวประกาศ] 2014-05-27 ประกาศสอบราคาจ้างทำสื่อเผยแพร่ประชาสัมพันธ์,ประกันภัย,ข่าวประกาศ
oic_10073,ประกาศสอบราคาซื้อวัสดุสำนักงาน และวัสดุไฟฟ้า,[ข่าวประกาศ] 2014-05-27 ประกาศสอบราคาซื้อวัสดุสำนักงาน และวัสดุไฟฟ้า,ประกันภัย,ข่าวประกาศ
oic_10074,ร่างประกาศฯ เรื่องการประเมินราคาฯ,[ข่าวประกาศ] 2014-05-27 ร่างประกาศฯ เรื่องการประเมินราคาฯ,ประกันภัย,ข่าวประกาศ
oic_10075,แนวทางปฏิบัติ เรื่อง คุณสมบัติของผู้บริหาร นักคณิตศาสตร์ประกันภัยและผู้สอบบัญชี ของบริษัทประกันภัย,[ข่าวประกาศ] 2014-05-27 แนวทางปฏิบัติ เรื่อง คุณสมบัติของผู้บริหาร นักคณิตศาสตร์ประกันภัยและผู้สอบบัญชี ของบริษัทประกันภัย,ประกันภัย,ข่าวประกาศ
oic_10076,สำนักงาน คปภ. เปลี่ยนแปลงพิธีจับรางวัลสำเนากรมธรรม์,[ข่าวประกาศ] 2014-05-27 สำนักงาน คปภ. เปลี่ยนแปลงพิธีจับรางวัลสำเนากรมธรรม์,ประกันภัย,ข่าวประกาศ
oic_10077,กำหนดหลักสูตรและวิธีการ การอบรมความรู้เกี่ยวกับการประกันชีวิต สำหรับผู้ขอรับและขอต่อใบอนุญาตฯ พ.ศ.2552 (ฉบับที่ 2),[ข่าวประกาศ] 2014-05-27 กำหนดหลักสูตรและวิธีการ การอบรมความรู้เกี่ยวกับการประกันชีวิต สำหรับผู้ขอรับและขอต่อใบอนุญาตฯ พ.ศ.2552 (ฉบับที่ 2),ประกันภัย,ข่าวประกาศ
oic_10078,แนวทางปฏิบัติ เรื่อง คุณสมบัติของผู้บริหาร นักคณิตศาสตร์ประกันภัยและผู้สอบบัญชี ของบริษัทประกันภัย,[ข่าวประกาศ] 2014-05-27 แนวทางปฏิบัติ เรื่อง คุณสมบัติของผู้บริหาร นักคณิตศาสตร์ประกันภัยและผู้สอบบัญชี ของบริษัทประกันภัย,ประกันภัย,ข่าวประกาศ
oic_10079,"จำหน่าย ""หนังสือชุดว่าด้วยการประกันภัย","[ข่าวประกาศ] 2014-05-27 จำหน่าย ""หนังสือชุดว่าด้วยการประกันภัย",ประกันภัย,ข่าวประกาศ
oic_10080,หลักเกณฑ์การมอบรางวัลประกันภัยดีเด่น ประจำปี 2551,[ข่าวประกาศ] 2014-05-27 หลักเกณฑ์การมอบรางวัลประกันภัยดีเด่น ประจำปี 2551,ประกันภัย,ข่าวประกาศ
oic_10081,ประกาศสอบราคาจ้าง,[ข่าวประกาศ] 2014-05-27 ประกาศสอบราคาจ้าง,ประกันภัย,ข่าวประกาศ
oic_10082,ปิดรับสมัครสอบในงานสัปดาห์ประกันภัย,[ข่าวประกาศ] 2014-05-27 ปิดรับสมัครสอบในงานสัปดาห์ประกันภัย,ประกันภัย,ข่าวประกาศ
oic_10083,ระเบียบกองทุนฯ,[ข่าวประกาศ] 2014-05-27 ระเบียบกองทุนฯ,ประกันภัย,ข่าวประกาศ
oic_10084,บันทึกความเข้าใจระหว่างสำนักงาน คปภ. กับหน่วยงานกำกับดูแลต่าง ๆ,[ข่าวประกาศ] 2014-05-27 บันทึกความเข้าใจระหว่างสำนักงาน คปภ. กับหน่วยงานกำกับดูแลต่าง ๆ,ประกันภัย,ข่าวประกาศ
oic_10085,ขอรับฟังความคิดเห็นร่างประกาศจำนวน 5 ฉบับ,[ข่าวประกาศ] 2014-05-27 ขอรับฟังความคิดเห็นร่างประกาศจำนวน 5 ฉบับ,ประกันภัย,ข่าวประกาศ
oic_10086,รายชื่อบริษัทประกันภัยที่ถูกลงโทษปรับ,[ข่าวประกาศ] 2014-05-27 รายชื่อบริษัทประกันภัยที่ถูกลงโทษปรับ,ประกันภัย,ข่าวประกาศ
oic_10087,ประกาศสอบราคาจ้าง,[ข่าวประกาศ] 2014-05-27 ประกาศสอบราคาจ้าง,ประกันภัย,ข่าวประกาศ
oic_10088,หลักเกณฑ์การตัดสินการประกวดฯ โครงการยุวชนประกันภัย,[ข่าวประกาศ] 2014-05-27 หลักเกณฑ์การตัดสินการประกวดฯ โครงการยุวชนประกันภัย,ประกันภัย,ข่าวประกาศ
oic_10089,หลักเกณฑ์การมอบรางวัลดีเด่น ประจำปี 2551,[ข่าวประกาศ] 2014-05-27 หลักเกณฑ์การมอบรางวัลดีเด่น ประจำปี 2551,ประกันภัย,ข่าวประกาศ
oic_10090,การอบรมความรู้เกี่ยวกับการประกันวินาศภัย สำหรับผู้ขอรับและขอต่อใบอนุญาตฯ พ.ศ.2552 (ฉบับที่ 2),[ข่าวประกาศ] 2014-05-27 การอบรมความรู้เกี่ยวกับการประกันวินาศภัย สำหรับผู้ขอรับและขอต่อใบอนุญาตฯ พ.ศ.2552 (ฉบับที่ 2),ประกันภัย,ข่าวประกาศ
oic_10091,ร่างประกาศ เรื่อง การประกันภัยต่อของบริษัทฯ,[ข่าวประกาศ] 2014-05-27 ร่างประกาศ เรื่อง การประกันภัยต่อของบริษัทฯ,ประกันภัย,ข่าวประกาศ
oic_10092,ประกาศสอบราคาจ้างจัดทำป้ายโฆษณากลางแจ้ง (ธงญี่ปุ่น),[ข่าวประกาศ] 2014-05-27 ประกาศสอบราคาจ้างจัดทำป้ายโฆษณากลางแจ้ง (ธงญี่ปุ่น),ประกันภัย,ข่าวประกาศ
oic_10093,กำหนดหลักสูตรและวิธีการ การอบรมความรู้เกี่ยวกับการประกันชีวิต สำหรับผู้ขอรับและขอต่อใบอนุญาตฯ พ.ศ.2552 (ฉบับที่ 2),[ข่าวประกาศ] 2014-05-27 กำหนดหลักสูตรและวิธีการ การอบรมความรู้เกี่ยวกับการประกันชีวิต สำหรับผู้ขอรับและขอต่อใบอนุญาตฯ พ.ศ.2552 (ฉบับที่ 2),ประกันภัย,ข่าวประกาศ
oic_10094,ร่างประกาศ เรื่อง การประกันภัยต่อของบริษัทฯ,[ข่าวประกาศ] 2014-05-27 ร่างประกาศ เรื่อง การประกันภัยต่อของบริษัทฯ,ประกันภัย,ข่าวประกาศ
oic_10095,บันทึกข้อตกลงความร่วมมือ (MOU) กับ 2 หน่วยงาน,[ข่าวประกาศ] 2014-05-27 บันทึกข้อตกลงความร่วมมือ (MOU) กับ 2 หน่วยงาน,ประกันภัย,ข่าวประกาศ
oic_10096,การประเมินราคาทรัพย์สินและหนี้สินของบริษัทประกันชีวิต /วินาศภัย,[ข่าวประกาศ] 2014-05-27 การประเมินราคาทรัพย์สินและหนี้สินของบริษัทประกันชีวิต /วินาศภัย,ประกันภัย,ข่าวประกาศ
oic_10097,หลักเกณฑ์การให้ความเห็นชอบแบบและข้อความกรมกรรม์ประกันภัย และอัตราเบี้ยประกันภัย สำหรับการประกันชีวิตแบบบำนาญ พ.ศ.2552,[ข่าวประกาศ] 2014-05-27 หลักเกณฑ์การให้ความเห็นชอบแบบและข้อความกรมกรรม์ประกันภัย และอัตราเบี้ยประกันภัย สำหรับการประกันชีวิตแบบบำนาญ พ.ศ.2552,ประกันภัย,ข่าวประกาศ
oic_10098,คปภ.ลดเบี้ยประกันอัคคีภัย,[ข่าวประกาศ] 2014-05-27 คปภ.ลดเบี้ยประกันอัคคีภัย,ประกันภัย,ข่าวประกาศ
oic_10099,ร่างประกาศเรื่องระเบียบปฏิบัติเกี่ยวกับการวางและการขอคืนเงินสำรองฯ,[ข่าวประกาศ] 2014-05-27 ร่างประกาศเรื่องระเบียบปฏิบัติเกี่ยวกับการวางและการขอคืนเงินสำรองฯ,ประกันภัย,ข่าวประกาศ
oic_10100,สอบราคาจ้างเหมาเช่ารถบัสปรับอากาศ รับ-ส่ง พนักงาน,[ข่าวประกาศ] 2014-05-27 สอบราคาจ้างเหมาเช่ารถบัสปรับอากาศ รับ-ส่ง พนักงาน,ประกันภัย,ข่าวประกาศ
oic_10101,ประกวดราคาซื้อรถยนต์ประจำตำแหน่ง,[ข่าวประกาศ] 2014-05-27 ประกวดราคาซื้อรถยนต์ประจำตำแหน่ง,ประกันภัย,ข่าวประกาศ
oic_10102,แผนอบรมการต่ออายุตัวแทน/นายหน้า ของสำนักงาน คปภ. ภาค,[ข่าวประกาศ] 2014-05-27 แผนอบรมการต่ออายุตัวแทน/นายหน้า ของสำนักงาน คปภ. ภาค,ประกันภัย,ข่าวประกาศ
oic_10103,หลักเกณฑ์ วิธีการ และเงื่อนไขการวางเงินสำรองประกันภัยของธุรกิจประกันชีวิต/วินาศภัย พ.ศ.2552,[ข่าวประกาศ] 2014-05-27 หลักเกณฑ์ วิธีการ และเงื่อนไขการวางเงินสำรองประกันภัยของธุรกิจประกันชีวิต/วินาศภัย พ.ศ.2552,ประกันภัย,ข่าวประกาศ
oic_10104,template Excel สำหรับโหลดแผนจัดอบรมตัวแทน/นายหน้า ปี 2553,[ข่าวประกาศ] 2014-05-27 template Excel สำหรับโหลดแผนจัดอบรมตัวแทน/นายหน้า ปี 2553,ประกันภัย,ข่าวประกาศ
oic_10105,ร่างประกาศ คปภ. เรื่อง การจำแนกประเภทค่าใช้จ่ายประกันชีวิต/ประกันวินาศภัย,[ข่าวประกาศ] 2014-05-27 ร่างประกาศ คปภ. เรื่อง การจำแนกประเภทค่าใช้จ่ายประกันชีวิต/ประกันวินาศภัย,ประกันภัย,ข่าวประกาศ
oic_10106,การนำหลักใช้หลัก cash before cover และการรับชำระเบี้ยประกันภัย,[ข่าวประกาศ] 2014-05-27 การนำหลักใช้หลัก cash before cover และการรับชำระเบี้ยประกันภัย,ประกันภัย,ข่าวประกาศ
oic_10107,การนำหลักใช้หลัก cash before cover และการรับชำระเบี้ยประกันภัย,[ข่าวประกาศ] 2014-05-27 การนำหลักใช้หลัก cash before cover และการรับชำระเบี้ยประกันภัย,ประกันภัย,ข่าวประกาศ
oic_10108,บันทึกข้อตกลงความร่วมมือ (MOU) กับ 2 หน่วยงาน,[ข่าวประกาศ] 2014-05-27 บันทึกข้อตกลงความร่วมมือ (MOU) กับ 2 หน่วยงาน,ประกันภัย,ข่าวประกาศ
oic_10109,สอบราคาเช่าครุภัณฑ์สำนักงาน - เครื่องถ่ายเอกสาร ปี 2553,[ข่าวประกาศ] 2014-05-27 สอบราคาเช่าครุภัณฑ์สำนักงาน - เครื่องถ่ายเอกสาร ปี 2553,ประกันภัย,ข่าวประกาศ
oic_10110,ประกาศสอบราคาจ้างเหมาเช่ารถยนต์โดยสารปรับอากาศ,[ข่าวประกาศ] 2014-05-27 ประกาศสอบราคาจ้างเหมาเช่ารถยนต์โดยสารปรับอากาศ,ประกันภัย,ข่าวประกาศ
oic_10111,สอบราคาจ้างเหมาทำความสะอาดอาคารสำนักงาน คปภ. ปี พ.ศ.2553,[ข่าวประกาศ] 2014-05-27 สอบราคาจ้างเหมาทำความสะอาดอาคารสำนักงาน คปภ. ปี พ.ศ.2553,ประกันภัย,ข่าวประกาศ
oic_10112,รายชื่อผู้มีสิทธิ์เข้ารับการอบรมหลักสูตรขอต่ออายุใบอนุญาตฯ ครั้งที่ 4 รุ่นที่ 10,[ข่าวประกาศ] 2014-05-27 รายชื่อผู้มีสิทธิ์เข้ารับการอบรมหลักสูตรขอต่ออายุใบอนุญาตฯ ครั้งที่ 4 รุ่นที่ 10,ประกันภัย,ข่าวประกาศ
oic_10113,รายงานงบการเงินของสำนักงาน คปภ.,[ข่าวประกาศ] 2014-05-27 รายงานงบการเงินของสำนักงาน คปภ.,ประกันภัย,ข่าวประกาศ
oic_10114,ข้อกำหนดสำนักงาน คปภ. ว่าด้วยการพิจารณาจำหน่ายลูกหนี้ฯ,[ข่าวประกาศ] 2014-05-27 ข้อกำหนดสำนักงาน คปภ. ว่าด้วยการพิจารณาจำหน่ายลูกหนี้ฯ,ประกันภัย,ข่าวประกาศ
oic_10115,ข้อกำหนดสำนักงาน คปภ. ว่าด้วยการพิจารณาจำหน่ายลูกหนี้ฯ,[ข่าวประกาศ] 2014-05-27 ข้อกำหนดสำนักงาน คปภ. ว่าด้วยการพิจารณาจำหน่ายลูกหนี้ฯ,ประกันภัย,ข่าวประกาศ
oic_10116,ประกาศสอบราคาจ้าง 3 เรื่อง,[ข่าวประกาศ] 2014-05-27 ประกาศสอบราคาจ้าง 3 เรื่อง,ประกันภัย,ข่าวประกาศ
oic_10117,ประกาศประกวดราคา 3 เรื่อง,[ข่าวประกาศ] 2014-05-27 ประกาศประกวดราคา 3 เรื่อง,ประกันภัย,ข่าวประกาศ
oic_10118,ประกาศประกวดราคา 3 เรื่อง,[ข่าวประกาศ] 2014-05-27 ประกาศประกวดราคา 3 เรื่อง,ประกันภัย,ข่าวประกาศ
oic_10119,การประชุมแถลงนโยบายฯ สำนักงาน คปภ. ปี 2553 ในวันที่ 19-20 พ.ย. 2552,[ข่าวประกาศ] 2014-05-27 การประชุมแถลงนโยบายฯ สำนักงาน คปภ. ปี 2553 ในวันที่ 19-20 พ.ย. 2552,ประกันภัย,ข่าวประกาศ
oic_10120,รายงานงบการเงิน สำนักงาน คปภ.,[ข่าวประกาศ] 2014-05-27 รายงานงบการเงิน สำนักงาน คปภ.,ประกันภัย,ข่าวประกาศ
oic_10121,สรุปผลการประชุม เรื่อง Cash Before Cover,[ข่าวประกาศ] 2014-05-27 สรุปผลการประชุม เรื่อง Cash Before Cover,ประกันภัย,ข่าวประกาศ
oic_10122,สรุปผลการประชุม เรื่อง Cash Before Cover,[ข่าวประกาศ] 2014-05-27 สรุปผลการประชุม เรื่อง Cash Before Cover,ประกันภัย,ข่าวประกาศ
oic_10123,ประกาศสอบราคาจ้างเหมาเช่ารถยนต์โดยสารปรับอากาศ,[ข่าวประกาศ] 2014-05-27 ประกาศสอบราคาจ้างเหมาเช่ารถยนต์โดยสารปรับอากาศ,ประกันภัย,ข่าวประกาศ
oic_10010,สอบราคาจ้างสำรวจความพึงพอใจของผู้ใช้บริการกับสำนักงาน คปภ.,[ข่าวประกาศ] 2014-05-27 สอบราคาจ้างสำรวจความพึงพอใจของผู้ใช้บริการกับสำนักงาน คปภ.,ประกันภัย,ข่าวประกาศ
oic_10011,ให้บริษัทดำเนินการทดสอบการดำรงเงินกองทุนตามระดับความเสี่ยงฯ,[ข่าวประกาศ] 2014-05-27 ให้บริษัทดำเนินการทดสอบการดำรงเงินกองทุนตามระดับความเสี่ยงฯ,ประกันภัย,ข่าวประกาศ
oic_10012,การสมัครงานในตำแหน่งที่ว่างของบรรษัทประกันภัยต่อแห่งเอเชีย,[ข่าวประกาศ] 2014-05-27 การสมัครงานในตำแหน่งที่ว่างของบรรษัทประกันภัยต่อแห่งเอเชีย,ประกันภัย,ข่าวประกาศ
oic_10013,รายชื่อบริษัทประกันภัยที่ถูกลงโทษปรับ,[ข่าวประกาศ] 2014-05-27 รายชื่อบริษัทประกันภัยที่ถูกลงโทษปรับ,ประกันภัย,ข่าวประกาศ
oic_10014,ประกาศกองทุนประกันวินาศภัย เรื่อง บ.สัมพันธ์,[ข่าวประกาศ] 2014-05-27 ประกาศกองทุนประกันวินาศภัย เรื่อง บ.สัมพันธ์,ประกันภัย,ข่าวประกาศ
oic_10015,รายชื่อผู้เข้ารับการอบรมต่ออายุใบอนุญาตฯ ครั้งที่ 4 วันที่ 21-23 เม.ย. 2553,[ข่าวประกาศ] 2014-05-27 รายชื่อผู้เข้ารับการอบรมต่ออายุใบอนุญาตฯ ครั้งที่ 4 วันที่ 21-23 เม.ย. 2553,ประกันภัย,ข่าวประกาศ
oic_10016,ประกวดราคาจัดซื้อรถยนต์ประจำตำแหน่ง,[ข่าวประกาศ] 2014-05-27 ประกวดราคาจัดซื้อรถยนต์ประจำตำแหน่ง,ประกันภัย,ข่าวประกาศ
oic_10017,สอบราคาจ้างประชาสัมพันธ์ โครงการปลูกจิตสำนึกฯ ผ่านสื่อวิทยุ,[ข่าวประกาศ] 2014-05-27 สอบราคาจ้างประชาสัมพันธ์ โครงการปลูกจิตสำนึกฯ ผ่านสื่อวิทยุ,ประกันภัย,ข่าวประกาศ
oic_10018,"การสอบราคาจ้างซื้ออุปกรณ์ ""โครงการพัฒนาการออกใบอนุญาตฯ","[ข่าวประกาศ] 2014-05-27 การสอบราคาจ้างซื้ออุปกรณ์ ""โครงการพัฒนาการออกใบอนุญาตฯ",ประกันภัย,ข่าวประกาศ
oic_10019,การเปลี่ยนแปลงสถานที่และเวลาทำการของบริษัทประกันภัยเป็นการชั่วคราว,[ข่าวประกาศ] 2014-05-27 การเปลี่ยนแปลงสถานที่และเวลาทำการของบริษัทประกันภัยเป็นการชั่วคราว,ประกันภัย,ข่าวประกาศ
oic_10020,สอบราคาจ้างจัดทำรายงานประจำปี ฯ,[ข่าวประกาศ] 2014-05-27 สอบราคาจ้างจัดทำรายงานประจำปี ฯ,ประกันภัย,ข่าวประกาศ
oic_10021,สอบราคาจ้างสำรวจความพึงพอใจของผู้ใช้บริการกับสำนักงาน คปภ.,[ข่าวประกาศ] 2014-05-27 สอบราคาจ้างสำรวจความพึงพอใจของผู้ใช้บริการกับสำนักงาน คปภ.,ประกันภัย,ข่าวประกาศ
oic_10022,คำชี้แจงการนำส่งงบการเงินของบริษัทประกันภัย,[ข่าวประกาศ] 2014-05-27 คำชี้แจงการนำส่งงบการเงินของบริษัทประกันภัย,ประกันภัย,ข่าวประกาศ
oic_10023,สอบราคาจ้างจัดทำรายงานประจำปี ฯ,[ข่าวประกาศ] 2014-05-27 สอบราคาจ้างจัดทำรายงานประจำปี ฯ,ประกันภัย,ข่าวประกาศ
oic_10024,สอบราคาจ้างประชาสัมพันธ์ โครงการฯ ผ่านสื่อสิ่งพิมพ์,[ข่าวประกาศ] 2014-05-27 สอบราคาจ้างประชาสัมพันธ์ โครงการฯ ผ่านสื่อสิ่งพิมพ์,ประกันภัย,ข่าวประกาศ
oic_10025,กำหนดการอบรม/สอบ ไมโครอินชัวรันส์ ครั้งที่ 2,[ข่าวประกาศ] 2014-05-27 กำหนดการอบรม/สอบ ไมโครอินชัวรันส์ ครั้งที่ 2,ประกันภัย,ข่าวประกาศ
oic_10026,ประกาศผลการคัดเลือกผู้จัดการกองทุนประกันวินาศภัย,[ข่าวประกาศ] 2014-05-27 ประกาศผลการคัดเลือกผู้จัดการกองทุนประกันวินาศภัย,ประกันภัย,ข่าวประกาศ
oic_10027,หลักเกณฑ์การให้ความเห็นชอบแบบ ข้อความและอัตราเบี้ยประกันภัยกรมธรรม์ประกันภัยอุบัติเหตุส่วนบุคคลกรณีชำระเบี้ยประกันภัยรายปี และกรณีชำระเบี้ยประกันภัยรายเดือน โดยหักบัญชีธนาคารหรือบัตรเครดิต,[ข่าวประกาศ] 2014-05-27 หลักเกณฑ์การให้ความเห็นชอบแบบ ข้อความและอัตราเบี้ยประกันภัยกรมธรรม์ประกันภัยอุบัติเหตุส่วนบุคคลกรณีชำระเบี้ยประกันภัยรายปี และกรณีชำระเบี้ยประกันภัยรายเดือน โดยหักบัญชีธนาคารหรือบัตรเครดิต,ประกันภัย,ข่าวประกาศ
oic_10028,กำหนดแบบและขนาดอักษรที่ใช้ในกรมธรรม์ประกันชีวิต,[ข่าวประกาศ] 2014-05-27 กำหนดแบบและขนาดอักษรที่ใช้ในกรมธรรม์ประกันชีวิต,ประกันภัย,ข่าวประกาศ
oic_10029,การประชุมหารือเกี่ยวกับแผนพัฒนาธุรกิจประกันภัย ฉบับที่ 2,[ข่าวประกาศ] 2014-05-27 การประชุมหารือเกี่ยวกับแผนพัฒนาธุรกิจประกันภัย ฉบับที่ 2,ประกันภัย,ข่าวประกาศ
oic_10030,ประกาศเกี่ยวกับการประกันรายย่อย,[ข่าวประกาศ] 2014-05-27 ประกาศเกี่ยวกับการประกันรายย่อย,ประกันภัย,ข่าวประกาศ
oic_10031,ร่างประกาศ คปภ. เรื่องหลักเกณฑ์ วิธีการ เงื่อนไข และระยะเวลาในการจัดทำและยื่นงบการเงินและรายงานเกี่ยวกับผลการดำเนินงานฯ,[ข่าวประกาศ] 2014-05-27 ร่างประกาศ คปภ. เรื่องหลักเกณฑ์ วิธีการ เงื่อนไข และระยะเวลาในการจัดทำและยื่นงบการเงินและรายงานเกี่ยวกับผลการดำเนินงานฯ,ประกันภัย,ข่าวประกาศ
oic_10032,ประกวดราคาเช่าบริการเครือข่ายคอมพิวเตอร์ สำนักงาน คปภ. ปี 2553,[ข่าวประกาศ] 2014-05-27 ประกวดราคาเช่าบริการเครือข่ายคอมพิวเตอร์ สำนักงาน คปภ. ปี 2553,ประกันภัย,ข่าวประกาศ
oic_10033,ร่างประกาศฯ เรื่อง หลักเกณฑ์ วิธีการ และเงื่อนไขในการรับเงิน การจ่ายเงิน การตรวจสอบ และการควบคุมภายในของบริษัทประกันภัย,[ข่าวประกาศ] 2014-05-27 ร่างประกาศฯ เรื่อง หลักเกณฑ์ วิธีการ และเงื่อนไขในการรับเงิน การจ่ายเงิน การตรวจสอบ และการควบคุมภายในของบริษัทประกันภัย,ประกันภัย,ข่าวประกาศ
oic_10034,ร่างระเบียบการวางเงินและคืนเงินสำรองสำหรับเบี้ยประกันภัย พ.ศ. 2553,[ข่าวประกาศ] 2014-05-27 ร่างระเบียบการวางเงินและคืนเงินสำรองสำหรับเบี้ยประกันภัย พ.ศ. 2553,ประกันภัย,ข่าวประกาศ
oic_10035,คปภ. แจงกรณีสั่งให้ควบคุมบริษัท ฟินันซ่าประกันชีวิต จำกัด,[ข่าวประกาศ] 2014-05-27 คปภ. แจงกรณีสั่งให้ควบคุมบริษัท ฟินันซ่าประกันชีวิต จำกัด,ประกันภัย,ข่าวประกาศ
oic_10036,คำสั่งนายทะเบียนที่ 20/2553 ให้บริษัท ลิเบอร์ตี้ประกันภัย จำกัด หยุดการรับประกันภัยเป็นการชั่วครา,[ข่าวประกาศ] 2014-05-27 คำสั่งนายทะเบียนที่ 20/2553 ให้บริษัท ลิเบอร์ตี้ประกันภัย จำกัด หยุดการรับประกันภัยเป็นการชั่วครา,ประกันภัย,ข่าวประกาศ
oic_10037,กำหนดการจ่ายเงินอื่น ของบริษัท ลิเบอร์ตี้ประกันภัย จำกัด ที่นายทะเบียนมีคำสั่งให้หยุดรับประกันภัยเป็นการชั่วคราว,[ข่าวประกาศ] 2014-05-27 กำหนดการจ่ายเงินอื่น ของบริษัท ลิเบอร์ตี้ประกันภัย จำกัด ที่นายทะเบียนมีคำสั่งให้หยุดรับประกันภัยเป็นการชั่วคราว,ประกันภัย,ข่าวประกาศ
oic_10038,คำสั้ง ศอฉ. เกี่ยวกับการทำธุรกรรมทางการเงิน,[ข่าวประกาศ] 2014-05-27 คำสั้ง ศอฉ. เกี่ยวกับการทำธุรกรรมทางการเงิน,ประกันภัย,ข่าวประกาศ
oic_10039,คำสั่งกระทรวงการคลัง ที่ 477/2553 เรื่อง ให้ควบคุมบริษัท ฟินันซ่าประกันชีวิต จำกัด,[ข่าวประกาศ] 2014-05-27 คำสั่งกระทรวงการคลัง ที่ 477/2553 เรื่อง ให้ควบคุมบริษัท ฟินันซ่าประกันชีวิต จำกัด,ประกันภัย,ข่าวประกาศ
oic_10040,สัมมนาเชิงปฏิบัติการ เรื่อง แนวทางการดำเนินการทดสอบคู่ขนานการดำรงเงินกองทุนตามระดับความเสี่ยงสำหรับธุรกิจประกันชีวิต,[ข่าวประกาศ] 2014-05-27 สัมมนาเชิงปฏิบัติการ เรื่อง แนวทางการดำเนินการทดสอบคู่ขนานการดำรงเงินกองทุนตามระดับความเสี่ยงสำหรับธุรกิจประกันชีวิต,ประกันภัย,ข่าวประกาศ
oic_10041,สมัครงานกับบรรษัทประกันภัยต่อแห่งเอเชีย,[ข่าวประกาศ] 2014-05-27 สมัครงานกับบรรษัทประกันภัยต่อแห่งเอเชีย,ประกันภัย,ข่าวประกาศ
oic_10042,ใบคำขอเอาประกันภัยผ่านทางโทรศัพท์,[ข่าวประกาศ] 2014-05-27 ใบคำขอเอาประกันภัยผ่านทางโทรศัพท์,ประกันภัย,ข่าวประกาศ
oic_10043,โครงสร้างหลักสูตรเพื่อขอต่ออายุใบอนุญาตฯ ครั้งที่ 4 เป็นต้นไป,[ข่าวประกาศ] 2014-05-27 โครงสร้างหลักสูตรเพื่อขอต่ออายุใบอนุญาตฯ ครั้งที่ 4 เป็นต้นไป,ประกันภัย,ข่าวประกาศ
oic_10044,RBC ปรับเปลี่ยนเอกสารประกอบการทดสอบการดำรงเงินกองทุนตามระดับความเสี่ยง,[ข่าวประกาศ] 2014-05-27 RBC ปรับเปลี่ยนเอกสารประกอบการทดสอบการดำรงเงินกองทุนตามระดับความเสี่ยง,ประกันภัย,ข่าวประกาศ
oic_10045,RBC ปรับเปลี่ยนเอกสารประกอบการทดสอบการดำรงเงินกองทุนตามระดับความเสี่ยง,[ข่าวประกาศ] 2014-05-27 RBC ปรับเปลี่ยนเอกสารประกอบการทดสอบการดำรงเงินกองทุนตามระดับความเสี่ยง,ประกันภัย,ข่าวประกาศ
oic_10046,ขอเชิญนิสิตนักศึกษาส่งผลงานโฆษณาสั้น ชิงเงินรางวัล,[ข่าวประกาศ] 2014-05-27 ขอเชิญนิสิตนักศึกษาส่งผลงานโฆษณาสั้น ชิงเงินรางวัล,ประกันภัย,ข่าวประกาศ
oic_10047,ร่างแบบและข้อความของกรมธรรม์ประกันภัยรายย่อยจำนวน 3 แบบ,[ข่าวประกาศ] 2014-05-27 ร่างแบบและข้อความของกรมธรรม์ประกันภัยรายย่อยจำนวน 3 แบบ,ประกันภัย,ข่าวประกาศ
oic_10048,คำสั่งนายทะเบียน เรื่องให้เปิดเผยข้อมูลฯ,[ข่าวประกาศ] 2014-05-27 คำสั่งนายทะเบียน เรื่องให้เปิดเผยข้อมูลฯ,ประกันภัย,ข่าวประกาศ
oic_10049,ประกาศสนง.ฯ เกี่ยวกับการยื่นงบการเงินและการยื่นรายงานเกี่ยวกับฐานะการเงิน,[ข่าวประกาศ] 2014-05-27 ประกาศสนง.ฯ เกี่ยวกับการยื่นงบการเงินและการยื่นรายงานเกี่ยวกับฐานะการเงิน,ประกันภัย,ข่าวประกาศ
oic_10050,การอบรม/สอบ เพื่อขอรับใบอนุญาตเป็นตัวแทน/นายหน้าประกันภัย ในงานสัปดาห์ประกันภัย,[ข่าวประกาศ] 2014-05-27 การอบรม/สอบ เพื่อขอรับใบอนุญาตเป็นตัวแทน/นายหน้าประกันภัย ในงานสัปดาห์ประกันภัย,ประกันภัย,ข่าวประกาศ
oic_10051,ประกาศ คปภ. เกี่ยวกับการยื่นงบการเงินและรายงานผลการดำเนินงาน,[ข่าวประกาศ] 2014-05-27 ประกาศ คปภ. เกี่ยวกับการยื่นงบการเงินและรายงานผลการดำเนินงาน,ประกันภัย,ข่าวประกาศ
oic_10052,สอบราคาจัดซื้อประกันฯของลูกจ้างชั่วคราว สำนักงาน คปภ.,[ข่าวประกาศ] 2014-05-27 สอบราคาจัดซื้อประกันฯของลูกจ้างชั่วคราว สำนักงาน คปภ.,ประกันภัย,ข่าวประกาศ
oic_10053,คำสั่งกระทรวงการคลัง ที่ 478/2553 เรื่อง แต่งตั้งคณะกรรมการควบคุมบริษัท ฟินันซ่าประกันชีวิต จำกัด,[ข่าวประกาศ] 2014-05-27 คำสั่งกระทรวงการคลัง ที่ 478/2553 เรื่อง แต่งตั้งคณะกรรมการควบคุมบริษัท ฟินันซ่าประกันชีวิต จำกัด,ประกันภัย,ข่าวประกาศ
oic_10054,คำสั่งพิทักษ์ทรัพย์เด็ดขาด บจ.สัมพันธ์ประกันภัย,[ข่าวประกาศ] 2014-05-27 คำสั่งพิทักษ์ทรัพย์เด็ดขาด บจ.สัมพันธ์ประกันภัย,ประกันภัย,ข่าวประกาศ
oic_10055,คำสั่งกระทรวงการคลัง ที่ 478/2553 เรื่อง แต่งตั้งคณะกรรมการควบคุมบริษัท ฟินันซ่าประกันชีวิต จำกัด,[ข่าวประกาศ] 2014-05-27 คำสั่งกระทรวงการคลัง ที่ 478/2553 เรื่อง แต่งตั้งคณะกรรมการควบคุมบริษัท ฟินันซ่าประกันชีวิต จำกัด,ประกันภัย,ข่าวประกาศ
oic_10056,ประกวดราคาจัดซื้อรถยนต์ประจำตำแหน่ง,[ข่าวประกาศ] 2014-05-27 ประกวดราคาจัดซื้อรถยนต์ประจำตำแหน่ง,ประกันภัย,ข่าวประกาศ
oic_10057,ประกวดราคาจ้างที่ปรึกษาฯ การจัดงานสัปดาห์ประกันภัย,[ข่าวประกาศ] 2014-05-27 ประกวดราคาจ้างที่ปรึกษาฯ การจัดงานสัปดาห์ประกันภัย,ประกันภัย,ข่าวประกาศ
oic_10058,สอบราคาจ้างประชาสัมพันธ์ โครงการปลูกจิตสำนึกฯ ผ่านสื่อโทรทัศน์,[ข่าวประกาศ] 2014-05-27 สอบราคาจ้างประชาสัมพันธ์ โครงการปลูกจิตสำนึกฯ ผ่านสื่อโทรทัศน์,ประกันภัย,ข่าวประกาศ
oic_10059,สอบราคาจัดทำประกันภัยทรัพย์สินของสำนักงาน คปภ.,[ข่าวประกาศ] 2014-05-27 สอบราคาจัดทำประกันภัยทรัพย์สินของสำนักงาน คปภ.,ประกันภัย,ข่าวประกาศ
oic_10060,สอบราคาจ้างประชาสัมพันธ์โครงการปลูกจิตสำนึกฯ ผ่านสื่อสิ่งพิมพ์,[ข่าวประกาศ] 2014-05-27 สอบราคาจ้างประชาสัมพันธ์โครงการปลูกจิตสำนึกฯ ผ่านสื่อสิ่งพิมพ์,ประกันภัย,ข่าวประกาศ
oic_10061,รายชื่อผู้มีสิทธิเข้ารับการอบรมรอบวันที่ 24 พ.ค. 53,[ข่าวประกาศ] 2014-05-27 รายชื่อผู้มีสิทธิเข้ารับการอบรมรอบวันที่ 24 พ.ค. 53,ประกันภัย,ข่าวประกาศ
oic_10062,ประกาศขยายระยะเวลาจัดซื้อจัดจ้าง 6 ฉบับ,[ข่าวประกาศ] 2014-05-27 ประกาศขยายระยะเวลาจัดซื้อจัดจ้าง 6 ฉบับ,ประกันภัย,ข่าวประกาศ
oic_10063,การประกวดโรงเรียน/สถานศึกษาและนักเรียน ตามโครงการยุวชนประกันภัย พ.ศ.2553,[ข่าวประกาศ] 2014-05-27 การประกวดโรงเรียน/สถานศึกษาและนักเรียน ตามโครงการยุวชนประกันภัย พ.ศ.2553,ประกันภัย,ข่าวประกาศ
oic_9960,แผนพัฒนาการประกันภัย ฉบับที่ 2,[ข่าวประกาศ] 2014-05-27 แผนพัฒนาการประกันภัย ฉบับที่ 2,ประกันภัย,ข่าวประกาศ
oic_9961,สำนักงาน คปภ. ภาค 3 (อุดรธานี) จัดอบรม วันที่ 14-16 ต.ค. 53,[ข่าวประกาศ] 2014-05-27 สำนักงาน คปภ. ภาค 3 (อุดรธานี) จัดอบรม วันที่ 14-16 ต.ค. 53,ประกันภัย,ข่าวประกาศ
oic_9962,"ผลรางวัลการประกวดภาพยนต์โฆษณา ""พ.ร.บ. คุ้มครองผู้ประสบภัยจากรถ","[ข่าวประกาศ] 2014-05-27 ผลรางวัลการประกวดภาพยนต์โฆษณา ""พ.ร.บ. คุ้มครองผู้ประสบภัยจากรถ",ประกันภัย,ข่าวประกาศ
oic_9963,แผนพัฒนาการประกันภัย ฉบับที่ 2,[ข่าวประกาศ] 2014-05-27 แผนพัฒนาการประกันภัย ฉบับที่ 2,ประกันภัย,ข่าวประกาศ
oic_9964,คำสั่ง ศอฉ. ที่ 78/2553,[ข่าวประกาศ] 2014-05-27 คำสั่ง ศอฉ. ที่ 78/2553,ประกันภัย,ข่าวประกาศ
oic_9965,ผู้ได้รับรางวัล ในโครงการยุวชนฯ ปี 2553,[ข่าวประกาศ] 2014-05-27 ผู้ได้รับรางวัล ในโครงการยุวชนฯ ปี 2553,ประกันภัย,ข่าวประกาศ
oic_9966,การอบรม/สัมมนา เรื่อง ธุรกิจประกันภัย : กฎ ระเบียบ และการคุ้มครองสิทธิประโยชน์,[ข่าวประกาศ] 2014-05-27 การอบรม/สัมมนา เรื่อง ธุรกิจประกันภัย : กฎ ระเบียบ และการคุ้มครองสิทธิประโยชน์,ประกันภัย,ข่าวประกาศ
oic_9967,สำนักงาน คปภ. ภาค 5 (ชลบุรี) จัดอบรม 14-16 ต.ค. 53,[ข่าวประกาศ] 2014-05-27 สำนักงาน คปภ. ภาค 5 (ชลบุรี) จัดอบรม 14-16 ต.ค. 53,ประกันภัย,ข่าวประกาศ
oic_9968,ผู้ได้รับรางวัล ในโครงการยุวชนฯ ปี 2553,[ข่าวประกาศ] 2014-05-27 ผู้ได้รับรางวัล ในโครงการยุวชนฯ ปี 2553,ประกันภัย,ข่าวประกาศ
oic_9969,ให้บริษัทประกันชีวิต/วินาศภัยเปิดทำการติดต่อกับประชาชน พ.ศ.2554,[ข่าวประกาศ] 2014-05-27 ให้บริษัทประกันชีวิต/วินาศภัยเปิดทำการติดต่อกับประชาชน พ.ศ.2554,ประกันภัย,ข่าวประกาศ
oic_9970,การฝ่าฝืนหรือไม่ปฏิบัติตามกฎหมายของ บริษัทประกันภัย,[ข่าวประกาศ] 2014-05-27 การฝ่าฝืนหรือไม่ปฏิบัติตามกฎหมายของ บริษัทประกันภัย,ประกันภัย,ข่าวประกาศ
oic_9971,(ร่าง) บันทึกสลักหลังผลประโยชน์เพิ่มเติม การจ่ายผลประโยชน์ค่ารักษาพยาบาลแบบรายวัน และแบบรวมผลประโยชน์,[ข่าวประกาศ] 2014-05-27 (ร่าง) บันทึกสลักหลังผลประโยชน์เพิ่มเติม การจ่ายผลประโยชน์ค่ารักษาพยาบาลแบบรายวัน และแบบรวมผลประโยชน์,ประกันภัย,ข่าวประกาศ
oic_9972,ให้บริษัท เอ.พี.เอฟ.อินเตอร์เนชั่นแนล อินชัวร์รันส์ หยุดรับประกันวินาศภัยเป็นการชั่วคราว,[ข่าวประกาศ] 2014-05-27 ให้บริษัท เอ.พี.เอฟ.อินเตอร์เนชั่นแนล อินชัวร์รันส์ หยุดรับประกันวินาศภัยเป็นการชั่วคราว,ประกันภัย,ข่าวประกาศ
oic_9973,คำสั่ง ศอฉ. ที่ 100/53,[ข่าวประกาศ] 2014-05-27 คำสั่ง ศอฉ. ที่ 100/53,ประกันภัย,ข่าวประกาศ
oic_9974,หลักเกณฑ์การมอบรางวัลประกันภัยดีเด่นครบวงจร ประจำปี 2552,[ข่าวประกาศ] 2014-05-27 หลักเกณฑ์การมอบรางวัลประกันภัยดีเด่นครบวงจร ประจำปี 2552,ประกันภัย,ข่าวประกาศ
oic_9975,รายงานประจำปี 2551 และ 2552 กองทุนทดแทนผู้ประสบภัย,[ข่าวประกาศ] 2014-05-27 รายงานประจำปี 2551 และ 2552 กองทุนทดแทนผู้ประสบภัย,ประกันภัย,ข่าวประกาศ
oic_9976,แบบรายงานสถิติธุรกิจประกันภัย 5 แบบใหม่,[ข่าวประกาศ] 2014-05-27 แบบรายงานสถิติธุรกิจประกันภัย 5 แบบใหม่,ประกันภัย,ข่าวประกาศ
oic_9977,กรอบหลักสูตรการต่ออายุใบอนุญาตฯ ครั้งที่ 4 (ต่ออายุ 5 ปี ครั้งที่สองและครั้งต่อไป),[ข่าวประกาศ] 2014-05-27 กรอบหลักสูตรการต่ออายุใบอนุญาตฯ ครั้งที่ 4 (ต่ออายุ 5 ปี ครั้งที่สองและครั้งต่อไป),ประกันภัย,ข่าวประกาศ
oic_9978,ประกาศ กำหนดแบบ ขนาด ตัวอักษร ภาษาที่ใช้และข้อความ ของเอกสารแสดงการรับเงินของบริษัทประกันชีวิต,[ข่าวประกาศ] 2014-05-27 ประกาศ กำหนดแบบ ขนาด ตัวอักษร ภาษาที่ใช้และข้อความ ของเอกสารแสดงการรับเงินของบริษัทประกันชีวิต,ประกันภัย,ข่าวประกาศ
oic_9979,หลักเกณฑ์การมอบรางวัลตัวแทน/นายหน้า ดีเด่น ประจำปี 2552,[ข่าวประกาศ] 2014-05-27 หลักเกณฑ์การมอบรางวัลตัวแทน/นายหน้า ดีเด่น ประจำปี 2552,ประกันภัย,ข่าวประกาศ
oic_9980,การสอบความรู้เกี่ยวกับนายหน้าฯ ประจำปี 2553 ในส่วนภูมิภาค (ฉบับที่ 2),[ข่าวประกาศ] 2014-05-27 การสอบความรู้เกี่ยวกับนายหน้าฯ ประจำปี 2553 ในส่วนภูมิภาค (ฉบับที่ 2),ประกันภัย,ข่าวประกาศ
oic_9981,ร่างฯ เรื่องกำหนดแบบหลักเกณฑ์ฯ การส่งรายงานประจำปีการคำนวณความรับผิดตามกรมธรรม์ฯ,[ข่าวประกาศ] 2014-05-27 ร่างฯ เรื่องกำหนดแบบหลักเกณฑ์ฯ การส่งรายงานประจำปีการคำนวณความรับผิดตามกรมธรรม์ฯ,ประกันภัย,ข่าวประกาศ
oic_9982,คปภ. ห่วงใยผู้ประสบภัยน้ำท่วม แนะให้ตรวจสอบความคุ้มครองจากการประกันภัย,[ข่าวประกาศ] 2014-05-27 คปภ. ห่วงใยผู้ประสบภัยน้ำท่วม แนะให้ตรวจสอบความคุ้มครองจากการประกันภัย,ประกันภัย,ข่าวประกาศ
oic_9983,รายงานของผู้สอบบัญชีและงบการเงิน สำนักงาน คปภ. (31 ธ.ค. 2552 และ 2551),[ข่าวประกาศ] 2014-05-27 รายงานของผู้สอบบัญชีและงบการเงิน สำนักงาน คปภ. (31 ธ.ค. 2552 และ 2551),ประกันภัย,ข่าวประกาศ
oic_9984,กรมธรรม์ประกันภัยรายย่อยของบริษัทประกันชีวิต,[ข่าวประกาศ] 2014-05-27 กรมธรรม์ประกันภัยรายย่อยของบริษัทประกันชีวิต,ประกันภัย,ข่าวประกาศ
oic_9985,รายชื่อผู้ที่ได้รับรางวัล “ลุ้นรางวัลโชคชั้นที่ 2” ในงานสัปดาห์ประกันภัย 2553,[ข่าวประกาศ] 2014-05-27 รายชื่อผู้ที่ได้รับรางวัล “ลุ้นรางวัลโชคชั้นที่ 2” ในงานสัปดาห์ประกันภัย 2553,ประกันภัย,ข่าวประกาศ
oic_9986,จดหมายแจ้งเตือนการนำส่งนโยบายบริหารความเสี่ยง และสรุปแผนธุรกิจ 3 ปี ประจำปี 2554 และรายงานประจำปีการคำนวณความรับผิดตามกรมธรรม์ประกันภัย ประจำปี 2553,[ข่าวประกาศ] 2014-05-27 จดหมายแจ้งเตือนการนำส่งนโยบายบริหารความเสี่ยง และสรุปแผนธุรกิจ 3 ปี ประจำปี 2554 และรายงานประจำปีการคำนวณความรับผิดตามกรมธรรม์ประกันภัย ประจำปี 2553,ประกันภัย,ข่าวประกาศ
oic_9987,รายชื่อผู้มีสิทธิสอบตัวแทนประกันชีวิต-วินาศภัย จ.นครสวรรค์,[ข่าวประกาศ] 2014-05-27 รายชื่อผู้มีสิทธิสอบตัวแทนประกันชีวิต-วินาศภัย จ.นครสวรรค์,ประกันภัย,ข่าวประกาศ
oic_9988,รายชื่อผู้มีสิทธิสอบตัวแทนประกันชีวิต-วินาศภัย จ.นครสวรรค์,[ข่าวประกาศ] 2014-05-27 รายชื่อผู้มีสิทธิสอบตัวแทนประกันชีวิต-วินาศภัย จ.นครสวรรค์,ประกันภัย,ข่าวประกาศ
oic_9989,ปฏิทินการจัดอบรมฯ และขั้นตอนการสมัครอบรม/สอบงานประกันภัยสู่ประชาชน,[ข่าวประกาศ] 2014-05-27 ปฏิทินการจัดอบรมฯ และขั้นตอนการสมัครอบรม/สอบงานประกันภัยสู่ประชาชน,ประกันภัย,ข่าวประกาศ
oic_9990,การสั่งให้ วิคเตอรี ประกันภัย หยุดรับประกันวินาศภัยเป็นการชั่วคราว,[ข่าวประกาศ] 2014-05-27 การสั่งให้ วิคเตอรี ประกันภัย หยุดรับประกันวินาศภัยเป็นการชั่วคราว,ประกันภัย,ข่าวประกาศ
oic_9991,รายชื่อผู้มีสิทธิสอบตัวแทนประกันชีวิต-วินาศภัย จ.ขอนแก่น,[ข่าวประกาศ] 2014-05-27 รายชื่อผู้มีสิทธิสอบตัวแทนประกันชีวิต-วินาศภัย จ.ขอนแก่น,ประกันภัย,ข่าวประกาศ
oic_9992,สรุปสาระสำคัญฯ กรมธรรม์ประกันภัยรายย่อย (ประกันวินาศภัย),[ข่าวประกาศ] 2014-05-27 สรุปสาระสำคัญฯ กรมธรรม์ประกันภัยรายย่อย (ประกันวินาศภัย),ประกันภัย,ข่าวประกาศ
oic_9993,แผนการจัดอบรมการต่ออายุฯ ครั้งที่ 4 ปี 2554 ของสำนักงาน คปภ. ภาค9 (ชลบุรี),[ข่าวประกาศ] 2014-05-27 แผนการจัดอบรมการต่ออายุฯ ครั้งที่ 4 ปี 2554 ของสำนักงาน คปภ. ภาค9 (ชลบุรี),ประกันภัย,ข่าวประกาศ
oic_9994,คปภ.ภาค 1 เชียงใหม่ จัดอบรมการขอต่ออายุใบอนุญาตฯ ครั้งที่ 4 เป็นต้นไป,[ข่าวประกาศ] 2014-05-27 คปภ.ภาค 1 เชียงใหม่ จัดอบรมการขอต่ออายุใบอนุญาตฯ ครั้งที่ 4 เป็นต้นไป,ประกันภัย,ข่าวประกาศ
oic_9995,ร่างแบบรายงานพฤติกรรมทางการตลาด,[ข่าวประกาศ] 2014-05-27 ร่างแบบรายงานพฤติกรรมทางการตลาด,ประกันภัย,ข่าวประกาศ
oic_9996,ร่างประกาศฯ นักคณิตศาสตร์ 2 ฉบับ,[ข่าวประกาศ] 2014-05-27 ร่างประกาศฯ นักคณิตศาสตร์ 2 ฉบับ,ประกันภัย,ข่าวประกาศ
oic_9997,กรมธรรม์ประกันภัยรายย่อยของบริษัทประกันชีวิต,[ข่าวประกาศ] 2014-05-27 กรมธรรม์ประกันภัยรายย่อยของบริษัทประกันชีวิต,ประกันภัย,ข่าวประกาศ
oic_9998,กรอบการกำกับดูแลกรมธรรม์ประกันชีวิตแบบมีส่วนร่วมในเงินปันผล,[ข่าวประกาศ] 2014-05-27 กรอบการกำกับดูแลกรมธรรม์ประกันชีวิตแบบมีส่วนร่วมในเงินปันผล,ประกันภัย,ข่าวประกาศ
oic_9999,ประกาศกองทุนประกันวินาศภัย เรื่อง ให้เจ้าหนี้ซึ่งมีสิทธิได้รับชำระหนี้ที่เกิดจากการเอาประกันภัยยื่นคำขอรับชำระหนี้,[ข่าวประกาศ] 2014-05-27 ประกาศกองทุนประกันวินาศภัย เรื่อง ให้เจ้าหนี้ซึ่งมีสิทธิได้รับชำระหนี้ที่เกิดจากการเอาประกันภัยยื่นคำขอรับชำระหนี้,ประกันภัย,ข่าวประกาศ
oic_10000,"เพิ่มวงเงินลดหย่อนภาษีเบี้ยประกันชีวิตแบบบำนาญจาก 100,000 บาท เป็น 300,000 บาท","[ข่าวประกาศ] 2014-05-27 เพิ่มวงเงินลดหย่อนภาษีเบี้ยประกันชีวิตแบบบำนาญจาก 100,000 บาท เป็น 300,000 บาท",ประกันภัย,ข่าวประกาศ
oic_10001,ร่างฯ การประเมินราคาทรัพย์สินและหนี้สินของบริษัทฯ พ.ศ.2554,[ข่าวประกาศ] 2014-05-27 ร่างฯ การประเมินราคาทรัพย์สินและหนี้สินของบริษัทฯ พ.ศ.2554,ประกันภัย,ข่าวประกาศ
oic_10002,รูปแบบการประกันชีวิตแบบบำนาญและหลักเกณฑ์การลดหย่อนภาษีเงินได้บุคคลธรรมดา,[ข่าวประกาศ] 2014-05-27 รูปแบบการประกันชีวิตแบบบำนาญและหลักเกณฑ์การลดหย่อนภาษีเงินได้บุคคลธรรมดา,ประกันภัย,ข่าวประกาศ
oic_10003,คำสั่งนายทะเบียน การขอรับความเห็นชอบแบบ และข้อความใบคำขอเอาประกันชีวิต,[ข่าวประกาศ] 2014-05-27 คำสั่งนายทะเบียน การขอรับความเห็นชอบแบบ และข้อความใบคำขอเอาประกันชีวิต,ประกันภัย,ข่าวประกาศ
oic_10004,หลักสูตรการอบรมของสำนักงาน คปภ. ประจำปี 2554,[ข่าวประกาศ] 2014-05-27 หลักสูตรการอบรมของสำนักงาน คปภ. ประจำปี 2554,ประกันภัย,ข่าวประกาศ
oic_10000,"เพิ่มวงเงินลดหย่อนภาษีเบี้ยประกันชีวิตแบบบำนาญจาก 100,000 บาท เป็น 300,000 บาท","[ข่าวประกาศ] 2014-05-27 เพิ่มวงเงินลดหย่อนภาษีเบี้ยประกันชีวิตแบบบำนาญจาก 100,000 บาท เป็น 300,000 บาท",ประกันภัย,ข่าวประกาศ
oic_10001,ร่างฯ การประเมินราคาทรัพย์สินและหนี้สินของบริษัทฯ พ.ศ.2554,[ข่าวประกาศ] 2014-05-27 ร่างฯ การประเมินราคาทรัพย์สินและหนี้สินของบริษัทฯ พ.ศ.2554,ประกันภัย,ข่าวประกาศ
oic_10002,รูปแบบการประกันชีวิตแบบบำนาญและหลักเกณฑ์การลดหย่อนภาษีเงินได้บุคคลธรรมดา,[ข่าวประกาศ] 2014-05-27 รูปแบบการประกันชีวิตแบบบำนาญและหลักเกณฑ์การลดหย่อนภาษีเงินได้บุคคลธรรมดา,ประกันภัย,ข่าวประกาศ
oic_10003,คำสั่งนายทะเบียน การขอรับความเห็นชอบแบบ และข้อความใบคำขอเอาประกันชีวิต,[ข่าวประกาศ] 2014-05-27 คำสั่งนายทะเบียน การขอรับความเห็นชอบแบบ และข้อความใบคำขอเอาประกันชีวิต,ประกันภัย,ข่าวประกาศ
oic_10004,หลักสูตรการอบรมของสำนักงาน คปภ. ประจำปี 2554,[ข่าวประกาศ] 2014-05-27 หลักสูตรการอบรมของสำนักงาน คปภ. ประจำปี 2554,ประกันภัย,ข่าวประกาศ
oic_10005,แบบฟอร์มคำขอรับชำระหนี้ บริษัท เอ.พี.เอฟ. อินเตอร์เนชั่นแนล อินชัวรันส์ จำกัด,[ข่าวประกาศ] 2014-05-27 แบบฟอร์มคำขอรับชำระหนี้ บริษัท เอ.พี.เอฟ. อินเตอร์เนชั่นแนล อินชัวรันส์ จำกัด,ประกันภัย,ข่าวประกาศ
oic_10006,ประกาศสอบความรู้นายหน้าฯ ปี 2554 ในส่วนกลางและส่วนภูมิภาค,[ข่าวประกาศ] 2014-05-27 ประกาศสอบความรู้นายหน้าฯ ปี 2554 ในส่วนกลางและส่วนภูมิภาค,ประกันภัย,ข่าวประกาศ
oic_10007,เพิกถอนใบอนุญาต บ. เอ.พี.เอฟ.อินเตอร์เนชั่นแนล อินชัวรันส์,[ข่าวประกาศ] 2014-05-27 เพิกถอนใบอนุญาต บ. เอ.พี.เอฟ.อินเตอร์เนชั่นแนล อินชัวรันส์,ประกันภัย,ข่าวประกาศ
oic_10008,เพิกถอนใบอนุญาต บ. เอ.พี.เอฟ.อินเตอร์เนชั่นแนล อินชัวรันส์,[ข่าวประกาศ] 2014-05-27 เพิกถอนใบอนุญาต บ. เอ.พี.เอฟ.อินเตอร์เนชั่นแนล อินชัวรันส์,ประกันภัย,ข่าวประกาศ
oic_10009,สมัครสอบตัวแทนนายหน้าออนไลน์,[ข่าวประกาศ] 2014-05-27 สมัครสอบตัวแทนนายหน้าออนไลน์,ประกันภัย,ข่าวประกาศ
oic_9895,คำสั่งนายทะเบียน ที่ 30-32/2554 (ประกันชีวิต),[ข่าวประกาศ] 2014-05-27 คำสั่งนายทะเบียน ที่ 30-32/2554 (ประกันชีวิต),ประกันภัย,ข่าวประกาศ
oic_9896,หน้าตารางกรมธรรม์ประกันภัยรถยนต์แถบ 3 มิติ เช็ก ใช่ ชัวร์,[ข่าวประกาศ] 2014-05-27 หน้าตารางกรมธรรม์ประกันภัยรถยนต์แถบ 3 มิติ เช็ก ใช่ ชัวร์,ประกันภัย,ข่าวประกาศ
oic_9897,ประกาศ กปว. ให้เจ้าหนี้บริษัท ลิเบอร์ตี้ฯ และบริษัท วิคเตอรีฯ ยื่นขอรับชำระหนี้,[ข่าวประกาศ] 2014-05-27 ประกาศ กปว. ให้เจ้าหนี้บริษัท ลิเบอร์ตี้ฯ และบริษัท วิคเตอรีฯ ยื่นขอรับชำระหนี้,ประกันภัย,ข่าวประกาศ
oic_9898,ร่างประกาศ คปภ. เรื่อง หลักเกณฑ์ วิธีการ และเงื่อนไขในการประกันภัยต่อฯ,[ข่าวประกาศ] 2014-05-27 ร่างประกาศ คปภ. เรื่อง หลักเกณฑ์ วิธีการ และเงื่อนไขในการประกันภัยต่อฯ,ประกันภัย,ข่าวประกาศ
oic_9899,เอกสารประกอบการประชุมในวันที่ 5 ก.ค. 2554 เรื่อง สัญญาตะกาฟุ,[ข่าวประกาศ] 2014-05-27 เอกสารประกอบการประชุมในวันที่ 5 ก.ค. 2554 เรื่อง สัญญาตะกาฟุ,ประกันภัย,ข่าวประกาศ
oic_9900,การประชุมกำหนดมาตรฐานการจัดส่งข้อมูลรายกรมธรรม์ (4 ก.ค. 54),[ข่าวประกาศ] 2014-05-27 การประชุมกำหนดมาตรฐานการจัดส่งข้อมูลรายกรมธรรม์ (4 ก.ค. 54),ประกันภัย,ข่าวประกาศ
oic_9901,ร่างฯ คปภ. เรื่องให้บริษัทประกันวินาศภัยส่งข้อมูลการประกันวินาศภัยของบริษัท พ.ศ.2554 โดยระบบอิเล็กทรอนิกส์,[ข่าวประกาศ] 2014-05-27 ร่างฯ คปภ. เรื่องให้บริษัทประกันวินาศภัยส่งข้อมูลการประกันวินาศภัยของบริษัท พ.ศ.2554 โดยระบบอิเล็กทรอนิกส์,ประกันภัย,ข่าวประกาศ
oic_9902,คปภ. ภาค 5 (อุบลราชธานี) จัดอบรมฯ 19-22 สิงหาคม 54,[ข่าวประกาศ] 2014-05-27 คปภ. ภาค 5 (อุบลราชธานี) จัดอบรมฯ 19-22 สิงหาคม 54,ประกันภัย,ข่าวประกาศ
oic_9903,ประกาศรับสมัครงาน,[ข่าวประกาศ] 2014-05-27 ประกาศรับสมัครงาน,ประกันภัย,ข่าวประกาศ
oic_9904,ชี้แจงการยื่นขอรับความเห็นชอบ (ประกันชีวิต),[ข่าวประกาศ] 2014-05-27 ชี้แจงการยื่นขอรับความเห็นชอบ (ประกันชีวิต),ประกันภัย,ข่าวประกาศ
oic_9905,ร่างฯ คปภ. เรื่องให้บริษัทประกันวินาศภัยส่งข้อมูลการประกันวินาศภัยของบริษัท พ.ศ.2554 โดยระบบอิเล็กทรอนิกส์,[ข่าวประกาศ] 2014-05-27 ร่างฯ คปภ. เรื่องให้บริษัทประกันวินาศภัยส่งข้อมูลการประกันวินาศภัยของบริษัท พ.ศ.2554 โดยระบบอิเล็กทรอนิกส์,ประกันภัย,ข่าวประกาศ
oic_9906,ประกาศฯ เรื่อง หนังสือแจ้งการส่งข้อมูลรายกรมธรรม์,[ข่าวประกาศ] 2014-05-27 ประกาศฯ เรื่อง หนังสือแจ้งการส่งข้อมูลรายกรมธรรม์,ประกันภัย,ข่าวประกาศ
oic_9907,ร่างฯ หลักเกณฑ์ฯ การซื้อหุ้นของบริษัทจำกัดฯ,[ข่าวประกาศ] 2014-05-27 ร่างฯ หลักเกณฑ์ฯ การซื้อหุ้นของบริษัทจำกัดฯ,ประกันภัย,ข่าวประกาศ
oic_9908,เพิกถอนใบอนุญาตฯ บริษัท ลิเบอร์ตี้ประกันภัย จำกัด และบริษัท วิคเตอรี ประกันภัย (ประเทศไทย) จำกัด,[ข่าวประกาศ] 2014-05-27 เพิกถอนใบอนุญาตฯ บริษัท ลิเบอร์ตี้ประกันภัย จำกัด และบริษัท วิคเตอรี ประกันภัย (ประเทศไทย) จำกัด,ประกันภัย,ข่าวประกาศ
oic_9909,ประกาศหรือโฆษณาการฝ่าฝืนหรือไม่ปฏิบัติตามกฎหมาย,[ข่าวประกาศ] 2014-05-27 ประกาศหรือโฆษณาการฝ่าฝืนหรือไม่ปฏิบัติตามกฎหมาย,ประกันภัย,ข่าวประกาศ
oic_9910,,[ข่าวประกาศ] 2014-05-27,ประกันภัย,ข่าวประกาศ
oic_9911,สมัครอบรม/สอบ ในงานสัปดาห์ประกันภัย ประจำปี 2554,[ข่าวประกาศ] 2014-05-27 สมัครอบรม/สอบ ในงานสัปดาห์ประกันภัย ประจำปี 2554,ประกันภัย,ข่าวประกาศ
oic_9912,แบบสอบถาม แผนรองรับการดำเนินธุรกิจอย่างต่อเนื่อง,[ข่าวประกาศ] 2014-05-27 แบบสอบถาม แผนรองรับการดำเนินธุรกิจอย่างต่อเนื่อง,ประกันภัย,ข่าวประกาศ
oic_9913,สมัครอบรมหลักสูตรที่ปรึกษาด้านการประกันภัย (IA) รุ่นที่ 1/2554,[ข่าวประกาศ] 2014-05-27 สมัครอบรมหลักสูตรที่ปรึกษาด้านการประกันภัย (IA) รุ่นที่ 1/2554,ประกันภัย,ข่าวประกาศ
oic_9914,โครงการประกวดโฆษณาสั้นในระดับอุดมศึกษา (ครั้งที่ 2),[ข่าวประกาศ] 2014-05-27 โครงการประกวดโฆษณาสั้นในระดับอุดมศึกษา (ครั้งที่ 2),ประกันภัย,ข่าวประกาศ
oic_9915,ร่างคำสั่ง/ประกาศ นายทะเบียน 4 ฉบับ,[ข่าวประกาศ] 2014-05-27 ร่างคำสั่ง/ประกาศ นายทะเบียน 4 ฉบับ,ประกันภัย,ข่าวประกาศ
oic_9916,การชี้แจงประกาศและคำสั่งนายทะเบียน 6 ฉบับ,[ข่าวประกาศ] 2014-05-27 การชี้แจงประกาศและคำสั่งนายทะเบียน 6 ฉบับ,ประกันภัย,ข่าวประกาศ
oic_9917,หลักเกณฑ์การมอบรางวัลประกันภัยดีเด่นครบวงจร ปี 2553,[ข่าวประกาศ] 2014-05-27 หลักเกณฑ์การมอบรางวัลประกันภัยดีเด่นครบวงจร ปี 2553,ประกันภัย,ข่าวประกาศ
oic_9918,ปฏิทินการจัดอบรมฯ/เปลี่ยนสถานที่อบรม (ปรับปรุง 25 มีนาคม 54),[ข่าวประกาศ] 2014-05-27 ปฏิทินการจัดอบรมฯ/เปลี่ยนสถานที่อบรม (ปรับปรุง 25 มีนาคม 54),ประกันภัย,ข่าวประกาศ
oic_9919,ปฏิทินการจัดอบรมฯ/เปลี่ยนสถานที่อบรม (ปรับปรุง 25 มีนาคม 54),[ข่าวประกาศ] 2014-05-27 ปฏิทินการจัดอบรมฯ/เปลี่ยนสถานที่อบรม (ปรับปรุง 25 มีนาคม 54),ประกันภัย,ข่าวประกาศ
oic_9920,แบบสอบถามการดำรงเงินกองทุนตามระดับความเสี่ยง,[ข่าวประกาศ] 2014-05-27 แบบสอบถามการดำรงเงินกองทุนตามระดับความเสี่ยง,ประกันภัย,ข่าวประกาศ
oic_9921,ร่างประกาศ คปภ. เกี่ยวกับหลักเกณฑ์การจัดสรรเงินสำรองประกันภัย 2 ฉบับ,[ข่าวประกาศ] 2014-05-27 ร่างประกาศ คปภ. เกี่ยวกับหลักเกณฑ์การจัดสรรเงินสำรองประกันภัย 2 ฉบับ,ประกันภัย,ข่าวประกาศ
oic_9922,ร่างประกาศ คปภ. เกี่ยวกับหลักเกณฑ์การจัดสรรเงินสำรองประกันภัย 2 ฉบับ,[ข่าวประกาศ] 2014-05-27 ร่างประกาศ คปภ. เกี่ยวกับหลักเกณฑ์การจัดสรรเงินสำรองประกันภัย 2 ฉบับ,ประกันภัย,ข่าวประกาศ
oic_9923,หลักเกณฑ์ฯ การออกใบอนุญาตให้นิติบุคคลประเภทสถาบันการเงินเป็นนายหน้าฯ พ.ศ.2554,[ข่าวประกาศ] 2014-05-27 หลักเกณฑ์ฯ การออกใบอนุญาตให้นิติบุคคลประเภทสถาบันการเงินเป็นนายหน้าฯ พ.ศ.2554,ประกันภัย,ข่าวประกาศ
oic_9924,หลักเกณฑ์ฯ การออกใบอนุญาตให้นิติบุคคลประเภทสถาบันการเงินเป็นนายหน้าฯ พ.ศ.2554,[ข่าวประกาศ] 2014-05-27 หลักเกณฑ์ฯ การออกใบอนุญาตให้นิติบุคคลประเภทสถาบันการเงินเป็นนายหน้าฯ พ.ศ.2554,ประกันภัย,ข่าวประกาศ
oic_9925,หลักเกณฑ์ฯ การออก การเสนอขายกรมธรรม์ฯ และการปฏิบัติหน้าที่ของตัวแทน นายหน้าและธนาคาร (ฉบับที่ 2) พ.ศ.2554,[ข่าวประกาศ] 2014-05-27 หลักเกณฑ์ฯ การออก การเสนอขายกรมธรรม์ฯ และการปฏิบัติหน้าที่ของตัวแทน นายหน้าและธนาคาร (ฉบับที่ 2) พ.ศ.2554,ประกันภัย,ข่าวประกาศ
oic_9926,ประกาศฯ การจัดทำรายงานการดำรงเงินกองทุนของบริษัท,[ข่าวประกาศ] 2014-05-27 ประกาศฯ การจัดทำรายงานการดำรงเงินกองทุนของบริษัท,ประกันภัย,ข่าวประกาศ
oic_9927,ประกาศฯ 4 ฉบับ เรื่องการคำนวณเงินกองทุนฯ และการคำนวณความรับผิดตามกรมธรรม์ฯ,[ข่าวประกาศ] 2014-05-27 ประกาศฯ 4 ฉบับ เรื่องการคำนวณเงินกองทุนฯ และการคำนวณความรับผิดตามกรมธรรม์ฯ,ประกันภัย,ข่าวประกาศ
oic_9928,Hearing ร่างประกาศ คปภ. เรื่อง หลักเกณฑ์ฯ การรับ-จ่ายเงิน การตรวจสอบ และการควบคุมภายใน (ประกันชีวิต/วินาศภัย) พ.ศ. 2554,[ข่าวประกาศ] 2014-05-27 Hearing ร่างประกาศ คปภ. เรื่อง หลักเกณฑ์ฯ การรับ-จ่ายเงิน การตรวจสอบ และการควบคุมภายใน (ประกันชีวิต/วินาศภัย) พ.ศ. 2554,ประกันภัย,ข่าวประกาศ
oic_9929,หลักเกณฑ์ฯ การออก การเสนอขายกรมธรรม์ฯ และการปฏิบัติหน้าที่ของตัวแทน นายหน้าและธนาคาร (ฉบับที่ 2) พ.ศ.2554,[ข่าวประกาศ] 2014-05-27 หลักเกณฑ์ฯ การออก การเสนอขายกรมธรรม์ฯ และการปฏิบัติหน้าที่ของตัวแทน นายหน้าและธนาคาร (ฉบับที่ 2) พ.ศ.2554,ประกันภัย,ข่าวประกาศ
oic_9930,hearing ร่างแนวทางฯ การป้องกันการฟอกเงินและการสนับสนุนทางการเงินแก่การก่อการร้าย,[ข่าวประกาศ] 2014-05-27 hearing ร่างแนวทางฯ การป้องกันการฟอกเงินและการสนับสนุนทางการเงินแก่การก่อการร้าย,ประกันภัย,ข่าวประกาศ
oic_9931,ร่างฯ เรื่องหลักเกณฑ์ฯ สัญญาเพิ่มเติมการยกเว้นเบี้ยฯ และเพิ่มเติมผลประโยชน์ฯ,[ข่าวประกาศ] 2014-05-27 ร่างฯ เรื่องหลักเกณฑ์ฯ สัญญาเพิ่มเติมการยกเว้นเบี้ยฯ และเพิ่มเติมผลประโยชน์ฯ,ประกันภัย,ข่าวประกาศ
oic_9932,ผลการตัดสินการประกวดคูหานิทรรศการฯ ในงานสัปดาห์ประกันภัย ครั้งที่ 3,[ข่าวประกาศ] 2014-05-27 ผลการตัดสินการประกวดคูหานิทรรศการฯ ในงานสัปดาห์ประกันภัย ครั้งที่ 3,ประกันภัย,ข่าวประกาศ
oic_9933,ผลสอบงานสัปดาห์ประกันภัย วันที่ 2-4 ก.ย. 54,[ข่าวประกาศ] 2014-05-27 ผลสอบงานสัปดาห์ประกันภัย วันที่ 2-4 ก.ย. 54,ประกันภัย,ข่าวประกาศ
oic_9934,ประกาศประเมินราคา ทรัพย์สินและหนี้สินของบริษัทฯ,[ข่าวประกาศ] 2014-05-27 ประกาศประเมินราคา ทรัพย์สินและหนี้สินของบริษัทฯ,ประกันภัย,ข่าวประกาศ
oic_9935,ประกาศรับสมัครบุคคลเพื่อเข้ารับการคัดเลือกเป็นเลขาธิการ คปภ.,[ข่าวประกาศ] 2014-05-27 ประกาศรับสมัครบุคคลเพื่อเข้ารับการคัดเลือกเป็นเลขาธิการ คปภ.,ประกันภัย,ข่าวประกาศ
oic_9936,การมอบรางวัลประกันภัยดีเด่นครบวงจร ปี 2553,[ข่าวประกาศ] 2014-05-27 การมอบรางวัลประกันภัยดีเด่นครบวงจร ปี 2553,ประกันภัย,ข่าวประกาศ
oic_9937,แบบฟอร์มรายงานการรับประกันภัยจำแนกตามช่องทางการขาย,[ข่าวประกาศ] 2014-05-27 แบบฟอร์มรายงานการรับประกันภัยจำแนกตามช่องทางการขาย,ประกันภัย,ข่าวประกาศ
oic_9938,แบบฟอร์มรายงานการรับประกันภัยจำแนกตามช่องทางการขาย,[ข่าวประกาศ] 2014-05-27 แบบฟอร์มรายงานการรับประกันภัยจำแนกตามช่องทางการขาย,ประกันภัย,ข่าวประกาศ
oic_9939,ประกาศฯ 4 ฉบับ เรื่องการคำนวณเงินกองทุนฯ และการคำนวณความรับผิดตามกรมธรรม์ฯ,[ข่าวประกาศ] 2014-05-27 ประกาศฯ 4 ฉบับ เรื่องการคำนวณเงินกองทุนฯ และการคำนวณความรับผิดตามกรมธรรม์ฯ,ประกันภัย,ข่าวประกาศ
oic_9940,ประกาศ/คำสั่ง เรื่องสัญญาตะกาฟุล 4 ฉบับ,[ข่าวประกาศ] 2014-05-27 ประกาศ/คำสั่ง เรื่องสัญญาตะกาฟุล 4 ฉบับ,ประกันภัย,ข่าวประกาศ
oic_9941,ประกาศผู้ได้รับรางวัล โครงการยุวชนประกันภัย ปี 2554,[ข่าวประกาศ] 2014-05-27 ประกาศผู้ได้รับรางวัล โครงการยุวชนประกันภัย ปี 2554,ประกันภัย,ข่าวประกาศ
oic_9942,ใบสมัครงาน,[ข่าวประกาศ] 2014-05-27 ใบสมัครงาน,ประกันภัย,ข่าวประกาศ
oic_9943,"เชิญร่วมงาน ""นวัตกรรมประกันภัยสู่การเปลี่ยนแปลง","[ข่าวประกาศ] 2014-05-27 เชิญร่วมงาน ""นวัตกรรมประกันภัยสู่การเปลี่ยนแปลง",ประกันภัย,ข่าวประกาศ
oic_9944,ประกาศผู้ได้รับรางวัล โครงการยุวชนประกันภัย ปี 2554,[ข่าวประกาศ] 2014-05-27 ประกาศผู้ได้รับรางวัล โครงการยุวชนประกันภัย ปี 2554,ประกันภัย,ข่าวประกาศ
oic_9945,(ร่าง) ระเบียบปฏิบัติเกี่ยวกับการวางและการขอคืนเงินสํารองประกันภัยของบริษัทประกันชีวิต พ.ศ. 2554,[ข่าวประกาศ] 2014-05-27 (ร่าง) ระเบียบปฏิบัติเกี่ยวกับการวางและการขอคืนเงินสํารองประกันภัยของบริษัทประกันชีวิต พ.ศ. 2554,ประกันภัย,ข่าวประกาศ
oic_9946,รายชื่อทีมที่เข้ารอบสุดท้าย โครงการประกวดโฆษณาสั้นในระดับอุดมศึกษา ครั้งที่ 2,[ข่าวประกาศ] 2014-05-27 รายชื่อทีมที่เข้ารอบสุดท้าย โครงการประกวดโฆษณาสั้นในระดับอุดมศึกษา ครั้งที่ 2,ประกันภัย,ข่าวประกาศ
oic_9947,(ร่าง) การลงทุนประกอบธุรกิจอื่นของ บริษัทประกันชีวิต/วินาศภัย,[ข่าวประกาศ] 2014-05-27 (ร่าง) การลงทุนประกอบธุรกิจอื่นของ บริษัทประกันชีวิต/วินาศภัย,ประกันภัย,ข่าวประกาศ
oic_9948,(ร่าง) ระเบียบปฏิบัติเกี่ยวกับการวางและการขอคืนเงินสํารองประกันภัยของบริษัทประกันชีวิต พ.ศ. 2554,[ข่าวประกาศ] 2014-05-27 (ร่าง) ระเบียบปฏิบัติเกี่ยวกับการวางและการขอคืนเงินสํารองประกันภัยของบริษัทประกันชีวิต พ.ศ. 2554,ประกันภัย,ข่าวประกาศ
oic_9949,"อบรม ""มิติใหม่มาตรฐานการจ่ายค่าสินไหมทดแทน","[ข่าวประกาศ] 2014-05-27 อบรม ""มิติใหม่มาตรฐานการจ่ายค่าสินไหมทดแทน",ประกันภัย,ข่าวประกาศ
oic_9950,ประชุมเพื่อหารือ ระหว่างสำนักงาน คปภ. และภาคธุรกิจ 18 ส.ค. 54,[ข่าวประกาศ] 2014-05-27 ประชุมเพื่อหารือ ระหว่างสำนักงาน คปภ. และภาคธุรกิจ 18 ส.ค. 54,ประกันภัย,ข่าวประกาศ
oic_9951,กำหนดให้บริษัทฯ เปิดทำการติดต่อกับประชาชน ประจำปี พ.ศ. 2555,[ข่าวประกาศ] 2014-05-27 กำหนดให้บริษัทฯ เปิดทำการติดต่อกับประชาชน ประจำปี พ.ศ. 2555,ประกันภัย,ข่าวประกาศ
oic_9952,Hearing ร่างประกาศ คปภ. เรื่อง การกำหนดหลักเกณฑ์ วิธีการออกการเสนอขายฯ,[ข่าวประกาศ] 2014-05-27 Hearing ร่างประกาศ คปภ. เรื่อง การกำหนดหลักเกณฑ์ วิธีการออกการเสนอขายฯ,ประกันภัย,ข่าวประกาศ
oic_9953,Hearing ร่างประกาศ คปภ. เรื่อง การกำหนดหลักเกณฑ์ วิธีการออกการเสนอขายฯ,[ข่าวประกาศ] 2014-05-27 Hearing ร่างประกาศ คปภ. เรื่อง การกำหนดหลักเกณฑ์ วิธีการออกการเสนอขายฯ,ประกันภัย,ข่าวประกาศ
oic_9954,ประกาศหรือโฆษณาการฝ่าฝืนหรือไม่ปฏิบัติตามกฎหมายฯ 10 ส.ค. 2554,[ข่าวประกาศ] 2014-05-27 ประกาศหรือโฆษณาการฝ่าฝืนหรือไม่ปฏิบัติตามกฎหมายฯ 10 ส.ค. 2554,ประกันภัย,ข่าวประกาศ
oic_9839,การจัดอบรมหลักสูตรต่ออายุใบอนุญาตนายหน้าประกันวินาศภัย ครั้งที่ 3 (สงขลา),[ข่าวประกาศ] 2014-05-27 การจัดอบรมหลักสูตรต่ออายุใบอนุญาตนายหน้าประกันวินาศภัย ครั้งที่ 3 (สงขลา),ประกันภัย,ข่าวประกาศ
oic_9840,ประกาศสำนักงานคปภ. เรื่อง ขยายระยะเวลาการจัดทำและยื่นงบการเงินและรายการเกี่ยวกับผลการดำเนินงานของบริษัทประกันวินาศภัย,[ข่าวประกาศ] 2014-05-27 ประกาศสำนักงานคปภ. เรื่อง ขยายระยะเวลาการจัดทำและยื่นงบการเงินและรายการเกี่ยวกับผลการดำเนินงานของบริษัทประกันวินาศภัย,ประกันภัย,ข่าวประกาศ
oic_9841,การจัดอบรมหลักสูตรต่ออายุใบอนุญาตตัวแทน/นายหน้าประกันภัย ครั้งที่ 4 (ชลบุรี),[ข่าวประกาศ] 2014-05-27 การจัดอบรมหลักสูตรต่ออายุใบอนุญาตตัวแทน/นายหน้าประกันภัย ครั้งที่ 4 (ชลบุรี),ประกันภัย,ข่าวประกาศ
oic_9842,การจัดอบรมหลักสูตรต่ออายุใบอนุญาตตัวแทน/นายหน้าประกันภัย ครั้งที่ 4 (ชลบุรี),[ข่าวประกาศ] 2014-05-27 การจัดอบรมหลักสูตรต่ออายุใบอนุญาตตัวแทน/นายหน้าประกันภัย ครั้งที่ 4 (ชลบุรี),ประกันภัย,ข่าวประกาศ
oic_9843,การจัดอบรมหลักสูตรต่ออายุใบอนุญาตนายหน้าประกันวินาศภัย ครั้งที่ 3 (สงขลา),[ข่าวประกาศ] 2014-05-27 การจัดอบรมหลักสูตรต่ออายุใบอนุญาตนายหน้าประกันวินาศภัย ครั้งที่ 3 (สงขลา),ประกันภัย,ข่าวประกาศ
oic_9844,ประกาศนายทะเบียน เรื่อง ระเบียบปฏิบัติเกี่ยวกับการวางและการขอคืนเงินสำรองประกันภัย ของบริษัทประกันชีวิต,[ข่าวประกาศ] 2014-05-27 ประกาศนายทะเบียน เรื่อง ระเบียบปฏิบัติเกี่ยวกับการวางและการขอคืนเงินสำรองประกันภัย ของบริษัทประกันชีวิต,ประกันภัย,ข่าวประกาศ
oic_9845,ประกาศนายทะเบียน เรื่อง การจัดทำรายงานการดำรงเงินกองทุนของบริษัทประกันวินาศภัย ฉบับที่ 2,[ข่าวประกาศ] 2014-05-27 ประกาศนายทะเบียน เรื่อง การจัดทำรายงานการดำรงเงินกองทุนของบริษัทประกันวินาศภัย ฉบับที่ 2,ประกันภัย,ข่าวประกาศ
oic_9846,สำนักงาน คปภ. ภาค5 (อุบลราชธานี) จัดอบรมหลักสูตร การต่อใบอนุญาตสำหรับตัวแทน/นายหน้าประกันภัย ครั้งที่ 4,[ข่าวประกาศ] 2014-05-27 สำนักงาน คปภ. ภาค5 (อุบลราชธานี) จัดอบรมหลักสูตร การต่อใบอนุญาตสำหรับตัวแทน/นายหน้าประกันภัย ครั้งที่ 4,ประกันภัย,ข่าวประกาศ
oic_9847,ย้ายสถานที่สอบนายหน้าฯ ตั้งแต่วันที่ 21 พ.ย. 54 เป็นต้นไป,[ข่าวประกาศ] 2014-05-27 ย้ายสถานที่สอบนายหน้าฯ ตั้งแต่วันที่ 21 พ.ย. 54 เป็นต้นไป,ประกันภัย,ข่าวประกาศ
oic_9848,การอบรมหลักสูตรการขอต่ออายุใบอนุญาตเป็นตัวแทน/นายหน้าประกันภัย สำนักงาน คปภ.ภาค 3 (นครสวรรค์),[ข่าวประกาศ] 2014-05-27 การอบรมหลักสูตรการขอต่ออายุใบอนุญาตเป็นตัวแทน/นายหน้าประกันภัย สำนักงาน คปภ.ภาค 3 (นครสวรรค์),ประกันภัย,ข่าวประกาศ
oic_9849,ประกาศ คปภ. เรื่อง หลักเกณฑ์ วิธีการ และเงื่อนไข ในการจัดสรรเบี้ยประกันภัยไว้เป็นเงินสำรองประกันภัย สำหรับกรมธรรม์ประกันภัยที่ยังมีความผูกพันอยู่และเงินสำรองอื่นของบริษัทประกันชีวิต,[ข่าวประกาศ] 2014-05-27 ประกาศ คปภ. เรื่อง หลักเกณฑ์ วิธีการ และเงื่อนไข ในการจัดสรรเบี้ยประกันภัยไว้เป็นเงินสำรองประกันภัย สำหรับกรมธรรม์ประกันภัยที่ยังมีความผูกพันอยู่และเงินสำรองอื่นของบริษัทประกันชีวิต,ประกันภัย,ข่าวประกาศ
oic_9850,ประกาศสำนักงานคปภ. เรื่อง ขยายระยะเวลาการจัดทำและยื่นงบการเงินและรายการเกี่ยวกับผลการดำเนินงานของบริษัทประกันชีวิต,[ข่าวประกาศ] 2014-05-27 ประกาศสำนักงานคปภ. เรื่อง ขยายระยะเวลาการจัดทำและยื่นงบการเงินและรายการเกี่ยวกับผลการดำเนินงานของบริษัทประกันชีวิต,ประกันภัย,ข่าวประกาศ
oic_9851,สำนักงาน คปภ. ภาค5 (อุบลราชธานี) จัดอบรมหลักสูตร การต่อใบอนุญาตสำหรับตัวแทน/นายหน้าประกันภัย ครั้งที่ 4,[ข่าวประกาศ] 2014-05-27 สำนักงาน คปภ. ภาค5 (อุบลราชธานี) จัดอบรมหลักสูตร การต่อใบอนุญาตสำหรับตัวแทน/นายหน้าประกันภัย ครั้งที่ 4,ประกันภัย,ข่าวประกาศ
oic_9852,ประกาศนายทะเบียน เรื่อง การจัดทำรายงานการดำรงเงินกองทุนของบริษัทประกันชีวิต ฉบับที่ 2,[ข่าวประกาศ] 2014-05-27 ประกาศนายทะเบียน เรื่อง การจัดทำรายงานการดำรงเงินกองทุนของบริษัทประกันชีวิต ฉบับที่ 2,ประกันภัย,ข่าวประกาศ
oic_9853,คำสั่งนายทะเบียนที่ 46-2554,[ข่าวประกาศ] 2014-05-27 คำสั่งนายทะเบียนที่ 46-2554,ประกันภัย,ข่าวประกาศ
oic_9854,คำสั่งนายทะเบียนที่ 45-2554,[ข่าวประกาศ] 2014-05-27 คำสั่งนายทะเบียนที่ 45-2554,ประกันภัย,ข่าวประกาศ
oic_9855,แจ้งย้ายสถานที่อบรมการต่ออายุตัวแทนนายหน้าฯ วันที่ 15-23 พ.ย. 54,[ข่าวประกาศ] 2014-05-27 แจ้งย้ายสถานที่อบรมการต่ออายุตัวแทนนายหน้าฯ วันที่ 15-23 พ.ย. 54,ประกันภัย,ข่าวประกาศ
oic_9856,แจ้งย้ายสถานที่อบรมการต่ออายุตัวแทนนายหน้าฯ วันที่ 15-23 พ.ย. 54,[ข่าวประกาศ] 2014-05-27 แจ้งย้ายสถานที่อบรมการต่ออายุตัวแทนนายหน้าฯ วันที่ 15-23 พ.ย. 54,ประกันภัย,ข่าวประกาศ
oic_9857,แบบรายงานประมาณการความเสียหายจากอุทกภัย 2554,[ข่าวประกาศ] 2014-05-27 แบบรายงานประมาณการความเสียหายจากอุทกภัย 2554,ประกันภัย,ข่าวประกาศ
oic_9858,ย้ายสถานที่สอบเพื่อขอรับใบอนุญาต,[ข่าวประกาศ] 2014-05-27 ย้ายสถานที่สอบเพื่อขอรับใบอนุญาต,ประกันภัย,ข่าวประกาศ
oic_9859,คปภ. ภาค 4 (อุดรธานี) จัดอบรม 14-18 พ.ย. 54,[ข่าวประกาศ] 2014-05-27 คปภ. ภาค 4 (อุดรธานี) จัดอบรม 14-18 พ.ย. 54,ประกันภัย,ข่าวประกาศ
oic_9860,คปภ. ภาค 6 นครราชสีมา จัดอบรม 11-14 พ.ย. 54,[ข่าวประกาศ] 2014-05-27 คปภ. ภาค 6 นครราชสีมา จัดอบรม 11-14 พ.ย. 54,ประกันภัย,ข่าวประกาศ
oic_9861,รายชื่อคณะทำงานช่วยเหลือผู้ประสบภัยน้ำท่วม สำนักงาน คปภ.,[ข่าวประกาศ] 2014-05-27 รายชื่อคณะทำงานช่วยเหลือผู้ประสบภัยน้ำท่วม สำนักงาน คปภ.,ประกันภัย,ข่าวประกาศ
oic_9862,ประกาศหรือโฆษณาการฝ่าฝืนหรือไม่ปฏิบัติตามกฎหมาย,[ข่าวประกาศ] 2014-05-27 ประกาศหรือโฆษณาการฝ่าฝืนหรือไม่ปฏิบัติตามกฎหมาย,ประกันภัย,ข่าวประกาศ
oic_9863,ประกาศหรือโฆษณาการฝ่าฝืนหรือไม่ปฏิบัติตามกฎหมาย,[ข่าวประกาศ] 2014-05-27 ประกาศหรือโฆษณาการฝ่าฝืนหรือไม่ปฏิบัติตามกฎหมาย,ประกันภัย,ข่าวประกาศ
oic_9864,แบบงบการเงิน รายปีและรายไตรมาส บริษัทประกันชีวิต/วินาศภัย,[ข่าวประกาศ] 2014-05-27 แบบงบการเงิน รายปีและรายไตรมาส บริษัทประกันชีวิต/วินาศภัย,ประกันภัย,ข่าวประกาศ
oic_9865,คำสั่งนายทะเบียน ที่47/2554 ให้บริษัทประกันชีวิตยื่นรายงานข้อมูลเกี่ยวกับพฤติกรรมทางการตลาด,[ข่าวประกาศ] 2014-05-27 คำสั่งนายทะเบียน ที่47/2554 ให้บริษัทประกันชีวิตยื่นรายงานข้อมูลเกี่ยวกับพฤติกรรมทางการตลาด,ประกันภัย,ข่าวประกาศ
oic_9866,การสอบราคาจัดซื้อครุภัณฑ์คอมพิวเตอร์,[ข่าวประกาศ] 2014-05-27 การสอบราคาจัดซื้อครุภัณฑ์คอมพิวเตอร์,ประกันภัย,ข่าวประกาศ
oic_9867,ประกาศรายชื่อผู้เข้ารับการอบรมประจำเดือน ธันวาคม 2554,[ข่าวประกาศ] 2014-05-27 ประกาศรายชื่อผู้เข้ารับการอบรมประจำเดือน ธันวาคม 2554,ประกันภัย,ข่าวประกาศ
oic_9868,คำสั่งนายทะเบียน ที่48/2554 ให้บริษัทประกันวินาศภัยยื่นรายงานข้อมูลเกี่ยวกับพฤติกรรมทางการตลาด,[ข่าวประกาศ] 2014-05-27 คำสั่งนายทะเบียน ที่48/2554 ให้บริษัทประกันวินาศภัยยื่นรายงานข้อมูลเกี่ยวกับพฤติกรรมทางการตลาด,ประกันภัย,ข่าวประกาศ
oic_9869,การขอขยายเวลาในการยื่นคำขอต่อใบอนุญาตเป็นตัวแทนประกันชีวิต ตัวแทนประกันวินาศภัย นายหน้าประกันชีวิตและนายหน้าประกันวินาศภัย เนื่องจากเหตุอุทกภัยครั้งใหญ่ พ.ศ.2554,[ข่าวประกาศ] 2014-05-27 การขอขยายเวลาในการยื่นคำขอต่อใบอนุญาตเป็นตัวแทนประกันชีวิต ตัวแทนประกันวินาศภัย นายหน้าประกันชีวิตและนายหน้าประกันวินาศภัย เนื่องจากเหตุอุทกภัยครั้งใหญ่ พ.ศ.2554,ประกันภัย,ข่าวประกาศ
oic_9870,สำนักงาน คปภ. ภาค 5 (อุบลราชธานี) จัดอบรมหลักสูตรการขอต่ออายุใบอนุญาตตัวแทน/นายหน้าประกันภัย ครั้งที่ 4 เป็นต้นไป รุ่นที่ 1/2555,[ข่าวประกาศ] 2014-05-27 สำนักงาน คปภ. ภาค 5 (อุบลราชธานี) จัดอบรมหลักสูตรการขอต่ออายุใบอนุญาตตัวแทน/นายหน้าประกันภัย ครั้งที่ 4 เป็นต้นไป รุ่นที่ 1/2555,ประกันภัย,ข่าวประกาศ
oic_9871,สำนักงาน คปภ. ภาค12 (สงขลา) จัดอบรมการต่ออายุตัวแทน/นายหน้าประกันภัย ครั้งที่ 4 (ต่ออายุ 5 ปี ครั้งที่ 2 และครั้งต่อไป) ครั้งที่ 1/2555,[ข่าวประกาศ] 2014-05-27 สำนักงาน คปภ. ภาค12 (สงขลา) จัดอบรมการต่ออายุตัวแทน/นายหน้าประกันภัย ครั้งที่ 4 (ต่ออายุ 5 ปี ครั้งที่ 2 และครั้งต่อไป) ครั้งที่ 1/2555,ประกันภัย,ข่าวประกาศ
oic_9872,สำนักงาน คปภ. ภาค11 (สุราษฎร์ธานี) จัดอบรมการต่ออายุตัวแทน/นายหน้าประกันภัย ครั้งที่ 4 เป็นต้นไป,[ข่าวประกาศ] 2014-05-27 สำนักงาน คปภ. ภาค11 (สุราษฎร์ธานี) จัดอบรมการต่ออายุตัวแทน/นายหน้าประกันภัย ครั้งที่ 4 เป็นต้นไป,ประกันภัย,ข่าวประกาศ
oic_9873,สำนักงาน คปภ.ภาค5 (อุบลราชธานี) จัดอบรมหลักสูตรการขอต่อใบอนุญาตเป็นตัวแทนประกันชีวิต ครั้งที่ 3 รุ่นที่ 1,[ข่าวประกาศ] 2014-05-27 สำนักงาน คปภ.ภาค5 (อุบลราชธานี) จัดอบรมหลักสูตรการขอต่อใบอนุญาตเป็นตัวแทนประกันชีวิต ครั้งที่ 3 รุ่นที่ 1,ประกันภัย,ข่าวประกาศ
oic_9874,ประกาศรายชื่อผู้สมัครเข้ารับการอบรมหลักสูตรการขอต่ออายุใบอนุญาตเป็นตัวแทน / นายหน้าประกันภัย ครั้งที่ 4 เป็นต้นไป เดือน มกราคม 2555,[ข่าวประกาศ] 2014-05-27 ประกาศรายชื่อผู้สมัครเข้ารับการอบรมหลักสูตรการขอต่ออายุใบอนุญาตเป็นตัวแทน / นายหน้าประกันภัย ครั้งที่ 4 เป็นต้นไป เดือน มกราคม 2555,ประกันภัย,ข่าวประกาศ
oic_9875,หลักสูตรการอบรมของสำนักงาน คปภ. ประจำปี 2555,[ข่าวประกาศ] 2014-05-27 หลักสูตรการอบรมของสำนักงาน คปภ. ประจำปี 2555,ประกันภัย,ข่าวประกาศ
oic_9876,สำนักงาน คปภ. ภาค4 (อุดรธานี) จัดอบรมหลักสูตรการต่ออายุใบอนุญาตตัวแทนประกันชีวิต ครั้งที่ 3,[ข่าวประกาศ] 2014-05-27 สำนักงาน คปภ. ภาค4 (อุดรธานี) จัดอบรมหลักสูตรการต่ออายุใบอนุญาตตัวแทนประกันชีวิต ครั้งที่ 3,ประกันภัย,ข่าวประกาศ
oic_9877,"ประกาศรายชื่อผู้เข้ารับการอบรมหลักสูตร ""การขอต่อใบอนุญาต ครั้งที่4 เป็นต้นไป"" ประจำเดือน มกราคม 2555","[ข่าวประกาศ] 2014-05-27 ประกาศรายชื่อผู้เข้ารับการอบรมหลักสูตร ""การขอต่อใบอนุญาต ครั้งที่4 เป็นต้นไป"" ประจำเดือน มกราคม 2555",ประกันภัย,ข่าวประกาศ
oic_9878,เรื่องหลักเกณฑ์และเงื่อนไขในการออกใบอนุญาต และการต่อใบอนุญาต ให้นิติบุคคเป็นนายหน้าประกันชีวิต/วินาศภัย พ.ศ.2554,[ข่าวประกาศ] 2014-05-27 เรื่องหลักเกณฑ์และเงื่อนไขในการออกใบอนุญาต และการต่อใบอนุญาต ให้นิติบุคคเป็นนายหน้าประกันชีวิต/วินาศภัย พ.ศ.2554,ประกันภัย,ข่าวประกาศ
oic_9879,แก้ไขเพิ่มเติมคำสั่งนายทะเบียน ที่ 61/2543,[ข่าวประกาศ] 2014-05-27 แก้ไขเพิ่มเติมคำสั่งนายทะเบียน ที่ 61/2543,ประกันภัย,ข่าวประกาศ
oic_9880,ขอความร่วมมือแสดงความคิดเห็นคำสั่งนายทะเบียนที่ 61/2543,[ข่าวประกาศ] 2014-05-27 ขอความร่วมมือแสดงความคิดเห็นคำสั่งนายทะเบียนที่ 61/2543,ประกันภัย,ข่าวประกาศ
oic_9881,แนวทางปฏิบัติทางคณิตศาสตร์ประกันภัยเกี่ยวกับการประเมินมูลค่าภาระผูกพันตามกรมธรรม์ประกันภัยสำหรับการดำรงเงินกองทุนตามระดับความเสี่ยง,[ข่าวประกาศ] 2014-05-27 แนวทางปฏิบัติทางคณิตศาสตร์ประกันภัยเกี่ยวกับการประเมินมูลค่าภาระผูกพันตามกรมธรรม์ประกันภัยสำหรับการดำรงเงินกองทุนตามระดับความเสี่ยง,ประกันภัย,ข่าวประกาศ
oic_9882,ขอความร่วมมือแสดงความคิดเห็นคำสั่งนายทะเบียนที่ 9/2547,[ข่าวประกาศ] 2014-05-27 ขอความร่วมมือแสดงความคิดเห็นคำสั่งนายทะเบียนที่ 9/2547,ประกันภัย,ข่าวประกาศ
oic_9883,กำหนดแบบ หลักเกณฑ์ วิธีการ เงื่อนไข ในการขอรับใบอนุญาต การอนุญาตการขึ้นทะเบียนและการขอต่ออายุใบอนุญาตเป็นผู้ประเมินวินาศภัย การตรวจสอบและประเมินวินาศภัยต้องดำเนินการโดยผู้ประเมินวินาศภัย (ฉบับที่ 2),[ข่าวประกาศ] 2014-05-27 กำหนดแบบ หลักเกณฑ์ วิธีการ เงื่อนไข ในการขอรับใบอนุญาต การอนุญาตการขึ้นทะเบียนและการขอต่ออายุใบอนุญาตเป็นผู้ประเมินวินาศภัย การตรวจสอบและประเมินวินาศภัยต้องดำเนินการโดยผู้ประเมินวินาศภัย (ฉบับที่ 2),ประกันภัย,ข่าวประกาศ
oic_9884,สำนักงาน คปภ.ภาค9(ชลบุรี) จัดอบรมหลักสูตรต่ออายุใบอนุญาตตัวแทน/นายหน้าประกันภัย ครั้งที่ 4 เป็นต้นไป,[ข่าวประกาศ] 2014-05-27 สำนักงาน คปภ.ภาค9(ชลบุรี) จัดอบรมหลักสูตรต่ออายุใบอนุญาตตัวแทน/นายหน้าประกันภัย ครั้งที่ 4 เป็นต้นไป,ประกันภัย,ข่าวประกาศ
oic_9885,ประกาศหรือโฆษณาการฝ่าฝืนหรือไม่ปฏิบัติตามกฎหมายว่าด้วยการประกันชีวิต ฉบับที่ 9,[ข่าวประกาศ] 2014-05-27 ประกาศหรือโฆษณาการฝ่าฝืนหรือไม่ปฏิบัติตามกฎหมายว่าด้วยการประกันชีวิต ฉบับที่ 9,ประกันภัย,ข่าวประกาศ
oic_9886,ประกาศหรือโฆษณาการฝ่าฝืนหรือไม่ปฏิบัติตามกฎหมายว่าด้วยการประกันชีวิต ฉบับที่ 9,[ข่าวประกาศ] 2014-05-27 ประกาศหรือโฆษณาการฝ่าฝืนหรือไม่ปฏิบัติตามกฎหมายว่าด้วยการประกันชีวิต ฉบับที่ 9,ประกันภัย,ข่าวประกาศ
oic_9887,ประกาศหรือโฆษณาการฝ่าฝืนหรือไม่ปฏิบัติตามกฎหมายวินาศภัย ฉบับที่ 14,[ข่าวประกาศ] 2014-05-27 ประกาศหรือโฆษณาการฝ่าฝืนหรือไม่ปฏิบัติตามกฎหมายวินาศภัย ฉบับที่ 14,ประกันภัย,ข่าวประกาศ
oic_9888,ประกาศหรือโฆษณาการฝ่าฝืนหรือไม่ปฏิบัติตามกฎหมายวินาศภัย ฉบับที่ 15,[ข่าวประกาศ] 2014-05-27 ประกาศหรือโฆษณาการฝ่าฝืนหรือไม่ปฏิบัติตามกฎหมายวินาศภัย ฉบับที่ 15,ประกันภัย,ข่าวประกาศ
oic_9889,ประกาศหรือโฆษณาการฝ่าฝืนหรือไม่ปฏิบัติตามกฎหมาย ฉบับที่ 8,[ข่าวประกาศ] 2014-05-27 ประกาศหรือโฆษณาการฝ่าฝืนหรือไม่ปฏิบัติตามกฎหมาย ฉบับที่ 8,ประกันภัย,ข่าวประกาศ
oic_9890,สำนักงาน คปภ. ภาค 11 (สุราษฏร์ธานี) จัดอบรมหลักสูตรต่ออายุใบอนุญาตตัวแทน / นายหน้าประกันภัย ครั้งที่ 4 เป็นต้นไป,[ข่าวประกาศ] 2014-05-27 สำนักงาน คปภ. ภาค 11 (สุราษฏร์ธานี) จัดอบรมหลักสูตรต่ออายุใบอนุญาตตัวแทน / นายหน้าประกันภัย ครั้งที่ 4 เป็นต้นไป,ประกันภัย,ข่าวประกาศ
oic_9891,สำนักงาน คปภ.ภาค2 (พิษณุโลก) จัดอบรมหลักสูตรการต่อใบอนุญาตเป็นตัวแทนประกันภัย ครั้งที่ 4 เป็นต้นไป,[ข่าวประกาศ] 2014-05-27 สำนักงาน คปภ.ภาค2 (พิษณุโลก) จัดอบรมหลักสูตรการต่อใบอนุญาตเป็นตัวแทนประกันภัย ครั้งที่ 4 เป็นต้นไป,ประกันภัย,ข่าวประกาศ
oic_9892,สำนักงาน คปภ.ภาค2 (พิษณุโลก) จัดอบรมหลักสูตรการต่อใบอนุญาตเป็นตัวแทนประกันภัย ครั้งที่ 4 เป็นต้นไป,[ข่าวประกาศ] 2014-05-27 สำนักงาน คปภ.ภาค2 (พิษณุโลก) จัดอบรมหลักสูตรการต่อใบอนุญาตเป็นตัวแทนประกันภัย ครั้งที่ 4 เป็นต้นไป,ประกันภัย,ข่าวประกาศ
oic_9893,การสอบความรู้เกี่ยวกับการประกันชีวิตและประกันวินาศภัย เพื่อขอรับใบอนุญาตเป็นนายหน้าประกันชีวิตและนายหน้าประกันวินาศภัย (ส่วนกลาง),[ข่าวประกาศ] 2014-05-27 การสอบความรู้เกี่ยวกับการประกันชีวิตและประกันวินาศภัย เพื่อขอรับใบอนุญาตเป็นนายหน้าประกันชีวิตและนายหน้าประกันวินาศภัย (ส่วนกลาง),ประกันภัย,ข่าวประกาศ
oic_9894,การสอบความรู้เกี่ยวกับการประกันชีวิตและประกันวินาศภัย เพื่อขอรับใบอนุญาตเป็นนายหน้าประกันชีวิตและนายหน้าประกันวินาศภัย (ส่วนภูมิภาค),[ข่าวประกาศ] 2014-05-27 การสอบความรู้เกี่ยวกับการประกันชีวิตและประกันวินาศภัย เพื่อขอรับใบอนุญาตเป็นนายหน้าประกันชีวิตและนายหน้าประกันวินาศภัย (ส่วนภูมิภาค),ประกันภัย,ข่าวประกาศ
oic_9789,ประกาศ คปภ.หลักเกณฑ์ วิธีการ และเงื่อนไขในการจัดสรรเงินสำรองสำหรับเบี้ยประกันภัยที่ยังไม่ตกเป็นรายได้ เงินสำรองสำหรับค่าสินไหมทดแทน และเงินสำรองอื่นของบริษัทประกันวินาศภัย (ฉบับที่ 2 ) พ.ศ.2555,[ข่าวประกาศ] 2014-05-27 ประกาศ คปภ.หลักเกณฑ์ วิธีการ และเงื่อนไขในการจัดสรรเงินสำรองสำหรับเบี้ยประกันภัยที่ยังไม่ตกเป็นรายได้ เงินสำรองสำหรับค่าสินไหมทดแทน และเงินสำรองอื่นของบริษัทประกันวินาศภัย (ฉบับที่ 2 ) พ.ศ.2555,ประกันภัย,ข่าวประกาศ
oic_9790,สำนักงาน คปภ.ภาค 4 (อุดรธานี) จัดอบรมหลักสูตรการต่ออายุใบอนุญาตนายหน้าประกันชีวิต ครั้งที่ 3,[ข่าวประกาศ] 2014-05-27 สำนักงาน คปภ.ภาค 4 (อุดรธานี) จัดอบรมหลักสูตรการต่ออายุใบอนุญาตนายหน้าประกันชีวิต ครั้งที่ 3,ประกันภัย,ข่าวประกาศ
oic_9791,ประกาศ คปภ. เรื่อง การจัดสรรสินทรัพย์สำหรับหนี้สินและภาระผูกพันตามสัญญาประกันภัย และการฝากสินทรัพย์ไว้กับสถาบันการเงิน (ฉบับที่ 2) พ.ศ.2555,[ข่าวประกาศ] 2014-05-27 ประกาศ คปภ. เรื่อง การจัดสรรสินทรัพย์สำหรับหนี้สินและภาระผูกพันตามสัญญาประกันภัย และการฝากสินทรัพย์ไว้กับสถาบันการเงิน (ฉบับที่ 2) พ.ศ.2555,ประกันภัย,ข่าวประกาศ
oic_9792,สถาบันวิทยาการประกันภัยระดับสูง ประกาศรับสมัครเข้าอบรมหลักสูตรที่ปรึกษาด้านการประกันภัย รุ่นที่ 2/2555,[ข่าวประกาศ] 2014-05-27 สถาบันวิทยาการประกันภัยระดับสูง ประกาศรับสมัครเข้าอบรมหลักสูตรที่ปรึกษาด้านการประกันภัย รุ่นที่ 2/2555,ประกันภัย,ข่าวประกาศ
oic_9793,กำหนดประเภทและชนิดของเงินกองทุน รวมทั้งหลักเกณฑ์ วิธีการ และเงื่อนไขในการคำนวณเงินกองทุนของบริษัทประกันวินาศภัย (ฉบับที่ 2 และ ฉบับที่ 3 ) พ.ศ.2555,[ข่าวประกาศ] 2014-05-27 กำหนดประเภทและชนิดของเงินกองทุน รวมทั้งหลักเกณฑ์ วิธีการ และเงื่อนไขในการคำนวณเงินกองทุนของบริษัทประกันวินาศภัย (ฉบับที่ 2 และ ฉบับที่ 3 ) พ.ศ.2555,ประกันภัย,ข่าวประกาศ
oic_9794,รับฟังความคิดเห็นหลักเกณฑ์และวิธีการในการกำกับดูแลกรมธรรม์ประกันชีวิตควบการลงทุน,[ข่าวประกาศ] 2014-05-27 รับฟังความคิดเห็นหลักเกณฑ์และวิธีการในการกำกับดูแลกรมธรรม์ประกันชีวิตควบการลงทุน,ประกันภัย,ข่าวประกาศ
oic_9795,ข่าวประกาศ สำนักงาน คปภ. 6 ฉบับ,[ข่าวประกาศ] 2014-05-27 ข่าวประกาศ สำนักงาน คปภ. 6 ฉบับ,ประกันภัย,ข่าวประกาศ
oic_9796,ประกาศรายชื่อผู้เข้ารับการอบรมการต่ออายุใบอนุญาต ครั้งที่ 3 และ ครั้งที่ 4 เป็นต้นไป ประจำเดือน มีนาคม 2555,[ข่าวประกาศ] 2014-05-27 ประกาศรายชื่อผู้เข้ารับการอบรมการต่ออายุใบอนุญาต ครั้งที่ 3 และ ครั้งที่ 4 เป็นต้นไป ประจำเดือน มีนาคม 2555,ประกันภัย,ข่าวประกาศ
oic_9797,ให้บริษัทประกันชีวิต/วินาศภัย ยื่นรายงานเกี่ยวกับฐานะการเงินและกิจการของบริษัท,[ข่าวประกาศ] 2014-05-27 ให้บริษัทประกันชีวิต/วินาศภัย ยื่นรายงานเกี่ยวกับฐานะการเงินและกิจการของบริษัท,ประกันภัย,ข่าวประกาศ
oic_9798,หลักเกณฑ์ วิธีการ เงื่อนไข และระยะเวลาในการจัดทำและยื่นงบการเงินและรายงานเกี่ยวกับผลการดำเนินงานของบริษัทประกันชีวิต/วินาศภัย (ฉบับที่ 3) พ.ศ.2554,[ข่าวประกาศ] 2014-05-27 หลักเกณฑ์ วิธีการ เงื่อนไข และระยะเวลาในการจัดทำและยื่นงบการเงินและรายงานเกี่ยวกับผลการดำเนินงานของบริษัทประกันชีวิต/วินาศภัย (ฉบับที่ 3) พ.ศ.2554,ประกันภัย,ข่าวประกาศ
oic_9799,แบบรายงานงบดุลและงบกำไรขาดทุนของบริษัทประกันชีวิต /วินาศภัย,[ข่าวประกาศ] 2014-05-27 แบบรายงานงบดุลและงบกำไรขาดทุนของบริษัทประกันชีวิต /วินาศภัย,ประกันภัย,ข่าวประกาศ
oic_9800,สำนักงาน คปภ.ภาค6 (นครราชสีมา) จัดอบรมหลักสูตรการขอต่อใบอนุญาตตัวแทนประกันชีวิต ครั้งที่ 3,[ข่าวประกาศ] 2014-05-27 สำนักงาน คปภ.ภาค6 (นครราชสีมา) จัดอบรมหลักสูตรการขอต่อใบอนุญาตตัวแทนประกันชีวิต ครั้งที่ 3,ประกันภัย,ข่าวประกาศ
oic_9801,สำนักงาน คปภ.ภาค 12 (สงขลา) จัดอบรมหลักสูตรการต่อใบอนุญาตเป็นตัวแทน / นายหน้าประกันภัยครั้งที่ 4 (ต่ออายุ 5 ปี ครั้งที่ 2และครั้งต่อไป) ครั้งที่ 2/2555,[ข่าวประกาศ] 2014-05-27 สำนักงาน คปภ.ภาค 12 (สงขลา) จัดอบรมหลักสูตรการต่อใบอนุญาตเป็นตัวแทน / นายหน้าประกันภัยครั้งที่ 4 (ต่ออายุ 5 ปี ครั้งที่ 2และครั้งต่อไป) ครั้งที่ 2/2555,ประกันภัย,ข่าวประกาศ
oic_9802,สำนักงาน คปภ. ภาค 7 (สระบุรี) จัดอบรมหลักสูตรการต่ออายุใบอนุญาตตัวแทน/นายหน้าประกันภัย ครั้งที่ 4 เป็นต้นไป,[ข่าวประกาศ] 2014-05-27 สำนักงาน คปภ. ภาค 7 (สระบุรี) จัดอบรมหลักสูตรการต่ออายุใบอนุญาตตัวแทน/นายหน้าประกันภัย ครั้งที่ 4 เป็นต้นไป,ประกันภัย,ข่าวประกาศ
oic_9803,ประกาศราชื่อผู้เข้ารับการอบรมเพื่อขอรับบัตรใบอนุญาตตัวแทน/นายหน้าประกันภัย ประจาเดือน มีนาคม 2555,[ข่าวประกาศ] 2014-05-27 ประกาศราชื่อผู้เข้ารับการอบรมเพื่อขอรับบัตรใบอนุญาตตัวแทน/นายหน้าประกันภัย ประจาเดือน มีนาคม 2555,ประกันภัย,ข่าวประกาศ
oic_9804,"รายชื่อผู้เข้ารับการอบรมหลักสูตร ""การขอต่ออายุใบอนุญาต ครั้งที่ 3 ประัจำเดือน 3 /2012","[ข่าวประกาศ] 2014-05-27 รายชื่อผู้เข้ารับการอบรมหลักสูตร ""การขอต่ออายุใบอนุญาต ครั้งที่ 3 ประัจำเดือน 3 /2012",ประกันภัย,ข่าวประกาศ
oic_9805,สำนักงาน คปภ. ภาค6 (นครราชสีมา) จัดอบรมหลักสูตรต่อใบอนุญาตตัวแทน/นายหน้าประกันภัย ครั้งที่ 4 เป็นต้นไป,[ข่าวประกาศ] 2014-05-27 สำนักงาน คปภ. ภาค6 (นครราชสีมา) จัดอบรมหลักสูตรต่อใบอนุญาตตัวแทน/นายหน้าประกันภัย ครั้งที่ 4 เป็นต้นไป,ประกันภัย,ข่าวประกาศ
oic_9806,สำนักงาน คปภ.ภาค 5 (อุบลราชธานี) จัดอบรมหลักสูตรการขอต่ออายุใบอนุญานายหน้าประกันวินาศภัยและตัวแทนประกันชีวิต ครั้งที่ 3 รุ่นที่ 2,[ข่าวประกาศ] 2014-05-27 สำนักงาน คปภ.ภาค 5 (อุบลราชธานี) จัดอบรมหลักสูตรการขอต่ออายุใบอนุญานายหน้าประกันวินาศภัยและตัวแทนประกันชีวิต ครั้งที่ 3 รุ่นที่ 2,ประกันภัย,ข่าวประกาศ
oic_9807,คำสั่งนายทะเบียน เรื่อง ให้บริษัท ฟินิกส์ ประกันภัย (ประเทศไทย) จำกัด หยุดรับประกันวินาศภัยเป็นการชั่วคราว,[ข่าวประกาศ] 2014-05-27 คำสั่งนายทะเบียน เรื่อง ให้บริษัท ฟินิกส์ ประกันภัย (ประเทศไทย) จำกัด หยุดรับประกันวินาศภัยเป็นการชั่วคราว,ประกันภัย,ข่าวประกาศ
oic_9808,ประกาศสำนักงานคณะกรรมการกำกับและส่งเสริมการประกอบธุรกิจประกันภัย เรื่อง การประกวดโรงเรียน/สถานศึกษาและนักเรียนตามโครงการยุวชนประกันภัย ประจำปี พ.ศ. 2555,[ข่าวประกาศ] 2014-05-27 ประกาศสำนักงานคณะกรรมการกำกับและส่งเสริมการประกอบธุรกิจประกันภัย เรื่อง การประกวดโรงเรียน/สถานศึกษาและนักเรียนตามโครงการยุวชนประกันภัย ประจำปี พ.ศ. 2555,ประกันภัย,ข่าวประกาศ
oic_9809,สถาบันวิทยาการประกันภัยระดับสูง แจ้งเปลี่ยนหัวข้อการบรรยาย,[ข่าวประกาศ] 2014-05-27 สถาบันวิทยาการประกันภัยระดับสูง แจ้งเปลี่ยนหัวข้อการบรรยาย,ประกันภัย,ข่าวประกาศ
oic_9810,สำนักงาน คปภ.ภาค 3 (นครสวรรค์) จัดการอบรมหลักสูตรการขอต่ออายุใบอนุญาตเป็นตัวแทน/นายหน้าประกันภัย ครั้งที่ 4 เป็นต้นไป,[ข่าวประกาศ] 2014-05-27 สำนักงาน คปภ.ภาค 3 (นครสวรรค์) จัดการอบรมหลักสูตรการขอต่ออายุใบอนุญาตเป็นตัวแทน/นายหน้าประกันภัย ครั้งที่ 4 เป็นต้นไป,ประกันภัย,ข่าวประกาศ
oic_9811,ประกาศ คปภ. เรื่อง หลักเกณฑ์ วิธีการ และเงื่อนไขในการจัดเก็บเบี้ยประกันภัยสำหรับการประกันภัยรถยนต์ (ฉบับที่ 2) พ.ศ.2555,[ข่าวประกาศ] 2014-05-27 ประกาศ คปภ. เรื่อง หลักเกณฑ์ วิธีการ และเงื่อนไขในการจัดเก็บเบี้ยประกันภัยสำหรับการประกันภัยรถยนต์ (ฉบับที่ 2) พ.ศ.2555,ประกันภัย,ข่าวประกาศ
oic_9812,สำนักงาน คปภ.ภาค 4 (อุดรธานี)จัดอบรมหลักสูตรการต่ออายุใบอนุญาตตัวแทน/นายหน้าประกันภัย ครั้งที่ 4 เป็นต้นไป,[ข่าวประกาศ] 2014-05-27 สำนักงาน คปภ.ภาค 4 (อุดรธานี)จัดอบรมหลักสูตรการต่ออายุใบอนุญาตตัวแทน/นายหน้าประกันภัย ครั้งที่ 4 เป็นต้นไป,ประกันภัย,ข่าวประกาศ
oic_9813,ประกาศ คปภ. เรื่อง การประเมินราคาทรัพย์สินและหนี้สินของบริษัทประกันวินาศภัย (ฉบับที่ 2) พ.ศ.2555,[ข่าวประกาศ] 2014-05-27 ประกาศ คปภ. เรื่อง การประเมินราคาทรัพย์สินและหนี้สินของบริษัทประกันวินาศภัย (ฉบับที่ 2) พ.ศ.2555,ประกันภัย,ข่าวประกาศ
oic_9814,ขอความคิดเห็นแบบรายงานการทำประกันภัยต่อของบริษัทประกันชีวิต/ประกันวินาศภัย,[ข่าวประกาศ] 2014-05-27 ขอความคิดเห็นแบบรายงานการทำประกันภัยต่อของบริษัทประกันชีวิต/ประกันวินาศภัย,ประกันภัย,ข่าวประกาศ
oic_9815,หลักเกณฑ์ วิธีการ และเงื่อนไขในการเก็บเบี้ยประกันภัย พ.ศ.2555,[ข่าวประกาศ] 2014-05-27 หลักเกณฑ์ วิธีการ และเงื่อนไขในการเก็บเบี้ยประกันภัย พ.ศ.2555,ประกันภัย,ข่าวประกาศ
oic_9816,ประกาศรายชื่อตัวแทน/นายหน้าที่เข้ารับการอบรมต่ออายุใบอนุญาตครั้งที่ 4 ประจำเดือนพฤษภาคม 2555,[ข่าวประกาศ] 2014-05-27 ประกาศรายชื่อตัวแทน/นายหน้าที่เข้ารับการอบรมต่ออายุใบอนุญาตครั้งที่ 4 ประจำเดือนพฤษภาคม 2555,ประกันภัย,ข่าวประกาศ
oic_9817,"สำนักงาน คปภ.ขอแจ้งเปลี่ยนแปลงหัวข้อการบรรยายหลักสูตร การขอต่อใบอนุญาตเป็นตัวแทน/นายหน้าประกันภัย"" ครั้งที่ 4 เป็นต้นไป","[ข่าวประกาศ] 2014-05-27 สำนักงาน คปภ.ขอแจ้งเปลี่ยนแปลงหัวข้อการบรรยายหลักสูตร การขอต่อใบอนุญาตเป็นตัวแทน/นายหน้าประกันภัย"" ครั้งที่ 4 เป็นต้นไป",ประกันภัย,ข่าวประกาศ
oic_9818,เผยแพร่ร่างขอบเขตและเงื่อนไขการจ้างเหมาทำความสะอาดอาคารสำนักงาน คปภ.และสถาบันวิทยาการประกันภัยระดับสูง,[ข่าวประกาศ] 2014-05-27 เผยแพร่ร่างขอบเขตและเงื่อนไขการจ้างเหมาทำความสะอาดอาคารสำนักงาน คปภ.และสถาบันวิทยาการประกันภัยระดับสูง,ประกันภัย,ข่าวประกาศ
oic_9819,สำนักงาน คปภ. ภาค4 (อุดรธานี) จัดอบรมหลักสูตรการต่อใบอนุญาตตัวแทน/นายหน้าประกันภัย ครั้งที่ 4 เป็นต้นไป,[ข่าวประกาศ] 2014-05-27 สำนักงาน คปภ. ภาค4 (อุดรธานี) จัดอบรมหลักสูตรการต่อใบอนุญาตตัวแทน/นายหน้าประกันภัย ครั้งที่ 4 เป็นต้นไป,ประกันภัย,ข่าวประกาศ
oic_9820,เผยแพร่ร่างขอบเขตและเงื่อนไขการจ้างประชาสัมพันธ์ผ่านสื่อวิทยุ ประจำปี 2555 เพื่อให้สาธารณชนเสนอแนะหรือวิจารณ์ขอบเขตงาน,[ข่าวประกาศ] 2014-05-27 เผยแพร่ร่างขอบเขตและเงื่อนไขการจ้างประชาสัมพันธ์ผ่านสื่อวิทยุ ประจำปี 2555 เพื่อให้สาธารณชนเสนอแนะหรือวิจารณ์ขอบเขตงาน,ประกันภัย,ข่าวประกาศ
oic_9821,สำนักงาน คปภ.ภาค 6 (นครราชสีมา) จัดอบรมหลักสูตรการขอต่ออายุใบอนุญาตตัวแทนประกันวินาศภัย ครั้งที่ 3,[ข่าวประกาศ] 2014-05-27 สำนักงาน คปภ.ภาค 6 (นครราชสีมา) จัดอบรมหลักสูตรการขอต่ออายุใบอนุญาตตัวแทนประกันวินาศภัย ครั้งที่ 3,ประกันภัย,ข่าวประกาศ
oic_9822,สำนักงาน คปภ. ภาค4 (อุดรธานี) รับสมัครสอบต่ออายุใบอนุญาตตัวแทน / นายหน้าประกันภัย ครั้งที่ 4 เป็นต้นไป,[ข่าวประกาศ] 2014-05-27 สำนักงาน คปภ. ภาค4 (อุดรธานี) รับสมัครสอบต่ออายุใบอนุญาตตัวแทน / นายหน้าประกันภัย ครั้งที่ 4 เป็นต้นไป,ประกันภัย,ข่าวประกาศ
oic_9823,สำนักงาน คปภ.ภาค9 (ชลบุรี) จัดอบรมหลักสูตรการต่ออายุใบอนุญาตตัวแทน/นายหน้าประกันภัย ครั้งที่ 4 เป็นต้นไป,[ข่าวประกาศ] 2014-05-27 สำนักงาน คปภ.ภาค9 (ชลบุรี) จัดอบรมหลักสูตรการต่ออายุใบอนุญาตตัวแทน/นายหน้าประกันภัย ครั้งที่ 4 เป็นต้นไป,ประกันภัย,ข่าวประกาศ
oic_9824,สำนักงาน คปภ.ภาค11 (สุราษฎร์ธานี) จัดอบรมหลักสูตรการต่ออายุใบอนุญาตตัวแทนประกันชีวิต ครั้งที่ 3 ประจำปี 2555,[ข่าวประกาศ] 2014-05-27 สำนักงาน คปภ.ภาค11 (สุราษฎร์ธานี) จัดอบรมหลักสูตรการต่ออายุใบอนุญาตตัวแทนประกันชีวิต ครั้งที่ 3 ประจำปี 2555,ประกันภัย,ข่าวประกาศ
oic_9825,สำนักงาน คปภ.ภาค5 (อุบลราชธานี) จัดอบรมหลักสูตรการต่ออายุใบอนุญาตเป็นนายหน้าประกันชีวิต ครั้งที่ 3 รุ่นที่ 3,[ข่าวประกาศ] 2014-05-27 สำนักงาน คปภ.ภาค5 (อุบลราชธานี) จัดอบรมหลักสูตรการต่ออายุใบอนุญาตเป็นนายหน้าประกันชีวิต ครั้งที่ 3 รุ่นที่ 3,ประกันภัย,ข่าวประกาศ
oic_9826,สำนักงาน คปภ.ภาค4 (อุดรธานี) จัดอบรมหลักสูตรการต่ออายุใบอนุญาตตัวแทนประกันวินาศภัย ครั้งที่ 3,[ข่าวประกาศ] 2014-05-27 สำนักงาน คปภ.ภาค4 (อุดรธานี) จัดอบรมหลักสูตรการต่ออายุใบอนุญาตตัวแทนประกันวินาศภัย ครั้งที่ 3,ประกันภัย,ข่าวประกาศ
oic_9827,"ตารางการจัดอบรมหลักสูตร "" การขอต่ออายุใบอนุญาตตัวแทน / นายหน้าประกันภัย ครั้งที่ 3 และ 4 เป็นต้นไป ประจำปี 2555 ณ สำนักงาน คปภ.","[ข่าวประกาศ] 2014-05-27 ตารางการจัดอบรมหลักสูตร "" การขอต่ออายุใบอนุญาตตัวแทน / นายหน้าประกันภัย ครั้งที่ 3 และ 4 เป็นต้นไป ประจำปี 2555 ณ สำนักงาน คปภ.",ประกันภัย,ข่าวประกาศ
oic_9828,ประกาศราชื่อผู้เข้ารับการอบรมเพื่อขอรับบัตรใบอนุญาตตัวแทน/นายหน้าประกันภัย ครั้งที่ 4 เป็นต้นไป ประจำเดือน พฤษภาคม 2555,[ข่าวประกาศ] 2014-05-27 ประกาศราชื่อผู้เข้ารับการอบรมเพื่อขอรับบัตรใบอนุญาตตัวแทน/นายหน้าประกันภัย ครั้งที่ 4 เป็นต้นไป ประจำเดือน พฤษภาคม 2555,ประกันภัย,ข่าวประกาศ
oic_9829,สำนักงาน คปภ. ภาค6 (นครราชสีมา) รับสมัครอบรมหลักสูตรต่อใบอนุญาตตัวแทน/นายหน้าประกันภัย ครั้งที่ 4 เป็นต้นไป,[ข่าวประกาศ] 2014-05-27 สำนักงาน คปภ. ภาค6 (นครราชสีมา) รับสมัครอบรมหลักสูตรต่อใบอนุญาตตัวแทน/นายหน้าประกันภัย ครั้งที่ 4 เป็นต้นไป,ประกันภัย,ข่าวประกาศ
oic_9830,สำนักงาน คปภ.ภาค12 (สงขลา) จัดอบรมหลักสูตรการต่อใบอนุญาตเป็นตัวแทน/นายหน้าประกันภัย ครั้งที่ 4 (ต่ออายุ 5 ปี ครั้งที่สองและครั้งต่อไป) ครั้งที่ 3/2555,[ข่าวประกาศ] 2014-05-27 สำนักงาน คปภ.ภาค12 (สงขลา) จัดอบรมหลักสูตรการต่อใบอนุญาตเป็นตัวแทน/นายหน้าประกันภัย ครั้งที่ 4 (ต่ออายุ 5 ปี ครั้งที่สองและครั้งต่อไป) ครั้งที่ 3/2555,ประกันภัย,ข่าวประกาศ
oic_9831,กำหนดแบบคำขอรับใบอนุญาต ใบอนุญาต และเอกสารเกี่ยวกับการเป็นตัวแทนประกันชีวิต/วินาศภัย ตัวแทนประกันชิวิต/วินาศภัยรายย่อย หรือนายหน้าประกันชีวิต/วินาศภัย (ฉบับที่2) พ.ศ.2555,[ข่าวประกาศ] 2014-05-27 กำหนดแบบคำขอรับใบอนุญาต ใบอนุญาต และเอกสารเกี่ยวกับการเป็นตัวแทนประกันชีวิต/วินาศภัย ตัวแทนประกันชิวิต/วินาศภัยรายย่อย หรือนายหน้าประกันชีวิต/วินาศภัย (ฉบับที่2) พ.ศ.2555,ประกันภัย,ข่าวประกาศ
oic_9832,ระเบียบสำนักงาน คปภ. ว่าด้วยประมวลจริยธรรมของสำนักงาน คปภ. พ.ศ.2555,[ข่าวประกาศ] 2014-05-27 ระเบียบสำนักงาน คปภ. ว่าด้วยประมวลจริยธรรมของสำนักงาน คปภ. พ.ศ.2555,ประกันภัย,ข่าวประกาศ
oic_9833,สำนักงาน คปภ. ภาค 11 (สุราษฏร์ธานี) จัดอบรมหลักสูตรการต่ออายุใบอนุญาตตัวแทน/นายหน้าประกันภัย ครั้งที่ 4 เป็นต้นไป,[ข่าวประกาศ] 2014-05-27 สำนักงาน คปภ. ภาค 11 (สุราษฏร์ธานี) จัดอบรมหลักสูตรการต่ออายุใบอนุญาตตัวแทน/นายหน้าประกันภัย ครั้งที่ 4 เป็นต้นไป,ประกันภัย,ข่าวประกาศ
oic_9834,สำนักงาน คปภ. ภาค 3 (นครสวรรค์) จัดอบรมหลักสูตรการต่ออายุใบอนุญาตตัวแทน/นายหน้าประกันภัย ครั้งที่ 4 เป็นต้นไป,[ข่าวประกาศ] 2014-05-27 สำนักงาน คปภ. ภาค 3 (นครสวรรค์) จัดอบรมหลักสูตรการต่ออายุใบอนุญาตตัวแทน/นายหน้าประกันภัย ครั้งที่ 4 เป็นต้นไป,ประกันภัย,ข่าวประกาศ
oic_9835,ประกาศรายชื่อผู้เข้ารับการอบรมเพื่อขอรับบัตรใบอนุญาตตัวแทน/นายหน้าประกันภัย ครั้งที่ 3 และครั้งที่ 4 เป็นต้นไป ประจำเดือน เมษายน 2555,[ข่าวประกาศ] 2014-05-27 ประกาศรายชื่อผู้เข้ารับการอบรมเพื่อขอรับบัตรใบอนุญาตตัวแทน/นายหน้าประกันภัย ครั้งที่ 3 และครั้งที่ 4 เป็นต้นไป ประจำเดือน เมษายน 2555,ประกันภัย,ข่าวประกาศ
oic_9836,สำนักงาน คปภ. ภาค6 (นครราชสีมา) จัดการการอบรมหลักสูตรการขอต่ออายุใบอนุญาตประกันชีวิต ครั้งที่ 3,[ข่าวประกาศ] 2014-05-27 สำนักงาน คปภ. ภาค6 (นครราชสีมา) จัดการการอบรมหลักสูตรการขอต่ออายุใบอนุญาตประกันชีวิต ครั้งที่ 3,ประกันภัย,ข่าวประกาศ
oic_9837,สำนักงาน คปภ. ภาค5 (อุบลราชธานี) รับสมัครอบรมหลักสูตรต่อใบอนุญาตตัวแทน/นายหน้าประกันภัย ครั้งที่ 4 เป็นต้นไป รุ่นที่ 2/2555,[ข่าวประกาศ] 2014-05-27 สำนักงาน คปภ. ภาค5 (อุบลราชธานี) รับสมัครอบรมหลักสูตรต่อใบอนุญาตตัวแทน/นายหน้าประกันภัย ครั้งที่ 4 เป็นต้นไป รุ่นที่ 2/2555,ประกันภัย,ข่าวประกาศ
oic_9838,"โครงการประกวดสารคดีสั้น ความยาวไม่น้อยกว่า 1 นาที หัวข้อ ""การประกันภัยรถภาคบังคับ","[ข่าวประกาศ] 2014-05-27 โครงการประกวดสารคดีสั้น ความยาวไม่น้อยกว่า 1 นาที หัวข้อ ""การประกันภัยรถภาคบังคับ",ประกันภัย,ข่าวประกาศ
oic_9741,เอกสารเพื่อรับฟังความคิดเห็นจากผู้เกี่ยวข้องต่อ ร่าง นิยามโรคร้ายแรง,[ข่าวประกาศ] 2014-05-27 เอกสารเพื่อรับฟังความคิดเห็นจากผู้เกี่ยวข้องต่อ ร่าง นิยามโรคร้ายแรง,ประกันภัย,ข่าวประกาศ
oic_9742,"การสอบราคาจัดจ้างพิมพ์หนังสือรู้จังใช้เข้าใจสิทธิ ในหัวข้อเรื่อง ""ประกันชีวิตใกล้ตัวคุณ""และหัวข้อเรื่อง ""ประกันวินาศภัยใกล้ตัวคุณ""โดยวิธีสอบราคา","[ข่าวประกาศ] 2014-05-27 การสอบราคาจัดจ้างพิมพ์หนังสือรู้จังใช้เข้าใจสิทธิ ในหัวข้อเรื่อง ""ประกันชีวิตใกล้ตัวคุณ""และหัวข้อเรื่อง ""ประกันวินาศภัยใกล้ตัวคุณ""โดยวิธีสอบราคา",ประกันภัย,ข่าวประกาศ
oic_9743,ขอความร่วมมือแสดงความคิดเห็นต่อร่างคู่มือการจัดทำกลยุทธ์การบริหารการประกันภัยต่อสำหรับบริษัทประกันภัย (Reinsurance Management strategy),[ข่าวประกาศ] 2014-05-27 ขอความร่วมมือแสดงความคิดเห็นต่อร่างคู่มือการจัดทำกลยุทธ์การบริหารการประกันภัยต่อสำหรับบริษัทประกันภัย (Reinsurance Management strategy),ประกันภัย,ข่าวประกาศ
oic_9744,ประกาศรายชื่อผู้มีสิทธิ์เข้ารับการอบรมต่ออายุใบอนุญาติครั้งที่ 3 และครั้งที่ 4 เป็นต้นไป ประจำเดือนกรกฏาคม 2555,[ข่าวประกาศ] 2014-05-27 ประกาศรายชื่อผู้มีสิทธิ์เข้ารับการอบรมต่ออายุใบอนุญาติครั้งที่ 3 และครั้งที่ 4 เป็นต้นไป ประจำเดือนกรกฏาคม 2555,ประกันภัย,ข่าวประกาศ
oic_9745,ร่างแนวทางปฏิบัติ เรื่อง การบริหารความต่อเนื่องทางธุรกิจ (Business Continuity Management: BCM) และการจัดทำแผนรองรับการดำเนินธุรกิจอย่างต่อเนื่อง (Business Continuity Plan: BCP),[ข่าวประกาศ] 2014-05-27 ร่างแนวทางปฏิบัติ เรื่อง การบริหารความต่อเนื่องทางธุรกิจ (Business Continuity Management: BCM) และการจัดทำแผนรองรับการดำเนินธุรกิจอย่างต่อเนื่อง (Business Continuity Plan: BCP),ประกันภัย,ข่าวประกาศ
oic_9746,ยกเลิกคำสั่งให้บริษัท ฟีนิกซ์ ประกันภัย (ประเทศไทย) จำกัด หยุดรับประกันวินาศภัยเป็นการชั่วคราว,[ข่าวประกาศ] 2014-05-27 ยกเลิกคำสั่งให้บริษัท ฟีนิกซ์ ประกันภัย (ประเทศไทย) จำกัด หยุดรับประกันวินาศภัยเป็นการชั่วคราว,ประกันภัย,ข่าวประกาศ
oic_9747,สำนักงานคปภ.ภาค 12 (สงขลา) จัดอบรมหลักสูตรการต่ออายุใบอนุญาตตัวแทน/นายหน้าประกันภัย,[ข่าวประกาศ] 2014-05-27 สำนักงานคปภ.ภาค 12 (สงขลา) จัดอบรมหลักสูตรการต่ออายุใบอนุญาตตัวแทน/นายหน้าประกันภัย,ประกันภัย,ข่าวประกาศ
oic_9748,สำนักงานคปภ. ภาค6 นครราชสีมา จัดอบรมหลักสูตรการขอต่ออายุใบอนุญาตตัวแทน/นายหน้าประกันภัย ครั้งที่ 4 เป็นต้นไป,[ข่าวประกาศ] 2014-05-27 สำนักงานคปภ. ภาค6 นครราชสีมา จัดอบรมหลักสูตรการขอต่ออายุใบอนุญาตตัวแทน/นายหน้าประกันภัย ครั้งที่ 4 เป็นต้นไป,ประกันภัย,ข่าวประกาศ
oic_9749,สำนักงานคปภ.ภาค 3 (นครสวรรค์) จัดอบรมหลักสูตรการต่ออายุใบอนุญาตตัวแทน/นายหน้าประกันภัย,[ข่าวประกาศ] 2014-05-27 สำนักงานคปภ.ภาค 3 (นครสวรรค์) จัดอบรมหลักสูตรการต่ออายุใบอนุญาตตัวแทน/นายหน้าประกันภัย,ประกันภัย,ข่าวประกาศ
oic_9750,การสอบราคาจ้างปรับปรุงทำความสะอาดท่อส่งลมเย็นในระบบปรับอากาศอาคารสำนักงาน คปภ. จำนวน 8 ชั้น,[ข่าวประกาศ] 2014-05-27 การสอบราคาจ้างปรับปรุงทำความสะอาดท่อส่งลมเย็นในระบบปรับอากาศอาคารสำนักงาน คปภ. จำนวน 8 ชั้น,ประกันภัย,ข่าวประกาศ
oic_9751,การจัดซื้อประกันชีวิต การประกันอุบัติเหตุและการประกันสุขภาพกลุ่มของลูกจ้าง สำนักงาน คปภ. ประจำปี 2555 โดยวิธีสอบราคา,[ข่าวประกาศ] 2014-05-27 การจัดซื้อประกันชีวิต การประกันอุบัติเหตุและการประกันสุขภาพกลุ่มของลูกจ้าง สำนักงาน คปภ. ประจำปี 2555 โดยวิธีสอบราคา,ประกันภัย,ข่าวประกาศ
oic_9752,สำนักงาน คปภ.ภาค 12 (สงขลา) จัดอบรมหลักสูตรการต่อใบอนุญาตเป็นตัวแทนประกันชีวิต ครั้งที่ 3,[ข่าวประกาศ] 2014-05-27 สำนักงาน คปภ.ภาค 12 (สงขลา) จัดอบรมหลักสูตรการต่อใบอนุญาตเป็นตัวแทนประกันชีวิต ครั้งที่ 3,ประกันภัย,ข่าวประกาศ
oic_9753,ประกาศจ้างที่ปรึกษาโครงการเพื่อจัดหาผู้ร่วมทุนให้กับ บริษัท ฟินันซ่าประกันชีวิต จำกัด,[ข่าวประกาศ] 2014-05-27 ประกาศจ้างที่ปรึกษาโครงการเพื่อจัดหาผู้ร่วมทุนให้กับ บริษัท ฟินันซ่าประกันชีวิต จำกัด,ประกันภัย,ข่าวประกาศ
oic_9754,แนวปฏิบัติในการจดทะเบียนแปรสภาพบริษัทจำกัดเป็นบริษัทมหาชนจำกัด,[ข่าวประกาศ] 2014-05-27 แนวปฏิบัติในการจดทะเบียนแปรสภาพบริษัทจำกัดเป็นบริษัทมหาชนจำกัด,ประกันภัย,ข่าวประกาศ
oic_9755,สำนักงาน คปภ.ภาค5 (อุบลราชธานี) จัดอบรมหลักสูตรการขอต่ออายุใบอนุญาตตัวแทน / นายหน้าประกันภัย ครั้งที่ 4 เป็นต้นไป รุ่นที่ 3/2555,[ข่าวประกาศ] 2014-05-27 สำนักงาน คปภ.ภาค5 (อุบลราชธานี) จัดอบรมหลักสูตรการขอต่ออายุใบอนุญาตตัวแทน / นายหน้าประกันภัย ครั้งที่ 4 เป็นต้นไป รุ่นที่ 3/2555,ประกันภัย,ข่าวประกาศ
oic_9756,ประกาศราชื่อผู้เข้ารับการอบรมเพื่อขอรับบัตรใบอนุญาตตัวแทน/นายหน้าประกันภัย ครั้งที่3 และครั้งที่ 4 เป็นต้นไป ประจำเดือน มิถุนายน 2555,[ข่าวประกาศ] 2014-05-27 ประกาศราชื่อผู้เข้ารับการอบรมเพื่อขอรับบัตรใบอนุญาตตัวแทน/นายหน้าประกันภัย ครั้งที่3 และครั้งที่ 4 เป็นต้นไป ประจำเดือน มิถุนายน 2555,ประกันภัย,ข่าวประกาศ
oic_9757,ประกาศการขึ้นทะเบียนเป็นผู้ประเมินวินาศภัย,[ข่าวประกาศ] 2014-05-27 ประกาศการขึ้นทะเบียนเป็นผู้ประเมินวินาศภัย,ประกันภัย,ข่าวประกาศ
oic_9758,สำนักงาน คปภ.ภาค 9 ชลบุรี จัดอบรมหลักสูตรต่ออายุใบอนุญาตตัวแทน/นายหน้าประกันภัย ครั้งที่ 4 เป็นต้นไป,[ข่าวประกาศ] 2014-05-27 สำนักงาน คปภ.ภาค 9 ชลบุรี จัดอบรมหลักสูตรต่ออายุใบอนุญาตตัวแทน/นายหน้าประกันภัย ครั้งที่ 4 เป็นต้นไป,ประกันภัย,ข่าวประกาศ
oic_9759,สำนักงาน คปภ. ภาค7 (สระบุรี)จัดอบรมหลักสูตรการต่ออายุใบอนุญาตตัวแทน/นายหน้าประกันภัย ครั้งที่ 4 เป็นต้นไป,[ข่าวประกาศ] 2014-05-27 สำนักงาน คปภ. ภาค7 (สระบุรี)จัดอบรมหลักสูตรการต่ออายุใบอนุญาตตัวแทน/นายหน้าประกันภัย ครั้งที่ 4 เป็นต้นไป,ประกันภัย,ข่าวประกาศ
oic_9760,หลักเกณฑ์การให้รางวัลบริษัทประกันภัยดีเด่น ประจำปี 2554,[ข่าวประกาศ] 2014-05-27 หลักเกณฑ์การให้รางวัลบริษัทประกันภัยดีเด่น ประจำปี 2554,ประกันภัย,ข่าวประกาศ
oic_9761,การสมัครงานในตำแหน่งที่ว่างของบรรษัทประกันต่อแห่งเอเชีย,[ข่าวประกาศ] 2014-05-27 การสมัครงานในตำแหน่งที่ว่างของบรรษัทประกันต่อแห่งเอเชีย,ประกันภัย,ข่าวประกาศ
oic_9762,ภาวะธุรกิจประกันภัยไทย,[ข่าวประกาศ] 2014-05-27 ภาวะธุรกิจประกันภัยไทย,ประกันภัย,ข่าวประกาศ
oic_9763,สำนักงาน คปภ.ภาค 4 (อุดรธานี) จัดอบรมหลักสูตรต่ออายุใบอนุญาตนายหน้าประกันวินาศภัย ครั้งที่ 3 รุ่นที่ 4/2555,[ข่าวประกาศ] 2014-05-27 สำนักงาน คปภ.ภาค 4 (อุดรธานี) จัดอบรมหลักสูตรต่ออายุใบอนุญาตนายหน้าประกันวินาศภัย ครั้งที่ 3 รุ่นที่ 4/2555,ประกันภัย,ข่าวประกาศ
oic_9764,ประกาศรับสมัครงาน,[ข่าวประกาศ] 2014-05-27 ประกาศรับสมัครงาน,ประกันภัย,ข่าวประกาศ
oic_9765,สำนักงาน คปภ. ภาค 6 นครราชสีมา จัดอบรมหลักสูตรการขอต่อใบอนุญาตตัวแทน/นายหน้า ประกันภัย ครั้งที่ 4 เป็นต้นไป,[ข่าวประกาศ] 2014-05-27 สำนักงาน คปภ. ภาค 6 นครราชสีมา จัดอบรมหลักสูตรการขอต่อใบอนุญาตตัวแทน/นายหน้า ประกันภัย ครั้งที่ 4 เป็นต้นไป,ประกันภัย,ข่าวประกาศ
oic_9766,ร่วมแสดงความคิดเห็นต่อร่างพระราชบัญญัติประกันชีวิต / วินาศภัย พ.ศ...,[ข่าวประกาศ] 2014-05-27 ร่วมแสดงความคิดเห็นต่อร่างพระราชบัญญัติประกันชีวิต / วินาศภัย พ.ศ...,ประกันภัย,ข่าวประกาศ
oic_9767,ร่วมเสนอความคิดเห็น เรื่อง หลักเกณฑ์ วิธีการออก การเสนอขายกรมธรรม์ประกันภัยของบริษัทประกันชีวิต/วินาศภัยฯ และการจัดทำระบบ Do-Not-Call List สำหรับการเสนอขายกรมธรรม์ประกันภัยทางโทรศัพท์,[ข่าวประกาศ] 2014-05-27 ร่วมเสนอความคิดเห็น เรื่อง หลักเกณฑ์ วิธีการออก การเสนอขายกรมธรรม์ประกันภัยของบริษัทประกันชีวิต/วินาศภัยฯ และการจัดทำระบบ Do-Not-Call List สำหรับการเสนอขายกรมธรรม์ประกันภัยทางโทรศัพท์,ประกันภัย,ข่าวประกาศ
oic_9768,สถาบันวิทยาการประกันภัยระดับสูงจะมีการจัดอบรมหลักสูตร วิทยาการประกันภัยระดับสูง(วปส.) Thailand Insurance Leadership Program รุ่นที่ 2/2555,[ข่าวประกาศ] 2014-05-27 สถาบันวิทยาการประกันภัยระดับสูงจะมีการจัดอบรมหลักสูตร วิทยาการประกันภัยระดับสูง(วปส.) Thailand Insurance Leadership Program รุ่นที่ 2/2555,ประกันภัย,ข่าวประกาศ
oic_9769,ประกาศรายชื่อผู้เข้ารับการอบรมเพื่อขอรับใบอนุญาตตัวแทน/นายหน้าประกันภัย ครั้งที่ 4 เป็นต้นไป ประจำเดือน กันยายน 2555,[ข่าวประกาศ] 2014-05-27 ประกาศรายชื่อผู้เข้ารับการอบรมเพื่อขอรับใบอนุญาตตัวแทน/นายหน้าประกันภัย ครั้งที่ 4 เป็นต้นไป ประจำเดือน กันยายน 2555,ประกันภัย,ข่าวประกาศ
oic_9770,สำนักงาน คปภ. ภาค 9 ชลบุรี จัดอบรมหลักสูตรการต่อใบอนุญาตตัวแทน/นายหน้าประกันภัย ครั้งที่ 4 เป็นต้นไป,[ข่าวประกาศ] 2014-05-27 สำนักงาน คปภ. ภาค 9 ชลบุรี จัดอบรมหลักสูตรการต่อใบอนุญาตตัวแทน/นายหน้าประกันภัย ครั้งที่ 4 เป็นต้นไป,ประกันภัย,ข่าวประกาศ
oic_9771,สำนักงาน คปภ. ภาค 4 อุดรธานี จัดอบรมหลักสูตรการต่อใบอนุญาตตัวแทนประกันชีวิต ครั้งที่ 3,[ข่าวประกาศ] 2014-05-27 สำนักงาน คปภ. ภาค 4 อุดรธานี จัดอบรมหลักสูตรการต่อใบอนุญาตตัวแทนประกันชีวิต ครั้งที่ 3,ประกันภัย,ข่าวประกาศ
oic_9772,สำนักงาน คปภ. ภาค 5 อุบลราชธานี จัดอบรมหลักสูตรการขอต่อใบอนุญาตตัวแทน/นายหน้า ประกันภัย ครั้งที่ 4 เป็นต้นไป,[ข่าวประกาศ] 2014-05-27 สำนักงาน คปภ. ภาค 5 อุบลราชธานี จัดอบรมหลักสูตรการขอต่อใบอนุญาตตัวแทน/นายหน้า ประกันภัย ครั้งที่ 4 เป็นต้นไป,ประกันภัย,ข่าวประกาศ
oic_9773,รายชื่อผู้ได้รับรางวัล โครงการยุวชนประกันภัย ระดับประเทศ ประจำปี พ.ศ. 2555,[ข่าวประกาศ] 2014-05-27 รายชื่อผู้ได้รับรางวัล โครงการยุวชนประกันภัย ระดับประเทศ ประจำปี พ.ศ. 2555,ประกันภัย,ข่าวประกาศ
oic_9774,สำนักงาน คปภ. ภาค 12 (สงขลา) จัดอบรมหลักสูตรการต่ออายุใบอนุญาตตัวแทน/นายหน้า ครั้งที่ 4 (ต่ออายุ 5 ปี ครั้งที่สองและครั้งต่อไป) ครั้งที่ 5/2555,[ข่าวประกาศ] 2014-05-27 สำนักงาน คปภ. ภาค 12 (สงขลา) จัดอบรมหลักสูตรการต่ออายุใบอนุญาตตัวแทน/นายหน้า ครั้งที่ 4 (ต่ออายุ 5 ปี ครั้งที่สองและครั้งต่อไป) ครั้งที่ 5/2555,ประกันภัย,ข่าวประกาศ
oic_9775,ประกาศผู้ชนะการประกวดราคาจ้างเหมาทำความสะอาดอาคารสำนักงาน คปภ.และอาคารสถาบันวิทยาการประกันระดับสูง ประจำปี 2555 ด้วยวิธีการทางอิเล็กทรอนิกส์,[ข่าวประกาศ] 2014-05-27 ประกาศผู้ชนะการประกวดราคาจ้างเหมาทำความสะอาดอาคารสำนักงาน คปภ.และอาคารสถาบันวิทยาการประกันระดับสูง ประจำปี 2555 ด้วยวิธีการทางอิเล็กทรอนิกส์,ประกันภัย,ข่าวประกาศ
oic_9776,ประกาศผู้ชนะการประกวดราคาจ้างประชาสัมพันธ์ผ่านสื่อวิทยุ ด้วยวิธีการทางอิเล็กทรอนิกส์,[ข่าวประกาศ] 2014-05-27 ประกาศผู้ชนะการประกวดราคาจ้างประชาสัมพันธ์ผ่านสื่อวิทยุ ด้วยวิธีการทางอิเล็กทรอนิกส์,ประกันภัย,ข่าวประกาศ
oic_9777,"ผลการตัดสินโครงการประกวดสารคดีสั้น ในระดับอุดมศึกษา หัวข้อ ""การประกันภัยรถภาคบังคับ","[ข่าวประกาศ] 2014-05-27 ผลการตัดสินโครงการประกวดสารคดีสั้น ในระดับอุดมศึกษา หัวข้อ ""การประกันภัยรถภาคบังคับ",ประกันภัย,ข่าวประกาศ
oic_9778,ขอรับฟังความคิดเห็นต่อร่างหลักการของประกาศว่าด้วยการลงทุนและการประกอบธุรกิจอื่นของบริษัทประกันภัย,[ข่าวประกาศ] 2014-05-27 ขอรับฟังความคิดเห็นต่อร่างหลักการของประกาศว่าด้วยการลงทุนและการประกอบธุรกิจอื่นของบริษัทประกันภัย,ประกันภัย,ข่าวประกาศ
oic_9779,สำนักงาน คปภ. ภาค6 (นครราชสีมา) จัดอบรมหลักสูตรการขอต่อใบอนุญาตนายหน้าประกันวินาศภัย ครั้งที่ 3,[ข่าวประกาศ] 2014-05-27 สำนักงาน คปภ. ภาค6 (นครราชสีมา) จัดอบรมหลักสูตรการขอต่อใบอนุญาตนายหน้าประกันวินาศภัย ครั้งที่ 3,ประกันภัย,ข่าวประกาศ
oic_9780,กำหนดอัตราเบี้ยประกันภัยกรมธรรม์ประกันสุขภาพส่วนบุคคลแบบอัตโนมัติ (File and Use),[ข่าวประกาศ] 2014-05-27 กำหนดอัตราเบี้ยประกันภัยกรมธรรม์ประกันสุขภาพส่วนบุคคลแบบอัตโนมัติ (File and Use),ประกันภัย,ข่าวประกาศ
oic_9781,ประกาศเชิญชวนโครงการจ้างที่ปรึกษาเพื่อจัดหาผู้ร่วมทุนให้กับบริษัท ฟินันซ่าประกันชีวิต จำกัด,[ข่าวประกาศ] 2014-05-27 ประกาศเชิญชวนโครงการจ้างที่ปรึกษาเพื่อจัดหาผู้ร่วมทุนให้กับบริษัท ฟินันซ่าประกันชีวิต จำกัด,ประกันภัย,ข่าวประกาศ
oic_9782,นายทะเบียนมีคำสั่งให้บริษัท ส่งเสริมประกันภัย จำกัด หยุดรับประกันวินาศภัยเป็นการชั่วคราว,[ข่าวประกาศ] 2014-05-27 นายทะเบียนมีคำสั่งให้บริษัท ส่งเสริมประกันภัย จำกัด หยุดรับประกันวินาศภัยเป็นการชั่วคราว,ประกันภัย,ข่าวประกาศ
oic_9783,การรับสมัครบุคคลเพื่อเข้ารับการพิจารณาคัดเลือกและแต่งตั้งให้ดำรงตำแหน่งรองเลขาธิการ สำนักงาน คปภ.,[ข่าวประกาศ] 2014-05-27 การรับสมัครบุคคลเพื่อเข้ารับการพิจารณาคัดเลือกและแต่งตั้งให้ดำรงตำแหน่งรองเลขาธิการ สำนักงาน คปภ.,ประกันภัย,ข่าวประกาศ
oic_9784,สำนักงาน คปภ.ภาค 9 (ชลบุรี) จัดอบรมหลักสูตรต่ออายุใบอนุญาตตัวแทน/นายหน้าประกันภัย ครั้งที่ 4 เป็นต้นไป รุ่นที่ 5,[ข่าวประกาศ] 2014-05-27 สำนักงาน คปภ.ภาค 9 (ชลบุรี) จัดอบรมหลักสูตรต่ออายุใบอนุญาตตัวแทน/นายหน้าประกันภัย ครั้งที่ 4 เป็นต้นไป รุ่นที่ 5,ประกันภัย,ข่าวประกาศ
oic_9785,ประกาศรายชื่อผู้เข้ารับการอบรมเพื่อขอรับบัตรใบอนุญาตตัวแทน/นายหน้าประกันภัย ครั้งที่ 3 และ ครั้งที่ 4 เป็นต้นไป ประจำเดือน สิงหาคม 2555,[ข่าวประกาศ] 2014-05-27 ประกาศรายชื่อผู้เข้ารับการอบรมเพื่อขอรับบัตรใบอนุญาตตัวแทน/นายหน้าประกันภัย ครั้งที่ 3 และ ครั้งที่ 4 เป็นต้นไป ประจำเดือน สิงหาคม 2555,ประกันภัย,ข่าวประกาศ
oic_9786,สำนักงาน คปภ. ภาค 12 (สงขลา) จัดอบรมหลักสูตรการต่ออายุใบอนุญาตเป็นตัวแทนประกันวินาศภัย ครั้งที่ 3,[ข่าวประกาศ] 2014-05-27 สำนักงาน คปภ. ภาค 12 (สงขลา) จัดอบรมหลักสูตรการต่ออายุใบอนุญาตเป็นตัวแทนประกันวินาศภัย ครั้งที่ 3,ประกันภัย,ข่าวประกาศ
oic_9787,"ประกาศรายชื่อทีมที่เข้ารอบสุดท้าย โครงการประกวดสารคดีสั้น ในระดับอุดมศึกษา หัวข้อ ""การประกันภัยรถภาคบังคับ","[ข่าวประกาศ] 2014-05-27 ประกาศรายชื่อทีมที่เข้ารอบสุดท้าย โครงการประกวดสารคดีสั้น ในระดับอุดมศึกษา หัวข้อ ""การประกันภัยรถภาคบังคับ",ประกันภัย,ข่าวประกาศ
oic_9788,สำนักงาน คปภ. ภาค4 (อุดรธานี) จัดอบรมเพื่อขอต่อใบอนุญาตตัวแทน/นายหน้า ประกันภัย ครั้งที่ 4 เป็นต้นไป,[ข่าวประกาศ] 2014-05-27 สำนักงาน คปภ. ภาค4 (อุดรธานี) จัดอบรมเพื่อขอต่อใบอนุญาตตัวแทน/นายหน้า ประกันภัย ครั้งที่ 4 เป็นต้นไป,ประกันภัย,ข่าวประกาศ
oic_9690,เผยแพร่ขอบเขตของงาน เพื่อรับฟังคำวิจารณ์ ร่างขอบเขตของงาน โครงการจ้างเหมาบริการให้เช่าเครื่องคอมพิวเตอร์ ประจำปี 2555,[ข่าวประกาศ] 2014-05-27 เผยแพร่ขอบเขตของงาน เพื่อรับฟังคำวิจารณ์ ร่างขอบเขตของงาน โครงการจ้างเหมาบริการให้เช่าเครื่องคอมพิวเตอร์ ประจำปี 2555,ประกันภัย,ข่าวประกาศ
oic_9691,เผยแพร่ขอบเขตของงาน เพื่อรับฟังคำวิจารณ์ โครงการปรับปรุงโครงสร้างพื้นฐานระบบสารสนเทศ สำนักงาน คปภ.,[ข่าวประกาศ] 2014-05-27 เผยแพร่ขอบเขตของงาน เพื่อรับฟังคำวิจารณ์ โครงการปรับปรุงโครงสร้างพื้นฐานระบบสารสนเทศ สำนักงาน คปภ.,ประกันภัย,ข่าวประกาศ
oic_9692,ร่วมแสดงความคิดเห็นต่อ ร่างประกาศฯ เรื่อง หลักเกณฑ์ วิธีการ และเงื่อนไขในการรับเงิน การจ่ายเงิน การตรวจสอบ และการควบคุมภายในของบริษัทประกันชีวิต และบริษัทประกันวินาศภัย,[ข่าวประกาศ] 2014-05-27 ร่วมแสดงความคิดเห็นต่อ ร่างประกาศฯ เรื่อง หลักเกณฑ์ วิธีการ และเงื่อนไขในการรับเงิน การจ่ายเงิน การตรวจสอบ และการควบคุมภายในของบริษัทประกันชีวิต และบริษัทประกันวินาศภัย,ประกันภัย,ข่าวประกาศ
oic_9693,ร่วมแสดงความคิดเห็นต่อ ร่างกรอบในการโฆษณาของบริษัทประกันชีวิตและประกันวินาศภัย,[ข่าวประกาศ] 2014-05-27 ร่วมแสดงความคิดเห็นต่อ ร่างกรอบในการโฆษณาของบริษัทประกันชีวิตและประกันวินาศภัย,ประกันภัย,ข่าวประกาศ
oic_9694,ประกาศรายชื่อผู้เข้ารับการอบรมเพื่อขอรับใบอนุญาตตัวแทน/นายหน้าประกันภัย ครั้งที่ 3และ ครั้งที่ 4 เป็นต้นไป ประจำเดือน ตุลาคม 2555,[ข่าวประกาศ] 2014-05-27 ประกาศรายชื่อผู้เข้ารับการอบรมเพื่อขอรับใบอนุญาตตัวแทน/นายหน้าประกันภัย ครั้งที่ 3และ ครั้งที่ 4 เป็นต้นไป ประจำเดือน ตุลาคม 2555,ประกันภัย,ข่าวประกาศ
oic_9695,ร่วมแสดงความคิดเห็นต่อร่างประกาศสำนักงานคปภ. เรื่องหลักเกณฑ์ วิธีการ เงื่อนไขและระยะเวลาในการจัดทำและยื่นงบการเงินและรายงานเกี่ยวกับผลการดำเนินงานของบริษัทประกันชีวิตและ บริษัทประกันวินาศภัย (ฉบับที4),[ข่าวประกาศ] 2014-05-27 ร่วมแสดงความคิดเห็นต่อร่างประกาศสำนักงานคปภ. เรื่องหลักเกณฑ์ วิธีการ เงื่อนไขและระยะเวลาในการจัดทำและยื่นงบการเงินและรายงานเกี่ยวกับผลการดำเนินงานของบริษัทประกันชีวิตและ บริษัทประกันวินาศภัย (ฉบับที4),ประกันภัย,ข่าวประกาศ
oic_9696,แนวทางปฏิบัติการบริหารความต่อเนื่องทางธุรกิจ (Business Continuity Management: BCM) และการจัดทำแผนรองรับการดำเนินธุรกิจอย่างต่อเนื่อง (Business Continuity Plan: BCP),[ข่าวประกาศ] 2014-05-27 แนวทางปฏิบัติการบริหารความต่อเนื่องทางธุรกิจ (Business Continuity Management: BCM) และการจัดทำแผนรองรับการดำเนินธุรกิจอย่างต่อเนื่อง (Business Continuity Plan: BCP),ประกันภัย,ข่าวประกาศ
oic_9697,สำนักงาน คปภ. ภาค 5 (อุบลราชธานี) จัดอบรมหลักสูตรการต่ออายุใบอนุญาตตัวแทน/นายหน้าประกันภัย ครั้งที่ 4 เป็นต้นไป,[ข่าวประกาศ] 2014-05-27 สำนักงาน คปภ. ภาค 5 (อุบลราชธานี) จัดอบรมหลักสูตรการต่ออายุใบอนุญาตตัวแทน/นายหน้าประกันภัย ครั้งที่ 4 เป็นต้นไป,ประกันภัย,ข่าวประกาศ
oic_9698,ร่วมแสดงความคิดเห็นต่อขอบเขตการประกวดราคาจ้าง โครงการพัฒนาและปรับปรุงระบบงาน ด้วยวิธีการทางอิเล็กทรอนิกส์,[ข่าวประกาศ] 2014-05-27 ร่วมแสดงความคิดเห็นต่อขอบเขตการประกวดราคาจ้าง โครงการพัฒนาและปรับปรุงระบบงาน ด้วยวิธีการทางอิเล็กทรอนิกส์,ประกันภัย,ข่าวประกาศ
oic_9699,สำนักงาน คปภ. ภาค 9 (ชลบุรี) จัดอบรมหลักสูตรการต่ออายุใบอนุญาตตัวแทน/นายหน้าประกันภัย ครั้งที่ 4 เป็นต้นไป,[ข่าวประกาศ] 2014-05-27 สำนักงาน คปภ. ภาค 9 (ชลบุรี) จัดอบรมหลักสูตรการต่ออายุใบอนุญาตตัวแทน/นายหน้าประกันภัย ครั้งที่ 4 เป็นต้นไป,ประกันภัย,ข่าวประกาศ
oic_9700,สำนักงาน คปภ. ภาค 4(อุดรธานี) จัดอบรมหลักสูตรการต่ออายุใบอนุญาตตัวแทน/นายหน้าประกันภัย ครั้งที่ 4 เป็นต้นไป,[ข่าวประกาศ] 2014-05-27 สำนักงาน คปภ. ภาค 4(อุดรธานี) จัดอบรมหลักสูตรการต่ออายุใบอนุญาตตัวแทน/นายหน้าประกันภัย ครั้งที่ 4 เป็นต้นไป,ประกันภัย,ข่าวประกาศ
oic_9701,สรุปผลการดำเนินการจัดซื้อจัดจ้างในรอบเดือน สิงหาคม 2555,[ข่าวประกาศ] 2014-05-27 สรุปผลการดำเนินการจัดซื้อจัดจ้างในรอบเดือน สิงหาคม 2555,ประกันภัย,ข่าวประกาศ
oic_9702,"ร่วมแสดงความคิดเห็นต่อ""ร่างรายงานเกี่ยวกับผลการประกอบธุรกิจของนายหน้าประกันภัยประเภทนิติบุคคล","[ข่าวประกาศ] 2014-05-27 ร่วมแสดงความคิดเห็นต่อ""ร่างรายงานเกี่ยวกับผลการประกอบธุรกิจของนายหน้าประกันภัยประเภทนิติบุคคล",ประกันภัย,ข่าวประกาศ
oic_9703,คำสั่งนายทะเบียน ให้บริษัทประกันวินาศภัยยื่นรายงานข้อมูลการรับประกันภัยพิบัติ,[ข่าวประกาศ] 2014-05-27 คำสั่งนายทะเบียน ให้บริษัทประกันวินาศภัยยื่นรายงานข้อมูลการรับประกันภัยพิบัติ,ประกันภัย,ข่าวประกาศ
oic_9704,ขอความร่วมมือแสดงความเห็นและข้อเสนอแนะต่อร่างแบบรายงานข้อมูลการประกันภัยต่อของบริษัทประกันวินาศภัย,[ข่าวประกาศ] 2014-05-27 ขอความร่วมมือแสดงความเห็นและข้อเสนอแนะต่อร่างแบบรายงานข้อมูลการประกันภัยต่อของบริษัทประกันวินาศภัย,ประกันภัย,ข่าวประกาศ
oic_9705,แนวทางปฏิบัติในการจัดทำกลยุทธ์การบริหารการประกันภัยต่อ สำหรับบริษัทประกันชีวิต และบริษัทประกันวินาศภัย,[ข่าวประกาศ] 2014-05-27 แนวทางปฏิบัติในการจัดทำกลยุทธ์การบริหารการประกันภัยต่อ สำหรับบริษัทประกันชีวิต และบริษัทประกันวินาศภัย,ประกันภัย,ข่าวประกาศ
oic_9706,กำหนดให้บริษัทประกันชีวิต/วินาศภัย เปิดทำการติดต่อกับประชาชน ประจำปี พ.ศ. 2556,[ข่าวประกาศ] 2014-05-27 กำหนดให้บริษัทประกันชีวิต/วินาศภัย เปิดทำการติดต่อกับประชาชน ประจำปี พ.ศ. 2556,ประกันภัย,ข่าวประกาศ
oic_9707,ประกาศรับสมัครคัดเลือกบุคคลเข้าเป็นพนักงาน,[ข่าวประกาศ] 2014-05-27 ประกาศรับสมัครคัดเลือกบุคคลเข้าเป็นพนักงาน,ประกันภัย,ข่าวประกาศ
oic_9708,สำนักงาน คปภ. ภาค6 นครราชสีมาจัดอบรมการขอต่อใบอนุญาตตัวแทนประกันชีวิต ครั้งที่ 3,[ข่าวประกาศ] 2014-05-27 สำนักงาน คปภ. ภาค6 นครราชสีมาจัดอบรมการขอต่อใบอนุญาตตัวแทนประกันชีวิต ครั้งที่ 3,ประกันภัย,ข่าวประกาศ
oic_9709,ร่วมเสนอความคิดเห็นต่อร่างขอบเขตของ การประกวดราคาการเช่ารถยนต์โดยสาร จำนวน 29 คัน,[ข่าวประกาศ] 2014-05-27 ร่วมเสนอความคิดเห็นต่อร่างขอบเขตของ การประกวดราคาการเช่ารถยนต์โดยสาร จำนวน 29 คัน,ประกันภัย,ข่าวประกาศ
oic_9710,ร่วมแสดงความคิดเห็นเกี่ยวกับร่างพระราชบัญญัติประกันชีวิต พ.ศ. ....และร่างพระราชบัญญัติประกันวินาศภัย พ.ศ. ....,[ข่าวประกาศ] 2014-05-27 ร่วมแสดงความคิดเห็นเกี่ยวกับร่างพระราชบัญญัติประกันชีวิต พ.ศ. ....และร่างพระราชบัญญัติประกันวินาศภัย พ.ศ. ....,ประกันภัย,ข่าวประกาศ
oic_9711,ร่วมแสดงความคิดเห็นต่อ ร่างหลักเกณฑ์การอนุญาตให้บริษัทมอบหมายหรือยินยอมให้บุคคลภายนอกชดใช้ค่าสินไหมทดแทนในนามบริษัท,[ข่าวประกาศ] 2014-05-27 ร่วมแสดงความคิดเห็นต่อ ร่างหลักเกณฑ์การอนุญาตให้บริษัทมอบหมายหรือยินยอมให้บุคคลภายนอกชดใช้ค่าสินไหมทดแทนในนามบริษัท,ประกันภัย,ข่าวประกาศ
oic_9712,การมอบรางวัลประกันภัยดีเด่นครบวงจร ประจำปี 2554,[ข่าวประกาศ] 2014-05-27 การมอบรางวัลประกันภัยดีเด่นครบวงจร ประจำปี 2554,ประกันภัย,ข่าวประกาศ
oic_9713,สำนักงาน คปภ.ภาค 12 สงขลา จัดอบรมหลักสูตรต่ออายุใบอนุญาตเป็นนายหน้าประกันชีวิต ครั้งที่ 3,[ข่าวประกาศ] 2014-05-27 สำนักงาน คปภ.ภาค 12 สงขลา จัดอบรมหลักสูตรต่ออายุใบอนุญาตเป็นนายหน้าประกันชีวิต ครั้งที่ 3,ประกันภัย,ข่าวประกาศ
oic_9714,สถาบันวิทยาการประกันภัยระดับสูง จัดอบรมหลักสูตรที่ปรึกษาด้านการประกันภัย (Chartered Insurance Advisor: CIA) รุ่นที่ 3 /2555,[ข่าวประกาศ] 2014-05-27 สถาบันวิทยาการประกันภัยระดับสูง จัดอบรมหลักสูตรที่ปรึกษาด้านการประกันภัย (Chartered Insurance Advisor: CIA) รุ่นที่ 3 /2555,ประกันภัย,ข่าวประกาศ
oic_9715,ประกาศราชื่อผู้เข้ารับการอบรมเพื่อขอรับบัตรใบอนุญาตตัวแทน/นายหน้าประกันภัย ครั้งที่ 3 และครั้งที่ 4 ประจำเดือน มกราคม 2556,[ข่าวประกาศ] 2014-05-27 ประกาศราชื่อผู้เข้ารับการอบรมเพื่อขอรับบัตรใบอนุญาตตัวแทน/นายหน้าประกันภัย ครั้งที่ 3 และครั้งที่ 4 ประจำเดือน มกราคม 2556,ประกันภัย,ข่าวประกาศ
oic_9716,สำนักงาน คปภ. ภาค 6 (นครราชสีมา) จัดอบรมหลักสูตรการต่ออายุใบอนุญาตตัวแทน/นายหน้าประกันภัย ครั้งที่ 4 เป็นต้นไป,[ข่าวประกาศ] 2014-05-27 สำนักงาน คปภ. ภาค 6 (นครราชสีมา) จัดอบรมหลักสูตรการต่ออายุใบอนุญาตตัวแทน/นายหน้าประกันภัย ครั้งที่ 4 เป็นต้นไป,ประกันภัย,ข่าวประกาศ
oic_9717,สำนักงาน คปภ.ภาค 12 (สงขลา) จัดอบรมหลักสูตรขอต่ออายุใบอนุญาตเป็นนายหน้าประกันวินาศภัย ครั้งที่ 3,[ข่าวประกาศ] 2014-05-27 สำนักงาน คปภ.ภาค 12 (สงขลา) จัดอบรมหลักสูตรขอต่ออายุใบอนุญาตเป็นนายหน้าประกันวินาศภัย ครั้งที่ 3,ประกันภัย,ข่าวประกาศ
oic_9718,เผยแพร่ร่างประกาศว่าด้วยการลงทุนประกอบธุรกิจอื่นของบริษัทประกันชีวิต / บริษัทประกันวินาศภัย,[ข่าวประกาศ] 2014-05-27 เผยแพร่ร่างประกาศว่าด้วยการลงทุนประกอบธุรกิจอื่นของบริษัทประกันชีวิต / บริษัทประกันวินาศภัย,ประกันภัย,ข่าวประกาศ
oic_9719,เผยแพร่ขอบเขตของงาน เพื่อรับฟังคำวิจารณ์ การประกวดราคาจ้างปรับปรุงระบบควบคุมการปรับอากาศและการติดตั้งเครื่องทำน้ำเย็น อาคารสำนักงาน คปภ.,[ข่าวประกาศ] 2014-05-27 เผยแพร่ขอบเขตของงาน เพื่อรับฟังคำวิจารณ์ การประกวดราคาจ้างปรับปรุงระบบควบคุมการปรับอากาศและการติดตั้งเครื่องทำน้ำเย็น อาคารสำนักงาน คปภ.,ประกันภัย,ข่าวประกาศ
oic_9720,การสอบความรู้เกี่ยวกับการประกันชีวิตและประกันวินาศภัยเพื่อขอรับใบอนุญาตเป็นนายหน้าประกันชีวิตและนายหน้าประกันวินาศภัย ประจำปี 2556 ในส่วนภูมิภาค (ฉบับที่ 2),[ข่าวประกาศ] 2014-05-27 การสอบความรู้เกี่ยวกับการประกันชีวิตและประกันวินาศภัยเพื่อขอรับใบอนุญาตเป็นนายหน้าประกันชีวิตและนายหน้าประกันวินาศภัย ประจำปี 2556 ในส่วนภูมิภาค (ฉบับที่ 2),ประกันภัย,ข่าวประกาศ
oic_9721,template ตารางแสดงสำรองประกันภัย (สำหรับบริษัทประกันชีวิต),[ข่าวประกาศ] 2014-05-27 template ตารางแสดงสำรองประกันภัย (สำหรับบริษัทประกันชีวิต),ประกันภัย,ข่าวประกาศ
oic_9722,เผยแพร่ร่างประกาศสำนักงาน คปภ. เรื่อง กำหนดกรณีที่ถือว่ากรรมการ ผู้จัดการ บุคคลซึ่งมีอำนาจกระทำการแทนบริษัท หรือที่ปรึกษาของบริษัทมีประวัติเสียหายหรือดำเนินกิจการใดที่มีลักษณะที่แสดงถึงการขาดความรั,[ข่าวประกาศ] 2014-05-27 เผยแพร่ร่างประกาศสำนักงาน คปภ. เรื่อง กำหนดกรณีที่ถือว่ากรรมการ ผู้จัดการ บุคคลซึ่งมีอำนาจกระทำการแทนบริษัท หรือที่ปรึกษาของบริษัทมีประวัติเสียหายหรือดำเนินกิจการใดที่มีลักษณะที่แสดงถึงการขาดความรั,ประกันภัย,ข่าวประกาศ
oic_9723,เผยแพร่ร่างประกาศ คปภ. เรื่อง หลักเกณฑ์และวิธีการในการประกาศหรือโฆษณาการฝ่าฝืน หรือไม่ปฏิบัติตามกฎหมายว่าด้วยการประกันวินาศภัย พ.ศ. .... เพื่อรับฟังความคิดเห็น,[ข่าวประกาศ] 2014-05-27 เผยแพร่ร่างประกาศ คปภ. เรื่อง หลักเกณฑ์และวิธีการในการประกาศหรือโฆษณาการฝ่าฝืน หรือไม่ปฏิบัติตามกฎหมายว่าด้วยการประกันวินาศภัย พ.ศ. .... เพื่อรับฟังความคิดเห็น,ประกันภัย,ข่าวประกาศ
oic_9724,การสอบความรู้เกี่ยวกับการประกันชีวิตและการประกันวินาศภัย เพื่อขอรับใบอนุญาตเป็นนายหน้าประกันชีวิตและวินาศภัย,[ข่าวประกาศ] 2014-05-27 การสอบความรู้เกี่ยวกับการประกันชีวิตและการประกันวินาศภัย เพื่อขอรับใบอนุญาตเป็นนายหน้าประกันชีวิตและวินาศภัย,ประกันภัย,ข่าวประกาศ
oic_9725,ประกาศรายชื่อผู้เข้าร่วมสัมมนา “โครงการสัมมนากฎหมายแม่บทที่มีการแก้ไข ครั้งที่ 2”,[ข่าวประกาศ] 2014-05-27 ประกาศรายชื่อผู้เข้าร่วมสัมมนา “โครงการสัมมนากฎหมายแม่บทที่มีการแก้ไข ครั้งที่ 2”,ประกันภัย,ข่าวประกาศ
oic_9726,ประกาศรายชื่อผู้เข้าร่วมสัมมนา “โครงการสัมมนากฎหมายแม่บทที่มีการแก้ไข ครั้งที่ 2”,[ข่าวประกาศ] 2014-05-27 ประกาศรายชื่อผู้เข้าร่วมสัมมนา “โครงการสัมมนากฎหมายแม่บทที่มีการแก้ไข ครั้งที่ 2”,ประกันภัย,ข่าวประกาศ
oic_9727,สำนักงาน คปภ.ภาค 4 (อุดรธานี) จัดอบรมหลักสูตรขอต่ออายุตัวแทน / นายหน้า ครั้งที่ 4เป็นต้นไป รุ่นที่ 6/2555,[ข่าวประกาศ] 2014-05-27 สำนักงาน คปภ.ภาค 4 (อุดรธานี) จัดอบรมหลักสูตรขอต่ออายุตัวแทน / นายหน้า ครั้งที่ 4เป็นต้นไป รุ่นที่ 6/2555,ประกันภัย,ข่าวประกาศ
oic_9728,ประกาศราชื่อผู้เข้ารับการอบรมเพื่อขอรับบัตรใบอนุญาตตัวแทน/นายหน้าประกันภัย ครั้งที่ 3 และครั้งที่ 4 ประจำเดือน กุมภาพันธ์ 2556,[ข่าวประกาศ] 2014-05-27 ประกาศราชื่อผู้เข้ารับการอบรมเพื่อขอรับบัตรใบอนุญาตตัวแทน/นายหน้าประกันภัย ครั้งที่ 3 และครั้งที่ 4 ประจำเดือน กุมภาพันธ์ 2556,ประกันภัย,ข่าวประกาศ
oic_9729,ประกาศรายชื่อผู้เข้ารับการอบรมเพื่อขอรับบัตรใบอนุญาตตัวแทน/นายหน้าประกันภัย ครั้งที่ 4 เป็นต้นไป ประจำเดือน ธันวาคม 2555,[ข่าวประกาศ] 2014-05-27 ประกาศรายชื่อผู้เข้ารับการอบรมเพื่อขอรับบัตรใบอนุญาตตัวแทน/นายหน้าประกันภัย ครั้งที่ 4 เป็นต้นไป ประจำเดือน ธันวาคม 2555,ประกันภัย,ข่าวประกาศ
oic_9730,สำนักงาน คปภ.ภาค 4 อุดรธานีจัดอบรมหลักสูตรการต่ออายุใบอนุญาตนายหน้าประกันชีวิต ครั้งที่ 3,[ข่าวประกาศ] 2014-05-27 สำนักงาน คปภ.ภาค 4 อุดรธานีจัดอบรมหลักสูตรการต่ออายุใบอนุญาตนายหน้าประกันชีวิต ครั้งที่ 3,ประกันภัย,ข่าวประกาศ
oic_9731,สำนักงาน คปภ. ภาค 3 (นครสวรรค์) จัดอบรมหลักสูตรการต่ออายุใบอนุญาตตัวแทน/นายหน้าประกันภัย ครั้งที่ 4 เป็นต้นไป,[ข่าวประกาศ] 2014-05-27 สำนักงาน คปภ. ภาค 3 (นครสวรรค์) จัดอบรมหลักสูตรการต่ออายุใบอนุญาตตัวแทน/นายหน้าประกันภัย ครั้งที่ 4 เป็นต้นไป,ประกันภัย,ข่าวประกาศ
oic_9732,สำนักงาน คปภ. ภาค 9 (ชลบุรี) เลื่อนวันจัดอบรมการต่ออายุตัวแทน/นายหน้าประกันภัย ครั้งที่ 4 ปี 2555,[ข่าวประกาศ] 2014-05-27 สำนักงาน คปภ. ภาค 9 (ชลบุรี) เลื่อนวันจัดอบรมการต่ออายุตัวแทน/นายหน้าประกันภัย ครั้งที่ 4 ปี 2555,ประกันภัย,ข่าวประกาศ
oic_9733,ประกาศราชื่อผู้เข้ารับการอบรมเพื่อขอรับบัตรใบอนุญาตตัวแทน/นายหน้าประกันภัย ครั้งที่ 3 และ ครั้งที่ 4 เป็นต้นไป เดือน พฤศจิกายน 2555,[ข่าวประกาศ] 2014-05-27 ประกาศราชื่อผู้เข้ารับการอบรมเพื่อขอรับบัตรใบอนุญาตตัวแทน/นายหน้าประกันภัย ครั้งที่ 3 และ ครั้งที่ 4 เป็นต้นไป เดือน พฤศจิกายน 2555,ประกันภัย,ข่าวประกาศ
oic_9734,สรุปผลการดำเนินการจัดซื้อจัดจ้างในรอบเดือน กันยายน 2555,[ข่าวประกาศ] 2014-05-27 สรุปผลการดำเนินการจัดซื้อจัดจ้างในรอบเดือน กันยายน 2555,ประกันภัย,ข่าวประกาศ
oic_9735,สำนักงาน คปภ.ภาค 12 (สงขลา) จัดอบรมหลักสูตรต่อออายุใบอนุญาตเป็นตัวแทน/นายหน้า ประกันภัย ครั้งที่ 4 (ต่ออายุ 5 ปี ครั้งที่สองและครั้งต่อไป),[ข่าวประกาศ] 2014-05-27 สำนักงาน คปภ.ภาค 12 (สงขลา) จัดอบรมหลักสูตรต่อออายุใบอนุญาตเป็นตัวแทน/นายหน้า ประกันภัย ครั้งที่ 4 (ต่ออายุ 5 ปี ครั้งที่สองและครั้งต่อไป),ประกันภัย,ข่าวประกาศ
oic_9736,สำนักงาน คปภ. ภาค 3 (นครสวรรค์) จัดอบรมหลักสูตรการต่ออายุใบอนุญาตตัวแทน/นายหน้าประกันภัย ครั้งที่ 4 เป็นต้นไป,[ข่าวประกาศ] 2014-05-27 สำนักงาน คปภ. ภาค 3 (นครสวรรค์) จัดอบรมหลักสูตรการต่ออายุใบอนุญาตตัวแทน/นายหน้าประกันภัย ครั้งที่ 4 เป็นต้นไป,ประกันภัย,ข่าวประกาศ
oic_9737,สำนักงาน คปภ.ภาค 9 (ชลบุรี) เลื่อนวันจัดอบรมการต่ออายุใบอนุญาตตัวแทน / นายหน้าประกันภัย ครั้งที่ 4 ปี 2555,[ข่าวประกาศ] 2014-05-27 สำนักงาน คปภ.ภาค 9 (ชลบุรี) เลื่อนวันจัดอบรมการต่ออายุใบอนุญาตตัวแทน / นายหน้าประกันภัย ครั้งที่ 4 ปี 2555,ประกันภัย,ข่าวประกาศ
oic_9738,สำนักงาน คปภ. ภาค6 (นครราชสีมา) จัดอบรมหลักสูตรการขอต่อใบอนุญาตตัวแทนประกันวินาศภัย ครั้งที่ 3,[ข่าวประกาศ] 2014-05-27 สำนักงาน คปภ. ภาค6 (นครราชสีมา) จัดอบรมหลักสูตรการขอต่อใบอนุญาตตัวแทนประกันวินาศภัย ครั้งที่ 3,ประกันภัย,ข่าวประกาศ
oic_9739,สำนักงาน คปภ. ภาค 9 (ชลบุรี) จัดอบรมหลักสูตรต่ออายุใบอนุญาตตัวแทน/นายหน้า ประกันภัย ครั้งที่ 4 เป็นต้นไป,[ข่าวประกาศ] 2014-05-27 สำนักงาน คปภ. ภาค 9 (ชลบุรี) จัดอบรมหลักสูตรต่ออายุใบอนุญาตตัวแทน/นายหน้า ประกันภัย ครั้งที่ 4 เป็นต้นไป,ประกันภัย,ข่าวประกาศ
oic_9740,เผยแพร่ร่างขอบเขต การประกวดราคาการเช่ารถยนต์สำหรับใช้ปฏิบัติงานในสำนักงาน คปภ. ส่วนกลางและภูมิภาค จำนวน 13 คัน,[ข่าวประกาศ] 2014-05-27 เผยแพร่ร่างขอบเขต การประกวดราคาการเช่ารถยนต์สำหรับใช้ปฏิบัติงานในสำนักงาน คปภ. ส่วนกลางและภูมิภาค จำนวน 13 คัน,ประกันภัย,ข่าวประกาศ
oic_9640,เผยแพร่ร่างขอบเขตของงานเพื่อรับฟังคำวิจารณ์ เรื่อง โครงการปรับปรุงความมั่นคงปลอดภัยด้านสารสนเทศ ส่วนการจัดซื้อพัสดุโครงการพัฒนาระบบรักษาความมั่นคงปลอดภัยทางเทคโนโลยีสารสนเทศ สำนักงาน คปภ.,[ข่าวประกาศ] 2014-05-27 เผยแพร่ร่างขอบเขตของงานเพื่อรับฟังคำวิจารณ์ เรื่อง โครงการปรับปรุงความมั่นคงปลอดภัยด้านสารสนเทศ ส่วนการจัดซื้อพัสดุโครงการพัฒนาระบบรักษาความมั่นคงปลอดภัยทางเทคโนโลยีสารสนเทศ สำนักงาน คปภ.,ประกันภัย,ข่าวประกาศ
oic_9641,สำนักงาน คปภ.ภาค 5 อุบลราชธานี จัดอบรมหลักสูตรการขอต่อใบอนุญาตตัวแทนประกันชีวิต ครั้งที่ 3 รุ่น 1/2556,[ข่าวประกาศ] 2014-05-27 สำนักงาน คปภ.ภาค 5 อุบลราชธานี จัดอบรมหลักสูตรการขอต่อใบอนุญาตตัวแทนประกันชีวิต ครั้งที่ 3 รุ่น 1/2556,ประกันภัย,ข่าวประกาศ
oic_9642,สำนักงานคปภ.ภาค 10 (นครปฐม) ขอเปลี่ยนวันจัดอบรม หลักสูตรต่ออายุใบอนุญาตตัวแทน/นายหน้าประกันภัย ครั้งที่ 3 และครั้งที่ 4 เป็นต้นไป,[ข่าวประกาศ] 2014-05-27 สำนักงานคปภ.ภาค 10 (นครปฐม) ขอเปลี่ยนวันจัดอบรม หลักสูตรต่ออายุใบอนุญาตตัวแทน/นายหน้าประกันภัย ครั้งที่ 3 และครั้งที่ 4 เป็นต้นไป,ประกันภัย,ข่าวประกาศ
oic_9643,ประกาศรายชื่อผู้เข้ารับการอบรมเพื่อขอรับบัตรใบอนุญาตตัวแทน/นายหน้าประกันภัย ครั้งที่ 3 และครั้งที่ 4 เป็นต้นไป เดือน เมษายน 2556,[ข่าวประกาศ] 2014-05-27 ประกาศรายชื่อผู้เข้ารับการอบรมเพื่อขอรับบัตรใบอนุญาตตัวแทน/นายหน้าประกันภัย ครั้งที่ 3 และครั้งที่ 4 เป็นต้นไป เดือน เมษายน 2556,ประกันภัย,ข่าวประกาศ
oic_9644,ประกาศนายทะเบียน เรื่อง ให้บริษัทรายงานการรับประกันภัยรถตาม พระราชบัญญัติคุ้มครองผู้ประสบภัยจากรถ พ.ศ.2535,[ข่าวประกาศ] 2014-05-27 ประกาศนายทะเบียน เรื่อง ให้บริษัทรายงานการรับประกันภัยรถตาม พระราชบัญญัติคุ้มครองผู้ประสบภัยจากรถ พ.ศ.2535,ประกันภัย,ข่าวประกาศ
oic_9645,การวิจารณ์ร่างขอบเขตของงานโครงการประเมิณความเสี่ยงรวมและจัดอันดับความเสี่ยงของบริษัทประกันภัย,[ข่าวประกาศ] 2014-05-27 การวิจารณ์ร่างขอบเขตของงานโครงการประเมิณความเสี่ยงรวมและจัดอันดับความเสี่ยงของบริษัทประกันภัย,ประกันภัย,ข่าวประกาศ
oic_9646,การเปลี่ยนแปลงหัวข้อวิชาการบรรยายเดือน เมษายน 2556,[ข่าวประกาศ] 2014-05-27 การเปลี่ยนแปลงหัวข้อวิชาการบรรยายเดือน เมษายน 2556,ประกันภัย,ข่าวประกาศ
oic_9647,การวิจารณ์ร่างขอบเขตของงานโครงการให้บริการด้วยเครื่องแม่ข่ายเสมือนด้วยเทคโนโลยีคลาวด์,[ข่าวประกาศ] 2014-05-27 การวิจารณ์ร่างขอบเขตของงานโครงการให้บริการด้วยเครื่องแม่ข่ายเสมือนด้วยเทคโนโลยีคลาวด์,ประกันภัย,ข่าวประกาศ
oic_9648,การวิจารณ์ร่างขอบเขตของงานโครงการพัฒนาระบบฐานข้อมูลการประกันภัย,[ข่าวประกาศ] 2014-05-27 การวิจารณ์ร่างขอบเขตของงานโครงการพัฒนาระบบฐานข้อมูลการประกันภัย,ประกันภัย,ข่าวประกาศ
oic_9649,การวิจารณ์ร่างขอบเขตของงานโครงการโอนย้ายฐานข้อมูลกลางสำนักงาน คปภ.,[ข่าวประกาศ] 2014-05-27 การวิจารณ์ร่างขอบเขตของงานโครงการโอนย้ายฐานข้อมูลกลางสำนักงาน คปภ.,ประกันภัย,ข่าวประกาศ
oic_9650,ให้นักคณิตศาสตร์ประกันภัยตรวจสอบคุณสมบัติให้เป็นไปตามประกาศนายทะเบียน,[ข่าวประกาศ] 2014-05-27 ให้นักคณิตศาสตร์ประกันภัยตรวจสอบคุณสมบัติให้เป็นไปตามประกาศนายทะเบียน,ประกันภัย,ข่าวประกาศ
oic_9651,ขยายระยะเวลารับสมัครหลักสูตรที่ปรึกษาด้านการประกันภัย (Chartered Insurance Advisor: CIA) รุ่นที่ 4 ไปจนถึงวันที่ 30 เม.ย. 56,[ข่าวประกาศ] 2014-05-27 ขยายระยะเวลารับสมัครหลักสูตรที่ปรึกษาด้านการประกันภัย (Chartered Insurance Advisor: CIA) รุ่นที่ 4 ไปจนถึงวันที่ 30 เม.ย. 56,ประกันภัย,ข่าวประกาศ
oic_9652,สำนักงาน คปภ. ภาค 6 (นครราชสีมา) จัดอบรมหลักสูตรต่อใบอนุญาตตัวแทนประกันชีวิต ครั้งที่ 3,[ข่าวประกาศ] 2014-05-27 สำนักงาน คปภ. ภาค 6 (นครราชสีมา) จัดอบรมหลักสูตรต่อใบอนุญาตตัวแทนประกันชีวิต ครั้งที่ 3,ประกันภัย,ข่าวประกาศ
oic_9653,สำนักงาน คปภ. ภาค4 (อุดรธานี) จัดอบรมหลักสูตรต่ออายุใบอนุญาตตัวแทนประกันชีวิต ครั้งที่ 3 รุ่นที่ 1/2556,[ข่าวประกาศ] 2014-05-27 สำนักงาน คปภ. ภาค4 (อุดรธานี) จัดอบรมหลักสูตรต่ออายุใบอนุญาตตัวแทนประกันชีวิต ครั้งที่ 3 รุ่นที่ 1/2556,ประกันภัย,ข่าวประกาศ
oic_9654,สำนักงาน คปภ. ภาค12 (สงขลา) จัดอบรมหลักสูตรการต่ออายุใบอนุญาตเป็นตัวแทน/นายหน้าประกันภัย ครั้งที่ 4 (ต่ออายุ 5 ปี ครั้งที่สองและครั้งต่อไป) ครั้งที่ 1/2556,[ข่าวประกาศ] 2014-05-27 สำนักงาน คปภ. ภาค12 (สงขลา) จัดอบรมหลักสูตรการต่ออายุใบอนุญาตเป็นตัวแทน/นายหน้าประกันภัย ครั้งที่ 4 (ต่ออายุ 5 ปี ครั้งที่สองและครั้งต่อไป) ครั้งที่ 1/2556,ประกันภัย,ข่าวประกาศ
oic_9655,เผยแพร่ร่างขอบเขตของงานเพื่อรับฟังคำวิจารณ์ โครงการจ้างบริการบำรุงรักษาระบบคอมพิวเตอร์และอุปกรณ์ที่เกี่ยวข้อง ประจำปี 2556,[ข่าวประกาศ] 2014-05-27 เผยแพร่ร่างขอบเขตของงานเพื่อรับฟังคำวิจารณ์ โครงการจ้างบริการบำรุงรักษาระบบคอมพิวเตอร์และอุปกรณ์ที่เกี่ยวข้อง ประจำปี 2556,ประกันภัย,ข่าวประกาศ
oic_9656,ประกาศรายชื่อผู้เข้ารับการอบรมเพื่อขอรับบัตรใบอนุญาตตัวแทน/นายหน้าประกันภัย ครั้งที่ 3 และครั้งที่ 4 เป็นต้นไป เดือน มีนาคม 2556,[ข่าวประกาศ] 2014-05-27 ประกาศรายชื่อผู้เข้ารับการอบรมเพื่อขอรับบัตรใบอนุญาตตัวแทน/นายหน้าประกันภัย ครั้งที่ 3 และครั้งที่ 4 เป็นต้นไป เดือน มีนาคม 2556,ประกันภัย,ข่าวประกาศ
oic_9657,ประกาศรับสมัครลูกจ้าง,[ข่าวประกาศ] 2014-05-27 ประกาศรับสมัครลูกจ้าง,ประกันภัย,ข่าวประกาศ
oic_9658,สำนักงาน คปภ. ภาค 12 (สงขลา) จัดอบรมหลักสูตรต่อใบอนุญาตตัวแทนประกันชีวิต ครั้งที่ 3,[ข่าวประกาศ] 2014-05-27 สำนักงาน คปภ. ภาค 12 (สงขลา) จัดอบรมหลักสูตรต่อใบอนุญาตตัวแทนประกันชีวิต ครั้งที่ 3,ประกันภัย,ข่าวประกาศ
oic_9659,สำนักงาน คปภ. ภาค 5 (อุบลราชธานี) จัดอบรมหลักสูตรต่อใบอนุญาตตัวแทน/นายหน้าประกันภัย ครั้งที่ 4 เป็นต้นไป,[ข่าวประกาศ] 2014-05-27 สำนักงาน คปภ. ภาค 5 (อุบลราชธานี) จัดอบรมหลักสูตรต่อใบอนุญาตตัวแทน/นายหน้าประกันภัย ครั้งที่ 4 เป็นต้นไป,ประกันภัย,ข่าวประกาศ
oic_9660,สำนักงาน คปภ. ภาค 3 (นครสวรรค์) จัดอบรมหลักสูตรการต่ออายุใบอนุญาตตัวแทน/นายหน้าประกันภัย ครั้งที่ 4 เป็นต้นไป,[ข่าวประกาศ] 2014-05-27 สำนักงาน คปภ. ภาค 3 (นครสวรรค์) จัดอบรมหลักสูตรการต่ออายุใบอนุญาตตัวแทน/นายหน้าประกันภัย ครั้งที่ 4 เป็นต้นไป,ประกันภัย,ข่าวประกาศ
oic_9661,สำนักงาน คปภ. ภาค 4 (อุดรธานี) จัดอบรมหลักสูตรต่อใบอนุญาตตัวแทน/นายหน้าประกันภัย ครั้งที่ 4 เป็นต้นไป,[ข่าวประกาศ] 2014-05-27 สำนักงาน คปภ. ภาค 4 (อุดรธานี) จัดอบรมหลักสูตรต่อใบอนุญาตตัวแทน/นายหน้าประกันภัย ครั้งที่ 4 เป็นต้นไป,ประกันภัย,ข่าวประกาศ
oic_9662,สำนักงาน คปภ. ภาค 9 (ชลบุรี) จัดอบรมหลักสูตรต่อใบอนุญาตตัวแทน/นายหน้าประกันภัย ครั้งที่ 4 เป็นต้นไป,[ข่าวประกาศ] 2014-05-27 สำนักงาน คปภ. ภาค 9 (ชลบุรี) จัดอบรมหลักสูตรต่อใบอนุญาตตัวแทน/นายหน้าประกันภัย ครั้งที่ 4 เป็นต้นไป,ประกันภัย,ข่าวประกาศ
oic_9663,บันทึกสำนักงานคณะกรรมการกฤษฎีกา เรื่อง การนับสัดส่วนการถือหุ้นของนิติบุคคลที่จัดตั้งขึ้นตามกฎหมายเฉพาะในบริษัทประกันวินาศภัยหรือบริษัทประกันชีวิต,[ข่าวประกาศ] 2014-05-27 บันทึกสำนักงานคณะกรรมการกฤษฎีกา เรื่อง การนับสัดส่วนการถือหุ้นของนิติบุคคลที่จัดตั้งขึ้นตามกฎหมายเฉพาะในบริษัทประกันวินาศภัยหรือบริษัทประกันชีวิต,ประกันภัย,ข่าวประกาศ
oic_9664,สำนักงาน คปภ.ภาค 9 ชลบุรี จัดอบรมหลักสูตรการต่อใบอนุญาตตัวแทน/นายหน้าประกันภัย ครั้งที่ 4 เป็นต้นไป รุ่น 2/2556,[ข่าวประกาศ] 2014-05-27 สำนักงาน คปภ.ภาค 9 ชลบุรี จัดอบรมหลักสูตรการต่อใบอนุญาตตัวแทน/นายหน้าประกันภัย ครั้งที่ 4 เป็นต้นไป รุ่น 2/2556,ประกันภัย,ข่าวประกาศ
oic_9665,"การเปลี่ยนแปลงรายวิชา หลักสูตร ""การขอต่อใบอนุญาตเป็นตัวแทน/นายหน้าประกันภัย"" ครั้งที่ 4 เป็นต้นไป ประจำเดือน มิถุนายน 2556 (update 15 พ.ค. 56)","[ข่าวประกาศ] 2014-05-27 การเปลี่ยนแปลงรายวิชา หลักสูตร ""การขอต่อใบอนุญาตเป็นตัวแทน/นายหน้าประกันภัย"" ครั้งที่ 4 เป็นต้นไป ประจำเดือน มิถุนายน 2556 (update 15 พ.ค. 56)",ประกันภัย,ข่าวประกาศ
oic_9666,ประกาศรายชื่อผู้เข้ารับการอบรมเพื่อขอรับบัตรใบอนุญาตตัวแทน/นายหน้าประกันภัย ครั้งที่ 3 และครั้งที่ 4 เป็นต้นไป ประจำเดือน พฤษภาคม 2556,[ข่าวประกาศ] 2014-05-27 ประกาศรายชื่อผู้เข้ารับการอบรมเพื่อขอรับบัตรใบอนุญาตตัวแทน/นายหน้าประกันภัย ครั้งที่ 3 และครั้งที่ 4 เป็นต้นไป ประจำเดือน พฤษภาคม 2556,ประกันภัย,ข่าวประกาศ
oic_9667,เผยแพร่ร่างขอบเขตของงานเพื่อรับฟังคำวิจารณ์ เรื่อง ระเบียบปฏิบัติเกี่ยวกับการวางและการขอคืนเงินสำรองประกันภัยของบริษัทประกันชีวิต,[ข่าวประกาศ] 2014-05-27 เผยแพร่ร่างขอบเขตของงานเพื่อรับฟังคำวิจารณ์ เรื่อง ระเบียบปฏิบัติเกี่ยวกับการวางและการขอคืนเงินสำรองประกันภัยของบริษัทประกันชีวิต,ประกันภัย,ข่าวประกาศ
oic_9668,รายชื่อสิ่งพิมพ์ที่มีจำหน่ายในสำนักงาน คปภ. (update 3 ก.ค. 56),[ข่าวประกาศ] 2014-05-27 รายชื่อสิ่งพิมพ์ที่มีจำหน่ายในสำนักงาน คปภ. (update 3 ก.ค. 56),ประกันภัย,ข่าวประกาศ
oic_9669,สำนักงาน คปภ.ภาค 6(นครราชสีมา) จัดอบรมหลักสูตรขอต่ออายุใบอนุญาตเป็นตัวแทน/นายหน้าประกันภัย ครั้งที่ 4 เป็นต้นไป,[ข่าวประกาศ] 2014-05-27 สำนักงาน คปภ.ภาค 6(นครราชสีมา) จัดอบรมหลักสูตรขอต่ออายุใบอนุญาตเป็นตัวแทน/นายหน้าประกันภัย ครั้งที่ 4 เป็นต้นไป,ประกันภัย,ข่าวประกาศ
oic_9670,ประกาศรายชื่อผู้เข้ารับการอบรมเพื่อขอรับบัตรใบอนุญาตตัวแทน/นายหน้าประกันภัย ครั้งที่ 3 และ ครั้งที่ 4 เป็นต้นไป ประจำเดือน สิงหาคม 2555,[ข่าวประกาศ] 2014-05-27 ประกาศรายชื่อผู้เข้ารับการอบรมเพื่อขอรับบัตรใบอนุญาตตัวแทน/นายหน้าประกันภัย ครั้งที่ 3 และ ครั้งที่ 4 เป็นต้นไป ประจำเดือน สิงหาคม 2555,ประกันภัย,ข่าวประกาศ
oic_9671,กองทุนประกันวินาศภัย ประกาศสอบราคาซื้อครุภัณฑ์คอมพิวเตอร์และอุปกรณ์จำนวน 7 รายการ,[ข่าวประกาศ] 2014-05-27 กองทุนประกันวินาศภัย ประกาศสอบราคาซื้อครุภัณฑ์คอมพิวเตอร์และอุปกรณ์จำนวน 7 รายการ,ประกันภัย,ข่าวประกาศ
oic_9672,สำนักงาน คปภ.ภาค 5 (อุบลราชธานี)จัดอบรมหลักสูตรขอต่อใบอนุญาตตัวแทนประกันวินาศภัย ครั้งที่ 3,[ข่าวประกาศ] 2014-05-27 สำนักงาน คปภ.ภาค 5 (อุบลราชธานี)จัดอบรมหลักสูตรขอต่อใบอนุญาตตัวแทนประกันวินาศภัย ครั้งที่ 3,ประกันภัย,ข่าวประกาศ
oic_9673,รับสมัครพนักงาน,[ข่าวประกาศ] 2014-05-27 รับสมัครพนักงาน,ประกันภัย,ข่าวประกาศ
oic_9674,สำนักงาน ปปง. ประกาศรายชื่อบุคคลที่ถูกกำหนด ตามพ.ร.บ.ป้องกันและปราบปรามการสนับสนุนทางการเงินแก่การก่อการร้าย พ.ศ. 2556,[ข่าวประกาศ] 2014-05-27 สำนักงาน ปปง. ประกาศรายชื่อบุคคลที่ถูกกำหนด ตามพ.ร.บ.ป้องกันและปราบปรามการสนับสนุนทางการเงินแก่การก่อการร้าย พ.ศ. 2556,ประกันภัย,ข่าวประกาศ
oic_9675,สำนักงาน คปภ.ภาค 4(อุดรธานี) จัดอบรมหลักสูตรขอต่ออายุใบอนุญาตเป็นตัวแทน/นายหน้าประกันภัย ครั้งที่ 4 เป็นต้นไป รุ่นที่ 2/2556,[ข่าวประกาศ] 2014-05-27 สำนักงาน คปภ.ภาค 4(อุดรธานี) จัดอบรมหลักสูตรขอต่ออายุใบอนุญาตเป็นตัวแทน/นายหน้าประกันภัย ครั้งที่ 4 เป็นต้นไป รุ่นที่ 2/2556,ประกันภัย,ข่าวประกาศ
oic_9676,ประกาศรายชื่อผู้ได้รับรางวัลในกิจกรรม “สงกรานต์เดินทางปลอดภัยได้รางวัล” โครงการรณรงค์ลดอุบัติเหตุในช่วงเทศกาลสงกรานต์ ประจำปี 2556,[ข่าวประกาศ] 2014-05-27 ประกาศรายชื่อผู้ได้รับรางวัลในกิจกรรม “สงกรานต์เดินทางปลอดภัยได้รางวัล” โครงการรณรงค์ลดอุบัติเหตุในช่วงเทศกาลสงกรานต์ ประจำปี 2556,ประกันภัย,ข่าวประกาศ
oic_9677,ประกาศรายชื่อผู้เข้ารับการอบรมเพื่อขอรับบัตรใบอนุญาตตัวแทน/นายหน้าประกันภัย ครั้งที่ 3 และครั้งที่ 4 เป็นต้นไป ประจำเดือน มิถุนายน 2556,[ข่าวประกาศ] 2014-05-27 ประกาศรายชื่อผู้เข้ารับการอบรมเพื่อขอรับบัตรใบอนุญาตตัวแทน/นายหน้าประกันภัย ครั้งที่ 3 และครั้งที่ 4 เป็นต้นไป ประจำเดือน มิถุนายน 2556,ประกันภัย,ข่าวประกาศ
oic_9678,เผยแพร่ร่างขอบเขตของงานเพื่อรับฟังคำวิจารณ์ การประกวดราคาโครงการปรับปรุงโครงสร้างพื้นฐานระบบสารสนเทศปัจจุบัน,[ข่าวประกาศ] 2014-05-27 เผยแพร่ร่างขอบเขตของงานเพื่อรับฟังคำวิจารณ์ การประกวดราคาโครงการปรับปรุงโครงสร้างพื้นฐานระบบสารสนเทศปัจจุบัน,ประกันภัย,ข่าวประกาศ
oic_9679,สำนักงาน คปภ.ภาค 12(สงขลา) จัดอบรมหลักสูตรขอต่ออายุใบอนุญาตเป็นตัวแทน/นายหน้าประกันภัย ครั้งที่ 2/2556,[ข่าวประกาศ] 2014-05-27 สำนักงาน คปภ.ภาค 12(สงขลา) จัดอบรมหลักสูตรขอต่ออายุใบอนุญาตเป็นตัวแทน/นายหน้าประกันภัย ครั้งที่ 2/2556,ประกันภัย,ข่าวประกาศ
oic_9680,ประกาศเลิกบริษัท ส่งเสริมประกันภัย จำกัด,[ข่าวประกาศ] 2014-05-27 ประกาศเลิกบริษัท ส่งเสริมประกันภัย จำกัด,ประกันภัย,ข่าวประกาศ
oic_9681,สำนักงาน คปภ. ภาค6 (นครราชสีมา) จัดอบรมหลักสูตรขอต่ออายุใบอนุญาตนายหน้าประกันชีวิต ครั้งที่ 3,[ข่าวประกาศ] 2014-05-27 สำนักงาน คปภ. ภาค6 (นครราชสีมา) จัดอบรมหลักสูตรขอต่ออายุใบอนุญาตนายหน้าประกันชีวิต ครั้งที่ 3,ประกันภัย,ข่าวประกาศ
oic_9682,สถาบันวิทยาการประกันภัยระดับสูงเปิดอบรมหลักสูตรที่ปรึกษาด้านการประกันภัย (Chartered Insurance Advisor : CIA),[ข่าวประกาศ] 2014-05-27 สถาบันวิทยาการประกันภัยระดับสูงเปิดอบรมหลักสูตรที่ปรึกษาด้านการประกันภัย (Chartered Insurance Advisor : CIA),ประกันภัย,ข่าวประกาศ
oic_9683,สำนักงาน คปภ.ภาค 5 (อุบลราชธานี)จัดอบรมหลักสูตรขอต่อใบอนุญาตตัวแทน/นายหน้าประกันภัย ครั้งที่ 4 เป็นต้นไป รุ่นที่ 2,[ข่าวประกาศ] 2014-05-27 สำนักงาน คปภ.ภาค 5 (อุบลราชธานี)จัดอบรมหลักสูตรขอต่อใบอนุญาตตัวแทน/นายหน้าประกันภัย ครั้งที่ 4 เป็นต้นไป รุ่นที่ 2,ประกันภัย,ข่าวประกาศ
oic_9684,การจัดอบรมหลักสูตร ตัวแทน/นายหน้าขายกรมธรรม์ประกันชีวิตควบการลงทุน (Unit-Linked),[ข่าวประกาศ] 2014-05-27 การจัดอบรมหลักสูตร ตัวแทน/นายหน้าขายกรมธรรม์ประกันชีวิตควบการลงทุน (Unit-Linked),ประกันภัย,ข่าวประกาศ
oic_9685,สำนักงาน คปภ. ภาค 4(อุดรธานี) จัดอบรมหลักสูตรขอต่อใบอนุญาตเป็นตัวแทนประกันวินาศภัย ครั้งที่ 3 รุ่นที่ 2/2556,[ข่าวประกาศ] 2014-05-27 สำนักงาน คปภ. ภาค 4(อุดรธานี) จัดอบรมหลักสูตรขอต่อใบอนุญาตเป็นตัวแทนประกันวินาศภัย ครั้งที่ 3 รุ่นที่ 2/2556,ประกันภัย,ข่าวประกาศ
oic_9686,คำสั่งนายทำเบียนที่ 12/2556 ยกเลิกคำสั่งการให้ความเห็นชอบแผนการคุ้มครองและเบี้ยประกันภัยสำหรับการประกันภัยเบ็ดเตล็ด ประเภทอุบัติเหตุและสุขภาพ แบบอัตโนมัติ (File and Use),[ข่าวประกาศ] 2014-05-27 คำสั่งนายทำเบียนที่ 12/2556 ยกเลิกคำสั่งการให้ความเห็นชอบแผนการคุ้มครองและเบี้ยประกันภัยสำหรับการประกันภัยเบ็ดเตล็ด ประเภทอุบัติเหตุและสุขภาพ แบบอัตโนมัติ (File and Use),ประกันภัย,ข่าวประกาศ
oic_9687,รายละเอียดการตรวจสอบการบริหารความเสี่ยงในแต่ละกิจกรรมสำคัญ (บริษัทประกันชีวิต และบริษัทประกันวินาศภัย),[ข่าวประกาศ] 2014-05-27 รายละเอียดการตรวจสอบการบริหารความเสี่ยงในแต่ละกิจกรรมสำคัญ (บริษัทประกันชีวิต และบริษัทประกันวินาศภัย),ประกันภัย,ข่าวประกาศ
oic_9688,คำสั่งนายทะเบียนที่ 14/2556 เรื่องกำหนดแบบ ข้อความ และอัตราเบี้ยประกันภัย กรมธรรม์ประกันภัยรายย่อย (ไมโครอินชัวรันส์) สำหรับบริษัทประกันวินาศภัย,[ข่าวประกาศ] 2014-05-27 คำสั่งนายทะเบียนที่ 14/2556 เรื่องกำหนดแบบ ข้อความ และอัตราเบี้ยประกันภัย กรมธรรม์ประกันภัยรายย่อย (ไมโครอินชัวรันส์) สำหรับบริษัทประกันวินาศภัย,ประกันภัย,ข่าวประกาศ
oic_9689,เผยแพร่ร่างขอบเขตของงานเพื่อรับฟังคำวิจารณ์ การประกวดราคาซื้ออุปกรณ์คอมพิวเตอร์พร้อมติดตั้ง,[ข่าวประกาศ] 2014-05-27 เผยแพร่ร่างขอบเขตของงานเพื่อรับฟังคำวิจารณ์ การประกวดราคาซื้ออุปกรณ์คอมพิวเตอร์พร้อมติดตั้ง,ประกันภัย,ข่าวประกาศ
oic_9588,สถาบันวิทยาการประกันภัยระดับสูง จัดอบรมหลักสูตรการขายกรมธรรม์ประกันชีวิตควบการลงทุน (Unit-Linked),[ข่าวประกาศ] 2014-05-27 สถาบันวิทยาการประกันภัยระดับสูง จัดอบรมหลักสูตรการขายกรมธรรม์ประกันชีวิตควบการลงทุน (Unit-Linked),ประกันภัย,ข่าวประกาศ
oic_9589,รายงานข้อมูลประกอบการพิจารณาข้อเสนอการขอตัดบัญชีหนี้สูญจากบัญชีลูกหนี้ที่เกิดจากการประกันภัยต่อในเหตุอุทกภัย ปี2554,[ข่าวประกาศ] 2014-05-27 รายงานข้อมูลประกอบการพิจารณาข้อเสนอการขอตัดบัญชีหนี้สูญจากบัญชีลูกหนี้ที่เกิดจากการประกันภัยต่อในเหตุอุทกภัย ปี2554,ประกันภัย,ข่าวประกาศ
oic_9590,ประกาศรายชื่อผู้เข้ารับการอบรม หลักสูตรเพื่อขอต่ออายุใบอนุญาติตัวแทน/นายหน้าประกันภัยครั้งที่ 3 และครั้งที่ 4 เป็นต้นไป ประจำเดือน พฤศจิกายน 2556,[ข่าวประกาศ] 2014-05-27 ประกาศรายชื่อผู้เข้ารับการอบรม หลักสูตรเพื่อขอต่ออายุใบอนุญาติตัวแทน/นายหน้าประกันภัยครั้งที่ 3 และครั้งที่ 4 เป็นต้นไป ประจำเดือน พฤศจิกายน 2556,ประกันภัย,ข่าวประกาศ
oic_9591,ประกาศผลการพิจารณาคัดเลือกผู้ได้รับรางวัลชนะเลิศ ระดับประเทศ โครงการยุวชนประกันภัย ประจำปี 2556,[ข่าวประกาศ] 2014-05-27 ประกาศผลการพิจารณาคัดเลือกผู้ได้รับรางวัลชนะเลิศ ระดับประเทศ โครงการยุวชนประกันภัย ประจำปี 2556,ประกันภัย,ข่าวประกาศ
oic_9592,สำนักงาน คปภ. ภาค6 นครราชสีมา จัดอบรมหลักสูตรการขอต่ออายุตัวแทน/นายหน้าประกันภัย ครั้งที่ 4เป็นต้นไป,[ข่าวประกาศ] 2014-05-27 สำนักงาน คปภ. ภาค6 นครราชสีมา จัดอบรมหลักสูตรการขอต่ออายุตัวแทน/นายหน้าประกันภัย ครั้งที่ 4เป็นต้นไป,ประกันภัย,ข่าวประกาศ
oic_9593,การลงทุนประกอบธุรกิจอื่นของบริษัทประกันวินาศภัย พ.ศ.2556,[ข่าวประกาศ] 2014-05-27 การลงทุนประกอบธุรกิจอื่นของบริษัทประกันวินาศภัย พ.ศ.2556,ประกันภัย,ข่าวประกาศ
oic_9594,การลงทุนประกอบธุรกิจอื่นของบริษัทประกันชีวิต พ.ศ.2556,[ข่าวประกาศ] 2014-05-27 การลงทุนประกอบธุรกิจอื่นของบริษัทประกันชีวิต พ.ศ.2556,ประกันภัย,ข่าวประกาศ
oic_9595,ประกาศรายชื่อผู้เข้ารับการอบรมหลักสูตรเพื่อขอต่ออายุบัตรใบอนุญาตนายหน้าประกันวินาศภัย ครั้งที่ 3 และขอต่ออายุบัตรใบอนุญาตตัวแทน/นายหน้าประกันภัย ครั้งที่ 4 เป็นต้นไป,[ข่าวประกาศ] 2014-05-27 ประกาศรายชื่อผู้เข้ารับการอบรมหลักสูตรเพื่อขอต่ออายุบัตรใบอนุญาตนายหน้าประกันวินาศภัย ครั้งที่ 3 และขอต่ออายุบัตรใบอนุญาตตัวแทน/นายหน้าประกันภัย ครั้งที่ 4 เป็นต้นไป,ประกันภัย,ข่าวประกาศ
oic_9596,เผยแพร่ร่างขอบเขตของงานเพื่อรับฟังคำวิจารณ์ การจ้างบริหารงานซ่อมบำรุงระบบวิศวกรรมประกอบอาคารสำนักงาน คปภ.,[ข่าวประกาศ] 2014-05-27 เผยแพร่ร่างขอบเขตของงานเพื่อรับฟังคำวิจารณ์ การจ้างบริหารงานซ่อมบำรุงระบบวิศวกรรมประกอบอาคารสำนักงาน คปภ.,ประกันภัย,ข่าวประกาศ
oic_9597,สำนักงาน คปภ.ภาค9 ชลบุรีจัดอบรมต่ออายุใบอนุญาตตัวแทน/นายหน้าประกันภัย ครั้งที่ 4 เป็นต้นไป (กรณีพิเศษ),[ข่าวประกาศ] 2014-05-27 สำนักงาน คปภ.ภาค9 ชลบุรีจัดอบรมต่ออายุใบอนุญาตตัวแทน/นายหน้าประกันภัย ครั้งที่ 4 เป็นต้นไป (กรณีพิเศษ),ประกันภัย,ข่าวประกาศ
oic_9598,สำนักงาน คปภ.จัดอบรมเรื่อง การปฏิบัติตามมาตรการด้านการป้องกันการฟอกเงินและการสนับสนุนทางการเงินแก่การก่อการร้ายของบริษัทประกันภัย,[ข่าวประกาศ] 2014-05-27 สำนักงาน คปภ.จัดอบรมเรื่อง การปฏิบัติตามมาตรการด้านการป้องกันการฟอกเงินและการสนับสนุนทางการเงินแก่การก่อการร้ายของบริษัทประกันภัย,ประกันภัย,ข่าวประกาศ
oic_9599,สำนักงาน คปภ.ภาค4 อุดรธานี จัดอบรมหลักสูตรการต่ออายุตัวแทน/นายหน้าประกันภัย ครั้งที่ 4 เป็นต้นไป,[ข่าวประกาศ] 2014-05-27 สำนักงาน คปภ.ภาค4 อุดรธานี จัดอบรมหลักสูตรการต่ออายุตัวแทน/นายหน้าประกันภัย ครั้งที่ 4 เป็นต้นไป,ประกันภัย,ข่าวประกาศ
oic_9600,เผยแพร่ร่างขอบเขตของงานเพื่อรับฟังคำวิจารณ์ การจัดซื้อเครื่องขยายเสียง,[ข่าวประกาศ] 2014-05-27 เผยแพร่ร่างขอบเขตของงานเพื่อรับฟังคำวิจารณ์ การจัดซื้อเครื่องขยายเสียง,ประกันภัย,ข่าวประกาศ
oic_9601,เผยแพร่ร่างขอบเขตของงานเพื่อรับฟังคำวิจารณ์ โครงการโอนย้ายฐานข้อมูลกลาง สำนักงาน คปภ.,[ข่าวประกาศ] 2014-05-27 เผยแพร่ร่างขอบเขตของงานเพื่อรับฟังคำวิจารณ์ โครงการโอนย้ายฐานข้อมูลกลาง สำนักงาน คปภ.,ประกันภัย,ข่าวประกาศ
oic_9602,ให้บริษัท ยูเนี่ยอินเตอร์ ประกันภัย จำกัด (มหาชน) หยุดรับประกันวินาศภัยเป็นการชั่วคราว,[ข่าวประกาศ] 2014-05-27 ให้บริษัท ยูเนี่ยอินเตอร์ ประกันภัย จำกัด (มหาชน) หยุดรับประกันวินาศภัยเป็นการชั่วคราว,ประกันภัย,ข่าวประกาศ
oic_9603,สำนักงาน คปภ. ภาค 12 สงขลา จัดอบรมหลักสูตรขอต่ออายุใบอนุญาตเป็นนายหน้าประกันวินาศภัย ครั้งที่ 3,[ข่าวประกาศ] 2014-05-27 สำนักงาน คปภ. ภาค 12 สงขลา จัดอบรมหลักสูตรขอต่ออายุใบอนุญาตเป็นนายหน้าประกันวินาศภัย ครั้งที่ 3,ประกันภัย,ข่าวประกาศ
oic_9604,เผยแพร่ร่างขอบเขตของงานเพื่อรับฟังคำวิจารณ์ การประกวดราคาจ้างด้วยวิธีการทางอิเล็กทรอนิกส์ การจ้างเหมาบริการทำความสะอาดและบริการห้องประชุม,[ข่าวประกาศ] 2014-05-27 เผยแพร่ร่างขอบเขตของงานเพื่อรับฟังคำวิจารณ์ การประกวดราคาจ้างด้วยวิธีการทางอิเล็กทรอนิกส์ การจ้างเหมาบริการทำความสะอาดและบริการห้องประชุม,ประกันภัย,ข่าวประกาศ
oic_9605,ให้ บมจ. ศูนย์สุขภาพประเทศไทย หยุดรับประกันวินาศภัยเป็นการชั่วคราว,[ข่าวประกาศ] 2014-05-27 ให้ บมจ. ศูนย์สุขภาพประเทศไทย หยุดรับประกันวินาศภัยเป็นการชั่วคราว,ประกันภัย,ข่าวประกาศ
oic_9606,สำนักงาน คปภ. ภาค 4 อุดรธานี จัดอบรมหลักสูตรขอต่ออายุใบอนุญาตนายหน้าประกันวินาศภัย ครั้งที่ 3 รุ่นที่ 4/2556,[ข่าวประกาศ] 2014-05-27 สำนักงาน คปภ. ภาค 4 อุดรธานี จัดอบรมหลักสูตรขอต่ออายุใบอนุญาตนายหน้าประกันวินาศภัย ครั้งที่ 3 รุ่นที่ 4/2556,ประกันภัย,ข่าวประกาศ
oic_9607,ประกาศรายชื่อผู้เข้ารับการอบรมหลักสูตรเพื่อขอต่ออายุบัตรใบอนุญาตตัวแทน/นายหน้าประกันภัย ครั้งที่ 4 เป็นต้นไป ประจำเดือน มกราคม 2557,[ข่าวประกาศ] 2014-05-27 ประกาศรายชื่อผู้เข้ารับการอบรมหลักสูตรเพื่อขอต่ออายุบัตรใบอนุญาตตัวแทน/นายหน้าประกันภัย ครั้งที่ 4 เป็นต้นไป ประจำเดือน มกราคม 2557,ประกันภัย,ข่าวประกาศ
oic_9608,ประกาศรายชื่อผู้ได้รับรางวัลโครงการยุวชนประกันภัย ระดับประเทศ ประจำปี 2556,[ข่าวประกาศ] 2014-05-27 ประกาศรายชื่อผู้ได้รับรางวัลโครงการยุวชนประกันภัย ระดับประเทศ ประจำปี 2556,ประกันภัย,ข่าวประกาศ
oic_9609,จำหน่ายรายงานธุรกิจประกันภัย ในรูปแบบ E-Book,[ข่าวประกาศ] 2014-05-27 จำหน่ายรายงานธุรกิจประกันภัย ในรูปแบบ E-Book,ประกันภัย,ข่าวประกาศ
oic_9610,ประกาศรายชื่อผู้เข้ารับการอบรมตัวแทน/นายหน้าประกันภัยครั้งที่ 3 และครั้งที่ 4 เป็นต้นไป ประจำเดือนกุมภาพันธ์,[ข่าวประกาศ] 2014-05-27 ประกาศรายชื่อผู้เข้ารับการอบรมตัวแทน/นายหน้าประกันภัยครั้งที่ 3 และครั้งที่ 4 เป็นต้นไป ประจำเดือนกุมภาพันธ์,ประกันภัย,ข่าวประกาศ
oic_9611,ประกาศรายชื่อผู้เข้ารับการอบรมตัวแทน/นายหน้าประกันภัยครั้งที่ 3 และครั้งที่ 4 เป็นต้นไป ประจำเดือนกุมภาพันธ์,[ข่าวประกาศ] 2014-05-27 ประกาศรายชื่อผู้เข้ารับการอบรมตัวแทน/นายหน้าประกันภัยครั้งที่ 3 และครั้งที่ 4 เป็นต้นไป ประจำเดือนกุมภาพันธ์,ประกันภัย,ข่าวประกาศ
oic_9612,สถาบันวิทยาการประกันภัยระดับสูง เปิดรับสมัครนักศึกษาหลักสูตรที่ปรึกษาด้านการประกันภัย (CIA) รุ่นที่ 4/2557,[ข่าวประกาศ] 2014-05-27 สถาบันวิทยาการประกันภัยระดับสูง เปิดรับสมัครนักศึกษาหลักสูตรที่ปรึกษาด้านการประกันภัย (CIA) รุ่นที่ 4/2557,ประกันภัย,ข่าวประกาศ
oic_9613,เผยแพร่ร่างขอบเขตของงาน การปรับปรุงระบบปรับอากาศ สำนักงาน คปภ.,[ข่าวประกาศ] 2014-05-27 เผยแพร่ร่างขอบเขตของงาน การปรับปรุงระบบปรับอากาศ สำนักงาน คปภ.,ประกันภัย,ข่าวประกาศ
oic_9614,ประกาศรายชื่อผู้เข้ารับการอบรมหลักสูตรเพื่อขอต่ออายุบัตรใบอนุญาตตัวแทน/นายหน้าประกันภัย ครั้งที่ 4 เป็นต้นไป ประจำเดือน มกราคม 2557,[ข่าวประกาศ] 2014-05-27 ประกาศรายชื่อผู้เข้ารับการอบรมหลักสูตรเพื่อขอต่ออายุบัตรใบอนุญาตตัวแทน/นายหน้าประกันภัย ครั้งที่ 4 เป็นต้นไป ประจำเดือน มกราคม 2557,ประกันภัย,ข่าวประกาศ
oic_9615,ประกาศรายชื่อบุคคลที่ถูกกำหนดตามมาตรา 4 แห่งพระราชบัญญัติป้องกันและปราบปรามการสนับสนุนทางการเงินแก่การก่อการร้าย พ.ศ. 2556,[ข่าวประกาศ] 2014-05-27 ประกาศรายชื่อบุคคลที่ถูกกำหนดตามมาตรา 4 แห่งพระราชบัญญัติป้องกันและปราบปรามการสนับสนุนทางการเงินแก่การก่อการร้าย พ.ศ. 2556,ประกันภัย,ข่าวประกาศ
oic_9616,ขอเชิญบริษัทประกันชีวิตร่วมแสดงความคิดเห็นและข้อเสนอแนะเกี่ยวกับร่างบันทึกสลักหลัง/เอกสารแนบท้าย ผลประโยชน์ค่าชดเชยรายวัน กรณีค่ารักษาพยาบาลผู้ป่วยในที่ไม่ต้องรักษาตัวในโรงพยาบาล (Day Case),[ข่าวประกาศ] 2014-05-27 ขอเชิญบริษัทประกันชีวิตร่วมแสดงความคิดเห็นและข้อเสนอแนะเกี่ยวกับร่างบันทึกสลักหลัง/เอกสารแนบท้าย ผลประโยชน์ค่าชดเชยรายวัน กรณีค่ารักษาพยาบาลผู้ป่วยในที่ไม่ต้องรักษาตัวในโรงพยาบาล (Day Case),ประกันภัย,ข่าวประกาศ
oic_9617,สถาบันวิทยาการประกันภัยระดับสูง สำนักงาน คปภ. จัดอบรมหลักสูตรตัวแทน/นายหน้าขายกรมธรรม์ประกันชีวิตควบการลงทุน,[ข่าวประกาศ] 2014-05-27 สถาบันวิทยาการประกันภัยระดับสูง สำนักงาน คปภ. จัดอบรมหลักสูตรตัวแทน/นายหน้าขายกรมธรรม์ประกันชีวิตควบการลงทุน,ประกันภัย,ข่าวประกาศ
oic_9618,การสอบความรู้เกี่ยวกับการประกันชีวิตและประกันวินาศภัยเพื่อขอรับใบอนุญาตเป็นนายหน้าประกันชีวิตและนายหน้าประกันวินาศภัย ประจำปี 2557 ในส่วนกลางและส่วนภูมิภาค,[ข่าวประกาศ] 2014-05-27 การสอบความรู้เกี่ยวกับการประกันชีวิตและประกันวินาศภัยเพื่อขอรับใบอนุญาตเป็นนายหน้าประกันชีวิตและนายหน้าประกันวินาศภัย ประจำปี 2557 ในส่วนกลางและส่วนภูมิภาค,ประกันภัย,ข่าวประกาศ
oic_9619,ประกาศรายชื่อผู้เข้ารับการอบรมหลักสูตรเพื่อขอต่ออายุบัตรใบอนุญาตตัวแทน/นายหน้าประกันภัย ครั้งที่ 4 เป็นต้นไป ประจำเดือน ธันวาคม 2556,[ข่าวประกาศ] 2014-05-27 ประกาศรายชื่อผู้เข้ารับการอบรมหลักสูตรเพื่อขอต่ออายุบัตรใบอนุญาตตัวแทน/นายหน้าประกันภัย ครั้งที่ 4 เป็นต้นไป ประจำเดือน ธันวาคม 2556,ประกันภัย,ข่าวประกาศ
oic_9620,การสอบราคาจัดซื้อเครื่องไมโครคอมพิวเตอร์ตั้งโต๊ะ,[ข่าวประกาศ] 2014-05-27 การสอบราคาจัดซื้อเครื่องไมโครคอมพิวเตอร์ตั้งโต๊ะ,ประกันภัย,ข่าวประกาศ
oic_9621,ประกาศรับสมัครพนักงาน,[ข่าวประกาศ] 2014-05-27 ประกาศรับสมัครพนักงาน,ประกันภัย,ข่าวประกาศ
oic_9622,ตราสัญลักษณ์ โครงการส่งเสริมให้บริษัทประกันภัยเข้าร่วมระบบสินไหมอัตโนมัติ (E-Claim),[ข่าวประกาศ] 2014-05-27 ตราสัญลักษณ์ โครงการส่งเสริมให้บริษัทประกันภัยเข้าร่วมระบบสินไหมอัตโนมัติ (E-Claim),ประกันภัย,ข่าวประกาศ
oic_9623,ประกาศวันหยุดตามประเพณีของสำนักงาน ประจำปี 2556 (ฉบับที่2),[ข่าวประกาศ] 2014-05-27 ประกาศวันหยุดตามประเพณีของสำนักงาน ประจำปี 2556 (ฉบับที่2),ประกันภัย,ข่าวประกาศ
oic_9624,สำนักงาน คปภ.ภาค12 สงขลา จัดอบรมหลักสูตรการต่ออายุใบอนุญาตเป็นตัวแทน/นายหน้าประกันภัย ครั้งที่ 4 (ต่ออายุ 5 ปี ครั้งที่สองและครั้งต่อไป) ครั้งที่ 3/2556,[ข่าวประกาศ] 2014-05-27 สำนักงาน คปภ.ภาค12 สงขลา จัดอบรมหลักสูตรการต่ออายุใบอนุญาตเป็นตัวแทน/นายหน้าประกันภัย ครั้งที่ 4 (ต่ออายุ 5 ปี ครั้งที่สองและครั้งต่อไป) ครั้งที่ 3/2556,ประกันภัย,ข่าวประกาศ
oic_9625,สำนักงาน คปภ. ภาค 5 อุบลราชธานี จัดอบรมหลักสูตรขอต่ออายุใบอนุญาตตัวแทน/นายหน้าประกันภัย ครั้งที่ 4 เป็นต้นไป,[ข่าวประกาศ] 2014-05-27 สำนักงาน คปภ. ภาค 5 อุบลราชธานี จัดอบรมหลักสูตรขอต่ออายุใบอนุญาตตัวแทน/นายหน้าประกันภัย ครั้งที่ 4 เป็นต้นไป,ประกันภัย,ข่าวประกาศ
oic_9626,การจดหรือเปลี่ยนแปลงรายการทะเบียนเกี่ยวกับสำนักงานสาขาบริษัทประกันชีวิตและวินาศภัย,[ข่าวประกาศ] 2014-05-27 การจดหรือเปลี่ยนแปลงรายการทะเบียนเกี่ยวกับสำนักงานสาขาบริษัทประกันชีวิตและวินาศภัย,ประกันภัย,ข่าวประกาศ
oic_9627,สำนักงาน คปภ. ภาค 12 สงขลา จัดอบรมหลักสูตรต่ออายุใบอนุญาตเป็นนายหน้าประกันชีวิต ครั้งที่ 3,[ข่าวประกาศ] 2014-05-27 สำนักงาน คปภ. ภาค 12 สงขลา จัดอบรมหลักสูตรต่ออายุใบอนุญาตเป็นนายหน้าประกันชีวิต ครั้งที่ 3,ประกันภัย,ข่าวประกาศ
oic_9628,ประกาศการมอบรางวัลประกันภัยดีเด่นครบวงจร ประจำปี 2555,[ข่าวประกาศ] 2014-05-27 ประกาศการมอบรางวัลประกันภัยดีเด่นครบวงจร ประจำปี 2555,ประกันภัย,ข่าวประกาศ
oic_9629,เผยแพร่ร่างขอบเขตของงานเพื่อรับฟังคำวิจารณ์ โครงการพัฒนาระบบสารสนเทศเพือการปฏิบัติงานด้านบังคับคดี,[ข่าวประกาศ] 2014-05-27 เผยแพร่ร่างขอบเขตของงานเพื่อรับฟังคำวิจารณ์ โครงการพัฒนาระบบสารสนเทศเพือการปฏิบัติงานด้านบังคับคดี,ประกันภัย,ข่าวประกาศ
oic_9630,สำนักงาน คปภ. จัดอบรมเรื่อง กฎหมายที่ใช้ในการปฏิบัติงานและการดูแลการปฏิบัติตามกฎหมายของบริษัทประกันภัย,[ข่าวประกาศ] 2014-05-27 สำนักงาน คปภ. จัดอบรมเรื่อง กฎหมายที่ใช้ในการปฏิบัติงานและการดูแลการปฏิบัติตามกฎหมายของบริษัทประกันภัย,ประกันภัย,ข่าวประกาศ
oic_9631,สำนักงาน คปภ. ภาค9 ชลบุรี จัดอบรมหลักสูตรต่ออายุใบอนุญาตตัวแทน/นายหน้าประกันภัย ครั้งที่ 4 เป็นต้นไป,[ข่าวประกาศ] 2014-05-27 สำนักงาน คปภ. ภาค9 ชลบุรี จัดอบรมหลักสูตรต่ออายุใบอนุญาตตัวแทน/นายหน้าประกันภัย ครั้งที่ 4 เป็นต้นไป,ประกันภัย,ข่าวประกาศ
oic_9632,ประกาศรายชื่อผู้เข้ารับการอบรมเพื่อขอรับบัตรใบอนุญาตตัวแทน/นายหน้าประกันภัย ครั้งที่ 4 เป็นต้นไป ประจำเดือน สิงหาคม 2556,[ข่าวประกาศ] 2014-05-27 ประกาศรายชื่อผู้เข้ารับการอบรมเพื่อขอรับบัตรใบอนุญาตตัวแทน/นายหน้าประกันภัย ครั้งที่ 4 เป็นต้นไป ประจำเดือน สิงหาคม 2556,ประกันภัย,ข่าวประกาศ
oic_9633,สำนักงาน คปภ. ภาค 4 อุดรธานี จัดอบรมหลักสูตรต่อใบอนุญาตนายหน้าประกันชีวิต ครั้งที่ 3,[ข่าวประกาศ] 2014-05-27 สำนักงาน คปภ. ภาค 4 อุดรธานี จัดอบรมหลักสูตรต่อใบอนุญาตนายหน้าประกันชีวิต ครั้งที่ 3,ประกันภัย,ข่าวประกาศ
oic_9634,สำนักงาน คปภ. ภาค6 นครราชสีมา จัดอบรมหลักสูตรขอต่อใบอนุญาตประกันวินาศภัย ครั้งที่ 3,[ข่าวประกาศ] 2014-05-27 สำนักงาน คปภ. ภาค6 นครราชสีมา จัดอบรมหลักสูตรขอต่อใบอนุญาตประกันวินาศภัย ครั้งที่ 3,ประกันภัย,ข่าวประกาศ
oic_9635,คำสั่งนายทะเบียนที่ 19/2556 เรื่อง กำหนดแบบ ข้อความและอัตราเบี้ยประกันภัยกรมธรรม์ประกันภัย 200 สำหรับรายย่อย(ไมโครอินชัวรันส์),[ข่าวประกาศ] 2014-05-27 คำสั่งนายทะเบียนที่ 19/2556 เรื่อง กำหนดแบบ ข้อความและอัตราเบี้ยประกันภัยกรมธรรม์ประกันภัย 200 สำหรับรายย่อย(ไมโครอินชัวรันส์),ประกันภัย,ข่าวประกาศ
oic_9636,สำนักงาน คปภ. ภาค 5 อุบลราชธานี จัดอบรมหลักสูตรขอต่ออายุใบอนุญาตนายหน้าประกันชีวิตครั้งที่ 3,[ข่าวประกาศ] 2014-05-27 สำนักงาน คปภ. ภาค 5 อุบลราชธานี จัดอบรมหลักสูตรขอต่ออายุใบอนุญาตนายหน้าประกันชีวิตครั้งที่ 3,ประกันภัย,ข่าวประกาศ
oic_9637,เผยแพร่ร่างขอบเขตของงานเพื่อรับฟังคำวิจารณ์ การจ้างประชาสัมพันธ์ผ่านป้าย Bill Board โครงการสร้างเครือข่ายการประกันภัยรถยนต์ภาคบังคับสู่ประชาชน ประจำปี 2556 โดยวิธีประกวดราคา,[ข่าวประกาศ] 2014-05-27 เผยแพร่ร่างขอบเขตของงานเพื่อรับฟังคำวิจารณ์ การจ้างประชาสัมพันธ์ผ่านป้าย Bill Board โครงการสร้างเครือข่ายการประกันภัยรถยนต์ภาคบังคับสู่ประชาชน ประจำปี 2556 โดยวิธีประกวดราคา,ประกันภัย,ข่าวประกาศ
oic_9638,สำนักงาน คปภ. ภาค 6 นครราชสีมา จัดอบรมหลักสูตรต่ออายุใบอนุญาตตัวแทน/นายหน้าประกันภัย ครั้งที่ 4 เป็นต้นไป,[ข่าวประกาศ] 2014-05-27 สำนักงาน คปภ. ภาค 6 นครราชสีมา จัดอบรมหลักสูตรต่ออายุใบอนุญาตตัวแทน/นายหน้าประกันภัย ครั้งที่ 4 เป็นต้นไป,ประกันภัย,ข่าวประกาศ
oic_9639,ประกาศรายชื่อผู้เข้ารับการอบรมหลักสูตรเพื่อขอต่ออายุบัตรใบอนุญาตนายหน้าประกันชีวิต ครั้งที่ 3 และ หลักสูตรเพื่อขอต่ออายุบัตรใบอนุญาตตัวแทน/นายหน้าประกันภัย ครั้งที่ 4 เป็นต้นไป,[ข่าวประกาศ] 2014-05-27 ประกาศรายชื่อผู้เข้ารับการอบรมหลักสูตรเพื่อขอต่ออายุบัตรใบอนุญาตนายหน้าประกันชีวิต ครั้งที่ 3 และ หลักสูตรเพื่อขอต่ออายุบัตรใบอนุญาตตัวแทน/นายหน้าประกันภัย ครั้งที่ 4 เป็นต้นไป,ประกันภัย,ข่าวประกาศ
oic_9576,เผยแพร่ร่างขอบเขตของงานเพื่อรับฟังคำวิจารณ์ โครงการจ้างเหมาบุคลากรภายนอกเพื่อสนับสนุนการจัดการด้านเทคโนโลยีสารสนเทศ,[ข่าวประกาศ] 2014-05-27 เผยแพร่ร่างขอบเขตของงานเพื่อรับฟังคำวิจารณ์ โครงการจ้างเหมาบุคลากรภายนอกเพื่อสนับสนุนการจัดการด้านเทคโนโลยีสารสนเทศ,ประกันภัย,ข่าวประกาศ
oic_9577,เผยแพร่ร่างขอบเขตของงานเพื่อรับฟังคำวิจารณ์ โครงการจัดซื้อครุภัณฑ์คอมพิวเตอร์ ปี 2557,[ข่าวประกาศ] 2014-05-27 เผยแพร่ร่างขอบเขตของงานเพื่อรับฟังคำวิจารณ์ โครงการจัดซื้อครุภัณฑ์คอมพิวเตอร์ ปี 2557,ประกันภัย,ข่าวประกาศ
oic_9578,สำนักงาน คปภ.ภาค 6 นครราชสีมา จัดอบรมหลักสูตรต่ออายุในอนุญาตตัวแทน/นายหน้า ครั้งที่ 4 เป็นต้นไป,[ข่าวประกาศ] 2014-05-27 สำนักงาน คปภ.ภาค 6 นครราชสีมา จัดอบรมหลักสูตรต่ออายุในอนุญาตตัวแทน/นายหน้า ครั้งที่ 4 เป็นต้นไป,ประกันภัย,ข่าวประกาศ
oic_9579,สถาบันวิทยาการประกันภัยระดับสูง สำนักงาน คปภ.ขอเปลี่ยนแปลงวิชาการบรรยาย หลักสูตรอบรมเพื่อขอต่ออายุใบอนุญาตตัวแทน/นายหน้าประกันภัย ครั้งที่ 4 เป็นต้นไป ประจำเดือน มีนาคม 2557,[ข่าวประกาศ] 2014-05-27 สถาบันวิทยาการประกันภัยระดับสูง สำนักงาน คปภ.ขอเปลี่ยนแปลงวิชาการบรรยาย หลักสูตรอบรมเพื่อขอต่ออายุใบอนุญาตตัวแทน/นายหน้าประกันภัย ครั้งที่ 4 เป็นต้นไป ประจำเดือน มีนาคม 2557,ประกันภัย,ข่าวประกาศ
oic_9580,การประกวดโรงเรียน/สถานศึกษาและนักเรียนตามโครงการยุวชนประกันภัย ประจำปี พ.ศ.2557,[ข่าวประกาศ] 2014-05-27 การประกวดโรงเรียน/สถานศึกษาและนักเรียนตามโครงการยุวชนประกันภัย ประจำปี พ.ศ.2557,ประกันภัย,ข่าวประกาศ
oic_9581,สำนักงาน คปภ.ภาค4 อุดรธานี จัดอบรมหลักสูตรต่ออายุในอนุญาตตัวแทน/นายหน้า ครั้งที่ 4 เป็นต้นไป,[ข่าวประกาศ] 2014-05-27 สำนักงาน คปภ.ภาค4 อุดรธานี จัดอบรมหลักสูตรต่ออายุในอนุญาตตัวแทน/นายหน้า ครั้งที่ 4 เป็นต้นไป,ประกันภัย,ข่าวประกาศ
oic_9582,เผยแพร่ร่างขอบเขตของงานเพื่อรับฟังคำวิจารณ์ โครงการพัฒนาระบบสารสนเทศเพื่อสนับสนุนงานด้านกฎหมายและการปฏิบัติงานด้านบังคับคดี,[ข่าวประกาศ] 2014-05-27 เผยแพร่ร่างขอบเขตของงานเพื่อรับฟังคำวิจารณ์ โครงการพัฒนาระบบสารสนเทศเพื่อสนับสนุนงานด้านกฎหมายและการปฏิบัติงานด้านบังคับคดี,ประกันภัย,ข่าวประกาศ
oic_9583,ประกาศรายชื่อผู้เข้ารับการอบรมหลักสูตรการขอต่ออายุใบอนุญาตครั้งที่ 3 และครั้งที่ 4 เป็นต้นไป ประจำเดือนมีนาคม 2557,[ข่าวประกาศ] 2014-05-27 ประกาศรายชื่อผู้เข้ารับการอบรมหลักสูตรการขอต่ออายุใบอนุญาตครั้งที่ 3 และครั้งที่ 4 เป็นต้นไป ประจำเดือนมีนาคม 2557,ประกันภัย,ข่าวประกาศ
oic_9584,ประกาศรายชื่อผู้เข้ารับการอบรมหลักสูตรการขอต่ออายุใบอนุญาตครั้งที่ 3 และครั้งที่ 4 เป็นต้นไป ประจำเดือนมีนาคม 2557,[ข่าวประกาศ] 2014-05-27 ประกาศรายชื่อผู้เข้ารับการอบรมหลักสูตรการขอต่ออายุใบอนุญาตครั้งที่ 3 และครั้งที่ 4 เป็นต้นไป ประจำเดือนมีนาคม 2557,ประกันภัย,ข่าวประกาศ
oic_9585,ขอความเห็นและสร้างความเข้าใจร่วมกันต่อแบบรายงานการจัดทำการประกันภัยต่อของบริษัทประกันวินาศภัย,[ข่าวประกาศ] 2014-05-27 ขอความเห็นและสร้างความเข้าใจร่วมกันต่อแบบรายงานการจัดทำการประกันภัยต่อของบริษัทประกันวินาศภัย,ประกันภัย,ข่าวประกาศ
oic_9586,ขอความเห็นและสร้างความเข้าใจร่วมกันต่อแบบรายงานการจัดทำการประกันภัยต่อของบริษัทประกันวินาศภัย,[ข่าวประกาศ] 2014-05-27 ขอความเห็นและสร้างความเข้าใจร่วมกันต่อแบบรายงานการจัดทำการประกันภัยต่อของบริษัทประกันวินาศภัย,ประกันภัย,ข่าวประกาศ
oic_9587,ขอความร่วมมือตรวจทานรายชื่อผู้รับประกันภัยต่อ,[ข่าวประกาศ] 2014-05-27 ขอความร่วมมือตรวจทานรายชื่อผู้รับประกันภัยต่อ,ประกันภัย,ข่าวประกาศ
oic_9562,สำนักงาน คปภ. ภาค 3 (นครสวรรค์) จัดอบรมหลักสูตรการต่ออายุใบอนุญาตตัวแทน/นายหน้าประกันภัย ครั้งที่ 4 เป็นต้นไป รุ่นที่1,[ข่าวประกาศ] 2014-05-27 สำนักงาน คปภ. ภาค 3 (นครสวรรค์) จัดอบรมหลักสูตรการต่ออายุใบอนุญาตตัวแทน/นายหน้าประกันภัย ครั้งที่ 4 เป็นต้นไป รุ่นที่1,ประกันภัย,ข่าวประกาศ
oic_9563,เผยแพร่ร่างขอบเขตของงานเพื่อรับฟังคำวิจารณ์ โครงการจัดจ้างบำรุงรักษาระบบคอมพิวเตอร์และอุปกรณ์ที่เกี่ยวข้องประจำปี 2557,[ข่าวประกาศ] 2014-05-27 เผยแพร่ร่างขอบเขตของงานเพื่อรับฟังคำวิจารณ์ โครงการจัดจ้างบำรุงรักษาระบบคอมพิวเตอร์และอุปกรณ์ที่เกี่ยวข้องประจำปี 2557,ประกันภัย,ข่าวประกาศ
oic_9564,ประกาศผลการตัดสิ้นโฆษณาสั้น และผลงานที่ได้รับรางวัลชนะเลิศ,[ข่าวประกาศ] 2014-05-27 ประกาศผลการตัดสิ้นโฆษณาสั้น และผลงานที่ได้รับรางวัลชนะเลิศ,ประกันภัย,ข่าวประกาศ
oic_9565,ประกาศผลการคัดเลือกบุคคลเข้าดำรงตำแหน่งผู้จัดการกองทุนประกันชีวิต,[ข่าวประกาศ] 2014-05-27 ประกาศผลการคัดเลือกบุคคลเข้าดำรงตำแหน่งผู้จัดการกองทุนประกันชีวิต,ประกันภัย,ข่าวประกาศ
oic_9566,ประกาศผลการคัดเลือกบุคคลเข้าดำรงตำแหน่งผู้จัดการกองทุนประกันวินาศภัย,[ข่าวประกาศ] 2014-05-27 ประกาศผลการคัดเลือกบุคคลเข้าดำรงตำแหน่งผู้จัดการกองทุนประกันวินาศภัย,ประกันภัย,ข่าวประกาศ
oic_9567,สำนักงาน คปภ. จัดสัมมนาเรื่อง ธรรมาภิบาลของบริษัทประกันภัยไทย,[ข่าวประกาศ] 2014-05-27 สำนักงาน คปภ. จัดสัมมนาเรื่อง ธรรมาภิบาลของบริษัทประกันภัยไทย,ประกันภัย,ข่าวประกาศ
oic_9568,ขอความร่วมมือในการแสดความคิดเห็นต่อร่างปรับปรุงประกาศ คปภ. เรื่องหลักเกณฑ์ วิธีการและเงื่อนไข ในการกำหนดมาตรฐานขั้นต่ำในการบริหารจัดการความเสี่ยงของบริษัทประกันชีวิต/วินาศภัย พ.ศ.25... และแนวทางการบริหาร,[ข่าวประกาศ] 2014-05-27 ขอความร่วมมือในการแสดความคิดเห็นต่อร่างปรับปรุงประกาศ คปภ. เรื่องหลักเกณฑ์ วิธีการและเงื่อนไข ในการกำหนดมาตรฐานขั้นต่ำในการบริหารจัดการความเสี่ยงของบริษัทประกันชีวิต/วินาศภัย พ.ศ.25... และแนวทางการบริหาร,ประกันภัย,ข่าวประกาศ
oic_9569,สำนักงาน คปภ. ภาค9 (ชลบุรี) แจ้งเปลี่ยนแปลงวันจัดอบรมเพื่อขอต่อใบอนุญาตตัวแทน/นายหน้าประกันภัย ครั้งที่ 4 ปี 2557,[ข่าวประกาศ] 2014-05-27 สำนักงาน คปภ. ภาค9 (ชลบุรี) แจ้งเปลี่ยนแปลงวันจัดอบรมเพื่อขอต่อใบอนุญาตตัวแทน/นายหน้าประกันภัย ครั้งที่ 4 ปี 2557,ประกันภัย,ข่าวประกาศ
oic_9570,เผยแพร่ร่างขอบเขตของงานเพื่อรับฟังคำวิจารณ์ โครงการปรับปรุงเครือข่ายเสมือน สำนักงาน คปภ.,[ข่าวประกาศ] 2014-05-27 เผยแพร่ร่างขอบเขตของงานเพื่อรับฟังคำวิจารณ์ โครงการปรับปรุงเครือข่ายเสมือน สำนักงาน คปภ.,ประกันภัย,ข่าวประกาศ
oic_9571,สำนักงาน คปภ. ภาค 5 (อุบลราชธานี) จัดอบรมหลักสูตรการต่ออายุใบอนุญาตตัวแทน/นายหน้าประกันภัย ครั้งที่ 4 เป็นต้นไป,[ข่าวประกาศ] 2014-05-27 สำนักงาน คปภ. ภาค 5 (อุบลราชธานี) จัดอบรมหลักสูตรการต่ออายุใบอนุญาตตัวแทน/นายหน้าประกันภัย ครั้งที่ 4 เป็นต้นไป,ประกันภัย,ข่าวประกาศ
oic_9572,ประกาศรายชื่อผู้เข้ารับการอบรมหลักสูตรเพื่อขอต่ออายุบัตรใบอนุญาตตัวแทน/นายหน้าประกันภัย ครั้งที่ 4 เป็นต้นไป ประจำเดือน เมษายน 2557,[ข่าวประกาศ] 2014-05-27 ประกาศรายชื่อผู้เข้ารับการอบรมหลักสูตรเพื่อขอต่ออายุบัตรใบอนุญาตตัวแทน/นายหน้าประกันภัย ครั้งที่ 4 เป็นต้นไป ประจำเดือน เมษายน 2557,ประกันภัย,ข่าวประกาศ
oic_9573,มาตรการผ่อนผันสำหรับบริษัทประกันวินาศภัยที่มีค่าสินไหมทดแทนน้ำท่วม พ.ศ.2557,[ข่าวประกาศ] 2014-05-27 มาตรการผ่อนผันสำหรับบริษัทประกันวินาศภัยที่มีค่าสินไหมทดแทนน้ำท่วม พ.ศ.2557,ประกันภัย,ข่าวประกาศ
oic_9574,"เผยแพร่ร่างขอบเขตของงานเพื่อรับฟังคำวิจารณ์ การจ้างผลิตและเผยแพร่สปอตโฆษณาชุด ""พ.ร.บ.รถภาคบังคับ","[ข่าวประกาศ] 2014-05-27 เผยแพร่ร่างขอบเขตของงานเพื่อรับฟังคำวิจารณ์ การจ้างผลิตและเผยแพร่สปอตโฆษณาชุด ""พ.ร.บ.รถภาคบังคับ",ประกันภัย,ข่าวประกาศ
oic_9575,ประกาศรายชื่อผู้เข้ารับการอบรมหลักสูตรเพื่อขอต่ออายุบัตรใบอนุญาตตัวแทน/นายหน้าประกันภัย ครั้งที่ 3 และครั้งที่ 4 ประจำเดือน พฤษภาคม 2557,[ข่าวประกาศ] 2014-05-27 ประกาศรายชื่อผู้เข้ารับการอบรมหลักสูตรเพื่อขอต่ออายุบัตรใบอนุญาตตัวแทน/นายหน้าประกันภัย ครั้งที่ 3 และครั้งที่ 4 ประจำเดือน พฤษภาคม 2557,ประกันภัย,ข่าวประกาศ
oic_9560,ประกาศรายชื่อผู้เข้ารับการอบรมเพื่อขอต่อใบอนุญาตตัวแทน/นายหน้า ประจำเดือน มิถุนายน 2557,[ข่าวประกาศ] 2014-08-13 ประกาศรายชื่อผู้เข้ารับการอบรมเพื่อขอต่อใบอนุญาตตัวแทน/นายหน้า ประจำเดือน มิถุนายน 2557,ประกันภัย,ข่าวประกาศ
oic_9561,ประกาศรายชื่อผู้เข้ารับการอบรมเพื่อขอต่อใบอนุญาตตัวแทน/นายหน้า ประจำเดือน มิถุนายน 2557,[ข่าวประกาศ] 2014-08-13 ประกาศรายชื่อผู้เข้ารับการอบรมเพื่อขอต่อใบอนุญาตตัวแทน/นายหน้า ประจำเดือน มิถุนายน 2557,ประกันภัย,ข่าวประกาศ
oic_9558,ข้อปฏิบัติการใช้รหัสและรายชื่อผู้รับประกันภัยต่อต่างประเทศในการรายงานข้อมูล,[ข่าวประกาศ] 2014-08-13 ข้อปฏิบัติการใช้รหัสและรายชื่อผู้รับประกันภัยต่อต่างประเทศในการรายงานข้อมูล,ประกันภัย,ข่าวประกาศ
oic_9559,ข้อปฏิบัติการใช้รหัสและรายชื่อผู้รับประกันภัยต่อต่างประเทศในการรายงานข้อมูล,[ข่าวประกาศ] 2014-08-13 ข้อปฏิบัติการใช้รหัสและรายชื่อผู้รับประกันภัยต่อต่างประเทศในการรายงานข้อมูล,ประกันภัย,ข่าวประกาศ
oic_9556,ร่างประกาศ คปภ. เรื่อง หลักเกณฑ์ วิธีการและเงื่อนไข การอนุญาตให้เปิดสาขาในต่างประเทศของบริษัทประกันชีวิตและบริษัทประกันวินาศภัย,[ข่าวประกาศ] 2014-08-13 ร่างประกาศ คปภ. เรื่อง หลักเกณฑ์ วิธีการและเงื่อนไข การอนุญาตให้เปิดสาขาในต่างประเทศของบริษัทประกันชีวิตและบริษัทประกันวินาศภัย,ประกันภัย,ข่าวประกาศ
oic_9557,ร่างประกาศ คปภ. เรื่อง หลักเกณฑ์ วิธีการและเงื่อนไข การอนุญาตให้เปิดสาขาในต่างประเทศของบริษัทประกันชีวิตและบริษัทประกันวินาศภัย,[ข่าวประกาศ] 2014-08-13 ร่างประกาศ คปภ. เรื่อง หลักเกณฑ์ วิธีการและเงื่อนไข การอนุญาตให้เปิดสาขาในต่างประเทศของบริษัทประกันชีวิตและบริษัทประกันวินาศภัย,ประกันภัย,ข่าวประกาศ
oic_9555,ประกาศรับสมัครงาน,[ข่าวประกาศ] 2014-08-13 ประกาศรับสมัครงาน,ประกันภัย,ข่าวประกาศ
oic_9554,โครงการประชุมสัมมนาวิชาการด้านการประกันภัย ประจำปี พ.ศ.2557,[ข่าวประกาศ] 2014-08-13 โครงการประชุมสัมมนาวิชาการด้านการประกันภัย ประจำปี พ.ศ.2557,ประกันภัย,ข่าวประกาศ
oic_9553,เผยแพร่ร่างขอบเขตของงานโครงการจัดหาและพัฒนาระบบบริหารจัดการรายงานและสถิติข้อมูล e-Claim,[ข่าวประกาศ] 2014-08-13 เผยแพร่ร่างขอบเขตของงานโครงการจัดหาและพัฒนาระบบบริหารจัดการรายงานและสถิติข้อมูล e-Claim,ประกันภัย,ข่าวประกาศ
oic_9552,เผยแพร่ร่างขอบเขตของงานเพื่อรับฟังคำวิจารณ์จ้างเหมาบริการพนักงานขับรถยนต์,[ข่าวประกาศ] 2014-08-13 เผยแพร่ร่างขอบเขตของงานเพื่อรับฟังคำวิจารณ์จ้างเหมาบริการพนักงานขับรถยนต์,ประกันภัย,ข่าวประกาศ
oic_9551,คำสั่งนายทะเบียนที่ 21/2557 เรื่อง ให้ใช้บันทึกสลักหลังผลประโยชน์ค่าชดเชยรายวันกรณีผู้ป่วยในที่ไม่ต้องรักษาตัวในโรงพยาบาล (Day Case),[ข่าวประกาศ] 2014-08-13 คำสั่งนายทะเบียนที่ 21/2557 เรื่อง ให้ใช้บันทึกสลักหลังผลประโยชน์ค่าชดเชยรายวันกรณีผู้ป่วยในที่ไม่ต้องรักษาตัวในโรงพยาบาล (Day Case),ประกันภัย,ข่าวประกาศ
oic_9550,"ประกาศรายชื่อผู้เข้ารับการอบรมบนเว็บไชด์ ""หลักสูตรต่ออายุใบอนุญาตครั้งที่ 3 และครั้งที่ 4 เป็นต้นไปประจำเดือนกรกฎาคม 2557","[ข่าวประกาศ] 2014-08-13 ประกาศรายชื่อผู้เข้ารับการอบรมบนเว็บไชด์ ""หลักสูตรต่ออายุใบอนุญาตครั้งที่ 3 และครั้งที่ 4 เป็นต้นไปประจำเดือนกรกฎาคม 2557",ประกันภัย,ข่าวประกาศ
oic_9549,เผยแพร่ร่างขอบเขตของงานเพื่อรับฟังคำวิจารณ์โครงการจ้างพิมพ์แผ่นพับประชาสัมพันธ์ เรื่อง ประกันภัย 200,[ข่าวประกาศ] 2014-08-13 เผยแพร่ร่างขอบเขตของงานเพื่อรับฟังคำวิจารณ์โครงการจ้างพิมพ์แผ่นพับประชาสัมพันธ์ เรื่อง ประกันภัย 200,ประกันภัย,ข่าวประกาศ
oic_9548,การทำ Web Survey เพื่อพัฒนาแนวทางการกำกับดูแลกิจการที่ดีของบริษัทประกันภัย (Corporate Governance),[ข่าวประกาศ] 2014-08-13 การทำ Web Survey เพื่อพัฒนาแนวทางการกำกับดูแลกิจการที่ดีของบริษัทประกันภัย (Corporate Governance),ประกันภัย,ข่าวประกาศ
oic_9546,สำนักงาน คปภ.ภาค 5 อุบลราชธานี จัดอบรมหลักสูตรการต่ออายุใบอนุญาตตัวแทน/นายหน้าประกันภัย ครั้งที่ 4 เป็นต้นไป,[ข่าวประกาศ] 2014-08-13 สำนักงาน คปภ.ภาค 5 อุบลราชธานี จัดอบรมหลักสูตรการต่ออายุใบอนุญาตตัวแทน/นายหน้าประกันภัย ครั้งที่ 4 เป็นต้นไป,ประกันภัย,ข่าวประกาศ
oic_9547,สำนักงาน คปภ.ภาค 5 อุบลราชธานี จัดอบรมหลักสูตรการต่ออายุใบอนุญาตตัวแทน/นายหน้าประกันภัย ครั้งที่ 4 เป็นต้นไป,[ข่าวประกาศ] 2014-08-13 สำนักงาน คปภ.ภาค 5 อุบลราชธานี จัดอบรมหลักสูตรการต่ออายุใบอนุญาตตัวแทน/นายหน้าประกันภัย ครั้งที่ 4 เป็นต้นไป,ประกันภัย,ข่าวประกาศ
oic_9545,เผยแพร่ร่างขอบเขตของงานเพื่อรับฟังคำวิจารณ์ โครงการจ้างเหมาบริการทำความสะอาด และบริการห้องประชุมของสำนักงาน คปภ.,[ข่าวประกาศ] 2014-08-13 เผยแพร่ร่างขอบเขตของงานเพื่อรับฟังคำวิจารณ์ โครงการจ้างเหมาบริการทำความสะอาด และบริการห้องประชุมของสำนักงาน คปภ.,ประกันภัย,ข่าวประกาศ
oic_9544,เผยแพร่เพื่อรับฟังความคิดเห็น ร่างประกาศนายทะเบียน เรื่อง หลักเกณฑ์ วิธีการ และเงื่อนไขการทาธุรกิจงานติดต่อหรือแนะนาบริการของบริษัทหลักทรัพย์หรือธนาคารพาณิชย์ของบริษัทประกันชีวิต พ.ศ. 2557,[ข่าวประกาศ] 2014-08-13 เผยแพร่เพื่อรับฟังความคิดเห็น ร่างประกาศนายทะเบียน เรื่อง หลักเกณฑ์ วิธีการ และเงื่อนไขการทาธุรกิจงานติดต่อหรือแนะนาบริการของบริษัทหลักทรัพย์หรือธนาคารพาณิชย์ของบริษัทประกันชีวิต พ.ศ. 2557,ประกันภัย,ข่าวประกาศ
oic_9543,เผยแพร่เพื่อรับฟังความคิดเห็น ร่างประกาศนายทะเบียนเรื่อง หลักเกณฑ์ วิธีการ และเงื่อนไขการทาธุรกิจงานติดต่อหรือแนะนาบริการของบริษัทหลักทรัพย์หรือธนาคารพาณิชย์ของบริษัทประกันวินาศภัย พ.ศ. 2557,[ข่าวประกาศ] 2014-08-13 เผยแพร่เพื่อรับฟังความคิดเห็น ร่างประกาศนายทะเบียนเรื่อง หลักเกณฑ์ วิธีการ และเงื่อนไขการทาธุรกิจงานติดต่อหรือแนะนาบริการของบริษัทหลักทรัพย์หรือธนาคารพาณิชย์ของบริษัทประกันวินาศภัย พ.ศ. 2557,ประกันภัย,ข่าวประกาศ
oic_9542,หลักเกณฑ์ วิธีการ และเงื่อนไขในการรับเงิน การจ่ายเงิน การตรวจสอบ และการควบคุมภายในของบริษัทชีวิต,[ข่าวประกาศ] 2014-08-13 หลักเกณฑ์ วิธีการ และเงื่อนไขในการรับเงิน การจ่ายเงิน การตรวจสอบ และการควบคุมภายในของบริษัทชีวิต,ประกันภัย,ข่าวประกาศ
oic_9541,หลักเกณฑ์ วิธีการ และเงื่อนไขในการรับเงิน การจ่ายเงิน การตรวจสอบ และการควบคุมภายในของบริษัทประกันวินาศภัย,[ข่าวประกาศ] 2014-08-13 หลักเกณฑ์ วิธีการ และเงื่อนไขในการรับเงิน การจ่ายเงิน การตรวจสอบ และการควบคุมภายในของบริษัทประกันวินาศภัย,ประกันภัย,ข่าวประกาศ
oic_9540,ประกาศรับสมัครงาน สายกลยุทธ์องค์กร,[ข่าวประกาศ] 2014-08-13 ประกาศรับสมัครงาน สายกลยุทธ์องค์กร,ประกันภัย,ข่าวประกาศ
oic_9538,รายชื่อผู้มีสิทธิ์เข้ารับการอบรมหลักสูตรการขอต่ออายุใบอนุญาตตัวแทน/นายหน้าประกันภัยครั้งที่ 4 เป็นต้นไป ประจำเดือน สิงหาคม 2557,[ข่าวประกาศ] 2014-08-13 รายชื่อผู้มีสิทธิ์เข้ารับการอบรมหลักสูตรการขอต่ออายุใบอนุญาตตัวแทน/นายหน้าประกันภัยครั้งที่ 4 เป็นต้นไป ประจำเดือน สิงหาคม 2557,ประกันภัย,ข่าวประกาศ
oic_9539,รายชื่อผู้มีสิทธิ์เข้ารับการอบรมหลักสูตรการขอต่ออายุใบอนุญาตตัวแทน/นายหน้าประกันภัยครั้งที่ 4 เป็นต้นไป ประจำเดือน สิงหาคม 2557,[ข่าวประกาศ] 2014-08-13 รายชื่อผู้มีสิทธิ์เข้ารับการอบรมหลักสูตรการขอต่ออายุใบอนุญาตตัวแทน/นายหน้าประกันภัยครั้งที่ 4 เป็นต้นไป ประจำเดือน สิงหาคม 2557,ประกันภัย,ข่าวประกาศ
oic_9537,กองทุนประกันชีวิตรับสมัครสอบคัดเลือกเพื่อบรรจุเป็นพนักงาน,[ข่าวประกาศ] 2014-08-13 กองทุนประกันชีวิตรับสมัครสอบคัดเลือกเพื่อบรรจุเป็นพนักงาน,ประกันภัย,ข่าวประกาศ
oic_9536,ประกาศกองทุนประกันวินาศภัย เรื่อง ให้เจ้าหนี้บริษัท ยูเนี่ยนอินเตอร์ ประกันภัย จำกัด(มหาชน) ซึ่งมีสิทธิได้รับชำระหนี้ที่เกิดจากการเอาประกันภัยยื่นคำขอรับชำระหนี้,[ข่าวประกาศ] 2014-08-13 ประกาศกองทุนประกันวินาศภัย เรื่อง ให้เจ้าหนี้บริษัท ยูเนี่ยนอินเตอร์ ประกันภัย จำกัด(มหาชน) ซึ่งมีสิทธิได้รับชำระหนี้ที่เกิดจากการเอาประกันภัยยื่นคำขอรับชำระหนี้,ประกันภัย,ข่าวประกาศ
oic_9535,ประกาศรับสมัครพนักงานและลูกจ้าง,[ข่าวประกาศ] 2014-08-13 ประกาศรับสมัครพนักงานและลูกจ้าง,ประกันภัย,ข่าวประกาศ
oic_9500,ประกาศกองทุนประกันวินาศภัย เรื่อง เตือนเจ้าหนี้บริษัทยูเนี่ยนอินเตอร์ ประกันภัย จำกัด (มหาชน),[ข่าวประกาศ] 2015-04-03 ประกาศกองทุนประกันวินาศภัย เรื่อง เตือนเจ้าหนี้บริษัทยูเนี่ยนอินเตอร์ ประกันภัย จำกัด (มหาชน),ประกันภัย,ข่าวประกาศ
oic_9501,หนังสือแจ้งบริษัทประกันวินาศภัยและสมาคมประกันวินาศภัย ประกาศนายทะเบียน เรื่อง แบบรายการ เงื่อนไข และระยะเวลาการรายงานการจัดทำการประกันภัยต่อของบริษัทประกันวินาศภัย พ.ศ. 2557,[ข่าวประกาศ] 2015-04-03 หนังสือแจ้งบริษัทประกันวินาศภัยและสมาคมประกันวินาศภัย ประกาศนายทะเบียน เรื่อง แบบรายการ เงื่อนไข และระยะเวลาการรายงานการจัดทำการประกันภัยต่อของบริษัทประกันวินาศภัย พ.ศ. 2557,ประกันภัย,ข่าวประกาศ
oic_9502,เผยแพร่ร่างประกาศนายทะเบียน เรื่อง หลักสูตรสำหรับผู้ที่รับผิดชอบดูแลหน่วยงานการลงทุนของบริษัทประกันชีวิตพ.ศ. ๒๕๕๗ และประกาศนายทะเบียนเรื่อง หลักสูตรสำหรับผู้ที่รับผิดชอบดูแลหน่วยงานการลงทุนของบริษัทปร,[ข่าวประกาศ] 2015-04-03 เผยแพร่ร่างประกาศนายทะเบียน เรื่อง หลักสูตรสำหรับผู้ที่รับผิดชอบดูแลหน่วยงานการลงทุนของบริษัทประกันชีวิตพ.ศ. ๒๕๕๗ และประกาศนายทะเบียนเรื่อง หลักสูตรสำหรับผู้ที่รับผิดชอบดูแลหน่วยงานการลงทุนของบริษัทปร,ประกันภัย,ข่าวประกาศ
oic_9503,เผนแพร่ร่างขอบเขตของงาน เพื่อรับฟังคำวิจารณ์ โครงการศูนย์สารสนเทศสำรองสำนักงาน คปภ.,[ข่าวประกาศ] 2015-04-03 เผนแพร่ร่างขอบเขตของงาน เพื่อรับฟังคำวิจารณ์ โครงการศูนย์สารสนเทศสำรองสำนักงาน คปภ.,ประกันภัย,ข่าวประกาศ
oic_9504,การจัดประกวดโฆษณา ความยาวไม่เกิน 45 นาที ในระดับอุดมศึกษา ปี 2557 หัวข้อเรื่องประกันภัยรถยนต์ภาคบังคับ,[ข่าวประกาศ] 2015-04-03 การจัดประกวดโฆษณา ความยาวไม่เกิน 45 นาที ในระดับอุดมศึกษา ปี 2557 หัวข้อเรื่องประกันภัยรถยนต์ภาคบังคับ,ประกันภัย,ข่าวประกาศ
oic_9505,เผยแพร่เพื่อรับฟังความคิดเห็น ร่างประกาศ คปภ. เรื่อง เรื่อง หลักเกณฑ์ วิธีการ และเงื่อนไขในการกำหนดมาตรฐานขั้นต่ำในการบริหารจัดการความเสี่ยงสำหรับบริษัทประกันชีวิต/วินาศภัย ครั้งที่ 2/2557,[ข่าวประกาศ] 2015-04-03 เผยแพร่เพื่อรับฟังความคิดเห็น ร่างประกาศ คปภ. เรื่อง เรื่อง หลักเกณฑ์ วิธีการ และเงื่อนไขในการกำหนดมาตรฐานขั้นต่ำในการบริหารจัดการความเสี่ยงสำหรับบริษัทประกันชีวิต/วินาศภัย ครั้งที่ 2/2557,ประกันภัย,ข่าวประกาศ
oic_9506,เผยแพร่ร่างขอบเขตของงาน (TOR) เพื่อรับฟังคำวิจารณ์ โครงการเช่ารถยนต์ เพื่อทดแทนของเดิมของส่วนภูมิภาค,[ข่าวประกาศ] 2015-04-03 เผยแพร่ร่างขอบเขตของงาน (TOR) เพื่อรับฟังคำวิจารณ์ โครงการเช่ารถยนต์ เพื่อทดแทนของเดิมของส่วนภูมิภาค,ประกันภัย,ข่าวประกาศ
oic_9507,กองทุนประกันชีวิตประกาศรับสมัครสอบคัดเลือกเพื่อบรรจุพนักงาน,[ข่าวประกาศ] 2015-04-03 กองทุนประกันชีวิตประกาศรับสมัครสอบคัดเลือกเพื่อบรรจุพนักงาน,ประกันภัย,ข่าวประกาศ
oic_9508,รายชื่อผู้มีสิทธิ์เข้ารับการอบรมหลักสูตรการขอต่ออายุใบอนุญาตตัวแทน/นายหน้าประกันภัยครั้งที่ 4 เป็นต้นไป ประจำเดือน ตุลาคม 2557,[ข่าวประกาศ] 2015-04-03 รายชื่อผู้มีสิทธิ์เข้ารับการอบรมหลักสูตรการขอต่ออายุใบอนุญาตตัวแทน/นายหน้าประกันภัยครั้งที่ 4 เป็นต้นไป ประจำเดือน ตุลาคม 2557,ประกันภัย,ข่าวประกาศ
oic_9509,รายชื่อผู้มีสิทธิ์เข้ารับการอบรมหลักสูตรการขอต่ออายุใบอนุญาตตัวแทน/นายหน้าประกันภัยครั้งที่ 4 เป็นต้นไป ประจำเดือน พฤศจิกายน 2557,[ข่าวประกาศ] 2015-04-03 รายชื่อผู้มีสิทธิ์เข้ารับการอบรมหลักสูตรการขอต่ออายุใบอนุญาตตัวแทน/นายหน้าประกันภัยครั้งที่ 4 เป็นต้นไป ประจำเดือน พฤศจิกายน 2557,ประกันภัย,ข่าวประกาศ
oic_9510,สำนักงาน คปภ.ภาค 4 อุดรธานี จัดอบรมหลักสูตรการต่ออายุใบอนุญาตตัวแทน/นายหน้าประกันภัย ครั้งที่ 4 เป็นต้นไป,[ข่าวประกาศ] 2015-04-03 สำนักงาน คปภ.ภาค 4 อุดรธานี จัดอบรมหลักสูตรการต่ออายุใบอนุญาตตัวแทน/นายหน้าประกันภัย ครั้งที่ 4 เป็นต้นไป,ประกันภัย,ข่าวประกาศ
oic_9511,เผยแพร่ร่างขอบเขตของงานเพื่อรับฟังคำวิจารณ์โครงการจัดจ้างบริหารงานซ่อมบำรุ่งระบบวิศวกรรมประกอบอาคารสำนักงาน คปภ.,[ข่าวประกาศ] 2015-04-03 เผยแพร่ร่างขอบเขตของงานเพื่อรับฟังคำวิจารณ์โครงการจัดจ้างบริหารงานซ่อมบำรุ่งระบบวิศวกรรมประกอบอาคารสำนักงาน คปภ.,ประกันภัย,ข่าวประกาศ
oic_9512,หนังสือรับรองประวัติ และบทบาท หน้าที่ ความรับผิดของกรรมการ (เข้าใหม่),[ข่าวประกาศ] 2015-04-03 หนังสือรับรองประวัติ และบทบาท หน้าที่ ความรับผิดของกรรมการ (เข้าใหม่),ประกันภัย,ข่าวประกาศ
oic_9513,ประกาศรายชื่อผู้มีสิทธิ์เข้ารับการอบรมหลักสูตรการขอต่ออายุใบอนุญาตตัวแทน/นายหน้าประกันภัยครั้งที่ 4 เป็นต้นไป ประจำเดือน กันยายน 2557,[ข่าวประกาศ] 2015-04-03 ประกาศรายชื่อผู้มีสิทธิ์เข้ารับการอบรมหลักสูตรการขอต่ออายุใบอนุญาตตัวแทน/นายหน้าประกันภัยครั้งที่ 4 เป็นต้นไป ประจำเดือน กันยายน 2557,ประกันภัย,ข่าวประกาศ
oic_9514,การจัดประกวดโฆษณา ในระดับอุดมศึกษา ปี 2557 หัวข้อเรื่อง “การประกันภัยรถภาคบังคับ”,[ข่าวประกาศ] 2015-04-03 การจัดประกวดโฆษณา ในระดับอุดมศึกษา ปี 2557 หัวข้อเรื่อง “การประกันภัยรถภาคบังคับ”,ประกันภัย,ข่าวประกาศ
oic_9515,ประกาศกองทุนประกันชีวิต การรับสมัครสอบคัดเลือกเพื่อบรรจุเป็นพนักงาน,[ข่าวประกาศ] 2015-04-03 ประกาศกองทุนประกันชีวิต การรับสมัครสอบคัดเลือกเพื่อบรรจุเป็นพนักงาน,ประกันภัย,ข่าวประกาศ
oic_9516,เผยแพร่ร่างขอบเขตของงาน TOR เพื่อรับฟังคำวิจารณ์ การจัดจ้างโครงการจ้างผู้รับฝากทรัพย์สินเพื่อเก็บรักษาหลักทรัพย์ประกันเงินสำรองประกันภัยระยะเวลา 3 ปี เริ่มตั้งแต่ พ.ศ.2558-2560 ด้วยวิธีการทางอิเล็กทร,[ข่าวประกาศ] 2015-04-03 เผยแพร่ร่างขอบเขตของงาน TOR เพื่อรับฟังคำวิจารณ์ การจัดจ้างโครงการจ้างผู้รับฝากทรัพย์สินเพื่อเก็บรักษาหลักทรัพย์ประกันเงินสำรองประกันภัยระยะเวลา 3 ปี เริ่มตั้งแต่ พ.ศ.2558-2560 ด้วยวิธีการทางอิเล็กทร,ประกันภัย,ข่าวประกาศ
oic_9517,ประกาศรายชื่อผู้มีสิทธิ์เข้ารับการอบรมหลักสูตรการขอต่ออายุใบอนุญาตตัวแทน/นายหน้าประกันภัยครั้งที่ 4 เป็นต้นไป ประจำเดือน มกราคม 2558,[ข่าวประกาศ] 2015-04-03 ประกาศรายชื่อผู้มีสิทธิ์เข้ารับการอบรมหลักสูตรการขอต่ออายุใบอนุญาตตัวแทน/นายหน้าประกันภัยครั้งที่ 4 เป็นต้นไป ประจำเดือน มกราคม 2558,ประกันภัย,ข่าวประกาศ
oic_9518,สำนักงาน คปภ. ประกาศรับสมัครงาน,[ข่าวประกาศ] 2015-04-03 สำนักงาน คปภ. ประกาศรับสมัครงาน,ประกันภัย,ข่าวประกาศ
oic_9519,รายชื่อผู้มีสิทธิ์เข้ารับการอบรมหลักสูตรการขอต่ออายุใบอนุญาตตัวแทน/นายหน้าประกันภัยครั้งที่ 4 เป็นต้นไป ประจำเดือน มกราคม 2558,[ข่าวประกาศ] 2015-04-03 รายชื่อผู้มีสิทธิ์เข้ารับการอบรมหลักสูตรการขอต่ออายุใบอนุญาตตัวแทน/นายหน้าประกันภัยครั้งที่ 4 เป็นต้นไป ประจำเดือน มกราคม 2558,ประกันภัย,ข่าวประกาศ
oic_9520,คำสั่งนายทะเบียน ที่3/2558 เรื่องการให้ความเห็นชอบและข้อความกรมธรรม์ประกันชีวิต แบบคุ้มครองสินเชื่อ ประเภทสามัญ แบบมาตรฐาน ที่ชำระเบี้ยประกันครั้งเดียวและอัตราเบี้ยประกันภัย,[ข่าวประกาศ] 2015-04-03 คำสั่งนายทะเบียน ที่3/2558 เรื่องการให้ความเห็นชอบและข้อความกรมธรรม์ประกันชีวิต แบบคุ้มครองสินเชื่อ ประเภทสามัญ แบบมาตรฐาน ที่ชำระเบี้ยประกันครั้งเดียวและอัตราเบี้ยประกันภัย,ประกันภัย,ข่าวประกาศ
oic_9521,คำสั่งนายทะเบียน ที่44/2557 เรื่อง ให้ใช้แบบและข้อความกรมธรรม์ประกันภัยและอัตราเบี้ยประกันภัยสำหรับกรมธรรม์ประกันภัยความรับผิดตามกฎหมายอันเกิดจากกิจการควบคุมประเภทที่ 3 ตามกฎหมายว่าด้วยการควบคุมน้ำมั,[ข่าวประกาศ] 2015-04-03 คำสั่งนายทะเบียน ที่44/2557 เรื่อง ให้ใช้แบบและข้อความกรมธรรม์ประกันภัยและอัตราเบี้ยประกันภัยสำหรับกรมธรรม์ประกันภัยความรับผิดตามกฎหมายอันเกิดจากกิจการควบคุมประเภทที่ 3 ตามกฎหมายว่าด้วยการควบคุมน้ำมั,ประกันภัย,ข่าวประกาศ
oic_9522,หนังสือถึงบริษัทประกันวินาศภัย เรื่อง แก้ไขคำอธิบายการกรอกข้อมูลแบบรายงานการจัดทำการประกันภัยต่อของบริษัทประกันวินาศภัย,[ข่าวประกาศ] 2015-04-03 หนังสือถึงบริษัทประกันวินาศภัย เรื่อง แก้ไขคำอธิบายการกรอกข้อมูลแบบรายงานการจัดทำการประกันภัยต่อของบริษัทประกันวินาศภัย,ประกันภัย,ข่าวประกาศ
oic_9523,สำนักงาน คปภ. ภาค 9 (ชลบุรี) จัดอบรมการต่ออายุใบอนุญาต เป็นตัวแทน/นายหน้าประกันภัย ครั้งที่ 4 เป็นต้นไป,[ข่าวประกาศ] 2015-04-03 สำนักงาน คปภ. ภาค 9 (ชลบุรี) จัดอบรมการต่ออายุใบอนุญาต เป็นตัวแทน/นายหน้าประกันภัย ครั้งที่ 4 เป็นต้นไป,ประกันภัย,ข่าวประกาศ
oic_9524,สำนักงาน คปภ. ภาค 5 (อุบลราชธานี) จัดอบรมหลักสูตรการต่อใบอนุญาตตัวแทน / นายหน้าประกันภัย ครั้งที่ 4 เป็นต้นไป,[ข่าวประกาศ] 2015-04-03 สำนักงาน คปภ. ภาค 5 (อุบลราชธานี) จัดอบรมหลักสูตรการต่อใบอนุญาตตัวแทน / นายหน้าประกันภัย ครั้งที่ 4 เป็นต้นไป,ประกันภัย,ข่าวประกาศ
oic_9525,ก.ล.ต. ประกาศรับสมัครบุคคลเพื่อดำรงตำแหน่งเลขาธิการ,[ข่าวประกาศ] 2015-04-03 ก.ล.ต. ประกาศรับสมัครบุคคลเพื่อดำรงตำแหน่งเลขาธิการ,ประกันภัย,ข่าวประกาศ
oic_9526,ขอให้บริษัทประกันวินาศภัยจัดทำข้อมูลประกอบการพิจารณาข้อเสนอการขอตัดบัญชีหนี้สูญจากบัญชีลูกหนี้ที่เกิดจากการประกันภัยต่อในเหตุอุทกภัย ปี 2554,[ข่าวประกาศ] 2015-04-03 ขอให้บริษัทประกันวินาศภัยจัดทำข้อมูลประกอบการพิจารณาข้อเสนอการขอตัดบัญชีหนี้สูญจากบัญชีลูกหนี้ที่เกิดจากการประกันภัยต่อในเหตุอุทกภัย ปี 2554,ประกันภัย,ข่าวประกาศ
oic_9527,ประกาศ การสอบความรู้เกี่ยวกับการประกันชีวิตและการประกันวินาศภัย เพื่อขอรับใบอนุญาติเป็นนายหน้าประกันชีวิตและนายหน้าประกันวินาศภัย,[ข่าวประกาศ] 2015-04-03 ประกาศ การสอบความรู้เกี่ยวกับการประกันชีวิตและการประกันวินาศภัย เพื่อขอรับใบอนุญาติเป็นนายหน้าประกันชีวิตและนายหน้าประกันวินาศภัย,ประกันภัย,ข่าวประกาศ
oic_9528,ประกาศรายชื่อผู้เข้ารับการอบรมหลักสูตรเพื่อขอต่ออายุบัตรใบอนุญาตตัวแทน/นายหน้า ประกันภัย ครั้งที่ 4 เป็นต้นไป เดือนธันวาคม 2557,[ข่าวประกาศ] 2015-04-03 ประกาศรายชื่อผู้เข้ารับการอบรมหลักสูตรเพื่อขอต่ออายุบัตรใบอนุญาตตัวแทน/นายหน้า ประกันภัย ครั้งที่ 4 เป็นต้นไป เดือนธันวาคม 2557,ประกันภัย,ข่าวประกาศ
oic_9529,ประกาศสำนักงาน คปภ. เรื่องการสอบความรู้เกี่ยวกับการประกันชีวิตและประกันวินาศภัยเพื่อขอรับใบอนุญาตเป็นนายหน้าประกันชีวิตและประกันวินาศภัย,[ข่าวประกาศ] 2015-04-03 ประกาศสำนักงาน คปภ. เรื่องการสอบความรู้เกี่ยวกับการประกันชีวิตและประกันวินาศภัยเพื่อขอรับใบอนุญาตเป็นนายหน้าประกันชีวิตและประกันวินาศภัย,ประกันภัย,ข่าวประกาศ
oic_9530,เผยแพร่ร่างขอบเขตของงานเพื่อรับฟังคำวิจารณ์ โครงการจ้างเหมา บริการเช่าเครื่องถ่ายเอกสาร ปี 2558-2560 โดยวิธีการทางอิเล็กทรอนิกส์,[ข่าวประกาศ] 2015-04-03 เผยแพร่ร่างขอบเขตของงานเพื่อรับฟังคำวิจารณ์ โครงการจ้างเหมา บริการเช่าเครื่องถ่ายเอกสาร ปี 2558-2560 โดยวิธีการทางอิเล็กทรอนิกส์,ประกันภัย,ข่าวประกาศ
oic_9531,ให้เจ้าหนี้บริษัทศูนย์สุขภาพประเทศไทย จำกัด (มหาชน) ซ฿่งมีสิทธิได้รับชำระหนี้ที่เกิดจาการเอาประกันภัยยื่นคำขอรับชำระหนี้,[ข่าวประกาศ] 2015-04-03 ให้เจ้าหนี้บริษัทศูนย์สุขภาพประเทศไทย จำกัด (มหาชน) ซ฿่งมีสิทธิได้รับชำระหนี้ที่เกิดจาการเอาประกันภัยยื่นคำขอรับชำระหนี้,ประกันภัย,ข่าวประกาศ
oic_9532,เผยแพร่ร่างเพื่อรับฟังความคิดเห็น เรื่อง ร่างประกาศนายทะเบียนเรื่อง หลักเกณฑ์ วิธีการ และเงื่อนไขการประกอบธุรกิจเกี่ยวกับหลักทรัพย์ของบริษัทประกันชีวิต และบริษัทประกันวินาศภัย พ.ศ. 2557,[ข่าวประกาศ] 2015-04-03 เผยแพร่ร่างเพื่อรับฟังความคิดเห็น เรื่อง ร่างประกาศนายทะเบียนเรื่อง หลักเกณฑ์ วิธีการ และเงื่อนไขการประกอบธุรกิจเกี่ยวกับหลักทรัพย์ของบริษัทประกันชีวิต และบริษัทประกันวินาศภัย พ.ศ. 2557,ประกันภัย,ข่าวประกาศ
oic_9533,ร่างคำสั่งนายทะเบียน เรื่อง การให้ความเห็นชอบแบบและข้อความกรมธรรม์ประกันชีวิตแบบคุ้มครองสินเชื่อ ประเภทสามัญ แบบมาตรฐาน ที่ชำระเบี้ยประกันภัยครั้งเดียวและอัตราเบี้ยประกันภัย,[ข่าวประกาศ] 2015-04-03 ร่างคำสั่งนายทะเบียน เรื่อง การให้ความเห็นชอบแบบและข้อความกรมธรรม์ประกันชีวิตแบบคุ้มครองสินเชื่อ ประเภทสามัญ แบบมาตรฐาน ที่ชำระเบี้ยประกันภัยครั้งเดียวและอัตราเบี้ยประกันภัย,ประกันภัย,ข่าวประกาศ
oic_9534,เผยแพร่ราคากลางจ้างผู้เชี่ยวชาญเป็นที่ปรึกาษด้านกฎหมาย,[ข่าวประกาศ] 2015-04-03 เผยแพร่ราคากลางจ้างผู้เชี่ยวชาญเป็นที่ปรึกาษด้านกฎหมาย,ประกันภัย,ข่าวประกาศ
oic_9481,ประกาศรายชื่อผู้มีสิทธิ์เข้ารับการอบรมหลักสูตรการขอต่ออายุใบอนุญาตตัวแทน/นายหน้าประกันภัยครั้งที่ 4 เป็นต้นไป ประจำเดือน กุมภาพันธ์ 2558,[ข่าวประกาศ] 2015-04-03 ประกาศรายชื่อผู้มีสิทธิ์เข้ารับการอบรมหลักสูตรการขอต่ออายุใบอนุญาตตัวแทน/นายหน้าประกันภัยครั้งที่ 4 เป็นต้นไป ประจำเดือน กุมภาพันธ์ 2558,ประกันภัย,ข่าวประกาศ
oic_9482,สำนักงาน คปภ.ภาค 4(อุดรธานี) จัดอบรมหลักสูตรการอบรมเพื่อขอต่อใบอนุญาตเป็นตัวแทน / นายหน้าประกันภัย ครั้งที่ 4 เป็นต้นไป,[ข่าวประกาศ] 2015-04-03 สำนักงาน คปภ.ภาค 4(อุดรธานี) จัดอบรมหลักสูตรการอบรมเพื่อขอต่อใบอนุญาตเป็นตัวแทน / นายหน้าประกันภัย ครั้งที่ 4 เป็นต้นไป,ประกันภัย,ข่าวประกาศ
oic_9483,สำนักงาน คปภ.ประกาศรับสมัครพนักงาน,[ข่าวประกาศ] 2015-04-03 สำนักงาน คปภ.ประกาศรับสมัครพนักงาน,ประกันภัย,ข่าวประกาศ
oic_9484,แบบฟอร์รายละเอียดเพิ่มเติม Template ตารางแสดงสำรองประกันภัย,[ข่าวประกาศ] 2015-04-03 แบบฟอร์รายละเอียดเพิ่มเติม Template ตารางแสดงสำรองประกันภัย,ประกันภัย,ข่าวประกาศ
oic_9485,การประกวดโรงเรียน/สถานศึกษาและนักเรียนตามโครงการยุวชนประกันภัย ประจำปี พ.ศ.2558,[ข่าวประกาศ] 2015-04-03 การประกวดโรงเรียน/สถานศึกษาและนักเรียนตามโครงการยุวชนประกันภัย ประจำปี พ.ศ.2558,ประกันภัย,ข่าวประกาศ
oic_9486,สำนักงาน คปภ.ภาค6 นครราชสีมา จัดอบรมหลักสูตรการขอต่อใบอนุญาตตัวแทน/นายหน้า ครั้งที่ 4 เป็นต้นไป,[ข่าวประกาศ] 2015-04-03 สำนักงาน คปภ.ภาค6 นครราชสีมา จัดอบรมหลักสูตรการขอต่อใบอนุญาตตัวแทน/นายหน้า ครั้งที่ 4 เป็นต้นไป,ประกันภัย,ข่าวประกาศ
oic_9487,สำนักงาน คปภ.ภาค 4(อุดรธานี) จัดอบรมหลักสูตรต่ออายุใบอนุญาตตัวแทน/นายหน้าประกันภัย ครั้งที่ 4 เป็นต้นไป,[ข่าวประกาศ] 2015-04-03 สำนักงาน คปภ.ภาค 4(อุดรธานี) จัดอบรมหลักสูตรต่ออายุใบอนุญาตตัวแทน/นายหน้าประกันภัย ครั้งที่ 4 เป็นต้นไป,ประกันภัย,ข่าวประกาศ
oic_9488,ซักซ้อมความเข้าใจ ประกาศนายทะเบียนเรื่อง หลักสูตรสำหรับผู้รับผิดชอบดูแลหน่วยงานการลงทุนของบริษัทประกันวินาศภัย /ชีวิต,[ข่าวประกาศ] 2015-04-03 ซักซ้อมความเข้าใจ ประกาศนายทะเบียนเรื่อง หลักสูตรสำหรับผู้รับผิดชอบดูแลหน่วยงานการลงทุนของบริษัทประกันวินาศภัย /ชีวิต,ประกันภัย,ข่าวประกาศ
oic_9489,รายชื่อบริษัทที่สามารถติดต่อซื้อกรมธรรม์คุ้มครองสินเชื่อเพื่อประชาชน,[ข่าวประกาศ] 2015-04-02 รายชื่อบริษัทที่สามารถติดต่อซื้อกรมธรรม์คุ้มครองสินเชื่อเพื่อประชาชน,ประกันภัย,ข่าวประกาศ
oic_9490,ประกาศหรือโฆษณาการฝ่าฝืนหรือไม่ปฏิบัติตามกฎหมายว่าด้วยการประกันวินาศภัย ฉบับที่ 5/2558,[ข่าวประกาศ] 2015-04-03 ประกาศหรือโฆษณาการฝ่าฝืนหรือไม่ปฏิบัติตามกฎหมายว่าด้วยการประกันวินาศภัย ฉบับที่ 5/2558,ประกันภัย,ข่าวประกาศ
oic_9491,สำนักงาน คปภ.ภาค9(ชลบุรี) จัดอบรมหลักสูตรการขอต่อใบอนุญาตตัวแทน/นายหน้า ครั้งที่ 4 เป็นต้นไป,[ข่าวประกาศ] 2015-04-03 สำนักงาน คปภ.ภาค9(ชลบุรี) จัดอบรมหลักสูตรการขอต่อใบอนุญาตตัวแทน/นายหน้า ครั้งที่ 4 เป็นต้นไป,ประกันภัย,ข่าวประกาศ
oic_9492,ประกาศหรือโฆษณาการฝ่าฝืนหรือไม่ปฏิบัติตามกฎหมายว่าด้วยการประกันวินาศภัย ฉบับที่ 6/2558,[ข่าวประกาศ] 2015-04-03 ประกาศหรือโฆษณาการฝ่าฝืนหรือไม่ปฏิบัติตามกฎหมายว่าด้วยการประกันวินาศภัย ฉบับที่ 6/2558,ประกันภัย,ข่าวประกาศ
oic_9493,รายชื่อผู้มีสิทธิ์เข้ารับการอบรมหลักสูตรการขอต่ออายุใบอนุญาตตัวแทน/นายหน้าประกันภัยครั้งที่ 4 เป็นต้นไป ประจำเดือน เมษายน2558,[ข่าวประกาศ] 2015-04-03 รายชื่อผู้มีสิทธิ์เข้ารับการอบรมหลักสูตรการขอต่ออายุใบอนุญาตตัวแทน/นายหน้าประกันภัยครั้งที่ 4 เป็นต้นไป ประจำเดือน เมษายน2558,ประกันภัย,ข่าวประกาศ
oic_9494,ประกาศรายชื่อบุคคลที่ได้รับคัดเลือกให้เข้าร่วมการสัมมนาโครงการทำความเข้าใจหลักการร่างพระราชบัญญัติประกันชีวิต (ฉบับที่..) พ.ศ. .... และร่างพระราชบัญญัติประกันวินาศภัย (ฉบับที่..) พ.ศ. .... ให้แก่ภาคธุ,[ข่าวประกาศ] 2015-04-03 ประกาศรายชื่อบุคคลที่ได้รับคัดเลือกให้เข้าร่วมการสัมมนาโครงการทำความเข้าใจหลักการร่างพระราชบัญญัติประกันชีวิต (ฉบับที่..) พ.ศ. .... และร่างพระราชบัญญัติประกันวินาศภัย (ฉบับที่..) พ.ศ. .... ให้แก่ภาคธุ,ประกันภัย,ข่าวประกาศ
oic_9495,การจดทะเบียนเปลี่ยนแปลงกรรมการบริษัทประกันชีวิต และบริษัทประกันวินาศภัย,[ข่าวประกาศ] 2015-04-03 การจดทะเบียนเปลี่ยนแปลงกรรมการบริษัทประกันชีวิต และบริษัทประกันวินาศภัย,ประกันภัย,ข่าวประกาศ
oic_9496,พระราชบัญญัติประกันชีวิต/วินาศภัย (ฉบับที่ 3) พ.ศ. 2558,[ข่าวประกาศ] 2015-04-03 พระราชบัญญัติประกันชีวิต/วินาศภัย (ฉบับที่ 3) พ.ศ. 2558,ประกันภัย,ข่าวประกาศ
oic_9497,ประกาศหรือโฆษณาการฝ่าฝืนหรือไม่ปฏิบัติตามกฎหมายว่าด้วยการประกันวินาศภัย ฉบับที่ 7/2558,[ข่าวประกาศ] 2015-04-03 ประกาศหรือโฆษณาการฝ่าฝืนหรือไม่ปฏิบัติตามกฎหมายว่าด้วยการประกันวินาศภัย ฉบับที่ 7/2558,ประกันภัย,ข่าวประกาศ
oic_9498,ประกาศรับสมัครบุคคลทั่วไปที่สนใจเข้าร่วมการสัมมนา “หลักการร่างพระราชบัญญัติประกันชีวิต (ฉบับที่..) พ.ศ. .... และร่างพระราชบัญญัติประกันวินาศภัย (ฉบับที่..) พ.ศ. ....”,[ข่าวประกาศ] 2015-04-03 ประกาศรับสมัครบุคคลทั่วไปที่สนใจเข้าร่วมการสัมมนา “หลักการร่างพระราชบัญญัติประกันชีวิต (ฉบับที่..) พ.ศ. .... และร่างพระราชบัญญัติประกันวินาศภัย (ฉบับที่..) พ.ศ. ....”,ประกันภัย,ข่าวประกาศ
oic_9499,ประกาศรายชื่อผู้มีสิทธิ์เข้ารับการอบรมหลักสูตรการขอต่ออายุใบอนุญาตตัวแทน/นายหน้าประกันภัยครั้งที่ 4 เป็นต้นไป ประจำเดือน มีนาคม 2558,[ข่าวประกาศ] 2015-04-03 ประกาศรายชื่อผู้มีสิทธิ์เข้ารับการอบรมหลักสูตรการขอต่ออายุใบอนุญาตตัวแทน/นายหน้าประกันภัยครั้งที่ 4 เป็นต้นไป ประจำเดือน มีนาคม 2558,ประกันภัย,ข่าวประกาศ
oic_9479,สำนักงาน คปภ. ภาค 5 (อุบลราชธานี) จะดำเนินการจัดอบรมเพื่อขอต่ออายุใบอนุญาตตัวแทน/นายหน้าประกันภัย ครั้งที่ 4 เป็นต้นไป,[ข่าวประกาศ] 2015-11-29 สำนักงาน คปภ. ภาค 5 (อุบลราชธานี) จะดำเนินการจัดอบรมเพื่อขอต่ออายุใบอนุญาตตัวแทน/นายหน้าประกันภัย ครั้งที่ 4 เป็นต้นไป,ประกันภัย,ข่าวประกาศ
oic_9478,ประกาศให้บริษัท กมลประกันภัย จำกัด (มหาชน) หยุดรับประกันวินาศภัยเป็นการชั่วคราว,[ข่าวประกาศ] 2015-11-29 ประกาศให้บริษัท กมลประกันภัย จำกัด (มหาชน) หยุดรับประกันวินาศภัยเป็นการชั่วคราว,ประกันภัย,ข่าวประกาศ
oic_9477,ประกาศรายชื่อผู้เข้ารับการอบรมหลักสูตรเพื่อขอต่ออายุบัตรใบอนุญาตตัวแทน/นายหน้าประกันภัย ครั้งที่ 4 เป็นต้นไป ประจำเดือน กันยายน 2558,[ข่าวประกาศ] 2015-11-29 ประกาศรายชื่อผู้เข้ารับการอบรมหลักสูตรเพื่อขอต่ออายุบัตรใบอนุญาตตัวแทน/นายหน้าประกันภัย ครั้งที่ 4 เป็นต้นไป ประจำเดือน กันยายน 2558,ประกันภัย,ข่าวประกาศ
oic_9476,ประกาศผลการพิจารณาคัดเลือกผู้ได้รับรางวัลชนะเลิศ ระดับประเทศโครงการอาสาสมัครประกันภัย ปี2558,[ข่าวประกาศ] 2015-11-29 ประกาศผลการพิจารณาคัดเลือกผู้ได้รับรางวัลชนะเลิศ ระดับประเทศโครงการอาสาสมัครประกันภัย ปี2558,ประกันภัย,ข่าวประกาศ
oic_9475,ประกาศผลการพิจารณาคัดเลือกผู้ได้รับรางวัลชนะเลิศ ระดับประเทศ โครงการยุวชนประกันภัย ปี2558,[ข่าวประกาศ] 2015-11-29 ประกาศผลการพิจารณาคัดเลือกผู้ได้รับรางวัลชนะเลิศ ระดับประเทศ โครงการยุวชนประกันภัย ปี2558,ประกันภัย,ข่าวประกาศ
oic_9474,บริษัท สัญญาประกันภัย จำกัด (มหาชน) มีอัตราส่วนเงินกองทุนต่ำกว่าที่กฎหมายกำหนด และบริษัทได้เสนอโครงการเพื่อแก้ไขฐานะเงินกองทุนให้กับสำนักงาน คปภ. แล้ว ทั้งนี้ ขณะที่อยู่ระหว่างการดำเนินการตามโครงการฯ,[ข่าวประกาศ] 2015-11-29 บริษัท สัญญาประกันภัย จำกัด (มหาชน) มีอัตราส่วนเงินกองทุนต่ำกว่าที่กฎหมายกำหนด และบริษัทได้เสนอโครงการเพื่อแก้ไขฐานะเงินกองทุนให้กับสำนักงาน คปภ. แล้ว ทั้งนี้ ขณะที่อยู่ระหว่างการดำเนินการตามโครงการฯ,ประกันภัย,ข่าวประกาศ
oic_9473,ประกาศผลการพิจารณาคัดเลือกผู้ได้รับรางวัลชนะเลิศระดับประเทศโครงการอาสาสมัครประกันภัย ประจำปี 2558,[ข่าวประกาศ] 2015-11-29 ประกาศผลการพิจารณาคัดเลือกผู้ได้รับรางวัลชนะเลิศระดับประเทศโครงการอาสาสมัครประกันภัย ประจำปี 2558,ประกันภัย,ข่าวประกาศ
oic_9472,ประกาศรายชื่อผู้ที่ได้รับรางวัลประกันภัยดีเด่นครบวงจร ประจำปี 2557,[ข่าวประกาศ] 2015-11-29 ประกาศรายชื่อผู้ที่ได้รับรางวัลประกันภัยดีเด่นครบวงจร ประจำปี 2557,ประกันภัย,ข่าวประกาศ
oic_9470,การประกวดภาพยนตร์โฆษณาทางโทรทัศน์ ความยาวไม่เกิน 45 วินาที ในระดับอุดมศึกษา ปี 2558 หัวข้อเรื่อง “การประกันภัยรถภาคบังคับ”,[ข่าวประกาศ] 2015-11-29 การประกวดภาพยนตร์โฆษณาทางโทรทัศน์ ความยาวไม่เกิน 45 วินาที ในระดับอุดมศึกษา ปี 2558 หัวข้อเรื่อง “การประกันภัยรถภาคบังคับ”,ประกันภัย,ข่าวประกาศ
oic_9471,การประกวดภาพยนตร์โฆษณาทางโทรทัศน์ ความยาวไม่เกิน 45 วินาที ในระดับอุดมศึกษา ปี 2558 หัวข้อเรื่อง “การประกันภัยรถภาคบังคับ”,[ข่าวประกาศ] 2015-11-29 การประกวดภาพยนตร์โฆษณาทางโทรทัศน์ ความยาวไม่เกิน 45 วินาที ในระดับอุดมศึกษา ปี 2558 หัวข้อเรื่อง “การประกันภัยรถภาคบังคับ”,ประกันภัย,ข่าวประกาศ
oic_9469,สถาบันประกันภัยไทย เปิดอบรมหลักสูตรสำหรับผู้รับผิดชอบดูแลหน่วยงานการลงทุนของบริษัทประกันชีวิตและบริษัทประกันวินาศภัย,[ข่าวประกาศ] 2015-11-29 สถาบันประกันภัยไทย เปิดอบรมหลักสูตรสำหรับผู้รับผิดชอบดูแลหน่วยงานการลงทุนของบริษัทประกันชีวิตและบริษัทประกันวินาศภัย,ประกันภัย,ข่าวประกาศ
oic_9468,ประกาศรายชื่อผู้มีสิทธิ์เข้ารับการอบรมหลักสูตรการเพื่อขอต่ออายุใบอนุญาตตัวแทน/นายหน้าประกันภัยครั้งที่ 4 เป็นต้นไป ประจำเดือน ตุลาคม 2558,[ข่าวประกาศ] 2015-11-29 ประกาศรายชื่อผู้มีสิทธิ์เข้ารับการอบรมหลักสูตรการเพื่อขอต่ออายุใบอนุญาตตัวแทน/นายหน้าประกันภัยครั้งที่ 4 เป็นต้นไป ประจำเดือน ตุลาคม 2558,ประกันภัย,ข่าวประกาศ
oic_9467,ประกาศคัดเลือกประกันชีวิตกลุ่มของพนักงานธนาคารแห่งประเทศไทย,[ข่าวประกาศ] 2015-11-29 ประกาศคัดเลือกประกันชีวิตกลุ่มของพนักงานธนาคารแห่งประเทศไทย,ประกันภัย,ข่าวประกาศ
oic_9466,ประกาศคัดเลือกประกันภัยอัคคีภัยอสังหาริมทรัพย์ของพนักงานที่ใช้เป็นหลักประกันเงินฉัน้สวัสดิการ ธนาคารแห่งประเทศไทย,[ข่าวประกาศ] 2015-11-29 ประกาศคัดเลือกประกันภัยอัคคีภัยอสังหาริมทรัพย์ของพนักงานที่ใช้เป็นหลักประกันเงินฉัน้สวัสดิการ ธนาคารแห่งประเทศไทย,ประกันภัย,ข่าวประกาศ
oic_9465,ประกาศคัดเลือกประกันอุบัติเหตุและสุขภาพให้กับพนักงานที่เดินทางไปปฏิบัติงานต่างประเทศ ธนาคารแห่งประเทศไทย,[ข่าวประกาศ] 2015-11-29 ประกาศคัดเลือกประกันอุบัติเหตุและสุขภาพให้กับพนักงานที่เดินทางไปปฏิบัติงานต่างประเทศ ธนาคารแห่งประเทศไทย,ประกันภัย,ข่าวประกาศ
oic_9464,ชี้แจงการคัดเลือกบริษัทประกัน และ ตอบข้อซักถาม ธนาคารแห่งประเทศไทย,[ข่าวประกาศ] 2015-11-29 ชี้แจงการคัดเลือกบริษัทประกัน และ ตอบข้อซักถาม ธนาคารแห่งประเทศไทย,ประกันภัย,ข่าวประกาศ
oic_9463,ข้อซักถาม (เพิ่มเติมหลังจากวันประชุมชี้แจง) การคัดเลือกบริษัทประกันชีวิตและประกันวินาศภัย ธนาคารแห่งประเทศไทย,[ข่าวประกาศ] 2015-11-29 ข้อซักถาม (เพิ่มเติมหลังจากวันประชุมชี้แจง) การคัดเลือกบริษัทประกันชีวิตและประกันวินาศภัย ธนาคารแห่งประเทศไทย,ประกันภัย,ข่าวประกาศ
oic_9462,ประกาศรายชื่อผู้มีสิทธิ์เข้ารับการอบรมหลักสูตรการเพื่อขอต่ออายุใบอนุญาตตัวแทน/นายหน้าประกันภัยครั้งที่ 4 เป็นต้นไป ประจำเดือน พฤศจิกายน 2558,[ข่าวประกาศ] 2015-11-29 ประกาศรายชื่อผู้มีสิทธิ์เข้ารับการอบรมหลักสูตรการเพื่อขอต่ออายุใบอนุญาตตัวแทน/นายหน้าประกันภัยครั้งที่ 4 เป็นต้นไป ประจำเดือน พฤศจิกายน 2558,ประกันภัย,ข่าวประกาศ
oic_9461,คำสั่งนายทะเบียนที่ 39/2558 เรื่อง ให้บริษัท สัญญาประกันภัย จำกัด (มหาชน) หยุดรับประกันวินาศภัยเป็นการชั่วคราว,[ข่าวประกาศ] 2015-11-29 คำสั่งนายทะเบียนที่ 39/2558 เรื่อง ให้บริษัท สัญญาประกันภัย จำกัด (มหาชน) หยุดรับประกันวินาศภัยเป็นการชั่วคราว,ประกันภัย,ข่าวประกาศ
oic_9460,กำหนดการจ่ายเงินอื่นของบริษัท สัญญาประกันภัย จำกัด (มหาชน) ที่นายทะเบียนมีคำสั่งให้หยุดรับประกันวินาศภัยเป็นการชั่วคราว พ.ศ.2558,[ข่าวประกาศ] 2015-11-29 กำหนดการจ่ายเงินอื่นของบริษัท สัญญาประกันภัย จำกัด (มหาชน) ที่นายทะเบียนมีคำสั่งให้หยุดรับประกันวินาศภัยเป็นการชั่วคราว พ.ศ.2558,ประกันภัย,ข่าวประกาศ
oic_9459,สำนักงาน คปภ. ภาค 4 (อุดรธานี) จะดำเนินการจัดอบรมเพื่อขอต่ออายุใบอนุญาตตัวแทน/นายหน้าประกันภัย ครั้งที่ 4 เป็นต้นไป,[ข่าวประกาศ] 2015-11-29 สำนักงาน คปภ. ภาค 4 (อุดรธานี) จะดำเนินการจัดอบรมเพื่อขอต่ออายุใบอนุญาตตัวแทน/นายหน้าประกันภัย ครั้งที่ 4 เป็นต้นไป,ประกันภัย,ข่าวประกาศ
oic_9458,ขอเชิญเข้าร่วมงานสัมมนาคณะกรรมการตรวจสอบของบริษัทประกันภัย ครั้งที่ 2/ 2558,[ข่าวประกาศ] 2015-11-29 ขอเชิญเข้าร่วมงานสัมมนาคณะกรรมการตรวจสอบของบริษัทประกันภัย ครั้งที่ 2/ 2558,ประกันภัย,ข่าวประกาศ
oic_9457,ประกาศรายชื่อผู้มีสิทธิ์เข้ารับการอบรมหลักสูตรการเพื่อขอต่ออายุใบอนุญาตตัวแทน/นายหน้าประกันภัยครั้งที่ 4 เป็นต้นไป ประจำเดือน ธันวาคม 2558,[ข่าวประกาศ] 2015-12-01 ประกาศรายชื่อผู้มีสิทธิ์เข้ารับการอบรมหลักสูตรการเพื่อขอต่ออายุใบอนุญาตตัวแทน/นายหน้าประกันภัยครั้งที่ 4 เป็นต้นไป ประจำเดือน ธันวาคม 2558,ประกันภัย,ข่าวประกาศ
oic_9456,รับสมัครงานฝ่ายระบบข้อสนเทศ,[ข่าวประกาศ] 2015-12-04 รับสมัครงานฝ่ายระบบข้อสนเทศ,ประกันภัย,ข่าวประกาศ
oic_9455,ร่างหลักเกณฑ์  วิธีการ  และเงื่อนไขในการชดใช้เงินตามสัญญาประกันชีวิตของบริษัทประกันชีวิต พ.ศ. ..,[ข่าวประกาศ] 2015-12-05 ร่างหลักเกณฑ์  วิธีการ  และเงื่อนไขในการชดใช้เงินตามสัญญาประกันชีวิตของบริษัทประกันชีวิต พ.ศ. ..,ประกันภัย,ข่าวประกาศ
oic_9454,ร่างหลักเกณฑ์  วิธีการ  และเงื่อนไขในการชดใช้เงิน หรือค่าสินไหมทดแทนตามสัญญาประกันภัยของบริษัทประกันวินาศภัย พ.ศ. ..,[ข่าวประกาศ] 2015-12-05 ร่างหลักเกณฑ์  วิธีการ  และเงื่อนไขในการชดใช้เงิน หรือค่าสินไหมทดแทนตามสัญญาประกันภัยของบริษัทประกันวินาศภัย พ.ศ. ..,ประกันภัย,ข่าวประกาศ
oic_9453,คำสั่งนายทะเบียนที่ 36/2558 เรื่อง ให้ใช้แบบและข้อความกรมธรรม์ประกันภัยความเสี่ยงภัยทรัพย์สิน,[ข่าวประกาศ] 2015-12-09 คำสั่งนายทะเบียนที่ 36/2558 เรื่อง ให้ใช้แบบและข้อความกรมธรรม์ประกันภัยความเสี่ยงภัยทรัพย์สิน,ประกันภัย,ข่าวประกาศ
oic_9452,ประกาศรับสมัครงานสายกลยุทธ์องค์กร,[ข่าวประกาศ] 2015-12-16 ประกาศรับสมัครงานสายกลยุทธ์องค์กร,ประกันภัย,ข่าวประกาศ
oic_9451,การประชุมชี้แจงการจัดทำรายงานเงินกองทุน สำหรับธุรกิจประกันชีวิตและบริษัทประกันวินาศภัย,[ข่าวประกาศ] 2015-12-29 การประชุมชี้แจงการจัดทำรายงานเงินกองทุน สำหรับธุรกิจประกันชีวิตและบริษัทประกันวินาศภัย,ประกันภัย,ข่าวประกาศ
oic_9449,รายชื่อผู้มีสิทธิ์เข้ารับการอบรมหลักสูตรเพื่อขอต่ออายุใบอนุญาตเป็นตัวแทน/นายหน้าประกันภัย ครั้งที่ 4 เป็นต้นไป ประจำเดือนมกราคม 2559,[ข่าวประกาศ] 2015-12-29 รายชื่อผู้มีสิทธิ์เข้ารับการอบรมหลักสูตรเพื่อขอต่ออายุใบอนุญาตเป็นตัวแทน/นายหน้าประกันภัย ครั้งที่ 4 เป็นต้นไป ประจำเดือนมกราคม 2559,ประกันภัย,ข่าวประกาศ
oic_9450,รายชื่อผู้มีสิทธิ์เข้ารับการอบรมหลักสูตรเพื่อขอต่ออายุใบอนุญาตเป็นตัวแทน/นายหน้าประกันภัย ครั้งที่ 4 เป็นต้นไป ประจำเดือนมกราคม 2559,[ข่าวประกาศ] 2015-12-29 รายชื่อผู้มีสิทธิ์เข้ารับการอบรมหลักสูตรเพื่อขอต่ออายุใบอนุญาตเป็นตัวแทน/นายหน้าประกันภัย ครั้งที่ 4 เป็นต้นไป ประจำเดือนมกราคม 2559,ประกันภัย,ข่าวประกาศ
oic_9448,คำสั่งนายทะเบียนที่ 46/2558 เรื่อง ให้แก้ไขเพิ่มเติมแบบและข้อความกรมธรรม์ประกันชีวิตผู้สูงอายุของบริษัทประกันชีวิตและเอกสารประกอบ,[ข่าวประกาศ] 2016-01-02 คำสั่งนายทะเบียนที่ 46/2558 เรื่อง ให้แก้ไขเพิ่มเติมแบบและข้อความกรมธรรม์ประกันชีวิตผู้สูงอายุของบริษัทประกันชีวิตและเอกสารประกอบ,ประกันภัย,ข่าวประกาศ
oic_9447,ให้นักคณิตศาสตร์ประกันภัยตรวจสอบคุณสมบัติให้เป็นไปตามประกาศนายทะเบียนฯ,[ข่าวประกาศ] 2016-01-11 ให้นักคณิตศาสตร์ประกันภัยตรวจสอบคุณสมบัติให้เป็นไปตามประกาศนายทะเบียนฯ,ประกันภัย,ข่าวประกาศ
oic_9446,คุณสมบัติของผู้ขอรับใบอนุญาตเป็นนักคณิตศาสตร์ประกันภัย (8 ม.ค. 59),[ข่าวประกาศ] 2016-01-11 คุณสมบัติของผู้ขอรับใบอนุญาตเป็นนักคณิตศาสตร์ประกันภัย (8 ม.ค. 59),ประกันภัย,ข่าวประกาศ
oic_9445,การกำหนดประเภทและชนิดของเงินกองทุน รวมทั้งหลักเกณฑ์ วิธีการ และเงื่อนไขในการคำนวณเงินกองทุนของบริษัทประกันวินาศภัย (ฉบับที่ ๒) พ.ศ. ๒๕๕๘,[ข่าวประกาศ] 2016-01-14 การกำหนดประเภทและชนิดของเงินกองทุน รวมทั้งหลักเกณฑ์ วิธีการ และเงื่อนไขในการคำนวณเงินกองทุนของบริษัทประกันวินาศภัย (ฉบับที่ ๒) พ.ศ. ๒๕๕๘,ประกันภัย,ข่าวประกาศ
oic_9444,หลักเกณฑ์ วิธีการและเงื่อนไขการมีบุคคลผู้ไม่มีสัญชาติไทยถือหุ้นได้ถึงร้อยละสี่สิบเก้าของจำนวนหุ้นที่มีสิทธิออกเสียงและจำหน่ายได้แล้วทั้งหมด และมีกรรมการเป็นบุคคลซึ่งไม่มีสัญชาติไทยได้ไม่ถึงกึ่งหนึ่งของจำนวนกรรมการทั้งหมดของบริษัทประกันชีวิต,[ข่าวประกาศ] 2016-01-14 หลักเกณฑ์ วิธีการและเงื่อนไขการมีบุคคลผู้ไม่มีสัญชาติไทยถือหุ้นได้ถึงร้อยละสี่สิบเก้าของจำนวนหุ้นที่มีสิทธิออกเสียงและจำหน่ายได้แล้วทั้งหมด และมีกรรมการเป็นบุคคลซึ่งไม่มีสัญชาติไทยได้ไม่ถึงกึ่งหนึ่งของจำนวนกรรมการทั้งหมดของบริษัทประกันชีวิต,ประกันภัย,ข่าวประกาศ
oic_9443,หลักเกณฑ์ วิธีการและเงื่อนไขการมีบุคคลผู้ไม่มีสัญชาติไทยถือหุ้นได้ถึงร้อยละสี่สิบเก้าของจำนวนหุ้นที่มีสิทธิออกเสียงและจำหน่ายได้แล้วทั้งหมด และมีกรรมการเป็นบุคคลซึ่งไม่มีสัญชาติไทยได้ไม่ถึงกึ่งหนึ่งของจำนวนกรรมการทั้งหมดของบริษัทประกันวินาศภัย พ.ศ. ๒๕๕๘,[ข่าวประกาศ] 2016-01-14 หลักเกณฑ์ วิธีการและเงื่อนไขการมีบุคคลผู้ไม่มีสัญชาติไทยถือหุ้นได้ถึงร้อยละสี่สิบเก้าของจำนวนหุ้นที่มีสิทธิออกเสียงและจำหน่ายได้แล้วทั้งหมด และมีกรรมการเป็นบุคคลซึ่งไม่มีสัญชาติไทยได้ไม่ถึงกึ่งหนึ่งของจำนวนกรรมการทั้งหมดของบริษัทประกันวินาศภัย พ.ศ. ๒๕๕๘,ประกันภัย,ข่าวประกาศ
oic_9442,หลักเกณฑ์ วิธีการ และเงื่อนไขหรือเงื่อนเวลาในการชำระหนี้ให้แก่เจ้าหนี้ซึ่งมีสิทธิได้รับชำระหนี้ที่เกิดจากการเอาประกันภัยจากกองทุนประกันชีวิต รวมทั้งหลักเกณฑ์ในการแจ้งข้อมูลเกี่ยวกับหนี้ที่เกิดจากการเอาประกันภัยและลักษณะมูลหนี้ที่เกิดจากการเอาประกันภัย พ.ศ,[ข่าวประกาศ] 2016-01-14 หลักเกณฑ์ วิธีการ และเงื่อนไขหรือเงื่อนเวลาในการชำระหนี้ให้แก่เจ้าหนี้ซึ่งมีสิทธิได้รับชำระหนี้ที่เกิดจากการเอาประกันภัยจากกองทุนประกันชีวิต รวมทั้งหลักเกณฑ์ในการแจ้งข้อมูลเกี่ยวกับหนี้ที่เกิดจากการเอาประกันภัยและลักษณะมูลหนี้ที่เกิดจากการเอาประกันภัย พ.ศ,ประกันภัย,ข่าวประกาศ
oic_9441,หลักเกณฑ์ วิธีการ และเงื่อนไขหรือเงื่อนเวลาในการชำระหนี้ให้แก่เจ้าหนี้ซึ่งมีสิทธิได้รับชำระหนี้ที่เกิดจากการเอาประกันภัยจากกองทุนประกันวินาศภัย รวมทั้งหลักเกณฑ์ในการแจ้งข้อมูลเกี่ยวกับหนี้ที่เกิดจากการเอาประกันภัยและลักษณะมูลหนี้ที่เกิดจากการเอาประกันภัย,[ข่าวประกาศ] 2016-01-14 หลักเกณฑ์ วิธีการ และเงื่อนไขหรือเงื่อนเวลาในการชำระหนี้ให้แก่เจ้าหนี้ซึ่งมีสิทธิได้รับชำระหนี้ที่เกิดจากการเอาประกันภัยจากกองทุนประกันวินาศภัย รวมทั้งหลักเกณฑ์ในการแจ้งข้อมูลเกี่ยวกับหนี้ที่เกิดจากการเอาประกันภัยและลักษณะมูลหนี้ที่เกิดจากการเอาประกันภัย,ประกันภัย,ข่าวประกาศ
oic_9440,การขยายระยะเวลาการจำหน่ายอสังหาริมทรัพย์ของบริษัทประกันวินาศภัย พ.ศ. ๒๕๕๘,[ข่าวประกาศ] 2016-01-14 การขยายระยะเวลาการจำหน่ายอสังหาริมทรัพย์ของบริษัทประกันวินาศภัย พ.ศ. ๒๕๕๘,ประกันภัย,ข่าวประกาศ
oic_9439,การขยายระยะเวลาการจำหน่ายอสังหาริมทรัพย์ของบริษัทประกันชีวิต พ.ศ. ๒๕๕๘,[ข่าวประกาศ] 2016-01-14 การขยายระยะเวลาการจำหน่ายอสังหาริมทรัพย์ของบริษัทประกันชีวิต พ.ศ. ๒๕๕๘,ประกันภัย,ข่าวประกาศ
oic_9438,สำนักงาน คปภ. จัดอบรมหลักสูตรการอบรมความรู้เกี่ยวกับกรมธรรม์ประกันชีวิตควบการลงทุน (Unit-Linked Life Policy),[ข่าวประกาศ] 2016-02-01 สำนักงาน คปภ. จัดอบรมหลักสูตรการอบรมความรู้เกี่ยวกับกรมธรรม์ประกันชีวิตควบการลงทุน (Unit-Linked Life Policy),ประกันภัย,ข่าวประกาศ
oic_9436,รายชื่อผู้มีสิทธิ์เข้ารับการอบรมหลักสูตรเพื่อขอต่ออายุใบอนุญาตเป็นตัวแทน/นายหน้าประกันภัย ครั้งที่ 4 เป็นต้นไป ประจำเดือนกุมภาพันธ์ 2559,[ข่าวประกาศ] 2016-02-01 รายชื่อผู้มีสิทธิ์เข้ารับการอบรมหลักสูตรเพื่อขอต่ออายุใบอนุญาตเป็นตัวแทน/นายหน้าประกันภัย ครั้งที่ 4 เป็นต้นไป ประจำเดือนกุมภาพันธ์ 2559,ประกันภัย,ข่าวประกาศ
oic_9437,รายชื่อผู้มีสิทธิ์เข้ารับการอบรมหลักสูตรเพื่อขอต่ออายุใบอนุญาตเป็นตัวแทน/นายหน้าประกันภัย ครั้งที่ 4 เป็นต้นไป ประจำเดือนกุมภาพันธ์ 2559,[ข่าวประกาศ] 2016-02-01 รายชื่อผู้มีสิทธิ์เข้ารับการอบรมหลักสูตรเพื่อขอต่ออายุใบอนุญาตเป็นตัวแทน/นายหน้าประกันภัย ครั้งที่ 4 เป็นต้นไป ประจำเดือนกุมภาพันธ์ 2559,ประกันภัย,ข่าวประกาศ
oic_9435,สำนักงาน คปภ.ภาค 6 นครราชสีมา  จัดอบรมหลักสูตรขอต่อายุใบอนุญาตตัวแทน/นายหน้าประกันภัย ครั้งที่ 4 เป็นต้นไป,[ข่าวประกาศ] 2016-02-02 สำนักงาน คปภ.ภาค 6 นครราชสีมา  จัดอบรมหลักสูตรขอต่อายุใบอนุญาตตัวแทน/นายหน้าประกันภัย ครั้งที่ 4 เป็นต้นไป,ประกันภัย,ข่าวประกาศ
oic_9434,สำนักงาน คปภ. ภาค 9 (ชลบุรี) จัดอบรมเพื่อขอต่ออายุใบอนุญาตตัวแทน/นายหน้าประกันภัย ครั้งที่ 4 เป็นต้นไป ประจำปี 2559,[ข่าวประกาศ] 2016-02-05 สำนักงาน คปภ. ภาค 9 (ชลบุรี) จัดอบรมเพื่อขอต่ออายุใบอนุญาตตัวแทน/นายหน้าประกันภัย ครั้งที่ 4 เป็นต้นไป ประจำปี 2559,ประกันภัย,ข่าวประกาศ
oic_9433,สำนักงาน คปภ.ภาค 5 อุบลราชธานี จัดอบรมหลักสูตรขอต่อายุใบอนุญาตตัวแทน/นายหน้าประกันภัย ครั้งที่ 4 เป็นต้นไป,[ข่าวประกาศ] 2016-02-05 สำนักงาน คปภ.ภาค 5 อุบลราชธานี จัดอบรมหลักสูตรขอต่อายุใบอนุญาตตัวแทน/นายหน้าประกันภัย ครั้งที่ 4 เป็นต้นไป,ประกันภัย,ข่าวประกาศ
oic_9432,ประกาศ คปภ. เรื่อง หลักเกณฑ์ วิธีการ และเงื่อนไขในการชดใช้เงิน หรือค่าสินไหมทดแทนตามสัญญาประกันภัยของบริษัทประกันวินาศภัย พ.ศ. ๒๕๕๙,[ข่าวประกาศ] 2016-02-11 ประกาศ คปภ. เรื่อง หลักเกณฑ์ วิธีการ และเงื่อนไขในการชดใช้เงิน หรือค่าสินไหมทดแทนตามสัญญาประกันภัยของบริษัทประกันวินาศภัย พ.ศ. ๒๕๕๙,ประกันภัย,ข่าวประกาศ
oic_9431,ประกาศ คปภ. เรื่อง หลักเกณฑ์ วิธีการ และเงื่อนไขในการชดใช้เงินตามสัญญาประกันชีวิตของบริษัทประกันชีวิต พ.ศ. ๒๕๕๙,[ข่าวประกาศ] 2016-02-11 ประกาศ คปภ. เรื่อง หลักเกณฑ์ วิธีการ และเงื่อนไขในการชดใช้เงินตามสัญญาประกันชีวิตของบริษัทประกันชีวิต พ.ศ. ๒๕๕๙,ประกันภัย,ข่าวประกาศ
oic_9430,ประกาศรับสมัครบุคคลเพื่อเข้ารับการพิจารณาคัดเลือกบุคคลและแต่งตั้งให้ดำรงตำแหน่งรองเลขาธิการด้านกฎหมาย คดีและคุ้มครอง,[ข่าวประกาศ] 2016-02-15 ประกาศรับสมัครบุคคลเพื่อเข้ารับการพิจารณาคัดเลือกบุคคลและแต่งตั้งให้ดำรงตำแหน่งรองเลขาธิการด้านกฎหมาย คดีและคุ้มครอง,ประกันภัย,ข่าวประกาศ
oic_9429,สำนักงาน คปภ. ภาค 4 (อุดรธานี) จัดอบรมเพื่อขอต่ออายุใบอนุญาตตัวแทน/นายหน้าประกันภัย ครั้งที่ 4 เป็นต้นไป ประจำปี 2559,[ข่าวประกาศ] 2016-02-16 สำนักงาน คปภ. ภาค 4 (อุดรธานี) จัดอบรมเพื่อขอต่ออายุใบอนุญาตตัวแทน/นายหน้าประกันภัย ครั้งที่ 4 เป็นต้นไป ประจำปี 2559,ประกันภัย,ข่าวประกาศ
oic_9427,ประกาศรายชื่อผู้มีสิทธิ์เข้ารับการอบรมหลักสูตรเพื่อขอต่ออายุใบอนุญาตเป็นตัวแทน/นายหน้าประกันภัย ครั้งที่ 4 เป็นต้นไป ประจำเดือนมีนาคม 2559,[ข่าวประกาศ] 2016-03-01 ประกาศรายชื่อผู้มีสิทธิ์เข้ารับการอบรมหลักสูตรเพื่อขอต่ออายุใบอนุญาตเป็นตัวแทน/นายหน้าประกันภัย ครั้งที่ 4 เป็นต้นไป ประจำเดือนมีนาคม 2559,ประกันภัย,ข่าวประกาศ
oic_9428,ประกาศรายชื่อผู้มีสิทธิ์เข้ารับการอบรมหลักสูตรเพื่อขอต่ออายุใบอนุญาตเป็นตัวแทน/นายหน้าประกันภัย ครั้งที่ 4 เป็นต้นไป ประจำเดือนมีนาคม 2559,[ข่าวประกาศ] 2016-03-01 ประกาศรายชื่อผู้มีสิทธิ์เข้ารับการอบรมหลักสูตรเพื่อขอต่ออายุใบอนุญาตเป็นตัวแทน/นายหน้าประกันภัย ครั้งที่ 4 เป็นต้นไป ประจำเดือนมีนาคม 2559,ประกันภัย,ข่าวประกาศ
oic_9426,ประกาศคปภ. เรื่อง หลักเกณฑ์ วิธีการ และวิธีการขอรับใบอนุญาต การขอต่ออายุใบอนุญาตและการออกใบอนุญาตเป็นนักคณิตศาสตร์ประกันภัย พ.ศ.2559,[ข่าวประกาศ] 2016-03-04 ประกาศคปภ. เรื่อง หลักเกณฑ์ วิธีการ และวิธีการขอรับใบอนุญาต การขอต่ออายุใบอนุญาตและการออกใบอนุญาตเป็นนักคณิตศาสตร์ประกันภัย พ.ศ.2559,ประกันภัย,ข่าวประกาศ
oic_9425,ประกาศวันหยุดตามประเพณีของสำนักงาน คปภ. ประจำปี 2564 - 2565,[ข่าวประกาศ] 2016-03-09 ประกาศวันหยุดตามประเพณีของสำนักงาน คปภ. ประจำปี 2564 - 2565,ประกันภัย,ข่าวประกาศ
oic_9424,ประกาศการรับสมัครและคัดเลือกบุคคลภายนอกผู้มีคุณสมบัติเหมาะสมเพื่อขึ้นทะเบียนรายชื่อเป็นผู้ไกล่เกลี่ยของสำนักงาน คปภ.,[ข่าวประกาศ] 2016-03-12 ประกาศการรับสมัครและคัดเลือกบุคคลภายนอกผู้มีคุณสมบัติเหมาะสมเพื่อขึ้นทะเบียนรายชื่อเป็นผู้ไกล่เกลี่ยของสำนักงาน คปภ.,ประกันภัย,ข่าวประกาศ
oic_9423,ประกาศคณะกรรมการกำกับและส่งเสริมการประกอบธุรกิจประกันภัย เรื่อง หลักเกณฑ์ วิธีการ เงื่อนไข และระยะเวลา ในการจัดทำและยื่นงบการเงินและรายงานเกี่ยวกับผลการดำเนินงานของบริษัทประกันชีวิต พ.ศ. ๒๕๕๙,[ข่าวประกาศ] 2016-03-14 ประกาศคณะกรรมการกำกับและส่งเสริมการประกอบธุรกิจประกันภัย เรื่อง หลักเกณฑ์ วิธีการ เงื่อนไข และระยะเวลา ในการจัดทำและยื่นงบการเงินและรายงานเกี่ยวกับผลการดำเนินงานของบริษัทประกันชีวิต พ.ศ. ๒๕๕๙,ประกันภัย,ข่าวประกาศ
oic_9422,ประกาศคณะกรรมการกำกับและส่งเสริมการประกอบธุรกิจประกันภัย เรื่อง หลักเกณฑ์ วิธีการ เงื่อนไข และระยะเวลา ในการจัดทำและยื่นงบการเงินและรายงานเกี่ยวกับผลการดำเนินงานของบริษัทประกันวินาศภัย พ.ศ. ๒๕๕๙,[ข่าวประกาศ] 2016-03-14 ประกาศคณะกรรมการกำกับและส่งเสริมการประกอบธุรกิจประกันภัย เรื่อง หลักเกณฑ์ วิธีการ เงื่อนไข และระยะเวลา ในการจัดทำและยื่นงบการเงินและรายงานเกี่ยวกับผลการดำเนินงานของบริษัทประกันวินาศภัย พ.ศ. ๒๕๕๙,ประกันภัย,ข่าวประกาศ
oic_9421,ประกาศคณะกรรมการกำกับและส่งเสริมการประกอบธุรกิจประกันภัย เรื่อง ให้บริษัทประกันชีวิตยื่นรายงานเกี่ยวกับฐานะการเงินและกิจการของบริษัท พ.ศ. ๒๕๕๙,[ข่าวประกาศ] 2016-03-14 ประกาศคณะกรรมการกำกับและส่งเสริมการประกอบธุรกิจประกันภัย เรื่อง ให้บริษัทประกันชีวิตยื่นรายงานเกี่ยวกับฐานะการเงินและกิจการของบริษัท พ.ศ. ๒๕๕๙,ประกันภัย,ข่าวประกาศ
oic_9420,ประกาศคณะกรรมการกำกับและส่งเสริมการประกอบธุรกิจประกันภัย เรื่อง ให้บริษัท ประกันวินาศภัยยื่นรายงานเกี่ยวกับฐานะการเงินและกิจการของบริษัท พ.ศ. ๒๕๕๙,[ข่าวประกาศ] 2016-03-14 ประกาศคณะกรรมการกำกับและส่งเสริมการประกอบธุรกิจประกันภัย เรื่อง ให้บริษัท ประกันวินาศภัยยื่นรายงานเกี่ยวกับฐานะการเงินและกิจการของบริษัท พ.ศ. ๒๕๕๙,ประกันภัย,ข่าวประกาศ
oic_9419,ประกาศคณะกรรมการกำกับและส่งเสริมการประกอบธุรกิจประกันภัย เรื่อง แบบรายการงบดุลและงบกำไรขาดทุนของบริษัทประกันชีวิต พ.ศ. ๒๕๕๙,[ข่าวประกาศ] 2016-03-14 ประกาศคณะกรรมการกำกับและส่งเสริมการประกอบธุรกิจประกันภัย เรื่อง แบบรายการงบดุลและงบกำไรขาดทุนของบริษัทประกันชีวิต พ.ศ. ๒๕๕๙,ประกันภัย,ข่าวประกาศ
oic_9418,ประกาศคณะกรรมการกำกับและส่งเสริมการประกอบธุรกิจประกันภัย เรื่อง แบบรายการงบดุลและงบกำไรขาดทุนของบริษัทประกันวินาศภัย พ.ศ. ๒๕๕๙,[ข่าวประกาศ] 2016-03-14 ประกาศคณะกรรมการกำกับและส่งเสริมการประกอบธุรกิจประกันภัย เรื่อง แบบรายการงบดุลและงบกำไรขาดทุนของบริษัทประกันวินาศภัย พ.ศ. ๒๕๕๙,ประกันภัย,ข่าวประกาศ
oic_9417,คำสั่งนายทะเบียนที่ 15/2559 เรื่อง ให้ใช้แบบข้อความกรมธรรม์ประกันภัยคุ้มครองผู้ประสบภัยจากรถและกรมธรรม์ประกันภัยรถยนต์รวมการคุ้มครองผู้ประสบภัยจากรถ,[ข่าวประกาศ] 2016-03-14 คำสั่งนายทะเบียนที่ 15/2559 เรื่อง ให้ใช้แบบข้อความกรมธรรม์ประกันภัยคุ้มครองผู้ประสบภัยจากรถและกรมธรรม์ประกันภัยรถยนต์รวมการคุ้มครองผู้ประสบภัยจากรถ,ประกันภัย,ข่าวประกาศ
oic_9416,คำสั่งนายทะเบียนที่ 17/2559 เรื่อง ให้ยกเลิกเงื่อนไขสภาพที่เป็นมาก่อนทำประกันภัย (Pre-existing) ที่ปรากฎในกรมธรรม์ประกันชีวิตผู้สูงอายุหรือในสัญญาเพิ่มเติมหรือสัญญาใดๆที่แนบท้ายกรมธรรม์ประกันชีวิตผู้สูงอายุ,[ข่าวประกาศ] 2016-03-17 คำสั่งนายทะเบียนที่ 17/2559 เรื่อง ให้ยกเลิกเงื่อนไขสภาพที่เป็นมาก่อนทำประกันภัย (Pre-existing) ที่ปรากฎในกรมธรรม์ประกันชีวิตผู้สูงอายุหรือในสัญญาเพิ่มเติมหรือสัญญาใดๆที่แนบท้ายกรมธรรม์ประกันชีวิตผู้สูงอายุ,ประกันภัย,ข่าวประกาศ
oic_9415,แบบประเมินตนเอง (Self - Assessment) ของบริษัทประกันภัย เรื่อง บทบาท หน้าที่ ความรับผิดชอบของคณะกรรมการบริษัท ครั้งที่ 2,[ข่าวประกาศ] 2016-03-17 แบบประเมินตนเอง (Self - Assessment) ของบริษัทประกันภัย เรื่อง บทบาท หน้าที่ ความรับผิดชอบของคณะกรรมการบริษัท ครั้งที่ 2,ประกันภัย,ข่าวประกาศ
oic_9414,คำสั่งนายทะเบียนที่ 1/2559  ขยายเวลาให้บริษัท  กมลประกันภัย จำกัด (มหาชน) ดำเนินการแก้ไขฐานะการเงินและการดำเนินการ,[ข่าวประกาศ] 2016-03-24 คำสั่งนายทะเบียนที่ 1/2559  ขยายเวลาให้บริษัท  กมลประกันภัย จำกัด (มหาชน) ดำเนินการแก้ไขฐานะการเงินและการดำเนินการ,ประกันภัย,ข่าวประกาศ
oic_9413,ประกาศ รายชื่อผู้ผ่านการตรวจสอบคุณสมบัติเบื้องต้นที่มีสิทธิรับการคัดเลือกเพื่อขึ้นทะเบียนรายชื่อผู้ชำนาญการ ทำหน้าที่ไกล่เกลี่ย ของสำนักงาน คปภ.,[ข่าวประกาศ] 2016-03-25 ประกาศ รายชื่อผู้ผ่านการตรวจสอบคุณสมบัติเบื้องต้นที่มีสิทธิรับการคัดเลือกเพื่อขึ้นทะเบียนรายชื่อผู้ชำนาญการ ทำหน้าที่ไกล่เกลี่ย ของสำนักงาน คปภ.,ประกันภัย,ข่าวประกาศ
oic_9412,ระเบียบว่าด้วยการไกล่เกลี่ยข้อพิพาทด้านการประกันภัย พ.ศ.2559,[ข่าวประกาศ] 2016-03-28 ระเบียบว่าด้วยการไกล่เกลี่ยข้อพิพาทด้านการประกันภัย พ.ศ.2559,ประกันภัย,ข่าวประกาศ
oic_9411,การจัดอบรมหลักสูตรการอบรมความรู้เกี่ยวกับกรมธรรม์ประกันชีวิตควบการลงทุน (Unit-Linked Life Policy),[ข่าวประกาศ] 2016-03-30 การจัดอบรมหลักสูตรการอบรมความรู้เกี่ยวกับกรมธรรม์ประกันชีวิตควบการลงทุน (Unit-Linked Life Policy),ประกันภัย,ข่าวประกาศ
oic_9410,ประกาศหรือโฆษณาการฝ่าฝืนกฎหมายหรือไม่ปฏิบัติตามกฎหมายว่าด้วยการประกันชีวิต ฉบับที่ 1/2559,[ข่าวประกาศ] 2016-03-30 ประกาศหรือโฆษณาการฝ่าฝืนกฎหมายหรือไม่ปฏิบัติตามกฎหมายว่าด้วยการประกันชีวิต ฉบับที่ 1/2559,ประกันภัย,ข่าวประกาศ
oic_9409,ประกาศรายชื่อผู้สมัครเข้าอบรมหลักสูตรเพื่อขอต่ออายุใบอนุญาตเป็นตัวแทน/นายหน้าประกันภัยฯ ประจำเดือนเมษายน 2559,[ข่าวประกาศ] 2016-03-31 ประกาศรายชื่อผู้สมัครเข้าอบรมหลักสูตรเพื่อขอต่ออายุใบอนุญาตเป็นตัวแทน/นายหน้าประกันภัยฯ ประจำเดือนเมษายน 2559,ประกันภัย,ข่าวประกาศ
oic_9408,ประกาศรายชื่อผู้สมัครขอขึ้นทะเบียนรายชื่อผู้ชำนาญการ (บุคคลภายนอก) เพื่อทำหน้าที่ผู้ไกล่เกลี่ยของสำนักงาน คปภ. ที่ผ่านการทดสอบข้อเขียนและมีสิทธิ์เข้าสอบสัมภาษณ์,[ข่าวประกาศ] 2016-04-04 ประกาศรายชื่อผู้สมัครขอขึ้นทะเบียนรายชื่อผู้ชำนาญการ (บุคคลภายนอก) เพื่อทำหน้าที่ผู้ไกล่เกลี่ยของสำนักงาน คปภ. ที่ผ่านการทดสอบข้อเขียนและมีสิทธิ์เข้าสอบสัมภาษณ์,ประกันภัย,ข่าวประกาศ
oic_9407,คำสั่งกระทรวงการคลัง ที่ 395/2559 เรื่องเพิกถอนใบอนุญาตประกอบธุรกิจประกันวินาศภัย บริษัทสัญญาประกันภัย จำกัด (มหาชน),[ข่าวประกาศ] 2016-04-05 คำสั่งกระทรวงการคลัง ที่ 395/2559 เรื่องเพิกถอนใบอนุญาตประกอบธุรกิจประกันวินาศภัย บริษัทสัญญาประกันภัย จำกัด (มหาชน),ประกันภัย,ข่าวประกาศ
oic_9406,คำสั่ง คปภ. ที่ 2/2559 เรื่องแต่งตั้งผู้ชำระบัญชีบริษัท สัญญาประกันภัย จำกัด (มหาชน),[ข่าวประกาศ] 2016-04-05 คำสั่ง คปภ. ที่ 2/2559 เรื่องแต่งตั้งผู้ชำระบัญชีบริษัท สัญญาประกันภัย จำกัด (มหาชน),ประกันภัย,ข่าวประกาศ
oic_9405,รายชื่อบริษัทประกันวินาศภัยที่เข้าร่วมโครงการช่วยเหลือผู้เอาประกันภัยและผู้มีสิทธิเรียกร้องตามกรมธรรม์ประกันภัย ไว้กับบริษัท สัญญาประกันภัย จำกัด (มหาชน),[ข่าวประกาศ] 2016-04-05 รายชื่อบริษัทประกันวินาศภัยที่เข้าร่วมโครงการช่วยเหลือผู้เอาประกันภัยและผู้มีสิทธิเรียกร้องตามกรมธรรม์ประกันภัย ไว้กับบริษัท สัญญาประกันภัย จำกัด (มหาชน),ประกันภัย,ข่าวประกาศ
oic_9404,ประกาศ สำนักงาน คปภ. เรื่องทะเบียนรายชื่อผู้ชำนาญการ (บุคคลภายนอก) เพื่อทำหน้าที่ผู้ไกล่เกลี่ยข้อพิพาทด้านประกันภัย,[ข่าวประกาศ] 2016-04-11 ประกาศ สำนักงาน คปภ. เรื่องทะเบียนรายชื่อผู้ชำนาญการ (บุคคลภายนอก) เพื่อทำหน้าที่ผู้ไกล่เกลี่ยข้อพิพาทด้านประกันภัย,ประกันภัย,ข่าวประกาศ
oic_9403,ประกาศสำนักงาน คณะกรรมการกำกับและส่งเสริมการประกอบธุรกิจประกันภัย (คปภ.) เรื่อง การรับสมัครเข้ารับการศึกษาอบรมหลักสูตรวิทยาการประกันภัยระดับสูง (วปส.) รุ่นที่ 6 ประจำปี พ.ศ. 2559,[ข่าวประกาศ] 2016-04-13 ประกาศสำนักงาน คณะกรรมการกำกับและส่งเสริมการประกอบธุรกิจประกันภัย (คปภ.) เรื่อง การรับสมัครเข้ารับการศึกษาอบรมหลักสูตรวิทยาการประกันภัยระดับสูง (วปส.) รุ่นที่ 6 ประจำปี พ.ศ. 2559,ประกันภัย,ข่าวประกาศ
oic_9402,คำสั่งนายทะเบียนที่ 21/2559 เรื่อง การใช้อัตราเบี้ยประกันภัยตามโครงการช่วยเหลือประชาชนที่ทําสัญญาประกันภัยไว้กับบริษัท สัญญาประกันภัย จํากัด (มหาชน),[ข่าวประกาศ] 2016-04-20 คำสั่งนายทะเบียนที่ 21/2559 เรื่อง การใช้อัตราเบี้ยประกันภัยตามโครงการช่วยเหลือประชาชนที่ทําสัญญาประกันภัยไว้กับบริษัท สัญญาประกันภัย จํากัด (มหาชน),ประกันภัย,ข่าวประกาศ
oic_9401,ประกาศกองทุนประกันวินาศภัย เรื่อง ให้เจ้าหนี้ยื่นคำทวงหนี้ของบริษัทสัญญาประกันภัย จำกัด (มหาชน),[ข่าวประกาศ] 2016-04-21 ประกาศกองทุนประกันวินาศภัย เรื่อง ให้เจ้าหนี้ยื่นคำทวงหนี้ของบริษัทสัญญาประกันภัย จำกัด (มหาชน),ประกันภัย,ข่าวประกาศ
oic_9400,กองทุนประกันวินาศภัย ประกาศรายชื่อผู้มีสิทธิสอบสัมภาษณ์และกำหนดวัน เวลา สถานที่สอบ ตำแหน่ง นักวิเคราะห์นโยบายและแผน  และตำแหน่งนิติกร,[ข่าวประกาศ] 2016-04-29 กองทุนประกันวินาศภัย ประกาศรายชื่อผู้มีสิทธิสอบสัมภาษณ์และกำหนดวัน เวลา สถานที่สอบ ตำแหน่ง นักวิเคราะห์นโยบายและแผน  และตำแหน่งนิติกร,ประกันภัย,ข่าวประกาศ
oic_9399,ประกาศ กปว. เรื่องผู้ผ่านการสอบคัดเลือกและบรรจุเป็นพนักงาน ตำแหน่งนักวิเคราะห์นโยบายและแผน,[ข่าวประกาศ] 2016-04-29 ประกาศ กปว. เรื่องผู้ผ่านการสอบคัดเลือกและบรรจุเป็นพนักงาน ตำแหน่งนักวิเคราะห์นโยบายและแผน,ประกันภัย,ข่าวประกาศ
oic_9398,คำชี้แจงประกอบการยื่นคำทวงหนี้,[ข่าวประกาศ] 2016-04-29 คำชี้แจงประกอบการยื่นคำทวงหนี้,ประกันภัย,ข่าวประกาศ
oic_9397,ขอความร่วมมือแสดงความคิดเห็นและข้อเสนอแนะต่อร่างประกาศ คปภ. เรื่อง  หลักเกณฑ์  วิธีการ และเงื่อนไขในการกำหนดมาตรฐานขั้นต่ำในการบริหารจัดการความเสี่ยงของบริษัทประกันชีวิต / วินาศภัย พ.ศ.25..,[ข่าวประกาศ] 2016-05-03 ขอความร่วมมือแสดงความคิดเห็นและข้อเสนอแนะต่อร่างประกาศ คปภ. เรื่อง  หลักเกณฑ์  วิธีการ และเงื่อนไขในการกำหนดมาตรฐานขั้นต่ำในการบริหารจัดการความเสี่ยงของบริษัทประกันชีวิต / วินาศภัย พ.ศ.25..,ประกันภัย,ข่าวประกาศ
oic_9396,ประกาศรับสมัครอบรมหลักสูตรการอบรมความรู้เกี่ยวกับกรมธรรม์ประกันชีวิตควบการลงทุน (Unit-Linked Life Policy),[ข่าวประกาศ] 2016-05-03 ประกาศรับสมัครอบรมหลักสูตรการอบรมความรู้เกี่ยวกับกรมธรรม์ประกันชีวิตควบการลงทุน (Unit-Linked Life Policy),ประกันภัย,ข่าวประกาศ
oic_9394,ประกาศรายชื่อผู้เข้ารับการอบรมหลักสูตรเพื่อขอต่ออายุบัตรใบอนุญาตตัวแทน/นายหน้าประกันภัย ครั้งที่ 4 เป็นต้นไป ประจำเดือน พฤษภาคม 2559,[ข่าวประกาศ] 2016-05-04 ประกาศรายชื่อผู้เข้ารับการอบรมหลักสูตรเพื่อขอต่ออายุบัตรใบอนุญาตตัวแทน/นายหน้าประกันภัย ครั้งที่ 4 เป็นต้นไป ประจำเดือน พฤษภาคม 2559,ประกันภัย,ข่าวประกาศ
oic_9395,ประกาศรายชื่อผู้เข้ารับการอบรมหลักสูตรเพื่อขอต่ออายุบัตรใบอนุญาตตัวแทน/นายหน้าประกันภัย ครั้งที่ 4 เป็นต้นไป ประจำเดือน พฤษภาคม 2559,[ข่าวประกาศ] 2016-05-04 ประกาศรายชื่อผู้เข้ารับการอบรมหลักสูตรเพื่อขอต่ออายุบัตรใบอนุญาตตัวแทน/นายหน้าประกันภัย ครั้งที่ 4 เป็นต้นไป ประจำเดือน พฤษภาคม 2559,ประกันภัย,ข่าวประกาศ
oic_9393,เอกสารประกอบการสัมมนาโครงการส่งเสริมให้ความรู้ด้านการประกันภัยแก่ผู้ประกอบการขนาดกลางและรายย่อยเชิงรุก  วันอังคารที่ ๑๗ พฤษภาคม ๒๕๕๙,[ข่าวประกาศ] 2016-05-17 เอกสารประกอบการสัมมนาโครงการส่งเสริมให้ความรู้ด้านการประกันภัยแก่ผู้ประกอบการขนาดกลางและรายย่อยเชิงรุก  วันอังคารที่ ๑๗ พฤษภาคม ๒๕๕๙,ประกันภัย,ข่าวประกาศ
oic_9392,คำสั่งนายทะเบียน ที่ ๒๕/๒๕๕๙ เรื่อง ให้บริษัทประกันวินาศภัยส่งรายงานกระทบยอดรายการตามงบการเงิน รายงานฐานะการเงินและกิจการของบริษัท และรายงานการดำรงเงินกองทุน,[ข่าวประกาศ] 2016-05-24 คำสั่งนายทะเบียน ที่ ๒๕/๒๕๕๙ เรื่อง ให้บริษัทประกันวินาศภัยส่งรายงานกระทบยอดรายการตามงบการเงิน รายงานฐานะการเงินและกิจการของบริษัท และรายงานการดำรงเงินกองทุน,ประกันภัย,ข่าวประกาศ
oic_9391,คำสั่งนายทะเบียน ที่ ๒๖/๒๕๕๙ เรื่อง ให้บริษัทประกันชีวิตส่งรายงานกระทบยอดรายการตามงบการเงิน รายงานฐานะการเงินและกิจการของบริษัท และรายงานการดำรงเงินกองทุน,[ข่าวประกาศ] 2016-05-24 คำสั่งนายทะเบียน ที่ ๒๖/๒๕๕๙ เรื่อง ให้บริษัทประกันชีวิตส่งรายงานกระทบยอดรายการตามงบการเงิน รายงานฐานะการเงินและกิจการของบริษัท และรายงานการดำรงเงินกองทุน,ประกันภัย,ข่าวประกาศ
oic_9390,ประกาศรายชื่อผู้ได้รับการคัดเลือกเข้ารับการศึกษาอบรมหลักสูตรวิทยาการประกันภัยระดับสูง (วปส.) รุ่นที่ 6 ประจำปี 2559,[ข่าวประกาศ] 2016-05-24 ประกาศรายชื่อผู้ได้รับการคัดเลือกเข้ารับการศึกษาอบรมหลักสูตรวิทยาการประกันภัยระดับสูง (วปส.) รุ่นที่ 6 ประจำปี 2559,ประกันภัย,ข่าวประกาศ
oic_9389,การจัดอบรมหลักสูตรการอบรมความรู้เกี่ยวกับกรมธรรม์ประกันชีวิตควบการลงทุน (Unit-Linked Life Policy),[ข่าวประกาศ] 2016-06-01 การจัดอบรมหลักสูตรการอบรมความรู้เกี่ยวกับกรมธรรม์ประกันชีวิตควบการลงทุน (Unit-Linked Life Policy),ประกันภัย,ข่าวประกาศ
oic_9388,ประกาศรายชื่อผู้มีสิทธิ์เข้ารับการอบรมหลักสูตรเพื่อขอต่ออายุใบอนุญาตเป็นตัวแทน/นายหน้าประกันภัย ครั้งที่ 4 เป็นต้นไป ประจำเดือนมิถุนายน 2559,[ข่าวประกาศ] 2016-06-02 ประกาศรายชื่อผู้มีสิทธิ์เข้ารับการอบรมหลักสูตรเพื่อขอต่ออายุใบอนุญาตเป็นตัวแทน/นายหน้าประกันภัย ครั้งที่ 4 เป็นต้นไป ประจำเดือนมิถุนายน 2559,ประกันภัย,ข่าวประกาศ
oic_9387,คำสั่งนายทะเบียน ที่28/2559  เรื่อง  ยกเลิกคำสั่งให้บริษัท  กมลประกันภัย  จำกัด (มหาชน) หยุดรับประกันวินาศภัยเป็นการชั่วคราว,[ข่าวประกาศ] 2016-06-03 คำสั่งนายทะเบียน ที่28/2559  เรื่อง  ยกเลิกคำสั่งให้บริษัท  กมลประกันภัย  จำกัด (มหาชน) หยุดรับประกันวินาศภัยเป็นการชั่วคราว,ประกันภัย,ข่าวประกาศ
oic_9386,ประกาศนายทะเบียน เรื่อง หลักเกณฑ์ วิธีการ และเงื่อนไขในการขึ้นทะเบียนเป็นตัวแทนประกันชีวิตและนายหน้าประกันชีวิตเสนอขายกรมธรรม์ประกันชีวิตควบการลงทุน (Unit-linked Life Policy) พ.ศ. ๒๕๕๙,[ข่าวประกาศ] 2016-06-07 ประกาศนายทะเบียน เรื่อง หลักเกณฑ์ วิธีการ และเงื่อนไขในการขึ้นทะเบียนเป็นตัวแทนประกันชีวิตและนายหน้าประกันชีวิตเสนอขายกรมธรรม์ประกันชีวิตควบการลงทุน (Unit-linked Life Policy) พ.ศ. ๒๕๕๙,ประกันภัย,ข่าวประกาศ
oic_9385,ขอเชิญเข้าร่วมงานสัมมนาคณะกรรมการตรวจสอบของบริษัทประกันภัย 2559,[ข่าวประกาศ] 2016-06-13 ขอเชิญเข้าร่วมงานสัมมนาคณะกรรมการตรวจสอบของบริษัทประกันภัย 2559,ประกันภัย,ข่าวประกาศ
oic_9384,ประกาศรายชื่อผู้มีสิทธิ์เข้ารับการอบรมหลักสูตรเพื่อขอต่ออายุใบอนุญาตเป็นตัวแทน/นายหน้าประกันภัย ครั้งที่ 4 เป็นต้นไป ประจำเดือนกรกฎาคม 2559,[ข่าวประกาศ] 2016-06-30 ประกาศรายชื่อผู้มีสิทธิ์เข้ารับการอบรมหลักสูตรเพื่อขอต่ออายุใบอนุญาตเป็นตัวแทน/นายหน้าประกันภัย ครั้งที่ 4 เป็นต้นไป ประจำเดือนกรกฎาคม 2559,ประกันภัย,ข่าวประกาศ
oic_9383,ประชาสัมพันธ์การจัดอบรมหลักสูตรการอบรมความรู้เกี่ยวกับกรมธรรม์ประกันชีวิตควบการลงทุน (Unit-Linked Life Policy),[ข่าวประกาศ] 2016-06-30 ประชาสัมพันธ์การจัดอบรมหลักสูตรการอบรมความรู้เกี่ยวกับกรมธรรม์ประกันชีวิตควบการลงทุน (Unit-Linked Life Policy),ประกันภัย,ข่าวประกาศ
oic_9382,ประกาศคณะกรรมการฯ เรื่อง หลักเกณฑ์ วิธีการเสนอขาย และการปฏิบัติหน้าที่ของตัวแทนประกันชีวิต นายหน้าประกันชีวิต หรือพนักงานของบริษัทในการเสนอขายกรมธรรม์ประกันภัย ๒๐๐ สำหรับรายย่อย (ไมโครอินชัวรันส์) (ฉบับที่ ๒) พ.ศ. ๒๕๕๙,[ข่าวประกาศ] 2016-07-20 ประกาศคณะกรรมการฯ เรื่อง หลักเกณฑ์ วิธีการเสนอขาย และการปฏิบัติหน้าที่ของตัวแทนประกันชีวิต นายหน้าประกันชีวิต หรือพนักงานของบริษัทในการเสนอขายกรมธรรม์ประกันภัย ๒๐๐ สำหรับรายย่อย (ไมโครอินชัวรันส์) (ฉบับที่ ๒) พ.ศ. ๒๕๕๙,ประกันภัย,ข่าวประกาศ
oic_9381,ประกาศคณะกรรมการฯ เรื่อง หลักเกณฑ์ วิธีการเสนอขาย และการปฏิบัติหน้าที่ของตัวแทนประกันวินาศภัย นายหน้าประกันวินาศภัย หรือพนักงานของบริษัทในการเสนอขายกรมธรรม์ประกันภัย ๒๐๐ สำหรับรายย่อย (ไมโครอินชัวรันส์) และกรมธรรม์ประกันภัยคุ้มครองผู้ประสบภัยจากรถ,[ข่าวประกาศ] 2016-07-20 ประกาศคณะกรรมการฯ เรื่อง หลักเกณฑ์ วิธีการเสนอขาย และการปฏิบัติหน้าที่ของตัวแทนประกันวินาศภัย นายหน้าประกันวินาศภัย หรือพนักงานของบริษัทในการเสนอขายกรมธรรม์ประกันภัย ๒๐๐ สำหรับรายย่อย (ไมโครอินชัวรันส์) และกรมธรรม์ประกันภัยคุ้มครองผู้ประสบภัยจากรถ,ประกันภัย,ข่าวประกาศ
oic_9380,ประกาศผลการพิจารณาคัดเลือกผู้ได้รับรางวัลชนะเลิศ ระดับประเทศ  โครงการอาสาสมัครประกันภัย ประจำปี พ.ศ.2559,[ข่าวประกาศ] 2016-07-20 ประกาศผลการพิจารณาคัดเลือกผู้ได้รับรางวัลชนะเลิศ ระดับประเทศ  โครงการอาสาสมัครประกันภัย ประจำปี พ.ศ.2559,ประกันภัย,ข่าวประกาศ
oic_9379,ประกาศรายชื่อผู้มีสิทธิ์เข้ารับการอบรมหลักสูตรเพื่อขอต่ออายุใบอนุญาตเป็นตัวแทน/นายหน้าประกันภัย ครั้งที่ 4 เป็นต้นไป ประจำเดือนสิงหาคม 2559,[ข่าวประกาศ] 2016-08-01 ประกาศรายชื่อผู้มีสิทธิ์เข้ารับการอบรมหลักสูตรเพื่อขอต่ออายุใบอนุญาตเป็นตัวแทน/นายหน้าประกันภัย ครั้งที่ 4 เป็นต้นไป ประจำเดือนสิงหาคม 2559,ประกันภัย,ข่าวประกาศ
oic_9378,สำนักงาน คปภ. จัดอบรมหลักสูตรการอบรมความรู้เกี่ยวกับกรมธรรม์ประกันชีวิตควบการลงทุน (Unit-Linked Life Policy),[ข่าวประกาศ] 2016-08-03 สำนักงาน คปภ. จัดอบรมหลักสูตรการอบรมความรู้เกี่ยวกับกรมธรรม์ประกันชีวิตควบการลงทุน (Unit-Linked Life Policy),ประกันภัย,ข่าวประกาศ
oic_9377,คำสั่งนายทะเบียนที่ 41/2559 เรื่อง กำหนดอัตราเบี้ยประกันภัยสำหรับผู้เอาประกันภัยโดยตรงกับบริษัทประกันวินาศภัย,[ข่าวประกาศ] 2016-08-08 คำสั่งนายทะเบียนที่ 41/2559 เรื่อง กำหนดอัตราเบี้ยประกันภัยสำหรับผู้เอาประกันภัยโดยตรงกับบริษัทประกันวินาศภัย,ประกันภัย,ข่าวประกาศ
oic_9376,คำสั่งนายทะเบียนที่ 42/2559 เรื่อง กำหนดอัตราเบี้ยประกันภัยสำหรับผู้เอาประกันภัยโดยตรงกับบริษัทประกันชีวิต,[ข่าวประกาศ] 2016-08-08 คำสั่งนายทะเบียนที่ 42/2559 เรื่อง กำหนดอัตราเบี้ยประกันภัยสำหรับผู้เอาประกันภัยโดยตรงกับบริษัทประกันชีวิต,ประกันภัย,ข่าวประกาศ
oic_9375,คำสั่งนายทะเบียนที่ 43/2559 เรื่อง ให้ใช้แบบและข้อความกรมธรรม์ประกันภัยอุบัติเหตุวันประกันภัยสุขใจ (ไมโครอินชัวรันส์) และอัตราเบี้ยประกันภัย สำหรับบริษัทประกันชีวิต,[ข่าวประกาศ] 2016-08-11 คำสั่งนายทะเบียนที่ 43/2559 เรื่อง ให้ใช้แบบและข้อความกรมธรรม์ประกันภัยอุบัติเหตุวันประกันภัยสุขใจ (ไมโครอินชัวรันส์) และอัตราเบี้ยประกันภัย สำหรับบริษัทประกันชีวิต,ประกันภัย,ข่าวประกาศ
oic_9374,คำสั่งนายทะเบียนที่ 44/2559 เรื่อง ให้ใช้แบบและข้อความกรมธรรม์ประกันภัยอุบัติเหตุวันประกันภัยสุขใจ (ไมโครอินชัวรันส์) และอัตราเบี้ยประกันภัย สำหรับบริษัทประกันวินาศภัย,[ข่าวประกาศ] 2016-08-11 คำสั่งนายทะเบียนที่ 44/2559 เรื่อง ให้ใช้แบบและข้อความกรมธรรม์ประกันภัยอุบัติเหตุวันประกันภัยสุขใจ (ไมโครอินชัวรันส์) และอัตราเบี้ยประกันภัย สำหรับบริษัทประกันวินาศภัย,ประกันภัย,ข่าวประกาศ
oic_9373,คำสั่งนายทะเบียนที่ 9/2559 เรื่อง ให้ใช้แบบและข้อความกรมธรรม์ประกันภัยอุบัติเหตุเทศกาลสงกรานต์สุขใจ (ไมโครอินชัวรันส์) และอัตราเบี้ยประกันภัย,[ข่าวประกาศ] 2016-08-11 คำสั่งนายทะเบียนที่ 9/2559 เรื่อง ให้ใช้แบบและข้อความกรมธรรม์ประกันภัยอุบัติเหตุเทศกาลสงกรานต์สุขใจ (ไมโครอินชัวรันส์) และอัตราเบี้ยประกันภัย,ประกันภัย,ข่าวประกาศ
oic_9372,ประกาศนายทะเบียน เรื่อง กำหนดแบบและข้อความกรมธรรม์ประกันภัยที่สามารถเสนอขายได้ตามประกาศคณะกรรมการกำกับและส่งเสริมการประกอบธุรกิจประกันภัย เรื่อง หลักเกณฑ์ วิธีการเสนอขาย และการปฏิบัติหน้าที่ของตัวแทนประกันชีวิต นายหน้าประกันชีวิต,[ข่าวประกาศ] 2016-08-11 ประกาศนายทะเบียน เรื่อง กำหนดแบบและข้อความกรมธรรม์ประกันภัยที่สามารถเสนอขายได้ตามประกาศคณะกรรมการกำกับและส่งเสริมการประกอบธุรกิจประกันภัย เรื่อง หลักเกณฑ์ วิธีการเสนอขาย และการปฏิบัติหน้าที่ของตัวแทนประกันชีวิต นายหน้าประกันชีวิต,ประกันภัย,ข่าวประกาศ
oic_9371,ประกาศนายทะเบียน เรื่อง กำหนดแบบและข้อความกรมธรรม์ประกันภัยที่สามารถเสนอขายได้ตามประกาศคณะกรรมการกำกับและส่งเสริมการประกอบธุรกิจประกันภัย เรื่อง หลักเกณฑ์ วิธีการเสนอขาย และการปฏิบัติหน้าที่ของตัวแทนประกันวินาศภัย นายหน้าประกันวินาศภัย,[ข่าวประกาศ] 2016-08-11 ประกาศนายทะเบียน เรื่อง กำหนดแบบและข้อความกรมธรรม์ประกันภัยที่สามารถเสนอขายได้ตามประกาศคณะกรรมการกำกับและส่งเสริมการประกอบธุรกิจประกันภัย เรื่อง หลักเกณฑ์ วิธีการเสนอขาย และการปฏิบัติหน้าที่ของตัวแทนประกันวินาศภัย นายหน้าประกันวินาศภัย,ประกันภัย,ข่าวประกาศ
oic_9370,คำสั่งนายทะเบียนที่ 49/2559 เรื่อง ให้ใช้แบบและข้อความกรมธรรม์ประกันภัยอุบัติเหตุเพื่อคนพิการสำหรับรายย่อย (ไมโครอินชัวรันส์) และอัตราเบี้ยประกันภัย สำหรับบริษัทประกันชีวิต,[ข่าวประกาศ] 2016-08-15 คำสั่งนายทะเบียนที่ 49/2559 เรื่อง ให้ใช้แบบและข้อความกรมธรรม์ประกันภัยอุบัติเหตุเพื่อคนพิการสำหรับรายย่อย (ไมโครอินชัวรันส์) และอัตราเบี้ยประกันภัย สำหรับบริษัทประกันชีวิต,ประกันภัย,ข่าวประกาศ
oic_9369,คำสั่งนายทะเบียนที่ 50/2559 เรื่อง ให้ใช้แบบและข้อความกรมธรรม์ประกันภัยอุบัติเหตุเพื่อคนพิการสำหรับรายย่อย (ไมโครอินชัวรันส์) และอัตราเบี้ยประกันภัย สำหรับบริษัทประกันวินาศภัย,[ข่าวประกาศ] 2016-08-15 คำสั่งนายทะเบียนที่ 50/2559 เรื่อง ให้ใช้แบบและข้อความกรมธรรม์ประกันภัยอุบัติเหตุเพื่อคนพิการสำหรับรายย่อย (ไมโครอินชัวรันส์) และอัตราเบี้ยประกันภัย สำหรับบริษัทประกันวินาศภัย,ประกันภัย,ข่าวประกาศ
oic_9368,ประกาศนายทะเบียน เรื่อง กำหนดแบบและข้อความกรมธรรม์ประกันภัยที่สามารถเสนอขายได้ตามประกาศคณะกรรมการกำกับและส่งเสริมการประกอบธุรกิจประกันภัย เรื่อง หลักเกณฑ์ วิธีการเสนอขาย และการปฏิบัติหน้าที่ของตัวแทนประกันชีวิต นายหน้าประกันชีวิต หรือพนักงานของบริษัทในการ,[ข่าวประกาศ] 2016-08-15 ประกาศนายทะเบียน เรื่อง กำหนดแบบและข้อความกรมธรรม์ประกันภัยที่สามารถเสนอขายได้ตามประกาศคณะกรรมการกำกับและส่งเสริมการประกอบธุรกิจประกันภัย เรื่อง หลักเกณฑ์ วิธีการเสนอขาย และการปฏิบัติหน้าที่ของตัวแทนประกันชีวิต นายหน้าประกันชีวิต หรือพนักงานของบริษัทในการ,ประกันภัย,ข่าวประกาศ
oic_9367,ประกาศนายทะเบียน เรื่อง กำหนดแบบและข้อความกรมธรรม์ประกันภัยที่สามารถเสนอขายได้ตามประกาศคณะกรรมการกำกับและส่งเสริมการประกอบธุรกิจประกันภัย เรื่อง หลักเกณฑ์ วิธีการเสนอขาย และการปฏิบัติหน้าที่ของตัวแทนประกันวินาศภัย นายหน้าประกันวินาศภัย หรือพนักงานของบริษั,[ข่าวประกาศ] 2016-08-15 ประกาศนายทะเบียน เรื่อง กำหนดแบบและข้อความกรมธรรม์ประกันภัยที่สามารถเสนอขายได้ตามประกาศคณะกรรมการกำกับและส่งเสริมการประกอบธุรกิจประกันภัย เรื่อง หลักเกณฑ์ วิธีการเสนอขาย และการปฏิบัติหน้าที่ของตัวแทนประกันวินาศภัย นายหน้าประกันวินาศภัย หรือพนักงานของบริษั,ประกันภัย,ข่าวประกาศ
oic_9366,สำนักงาน คปภ.จัดการประชุมรับฟังความคิดเห็นภาคธุรกิจต่อร่างประกาศ คปภ. ว่าด้วยมาตรฐานขั้นต่ำในการบริหารจัดการความเสี่ยง,[ข่าวประกาศ] 2016-08-16 สำนักงาน คปภ.จัดการประชุมรับฟังความคิดเห็นภาคธุรกิจต่อร่างประกาศ คปภ. ว่าด้วยมาตรฐานขั้นต่ำในการบริหารจัดการความเสี่ยง,ประกันภัย,ข่าวประกาศ
oic_9365,คำสั่งนายทะเบียนที่ ๔๖/๒๕๕๙ เรื่อง ให้ใช้แบบ ข้อความและอัตราเบี้ย ประกันภัยของกรมธรรม์ประกันอัคคีภัยที่อยู่อาศัยแบบประหยัด สำหรับรายย่อย (ไมโครอินชัวรันส์),[ข่าวประกาศ] 2016-08-17 คำสั่งนายทะเบียนที่ ๔๖/๒๕๕๙ เรื่อง ให้ใช้แบบ ข้อความและอัตราเบี้ย ประกันภัยของกรมธรรม์ประกันอัคคีภัยที่อยู่อาศัยแบบประหยัด สำหรับรายย่อย (ไมโครอินชัวรันส์),ประกันภัย,ข่าวประกาศ
oic_9364,ประกาศ นายทะเบียน เรื่อง กำหนดแบบและข้อความกรมธรรม์ประกันภัยที่สามารถเสนอขายได้ตามประกาศคณะกรรมการกำกับและส่งเสริมการประกอบธุรกิจประกันภัย เรื่อง หลักเกณฑ์ หรือพนักงานของบริษัทในการเสนอขายกรมธรรม์ประกันภัย ๒๐๐ สำหรับรายย่อย (ไมโครอินชัวรันส์) และกรมธรรม์ป,[ข่าวประกาศ] 2016-08-17 ประกาศ นายทะเบียน เรื่อง กำหนดแบบและข้อความกรมธรรม์ประกันภัยที่สามารถเสนอขายได้ตามประกาศคณะกรรมการกำกับและส่งเสริมการประกอบธุรกิจประกันภัย เรื่อง หลักเกณฑ์ หรือพนักงานของบริษัทในการเสนอขายกรมธรรม์ประกันภัย ๒๐๐ สำหรับรายย่อย (ไมโครอินชัวรันส์) และกรมธรรม์ป,ประกันภัย,ข่าวประกาศ
oic_9363,สำนักงาน คปภ. ภาค 9 (ชลบุรี) จะดำเนินการจัดอบรมเพื่อขอต่ออายุใบอนุญาตตัวแทน/นายหน้าประกันภัย ครั้งที่ 4 เป็นต้นไป ประจำเดือน ตุลาคม 2559,[ข่าวประกาศ] 2016-08-22 สำนักงาน คปภ. ภาค 9 (ชลบุรี) จะดำเนินการจัดอบรมเพื่อขอต่ออายุใบอนุญาตตัวแทน/นายหน้าประกันภัย ครั้งที่ 4 เป็นต้นไป ประจำเดือน ตุลาคม 2559,ประกันภัย,ข่าวประกาศ
oic_9362,การประชาสัมพันธ์เพื่อสร้างความเข้าใจเกี่ยวกับใบอนุญาตเป็นนักคณิตศาสตร์ประกันภัย,[ข่าวประกาศ] 2016-08-23 การประชาสัมพันธ์เพื่อสร้างความเข้าใจเกี่ยวกับใบอนุญาตเป็นนักคณิตศาสตร์ประกันภัย,ประกันภัย,ข่าวประกาศ
oic_9361,ประกาศกรมการขนส่งทางบก เรื่อง  การคัดเลือกบริษัทประกันภัยที่จะเข้ามาจำหน่ายกรมธรรม์ประกันภัยในเขตพื้นที่รับผิดชอบของกรมการขนส่งทางบก,[ข่าวประกาศ] 2016-08-25 ประกาศกรมการขนส่งทางบก เรื่อง  การคัดเลือกบริษัทประกันภัยที่จะเข้ามาจำหน่ายกรมธรรม์ประกันภัยในเขตพื้นที่รับผิดชอบของกรมการขนส่งทางบก,ประกันภัย,ข่าวประกาศ
oic_9360,ประกาศรายชื่อผู้มีสิทธิ์เข้ารับการอบรมหลักสูตรเพื่อขอต่ออายุใบอนุญาตเป็นตัวแทน/นายหน้าประกันภัย ครั้งที่ 4 เป็นต้นไป ประจำเดือนกันยายน 2559,[ข่าวประกาศ] 2016-09-02 ประกาศรายชื่อผู้มีสิทธิ์เข้ารับการอบรมหลักสูตรเพื่อขอต่ออายุใบอนุญาตเป็นตัวแทน/นายหน้าประกันภัย ครั้งที่ 4 เป็นต้นไป ประจำเดือนกันยายน 2559,ประกันภัย,ข่าวประกาศ
oic_9359,ประกาศรายชื่อผู้ได้รับรางวัลดีเด่นระดับประเทศและผลงานประเภทต่างๆ ประจำปี 2559,[ข่าวประกาศ] 2016-09-08 ประกาศรายชื่อผู้ได้รับรางวัลดีเด่นระดับประเทศและผลงานประเภทต่างๆ ประจำปี 2559,ประกันภัย,ข่าวประกาศ
oic_9358,ประชาสัมพันธ์การจัดอบรมหลักสูตรการอบรมความรู้เกี่ยวกับกรมธรรม์ประกันชีวิตควบการลงทุน (Unit-Linked Life Policy),[ข่าวประกาศ] 2016-09-08 ประชาสัมพันธ์การจัดอบรมหลักสูตรการอบรมความรู้เกี่ยวกับกรมธรรม์ประกันชีวิตควบการลงทุน (Unit-Linked Life Policy),ประกันภัย,ข่าวประกาศ
oic_9357,สำนักงาน คปภ. ภาค 6 (นครราชสีมา) จะดำเนินการจัดอบรมเพื่อขอต่ออายุใบอนุญาตตัวแทน/นายหน้าประกันภัย ครั้งที่ 4 เป็นต้นไป,[ข่าวประกาศ] 2016-09-12 สำนักงาน คปภ. ภาค 6 (นครราชสีมา) จะดำเนินการจัดอบรมเพื่อขอต่ออายุใบอนุญาตตัวแทน/นายหน้าประกันภัย ครั้งที่ 4 เป็นต้นไป,ประกันภัย,ข่าวประกาศ
oic_9356,"ประกาศผลการตัดสินรางวัล การประกวดภาพยนตร์โฆษณาทางโทรทัศน์ ความยาวไม่เกิน 45 วินาที ในระดับอุดอศึกษา ปี 2558 หัวข้อเรื่อง ""การประกันภัยรถภาคบังคับ","[ข่าวประกาศ] 2016-09-14 ประกาศผลการตัดสินรางวัล การประกวดภาพยนตร์โฆษณาทางโทรทัศน์ ความยาวไม่เกิน 45 วินาที ในระดับอุดอศึกษา ปี 2558 หัวข้อเรื่อง ""การประกันภัยรถภาคบังคับ",ประกันภัย,ข่าวประกาศ
oic_9355,ประกาศกองทุนประกันวินาศภัย  เรื่อง การยื่นขอรับเงินของเจ้าหนี้ซึ่งมีสิทธิได้รับชำระหนี้ที่เกิดจากการเอาประกันภัย บริษัท ศูนย์สุขภาพประกันภัยไทย จำกัด (มหาชน),[ข่าวประกาศ] 2016-09-15 ประกาศกองทุนประกันวินาศภัย  เรื่อง การยื่นขอรับเงินของเจ้าหนี้ซึ่งมีสิทธิได้รับชำระหนี้ที่เกิดจากการเอาประกันภัย บริษัท ศูนย์สุขภาพประกันภัยไทย จำกัด (มหาชน),ประกันภัย,ข่าวประกาศ
oic_9354,ประกาศกองทุนประกันวินาศภัย  เรื่อง การยื่นขอรับเงินของเจ้าหนี้ซึ่งมีสิทธิได้รับชำระหนี้ที่เกิดจากการเอาประกันภัย บริษัท สัมพันธ์ประกันภัย จำกัด,[ข่าวประกาศ] 2016-09-15 ประกาศกองทุนประกันวินาศภัย  เรื่อง การยื่นขอรับเงินของเจ้าหนี้ซึ่งมีสิทธิได้รับชำระหนี้ที่เกิดจากการเอาประกันภัย บริษัท สัมพันธ์ประกันภัย จำกัด,ประกันภัย,ข่าวประกาศ
oic_9353,คำสั่งนายทะเบียน ที่ 57/2559 เรื่อง ให้ใช้แบบและข้อความกรมธรรม์ประกันอุบัติเหตุพิเศษเพื่อมวลชนและอัตราเบี้ยประกันภัยสำหรับบริษัทประกันภัย,[ข่าวประกาศ] 2016-09-21 คำสั่งนายทะเบียน ที่ 57/2559 เรื่อง ให้ใช้แบบและข้อความกรมธรรม์ประกันอุบัติเหตุพิเศษเพื่อมวลชนและอัตราเบี้ยประกันภัยสำหรับบริษัทประกันภัย,ประกันภัย,ข่าวประกาศ
oic_9352,ประกาศรายชื่อผู้ที่ได้รับรางวัลประกันภัยดีเด่น ประจำปี 2559,[ข่าวประกาศ] 2016-09-27 ประกาศรายชื่อผู้ที่ได้รับรางวัลประกันภัยดีเด่น ประจำปี 2559,ประกันภัย,ข่าวประกาศ
oic_9351,ประกาศรายชื่อผู้ได้รับรางวัลจากการจับรางวัลในงานสัปดาห์ประกันภัย ประจำปี 2559,[ข่าวประกาศ] 2016-09-27 ประกาศรายชื่อผู้ได้รับรางวัลจากการจับรางวัลในงานสัปดาห์ประกันภัย ประจำปี 2559,ประกันภัย,ข่าวประกาศ
oic_9350,ประกาศรายชื่อผู้มีสิทธิ์เข้ารับการอบรมหลักสูตรเพื่อขอต่ออายุใบอนุญาตเป็นตัวแทน/นายหน้าประกันภัย ครั้งที่ 4 เป็นต้นไป ประจำเดือนตุลาคม 2559,[ข่าวประกาศ] 2016-10-03 ประกาศรายชื่อผู้มีสิทธิ์เข้ารับการอบรมหลักสูตรเพื่อขอต่ออายุใบอนุญาตเป็นตัวแทน/นายหน้าประกันภัย ครั้งที่ 4 เป็นต้นไป ประจำเดือนตุลาคม 2559,ประกันภัย,ข่าวประกาศ
oic_9349,ประกาศจัดอบรมหลักสูตรความรู้เกี่ยวกับกรมธรรม์ประกันชีวิตควบการลงทุน (Unit-Linked Life Policy),[ข่าวประกาศ] 2016-10-05 ประกาศจัดอบรมหลักสูตรความรู้เกี่ยวกับกรมธรรม์ประกันชีวิตควบการลงทุน (Unit-Linked Life Policy),ประกันภัย,ข่าวประกาศ
oic_9348,ประกาศหรือโฆษณาการฝ่าฝืนหรือไม่ปฏิบัติตามกฎหมายว่าด้วยการประกันชีวิต,[ข่าวประกาศ] 2016-10-17 ประกาศหรือโฆษณาการฝ่าฝืนหรือไม่ปฏิบัติตามกฎหมายว่าด้วยการประกันชีวิต,ประกันภัย,ข่าวประกาศ
oic_9347,การจัดสัมมนา เรื่อง “การรับมือภัยคุกคามทางไซเบอร์ (Cybersecurity) ที่องค์กรต้องรู้”  สำหรับผู้บริหารบริษัทประกันภัย,[ข่าวประกาศ] 2016-10-17 การจัดสัมมนา เรื่อง “การรับมือภัยคุกคามทางไซเบอร์ (Cybersecurity) ที่องค์กรต้องรู้”  สำหรับผู้บริหารบริษัทประกันภัย,ประกันภัย,ข่าวประกาศ
oic_9346,งานเปิดตัวโครงการ FinTech Challenge: Pushing the Boundary  “ประกวดผลงานนวัตกรรมฟินเทค”,[ข่าวประกาศ] 2016-10-25 งานเปิดตัวโครงการ FinTech Challenge: Pushing the Boundary  “ประกวดผลงานนวัตกรรมฟินเทค”,ประกันภัย,ข่าวประกาศ
oic_9345,แนวปฏิบัติใช้ประกอบการกำหนดเงื่อนไขมาตรฐานใบรับเงินชั่วคราว,[ข่าวประกาศ] 2016-10-31 แนวปฏิบัติใช้ประกอบการกำหนดเงื่อนไขมาตรฐานใบรับเงินชั่วคราว,ประกันภัย,ข่าวประกาศ
oic_9344,สำนักงาน คปภ. จัดอบรมหลักสูตรการอบรมความรู้เกี่ยวกับกรมธรรม์ประกันชีวิตควบการลงทุน (Unit-Linked Life Policy),[ข่าวประกาศ] 2016-11-01 สำนักงาน คปภ. จัดอบรมหลักสูตรการอบรมความรู้เกี่ยวกับกรมธรรม์ประกันชีวิตควบการลงทุน (Unit-Linked Life Policy),ประกันภัย,ข่าวประกาศ
oic_9343,การสรรหาผู้มีประสบการณ์และคุณสมบัติเหมาะสม ?กับตำแหน่งเจ้าหน้าที่บริการด้านการเงิน (Finance Office),[ข่าวประกาศ] 2016-11-01 การสรรหาผู้มีประสบการณ์และคุณสมบัติเหมาะสม ?กับตำแหน่งเจ้าหน้าที่บริการด้านการเงิน (Finance Office),ประกันภัย,ข่าวประกาศ
oic_9342,คำสั่งนายทะเบียนที่ ๖๐/๒๕๕๙ เรื่อง ให้ใช้แบบและข้อความ เอกสารแนบท้ายและอัตราเบี้ยประกันภัยสำหรับกรมธรรม์ประกันอัคคีภัย กรมธรรม์ประกันอัคคีภัยสำหรับ ที่อยู่อาศัย และ กรมธรรม์ประกันภัยความเสี่ยงภัยทรัพย์สิน,[ข่าวประกาศ] 2016-11-01 คำสั่งนายทะเบียนที่ ๖๐/๒๕๕๙ เรื่อง ให้ใช้แบบและข้อความ เอกสารแนบท้ายและอัตราเบี้ยประกันภัยสำหรับกรมธรรม์ประกันอัคคีภัย กรมธรรม์ประกันอัคคีภัยสำหรับ ที่อยู่อาศัย และ กรมธรรม์ประกันภัยความเสี่ยงภัยทรัพย์สิน,ประกันภัย,ข่าวประกาศ
oic_9341,ประกาศรับสมัครพนักงาน สายบริหาร (งานบริหารทรัพย์สิน),[ข่าวประกาศ] 2016-11-11 ประกาศรับสมัครพนักงาน สายบริหาร (งานบริหารทรัพย์สิน),ประกันภัย,ข่าวประกาศ
oic_9339,รายชื่อผู้มีสิทธิ์เข้ารับการอบรมหลักสูตรเพื่อขอต่ออายุใบอนุญาตเป็นตัวแทน/นายหน้าประกันภัย ครั้งที่ 4 เป็นต้นไป ประจำเดือนมกราคม 2560,[ข่าวประกาศ] 2016-12-27 รายชื่อผู้มีสิทธิ์เข้ารับการอบรมหลักสูตรเพื่อขอต่ออายุใบอนุญาตเป็นตัวแทน/นายหน้าประกันภัย ครั้งที่ 4 เป็นต้นไป ประจำเดือนมกราคม 2560,ประกันภัย,ข่าวประกาศ
oic_9340,รายชื่อผู้มีสิทธิ์เข้ารับการอบรมหลักสูตรเพื่อขอต่ออายุใบอนุญาตเป็นตัวแทน/นายหน้าประกันภัย ครั้งที่ 4 เป็นต้นไป ประจำเดือนมกราคม 2560,[ข่าวประกาศ] 2016-12-27 รายชื่อผู้มีสิทธิ์เข้ารับการอบรมหลักสูตรเพื่อขอต่ออายุใบอนุญาตเป็นตัวแทน/นายหน้าประกันภัย ครั้งที่ 4 เป็นต้นไป ประจำเดือนมกราคม 2560,ประกันภัย,ข่าวประกาศ
oic_9338,ประกาศรับสมัครพนักงาน สายตรวจสอบ และสายบริหาร,[ข่าวประกาศ] 2016-12-28 ประกาศรับสมัครพนักงาน สายตรวจสอบ และสายบริหาร,ประกันภัย,ข่าวประกาศ
oic_9337,สำนักงาน คปภ. จัดอบรมหลักสูตรการอบรมความรู้เกี่ยวกับกรมธรรม์ประกันชีวิตควบการลงทุน (Unit-Linked Life Policy),[ข่าวประกาศ] 2017-01-09 สำนักงาน คปภ. จัดอบรมหลักสูตรการอบรมความรู้เกี่ยวกับกรมธรรม์ประกันชีวิตควบการลงทุน (Unit-Linked Life Policy),ประกันภัย,ข่าวประกาศ
oic_9336,ประชาสัมพันธ์หลักสูตร Board of Director and Senior Leader Course: Leading Role in Insurance Business,[ข่าวประกาศ] 2017-01-09 ประชาสัมพันธ์หลักสูตร Board of Director and Senior Leader Course: Leading Role in Insurance Business,ประกันภัย,ข่าวประกาศ
oic_9335,คำสั่งนายทะเบียนที่ 1/2560 เรื่อง การผ่อนผันเงื่อนไขกรมธรรม์ประกันภัยในเขตพื้นที่ประสบอุทกภัยทางภาคใต้,[ข่าวประกาศ] 2017-01-11 คำสั่งนายทะเบียนที่ 1/2560 เรื่อง การผ่อนผันเงื่อนไขกรมธรรม์ประกันภัยในเขตพื้นที่ประสบอุทกภัยทางภาคใต้,ประกันภัย,ข่าวประกาศ
oic_9334,ประกาศการขอขยายระยะเวลาในการยื่นคำขอต่ออายุใบอนุญาตเป็นตัวแทน/นายหน้าประกันภัย เนื่องจากเหตุอุทกภัยทางภาคใต้ พ.ศ. 2560,[ข่าวประกาศ] 2017-01-12 ประกาศการขอขยายระยะเวลาในการยื่นคำขอต่ออายุใบอนุญาตเป็นตัวแทน/นายหน้าประกันภัย เนื่องจากเหตุอุทกภัยทางภาคใต้ พ.ศ. 2560,ประกันภัย,ข่าวประกาศ
oic_9333,ประชาสัมพันธํ์ การยื่นขอขยายเวลาต่ออายุใบอนญาตเป็นตัวแทน/นายหน้าประกันภัย,[ข่าวประกาศ] 2017-01-12 ประชาสัมพันธํ์ การยื่นขอขยายเวลาต่ออายุใบอนญาตเป็นตัวแทน/นายหน้าประกันภัย,ประกันภัย,ข่าวประกาศ
oic_9332,หลักเกณฑ์การประกวดโฆษณาสั้น  ความยาวไม่เกิน 45 วินาที ในระดับอุดมศึกษา ปี 2559 หัวข้อเรื่อง “การประกันภัยรถภาคบังคับ”,[ข่าวประกาศ] 2017-01-24 หลักเกณฑ์การประกวดโฆษณาสั้น  ความยาวไม่เกิน 45 วินาที ในระดับอุดมศึกษา ปี 2559 หัวข้อเรื่อง “การประกันภัยรถภาคบังคับ”,ประกันภัย,ข่าวประกาศ
oic_9331,เปิดจัดอบรมหลักสูตรการอบรมความรู้เกี่ยวกับกรมธรรม์ประกันชีวิตควบการลงทุน (Unit-Linked Life Policy),[ข่าวประกาศ] 2017-02-09 เปิดจัดอบรมหลักสูตรการอบรมความรู้เกี่ยวกับกรมธรรม์ประกันชีวิตควบการลงทุน (Unit-Linked Life Policy),ประกันภัย,ข่าวประกาศ
oic_9330,สำนักงาน คปภ. ภาค 4 นครราชสีมา จัดอบรมหลักสูตรการขอต่ออายุใบอนุญาตตัวแทน/นายหน้าประกันภัย ครั้งที่ 4 เป็นต้นไป,[ข่าวประกาศ] 2017-02-10 สำนักงาน คปภ. ภาค 4 นครราชสีมา จัดอบรมหลักสูตรการขอต่ออายุใบอนุญาตตัวแทน/นายหน้าประกันภัย ครั้งที่ 4 เป็นต้นไป,ประกันภัย,ข่าวประกาศ
oic_9329,การประกวดโรงเรียน/สถานศึกษา และนักเรียนตามโครงการยุวชนประกันภัย ประจำปี 2560,[ข่าวประกาศ] 2017-02-14 การประกวดโรงเรียน/สถานศึกษา และนักเรียนตามโครงการยุวชนประกันภัย ประจำปี 2560,ประกันภัย,ข่าวประกาศ
oic_9327,รายชื่อผู้มีสิทธิ์เข้ารับการอบรมหลักสูตรเพื่อขอต่ออายุใบอนุญาตเป็นตัวแทน/นายหน้าประกันภัย ครั้งที่ 4 เป็นต้นไป ประจำเดือนมีนาคม 2560,[ข่าวประกาศ] 2017-02-28 รายชื่อผู้มีสิทธิ์เข้ารับการอบรมหลักสูตรเพื่อขอต่ออายุใบอนุญาตเป็นตัวแทน/นายหน้าประกันภัย ครั้งที่ 4 เป็นต้นไป ประจำเดือนมีนาคม 2560,ประกันภัย,ข่าวประกาศ
oic_9328,รายชื่อผู้มีสิทธิ์เข้ารับการอบรมหลักสูตรเพื่อขอต่ออายุใบอนุญาตเป็นตัวแทน/นายหน้าประกันภัย ครั้งที่ 4 เป็นต้นไป ประจำเดือนมีนาคม 2560,[ข่าวประกาศ] 2017-02-28 รายชื่อผู้มีสิทธิ์เข้ารับการอบรมหลักสูตรเพื่อขอต่ออายุใบอนุญาตเป็นตัวแทน/นายหน้าประกันภัย ครั้งที่ 4 เป็นต้นไป ประจำเดือนมีนาคม 2560,ประกันภัย,ข่าวประกาศ
oic_9326,ประชาสัมพันธ์การจัดอบรมหลักสูตรการอบรมความรู้เกี่ยวกับกรมธรรม์ประกันชีวิตควบการลงทุน (Unit-Linked Life Policy),[ข่าวประกาศ] 2017-03-06 ประชาสัมพันธ์การจัดอบรมหลักสูตรการอบรมความรู้เกี่ยวกับกรมธรรม์ประกันชีวิตควบการลงทุน (Unit-Linked Life Policy),ประกันภัย,ข่าวประกาศ
oic_9325,คำสั่งนายทะเบียน ที่ 8/2560 เรื่อง ให้ใช้อัตราเบี้ยประกันภัยรถยนต์ สำหรับรถยนต์ที่ติดตั้งระบบกล้องโทรทัศน์วงจรปิด (CCTV) ที่ติดตั้งกับรถยนต์,[ข่าวประกาศ] 2017-03-10 คำสั่งนายทะเบียน ที่ 8/2560 เรื่อง ให้ใช้อัตราเบี้ยประกันภัยรถยนต์ สำหรับรถยนต์ที่ติดตั้งระบบกล้องโทรทัศน์วงจรปิด (CCTV) ที่ติดตั้งกับรถยนต์,ประกันภัย,ข่าวประกาศ
oic_9324,ขอรับฟังความคิดเห็นกับภาคธุรกิจเรื่อง แนวทางการเข้าร่วมโครงการการทดสอบนวัตกรรมที่นำเทคโนโลยี มาสนับสนุนการให้บริการสำหรับธุรกิจประกันภัย(Insurance Regulatory Sandbox),[ข่าวประกาศ] 2017-03-15 ขอรับฟังความคิดเห็นกับภาคธุรกิจเรื่อง แนวทางการเข้าร่วมโครงการการทดสอบนวัตกรรมที่นำเทคโนโลยี มาสนับสนุนการให้บริการสำหรับธุรกิจประกันภัย(Insurance Regulatory Sandbox),ประกันภัย,ข่าวประกาศ
oic_9323,คำสั่งนายทะเบียนที่ 11/2560 เรื่อง ให้แก้ไขแบบ ข้อความกรมธรรม์ประกันภัย และเอกสารแนบท้ายของกรมธรรม์ประกันภัย,[ข่าวประกาศ] 2017-03-22 คำสั่งนายทะเบียนที่ 11/2560 เรื่อง ให้แก้ไขแบบ ข้อความกรมธรรม์ประกันภัย และเอกสารแนบท้ายของกรมธรรม์ประกันภัย,ประกันภัย,ข่าวประกาศ
oic_9322,ประกาศสำนักงาน คปภ. เรื่อง แนวทางปฏิบัติเกี่ยวกับคำสั่งนายทะเบียนที่ 8/2560 เรื่อง ให้ใช้อัตราเบี้ยประกันภัยรถยนต์สำหรับรถยนต์ที่ติดตั้งระบบกล้องโทรทัศน์วงจรปิด (CCTV) ที่ติดตั้งกับรถยนต์,[ข่าวประกาศ] 2017-03-22 ประกาศสำนักงาน คปภ. เรื่อง แนวทางปฏิบัติเกี่ยวกับคำสั่งนายทะเบียนที่ 8/2560 เรื่อง ให้ใช้อัตราเบี้ยประกันภัยรถยนต์สำหรับรถยนต์ที่ติดตั้งระบบกล้องโทรทัศน์วงจรปิด (CCTV) ที่ติดตั้งกับรถยนต์,ประกันภัย,ข่าวประกาศ
oic_9321,สำนักงาน คปภ. จัดอบรมหลักสูตรหลักสูตรการอบรมความรู้เกี่ยวกับกรมธรรม์ประกันชีวิตควบการลงทุน (Unit-Linked Life Policy),[ข่าวประกาศ] 2017-04-03 สำนักงาน คปภ. จัดอบรมหลักสูตรหลักสูตรการอบรมความรู้เกี่ยวกับกรมธรรม์ประกันชีวิตควบการลงทุน (Unit-Linked Life Policy),ประกันภัย,ข่าวประกาศ
oic_9320,สอบถามความคิดเห็นเกี่ยวกับการเอาประกันภัยต่อกับบรรษัทประกันต่อแห่งเอเชีย (Asian Reinsurance Corporation),[ข่าวประกาศ] 2017-04-21 สอบถามความคิดเห็นเกี่ยวกับการเอาประกันภัยต่อกับบรรษัทประกันต่อแห่งเอเชีย (Asian Reinsurance Corporation),ประกันภัย,ข่าวประกาศ
oic_9319,คำสั่งนายทะเบียนที่ 22/2560 ให้บริษัท สัจจะประกันภัย จำกัด (มหาชน)  หยุดรับประกันวินาศภัยเป็นการชั่วคราว,[ข่าวประกาศ] 2017-04-28 คำสั่งนายทะเบียนที่ 22/2560 ให้บริษัท สัจจะประกันภัย จำกัด (มหาชน)  หยุดรับประกันวินาศภัยเป็นการชั่วคราว,ประกันภัย,ข่าวประกาศ
oic_9318,คำสั่งนายทะเบียน ที่ 14/2560 เรื่อง แก้ไข เปลี่ยนแปลง อัตราเบี้ยประกันอัคคีภัยตามลักษณะของภัยสำหรับกรมธรรม์ประกันอัคคีภัย,[ข่าวประกาศ] 2017-05-08 คำสั่งนายทะเบียน ที่ 14/2560 เรื่อง แก้ไข เปลี่ยนแปลง อัตราเบี้ยประกันอัคคีภัยตามลักษณะของภัยสำหรับกรมธรรม์ประกันอัคคีภัย,ประกันภัย,ข่าวประกาศ
oic_9317,คำสั่งนายทะเบียน ที่ 15/2560 เรื่อง แก้ไข เปลี่ยนแปลงอัตราเบี้ยประกันภัย (รายปี) สำหรับกรมธรรม์ประกันอัคคีภัยสำหรับที่อยู่อาศัย,[ข่าวประกาศ] 2017-05-08 คำสั่งนายทะเบียน ที่ 15/2560 เรื่อง แก้ไข เปลี่ยนแปลงอัตราเบี้ยประกันภัย (รายปี) สำหรับกรมธรรม์ประกันอัคคีภัยสำหรับที่อยู่อาศัย,ประกันภัย,ข่าวประกาศ
oic_9316,คำสั่งนายทะเบียน ที่ 16/2560 เรื่อง แก้ไข เปลี่ยนแปลง อัตราเบี้ยประกันอัคคีภัย และอัตราเบี้ยประกันภัยการประกันภัยความเสี่ยงภัยทรัพย์สิน,[ข่าวประกาศ] 2017-05-08 คำสั่งนายทะเบียน ที่ 16/2560 เรื่อง แก้ไข เปลี่ยนแปลง อัตราเบี้ยประกันอัคคีภัย และอัตราเบี้ยประกันภัยการประกันภัยความเสี่ยงภัยทรัพย์สิน,ประกันภัย,ข่าวประกาศ
oic_9315,คำสั่งนายทะเบียนที่ 21/2560 เรื่อง ให้ใช้แบบ ข้อความและอัตราเบี้ยประกันภัย กรมธรรม์ประกันภัยเพื่อการใช้เรือกลเดินทะเล เฉพาะเขตที่ใช้ในกิจกรรมพิเศษประเภทเจ็ตสกีเพื่อเช่า,[ข่าวประกาศ] 2017-05-08 คำสั่งนายทะเบียนที่ 21/2560 เรื่อง ให้ใช้แบบ ข้อความและอัตราเบี้ยประกันภัย กรมธรรม์ประกันภัยเพื่อการใช้เรือกลเดินทะเล เฉพาะเขตที่ใช้ในกิจกรรมพิเศษประเภทเจ็ตสกีเพื่อเช่า,ประกันภัย,ข่าวประกาศ
oic_9314,ประกาศสำนักงาน คปภ. เรื่อง แนวทางการเข้าร่วมโครงการทดสอบนวัตกรรมที่นำเทคโนโลยีมาสนับสนุนการให้บริการสำหรับธุรกิจประกันภัย (Insurance Regulatory Sandbox),[ข่าวประกาศ] 2017-05-24 ประกาศสำนักงาน คปภ. เรื่อง แนวทางการเข้าร่วมโครงการทดสอบนวัตกรรมที่นำเทคโนโลยีมาสนับสนุนการให้บริการสำหรับธุรกิจประกันภัย (Insurance Regulatory Sandbox),ประกันภัย,ข่าวประกาศ
oic_9312,รายชื่อผู้มีสิทธิ์เข้ารับการอบรมหลักสูตรเพื่อขอต่ออายุใบอนุญาตเป็นตัวแทน/นายหน้าประกันภัย ครั้งที่ 4 เป็นต้นไป ประจำเดือนมิถุนายน 2560,[ข่าวประกาศ] 2017-05-31 รายชื่อผู้มีสิทธิ์เข้ารับการอบรมหลักสูตรเพื่อขอต่ออายุใบอนุญาตเป็นตัวแทน/นายหน้าประกันภัย ครั้งที่ 4 เป็นต้นไป ประจำเดือนมิถุนายน 2560,ประกันภัย,ข่าวประกาศ
oic_9313,รายชื่อผู้มีสิทธิ์เข้ารับการอบรมหลักสูตรเพื่อขอต่ออายุใบอนุญาตเป็นตัวแทน/นายหน้าประกันภัย ครั้งที่ 4 เป็นต้นไป ประจำเดือนมิถุนายน 2560,[ข่าวประกาศ] 2017-05-31 รายชื่อผู้มีสิทธิ์เข้ารับการอบรมหลักสูตรเพื่อขอต่ออายุใบอนุญาตเป็นตัวแทน/นายหน้าประกันภัย ครั้งที่ 4 เป็นต้นไป ประจำเดือนมิถุนายน 2560,ประกันภัย,ข่าวประกาศ
oic_9311,ประกาศรายชื่อผู้ได้รับการคัดเลือกให้เข้ารับการศึกษาอบรมหลักสูตรวิทยาการประกันภัยระดับสูง (วปส.) รุ่นที่ ๗ ประจำปี พ.ศ. ๒๕๖๐,[ข่าวประกาศ] 2017-07-11 ประกาศรายชื่อผู้ได้รับการคัดเลือกให้เข้ารับการศึกษาอบรมหลักสูตรวิทยาการประกันภัยระดับสูง (วปส.) รุ่นที่ ๗ ประจำปี พ.ศ. ๒๕๖๐,ประกันภัย,ข่าวประกาศ
oic_9310,ประกาศคณะกรรมการคุ้มครองผู้ประสบภัยจากรถ เรื่องมาตรฐานกลางของรายการและจำนวนเงินค่ารักษาพยาบาลและค่าใช้จ่ายอันจำเป็นเกี่ยวกับการรักษาพยาบาลที่บริษัทประกันภัยหรือกองทุนฯต้องจ่ายให้ผู้ประสบภัยจากรถ (ฉบับที่2),[ข่าวประกาศ] 2017-07-21 ประกาศคณะกรรมการคุ้มครองผู้ประสบภัยจากรถ เรื่องมาตรฐานกลางของรายการและจำนวนเงินค่ารักษาพยาบาลและค่าใช้จ่ายอันจำเป็นเกี่ยวกับการรักษาพยาบาลที่บริษัทประกันภัยหรือกองทุนฯต้องจ่ายให้ผู้ประสบภัยจากรถ (ฉบับที่2),ประกันภัย,ข่าวประกาศ
oic_9309,คำสั่งนายทะเบียนที่ 43/2560 เรื่อง การผ่อนผันเงื่อนไขกรมธรรม์ประกันชีวิตในเขตพื้นที่ประสบอุทกภัย,[ข่าวประกาศ] 2017-08-10 คำสั่งนายทะเบียนที่ 43/2560 เรื่อง การผ่อนผันเงื่อนไขกรมธรรม์ประกันชีวิตในเขตพื้นที่ประสบอุทกภัย,ประกันภัย,ข่าวประกาศ
oic_9308,ประกาศกระทรวงการคลังที่ 1196/2560 เรื่อง  เพิกถอนใบอนุญาตประกอบธุรกิจประกันวินาศภัย  บริษัท  สัจจะประกันภัย  จำกัด (มหาชน),[ข่าวประกาศ] 2017-08-11 ประกาศกระทรวงการคลังที่ 1196/2560 เรื่อง  เพิกถอนใบอนุญาตประกอบธุรกิจประกันวินาศภัย  บริษัท  สัจจะประกันภัย  จำกัด (มหาชน),ประกันภัย,ข่าวประกาศ
oic_9307,คำสั่งคณะกรรมการกำกับและส่งเสริมการประกอบธุรกิจประกันภัย ที่ 5/2560  เรื่อง แต่งตั้งผู้ชำระบัญชีบริษัท  สัจจะประกันภัย  จำกัด(มหาชน),[ข่าวประกาศ] 2017-08-11 คำสั่งคณะกรรมการกำกับและส่งเสริมการประกอบธุรกิจประกันภัย ที่ 5/2560  เรื่อง แต่งตั้งผู้ชำระบัญชีบริษัท  สัจจะประกันภัย  จำกัด(มหาชน),ประกันภัย,ข่าวประกาศ
oic_9306,ประกาศผลการคัดเลือกอาสาสมัครประกันภัยดีเด่น ระดับประเทศ โครงการอาสาสมัครประกันภัย ประจำปี 2560,[ข่าวประกาศ] 2017-08-15 ประกาศผลการคัดเลือกอาสาสมัครประกันภัยดีเด่น ระดับประเทศ โครงการอาสาสมัครประกันภัย ประจำปี 2560,ประกันภัย,ข่าวประกาศ
oic_9305,คำสั่งนายทะเบียนที่ ๔๗/๒๕๖๐ เรื่อง การใช้อัตราเบี้ยประกันภัยตามโครงการช่วยเหลือประชาชนที่ทำสัญญาประกันภัยไว้กับบริษัท สัจจะประกันภัย จำกัด (มหาชน),[ข่าวประกาศ] 2017-08-16 คำสั่งนายทะเบียนที่ ๔๗/๒๕๖๐ เรื่อง การใช้อัตราเบี้ยประกันภัยตามโครงการช่วยเหลือประชาชนที่ทำสัญญาประกันภัยไว้กับบริษัท สัจจะประกันภัย จำกัด (มหาชน),ประกันภัย,ข่าวประกาศ
oic_9304,ประกาศขยายระยะเวลาการต่ออายุใบอนุญาตฯ เนื่องจากเหตุประสบอุทกภัย ทางภาคตะวันออกเฉียงเหนือ ภาคเหนือ และภาคกลาง,[ข่าวประกาศ] 2017-08-22 ประกาศขยายระยะเวลาการต่ออายุใบอนุญาตฯ เนื่องจากเหตุประสบอุทกภัย ทางภาคตะวันออกเฉียงเหนือ ภาคเหนือ และภาคกลาง,ประกันภัย,ข่าวประกาศ
